player_name,season,impact_overall,impact_offense,impact_defense,minutes_played,games_played,age,metric_source
Aaron Brooks,2015-16,-2.6,-1.3,-1.3,1108,69,31,bpm_basketball_reference
Aaron Gordon,2015-16,1,0.9,0.1,1863,78,20,bpm_basketball_reference
Aaron Harrison,2015-16,-6.3,-7.2,0.9,93,21,21,bpm_basketball_reference
Adreian Payne,2015-16,-6.2,-6.1,-0.2,486,52,24,bpm_basketball_reference
Al Horford,2015-16,3.8,2.2,1.6,2631,82,29,bpm_basketball_reference
Al Jefferson,2015-16,-0.5,-0.9,0.4,1096,47,31,bpm_basketball_reference
Al-Farouq Aminu,2015-16,0.1,-0.2,0.2,2341,82,25,bpm_basketball_reference
Alan Anderson,2015-16,-2.3,-2.4,0.1,192,13,33,bpm_basketball_reference
Alan Williams,2015-16,-0.2,-2,1.8,68,10,23,bpm_basketball_reference
Alec Burks,2015-16,-0.4,0.2,-0.6,797,31,24,bpm_basketball_reference
Alex Len,2015-16,-4.3,-3.5,-0.8,1821,78,22,bpm_basketball_reference
Alex Stepheson,2015-16,-2.4,-0.5,-2,73,8,28,bpm_basketball_reference
Alexis Ajinça,2015-16,-4,-3.4,-0.6,861,59,27,bpm_basketball_reference
Allen Crabbe,2015-16,-1,-0.9,-0.1,2105,81,23,bpm_basketball_reference
Alonzo Gee,2015-16,-2.6,-3.2,0.6,1632,73,28,bpm_basketball_reference
Amar'e Stoudemire,2015-16,-0.6,-1.3,0.6,762,52,33,bpm_basketball_reference
Amir Johnson,2015-16,1.2,-0.4,1.6,1800,79,28,bpm_basketball_reference
Anderson Varejão,2015-16,-2.9,-3.5,0.6,496,53,33,bpm_basketball_reference
Andre Drummond,2015-16,1.1,0.8,0.3,2666,81,22,bpm_basketball_reference
Andre Iguodala,2015-16,1.1,-0.2,1.3,1732,65,32,bpm_basketball_reference
Andre Miller,2015-16,-1.9,-1.4,-0.5,461,39,39,bpm_basketball_reference
Andre Roberson,2015-16,0.5,-0.7,1.3,1553,70,24,bpm_basketball_reference
Andrea Bargnani,2015-16,-5.1,-2.6,-2.6,634,46,30,bpm_basketball_reference
Andrew Bogut,2015-16,2.4,-0.9,3.2,1451,70,31,bpm_basketball_reference
Andrew Goudelock,2015-16,-3.6,-5.4,1.8,50,8,27,bpm_basketball_reference
Andrew Nicholson,2015-16,-1.1,0,-1.1,823,56,26,bpm_basketball_reference
Andrew Wiggins,2015-16,-1.3,0.9,-2.2,2845,81,20,bpm_basketball_reference
Anthony Bennett,2015-16,-3.9,-2.9,-1.1,84,19,22,bpm_basketball_reference
Anthony Brown,2015-16,-5.5,-4.5,-1,599,29,23,bpm_basketball_reference
Anthony Davis,2015-16,3.9,3.6,0.4,2164,61,22,bpm_basketball_reference
Anthony Morrow,2015-16,-1.1,-0.1,-1,926,68,30,bpm_basketball_reference
Anthony Tolliver,2015-16,0.4,-0.1,0.5,1341,72,30,bpm_basketball_reference
Archie Goodwin,2015-16,-3.7,-2.1,-1.5,1114,57,21,bpm_basketball_reference
Aron Baynes,2015-16,-0.2,-0.5,0.3,1233,81,29,bpm_basketball_reference
Arron Afflalo,2015-16,-2.9,-1.3,-1.6,2371,71,30,bpm_basketball_reference
Austin Rivers,2015-16,-2.7,-2.2,-0.5,1464,67,23,bpm_basketball_reference
Avery Bradley,2015-16,-0.1,-0.4,0.3,2536,76,25,bpm_basketball_reference
Axel Toupane,2015-16,-4.7,-3.6,-1,305,21,23,bpm_basketball_reference
Ben McLemore,2015-16,-3.8,-3.1,-0.7,1443,68,22,bpm_basketball_reference
Beno Udrih,2015-16,-3.6,-2.7,-1,707,44,33,bpm_basketball_reference
Bismack Biyombo,2015-16,-0.2,-1.3,1.1,1808,82,23,bpm_basketball_reference
Blake Griffin,2015-16,4.5,3.4,1.1,1170,35,26,bpm_basketball_reference
Boban Marjanović,2015-16,4.3,3.9,0.4,508,54,27,bpm_basketball_reference
Bobby Portis,2015-16,-3.3,-1.5,-1.8,1102,62,20,bpm_basketball_reference
Bojan Bogdanović,2015-16,-3.5,-1,-2.6,2115,79,26,bpm_basketball_reference
Boris Diaw,2015-16,0.8,-0.1,0.9,1386,76,33,bpm_basketball_reference
Bradley Beal,2015-16,0.3,1.2,-0.9,1708,55,22,bpm_basketball_reference
Brandan Wright,2015-16,0.7,0,0.7,212,12,28,bpm_basketball_reference
Branden Dawson,2015-16,-5.7,-3.6,-2,29,6,22,bpm_basketball_reference
Brandon Bass,2015-16,0.6,0.6,0,1342,66,30,bpm_basketball_reference
Brandon Jennings,2015-16,-0.4,0.2,-0.7,868,48,26,bpm_basketball_reference
Brandon Knight,2015-16,-0.6,0.9,-1.5,1870,52,24,bpm_basketball_reference
Brandon Rush,2015-16,-0.8,-0.6,-0.2,1055,72,30,bpm_basketball_reference
Brian Roberts,2015-16,-1.6,-0.9,-0.7,470,51,30,bpm_basketball_reference
Briante Weber,2015-16,-3.7,-4.7,1,169,7,23,bpm_basketball_reference
Brook Lopez,2015-16,1.3,1.9,-0.5,2457,73,27,bpm_basketball_reference
Bruno Caboclo,2015-16,-17.6,-14,-3.6,43,6,20,bpm_basketball_reference
Bryce Cotton,2015-16,-8.8,-7.7,-1,39,8,23,bpm_basketball_reference
Bryce Dejean-Jones,2015-16,-2.5,-2.5,0,279,14,23,bpm_basketball_reference
C.J. Miles,2015-16,0.5,0.6,-0.1,1464,64,28,bpm_basketball_reference
C.J. Watson,2015-16,-3,-3,-0.1,656,33,31,bpm_basketball_reference
C.J. Wilcox,2015-16,-1.5,-2.6,1.1,167,23,25,bpm_basketball_reference
CJ McCollum,2015-16,1.3,2.3,-1,2780,80,24,bpm_basketball_reference
Cameron Bairstow,2015-16,-7.5,-6.7,-0.9,103,18,25,bpm_basketball_reference
Cameron Payne,2015-16,-0.7,-1.3,0.6,698,57,21,bpm_basketball_reference
Carl Landry,2015-16,1.2,2.6,-1.4,569,36,32,bpm_basketball_reference
Carmelo Anthony,2015-16,3.3,3.8,-0.5,2530,72,31,bpm_basketball_reference
Caron Butler,2015-16,-1.8,-2.5,0.6,176,17,35,bpm_basketball_reference
Chandler Parsons,2015-16,2,1.8,0.2,1799,61,27,bpm_basketball_reference
Channing Frye,2015-16,0.8,0.3,0.5,1200,70,32,bpm_basketball_reference
Charlie Villanueva,2015-16,-2.7,-1.9,-0.8,665,62,31,bpm_basketball_reference
Chase Budinger,2015-16,-1.3,-1.8,0.5,929,66,27,bpm_basketball_reference
Chris Andersen,2015-16,0.7,0.7,0,402,27,37,bpm_basketball_reference
Chris Bosh,2015-16,4,3.6,0.5,1778,53,31,bpm_basketball_reference
Chris Copeland,2015-16,-6.4,-3.3,-3.1,156,24,31,bpm_basketball_reference
Chris Johnson,2015-16,-2,-3.3,1.3,857,70,25,bpm_basketball_reference
Chris Kaman,2015-16,-3.6,-2.6,-1,112,16,33,bpm_basketball_reference
Chris McCullough,2015-16,-2.4,-2.7,0.4,362,24,20,bpm_basketball_reference
Chris Paul,2015-16,7.9,5.9,2,2420,74,30,bpm_basketball_reference
Christian Wood,2015-16,-0.2,0.4,-0.6,145,17,20,bpm_basketball_reference
Chuck Hayes,2015-16,-8.1,-8.6,0.4,24,2,32,bpm_basketball_reference
Cleanthony Early,2015-16,-8.6,-7.2,-1.5,154,17,24,bpm_basketball_reference
Cliff Alexander,2015-16,0,-0.5,0.5,36,8,20,bpm_basketball_reference
Clint Capela,2015-16,-0.4,-0.3,-0.1,1471,77,21,bpm_basketball_reference
Cody Zeller,2015-16,-0.1,-1.1,1,1774,73,23,bpm_basketball_reference
Cole Aldrich,2015-16,2.4,-0.9,3.4,800,60,27,bpm_basketball_reference
Corey Brewer,2015-16,-2.9,-2.7,-0.3,1669,82,29,bpm_basketball_reference
Cory Jefferson,2015-16,-6.4,-2.7,-3.7,50,8,25,bpm_basketball_reference
Cory Joseph,2015-16,-1.2,-1.1,-0.1,2046,80,24,bpm_basketball_reference
Coty Clarke,2015-16,16.5,15.5,1,6,3,23,bpm_basketball_reference
Courtney Lee,2015-16,-1,-1.3,0.3,2334,79,30,bpm_basketball_reference
Cristiano Felício,2015-16,0.3,0.1,0.2,321,31,23,bpm_basketball_reference
D'Angelo Russell,2015-16,-2.3,-0.7,-1.6,2259,80,19,bpm_basketball_reference
D.J. Augustin,2015-16,-0.4,0.6,-1.1,1178,62,28,bpm_basketball_reference
Dahntay Jones,2015-16,-3,-2.7,-0.3,42,1,35,bpm_basketball_reference
Damian Lillard,2015-16,4.4,5.7,-1.3,2676,75,25,bpm_basketball_reference
Damien Inglis,2015-16,-5.6,-4.9,-0.6,156,20,20,bpm_basketball_reference
Damjan Rudež,2015-16,-4.8,-2.7,-2.1,277,33,29,bpm_basketball_reference
Danilo Gallinari,2015-16,2.7,3.4,-0.7,1839,53,27,bpm_basketball_reference
Danny Green,2015-16,1.1,-1,2.1,2062,79,28,bpm_basketball_reference
Dante Cunningham,2015-16,-2.8,-2.3,-0.5,1971,80,28,bpm_basketball_reference
Darrell Arthur,2015-16,-0.8,-1.3,0.5,1516,70,27,bpm_basketball_reference
Darren Collison,2015-16,0.1,0.9,-0.8,2219,74,28,bpm_basketball_reference
Darrun Hilliard,2015-16,-2.5,-1.9,-0.5,383,38,22,bpm_basketball_reference
David Lee,2015-16,1.3,0.7,0.6,903,55,32,bpm_basketball_reference
David West,2015-16,2.9,0.3,2.6,1404,78,35,bpm_basketball_reference
DeAndre Jordan,2015-16,2.8,1.5,1.3,2598,77,27,bpm_basketball_reference
DeJuan Blair,2015-16,-8.9,-8.1,-0.7,218,29,26,bpm_basketball_reference
DeMar DeRozan,2015-16,2.5,3.2,-0.7,2804,78,26,bpm_basketball_reference
DeMarcus Cousins,2015-16,3.3,2.7,0.6,2246,65,25,bpm_basketball_reference
DeMarre Carroll,2015-16,0.3,-0.8,1.1,786,26,29,bpm_basketball_reference
Delon Wright,2015-16,0.9,1.1,-0.3,229,27,23,bpm_basketball_reference
Dennis Schröder,2015-16,-0.8,-0.3,-0.4,1621,80,22,bpm_basketball_reference
Deron Williams,2015-16,-0.3,0.4,-0.7,2106,65,31,bpm_basketball_reference
Derrick Favors,2015-16,3.3,2.1,1.2,1983,62,24,bpm_basketball_reference
Derrick Rose,2015-16,-2.5,-0.6,-1.9,2097,66,27,bpm_basketball_reference
Derrick Williams,2015-16,0.3,1.5,-1.2,1435,80,24,bpm_basketball_reference
Devin Booker,2015-16,-2.8,-1.2,-1.7,2108,76,19,bpm_basketball_reference
Devin Harris,2015-16,0.1,-1.4,1.5,1280,64,32,bpm_basketball_reference
Devyn Marble,2015-16,-6.2,-6,-0.1,249,28,23,bpm_basketball_reference
Dewayne Dedmon,2015-16,-0.9,-1.6,0.7,705,58,26,bpm_basketball_reference
Dion Waiters,2015-16,-2.8,-2.4,-0.4,2152,78,24,bpm_basketball_reference
Dirk Nowitzki,2015-16,2.5,2.4,0.1,2364,75,37,bpm_basketball_reference
Donald Sloan,2015-16,-1.7,-0.3,-1.4,1318,61,28,bpm_basketball_reference
Donatas Motiejūnas,2015-16,-4.5,-2.8,-1.7,547,37,25,bpm_basketball_reference
Doug McDermott,2015-16,-2.9,-1,-1.9,1861,81,24,bpm_basketball_reference
Draymond Green,2015-16,5.5,2.6,2.9,2808,81,25,bpm_basketball_reference
Drew Gooden,2015-16,-6.3,-5,-1.3,305,30,34,bpm_basketball_reference
Duje Dukan,2015-16,-7,-4.3,-2.6,24,1,24,bpm_basketball_reference
Dwight Howard,2015-16,0.1,0.3,-0.2,2280,71,30,bpm_basketball_reference
Dwight Powell,2015-16,0.1,-0.6,0.7,992,69,24,bpm_basketball_reference
Dwyane Wade,2015-16,1.9,2.3,-0.4,2258,74,34,bpm_basketball_reference
E'Twaun Moore,2015-16,-1.9,-1.9,0,1263,59,26,bpm_basketball_reference
Ed Davis,2015-16,1.9,1,0.9,1684,81,26,bpm_basketball_reference
Edy Tavares,2015-16,-1.8,-2.9,1.1,73,11,23,bpm_basketball_reference
Elfrid Payton,2015-16,-1.2,-0.7,-0.6,2145,73,21,bpm_basketball_reference
Elijah Millsap,2015-16,-3.8,-5.9,2.1,173,20,28,bpm_basketball_reference
Elliot Williams,2015-16,-7.9,-5.3,-2.6,45,5,26,bpm_basketball_reference
Elton Brand,2015-16,-3.4,-4.7,1.3,225,17,36,bpm_basketball_reference
Emmanuel Mudiay,2015-16,-4.2,-2.3,-1.9,2068,68,19,bpm_basketball_reference
Enes Freedom,2015-16,1.2,3.3,-2.1,1721,82,23,bpm_basketball_reference
Eric Bledsoe,2015-16,3.3,2.5,0.8,1059,31,26,bpm_basketball_reference
Eric Gordon,2015-16,-0.1,0.9,-1,1481,45,27,bpm_basketball_reference
Eric Moreland,2015-16,-4.5,-4.4,-0.1,48,8,24,bpm_basketball_reference
Erick Green,2015-16,-1.9,-1.6,-0.4,42,9,24,bpm_basketball_reference
Ersan İlyasova,2015-16,-0.2,0.2,-0.4,1881,74,28,bpm_basketball_reference
Evan Fournier,2015-16,-0.3,0.1,-0.5,2566,79,23,bpm_basketball_reference
Evan Turner,2015-16,0,-0.9,0.9,2271,81,27,bpm_basketball_reference
Festus Ezeli,2015-16,-0.1,-0.6,0.4,770,46,26,bpm_basketball_reference
Frank Kaminsky,2015-16,-0.8,-1,0.2,1708,81,22,bpm_basketball_reference
Garrett Temple,2015-16,-2.1,-2.5,0.4,1951,80,29,bpm_basketball_reference
Gary Harris,2015-16,-0.9,-0.6,-0.2,2439,76,21,bpm_basketball_reference
Gary Neal,2015-16,-1.5,-0.1,-1.3,807,40,31,bpm_basketball_reference
George Hill,2015-16,0.7,0.1,0.7,2524,74,29,bpm_basketball_reference
Gerald Green,2015-16,-3.1,-2.1,-0.9,1557,69,30,bpm_basketball_reference
Gerald Henderson,2015-16,-1.8,-1.1,-0.7,1431,72,28,bpm_basketball_reference
Giannis Antetokounmpo,2015-16,2.1,1.3,0.7,2823,80,21,bpm_basketball_reference
Glenn Robinson III,2015-16,-1.1,-1.6,0.5,508,45,22,bpm_basketball_reference
Goran Dragić,2015-16,-0.4,0.1,-0.5,2363,72,29,bpm_basketball_reference
Gordon Hayward,2015-16,2.6,2.4,0.2,2893,80,25,bpm_basketball_reference
Gorgui Dieng,2015-16,0.8,-0.1,0.8,2220,82,26,bpm_basketball_reference
Greg Monroe,2015-16,2.1,2.7,-0.6,2314,79,25,bpm_basketball_reference
Greg Smith,2015-16,-5.5,-4.1,-1.4,192,18,25,bpm_basketball_reference
Greivis Vásquez,2015-16,-6.2,-3.4,-2.9,460,23,29,bpm_basketball_reference
Harrison Barnes,2015-16,-1.3,-0.2,-1.1,2042,66,23,bpm_basketball_reference
Hassan Whiteside,2015-16,4.1,1.7,2.4,2125,73,26,bpm_basketball_reference
Henry Sims,2015-16,-4.3,-3.5,-0.8,263,14,25,bpm_basketball_reference
Hollis Thompson,2015-16,-3.4,-1.6,-1.7,2154,77,24,bpm_basketball_reference
Ian Clark,2015-16,-1.9,-1.5,-0.4,578,66,24,bpm_basketball_reference
Ian Mahinmi,2015-16,0.9,-0.9,1.9,1816,71,29,bpm_basketball_reference
Iman Shumpert,2015-16,-1.5,-3,1.4,1316,54,25,bpm_basketball_reference
Isaiah Canaan,2015-16,-2.4,-0.8,-1.6,1966,77,24,bpm_basketball_reference
Isaiah Thomas,2015-16,4.3,4.9,-0.6,2644,82,26,bpm_basketball_reference
Ish Smith,2015-16,-1.6,-0.3,-1.3,2239,77,27,bpm_basketball_reference
J.J. Barea,2015-16,0,1.6,-1.6,1667,74,31,bpm_basketball_reference
J.J. Hickson,2015-16,-1.1,-1.1,0,436,35,27,bpm_basketball_reference
J.J. O'Brien,2015-16,-6.2,-11.5,5.3,6,2,23,bpm_basketball_reference
J.R. Smith,2015-16,0.5,0.2,0.3,2362,77,30,bpm_basketball_reference
JJ Redick,2015-16,2.2,3.3,-1.1,2097,75,31,bpm_basketball_reference
JaKarr Sampson,2015-16,-5.4,-4.5,-1,1160,73,22,bpm_basketball_reference
JaMychal Green,2015-16,-2.5,-1.5,-1,1446,78,25,bpm_basketball_reference
JaVale McGee,2015-16,-0.3,-0.2,-0.2,370,34,28,bpm_basketball_reference
Jabari Parker,2015-16,-2,-0.4,-1.6,2408,76,20,bpm_basketball_reference
Jae Crowder,2015-16,2.2,0.8,1.4,2308,73,25,bpm_basketball_reference
Jahlil Okafor,2015-16,-2.3,-0.5,-1.8,1591,53,20,bpm_basketball_reference
Jamal Crawford,2015-16,-1.4,0.1,-1.5,2126,79,35,bpm_basketball_reference
Jameer Nelson,2015-16,-3,-2.2,-0.8,1036,39,33,bpm_basketball_reference
James Anderson,2015-16,-4.5,-3.9,-0.6,721,51,26,bpm_basketball_reference
James Ennis III,2015-16,1.5,2.5,-1,329,22,25,bpm_basketball_reference
James Harden,2015-16,6.6,6.4,0.2,3125,82,26,bpm_basketball_reference
James Johnson,2015-16,-1,-1.5,0.5,926,57,28,bpm_basketball_reference
James Jones,2015-16,-0.3,-0.2,-0.1,463,48,35,bpm_basketball_reference
James Michael McAdoo,2015-16,-1.8,-1.5,-0.3,262,41,23,bpm_basketball_reference
James Young,2015-16,-4.5,-5.3,0.8,199,29,20,bpm_basketball_reference
Jared Cunningham,2015-16,-5.7,-5.5,-0.2,410,44,24,bpm_basketball_reference
Jared Dudley,2015-16,-0.1,-0.8,0.7,2098,81,30,bpm_basketball_reference
Jared Sullinger,2015-16,0.6,0,0.7,1915,81,23,bpm_basketball_reference
Jarell Eddie,2015-16,-1.5,-0.3,-1.1,147,26,24,bpm_basketball_reference
Jarell Martin,2015-16,-3.7,-2,-1.8,380,27,21,bpm_basketball_reference
Jarnell Stokes,2015-16,2,1.9,0.1,18,7,22,bpm_basketball_reference
Jarrett Jack,2015-16,-0.7,0,-0.7,1027,32,32,bpm_basketball_reference
Jason Smith,2015-16,-2.2,-2.5,0.3,1181,76,29,bpm_basketball_reference
Jason Terry,2015-16,-1.6,-0.7,-0.9,1258,72,38,bpm_basketball_reference
Jason Thompson,2015-16,-0.8,-2.1,1.2,471,47,29,bpm_basketball_reference
Jeff Ayres,2015-16,-6.1,-5.6,-0.5,107,17,28,bpm_basketball_reference
Jeff Green,2015-16,-1.8,-0.8,-0.9,2253,80,29,bpm_basketball_reference
Jeff Teague,2015-16,1.3,1.5,-0.2,2255,79,27,bpm_basketball_reference
Jeff Withey,2015-16,1,-1,2,658,51,25,bpm_basketball_reference
Jerami Grant,2015-16,-1.7,-2.1,0.4,2066,77,21,bpm_basketball_reference
Jeremy Evans,2015-16,-0.4,-1.5,1,251,30,28,bpm_basketball_reference
Jeremy Lamb,2015-16,0.8,0.1,0.7,1227,66,23,bpm_basketball_reference
Jeremy Lin,2015-16,-0.9,-1,0,2048,78,27,bpm_basketball_reference
Jerian Grant,2015-16,-3.1,-2.8,-0.3,1265,76,23,bpm_basketball_reference
Jerryd Bayless,2015-16,-0.8,0.2,-1,1505,52,27,bpm_basketball_reference
Jimmer Fredette,2015-16,-2.6,-2.3,-0.3,18,6,26,bpm_basketball_reference
Jimmy Butler,2015-16,4.4,3.2,1.2,2474,67,26,bpm_basketball_reference
Joakim Noah,2015-16,1.6,-1.5,3.1,635,29,30,bpm_basketball_reference
Jodie Meeks,2015-16,-2.9,-0.2,-2.8,43,3,28,bpm_basketball_reference
Joe Harris,2015-16,-5.9,-5,-0.9,15,5,24,bpm_basketball_reference
Joe Ingles,2015-16,0.2,-1.4,1.6,1241,81,28,bpm_basketball_reference
Joe Johnson,2015-16,-1.9,-0.6,-1.3,2703,81,34,bpm_basketball_reference
Joe Young,2015-16,-4.7,-3.9,-0.8,384,41,23,bpm_basketball_reference
Joel Anthony,2015-16,0.4,-2.9,3.3,96,19,33,bpm_basketball_reference
Joffrey Lauvergne,2015-16,-1.6,-0.3,-1.3,1041,59,24,bpm_basketball_reference
John Henson,2015-16,0.2,-1.2,1.3,960,57,25,bpm_basketball_reference
John Jenkins,2015-16,-2.9,-1.9,-1,480,43,24,bpm_basketball_reference
John Wall,2015-16,3.5,3.1,0.4,2784,77,25,bpm_basketball_reference
Johnny O'Bryant,2015-16,-5.9,-4.2,-1.7,857,66,22,bpm_basketball_reference
Jon Leuer,2015-16,0,0.1,0,1255,67,26,bpm_basketball_reference
Jonas Jerebko,2015-16,-2,-2,0,1176,78,28,bpm_basketball_reference
Jonas Valančiūnas,2015-16,1.7,2.1,-0.5,1557,60,23,bpm_basketball_reference
Jonathon Simmons,2015-16,-2.7,-3.1,0.4,813,55,26,bpm_basketball_reference
Jordan Adams,2015-16,6.9,-2.5,9.4,15,2,21,bpm_basketball_reference
Jordan Clarkson,2015-16,-1.6,-0.1,-1.5,2552,79,23,bpm_basketball_reference
Jordan Farmar,2015-16,-0.7,-0.5,-0.2,291,12,29,bpm_basketball_reference
Jordan Hamilton,2015-16,-3.3,-1.6,-1.7,304,11,25,bpm_basketball_reference
Jordan Hill,2015-16,-0.7,-0.7,0,1513,73,28,bpm_basketball_reference
Jordan McRae,2015-16,-1.8,0,-1.9,195,22,24,bpm_basketball_reference
Jordan Mickey,2015-16,-1.5,-2.6,1.1,57,16,21,bpm_basketball_reference
Jorge Gutiérrez,2015-16,0.6,-0.3,0.8,63,12,27,bpm_basketball_reference
Josh Huestis,2015-16,-2.8,-2.2,-0.6,55,5,24,bpm_basketball_reference
Josh McRoberts,2015-16,-1.6,-2.6,1,595,42,28,bpm_basketball_reference
Josh Richardson,2015-16,-0.4,-1.1,0.7,1107,52,22,bpm_basketball_reference
Josh Smith,2015-16,-3.1,-3.5,0.4,880,55,30,bpm_basketball_reference
José Calderón,2015-16,-0.6,-0.8,0.1,2024,72,34,bpm_basketball_reference
Jrue Holiday,2015-16,2.1,2.7,-0.6,1831,65,25,bpm_basketball_reference
Julius Randle,2015-16,-3.2,-1.9,-1.3,2286,81,21,bpm_basketball_reference
Justin Anderson,2015-16,0.3,-1.1,1.4,647,55,22,bpm_basketball_reference
Justin Harper,2015-16,-4.2,-2.3,-1.9,35,5,26,bpm_basketball_reference
Justin Holiday,2015-16,-3.1,-3.3,0.1,773,53,26,bpm_basketball_reference
Justise Winslow,2015-16,-2.6,-3.3,0.7,2232,78,19,bpm_basketball_reference
Jusuf Nurkić,2015-16,-2.9,-3.6,0.7,547,32,21,bpm_basketball_reference
K.J. McDaniels,2015-16,-3.9,-2.8,-1.1,235,37,22,bpm_basketball_reference
Karl-Anthony Towns,2015-16,2.2,2.5,-0.4,2627,82,20,bpm_basketball_reference
Kawhi Leonard,2015-16,9.1,6.1,3,2380,72,24,bpm_basketball_reference
Keith Appling,2015-16,-15.1,-13.2,-2,27,5,23,bpm_basketball_reference
Kelly Olynyk,2015-16,1.9,1.2,0.8,1395,69,24,bpm_basketball_reference
Kelly Oubre Jr.,2015-16,-5.1,-4.6,-0.5,671,63,20,bpm_basketball_reference
Kemba Walker,2015-16,4,3.5,0.5,2885,81,25,bpm_basketball_reference
Kendall Marshall,2015-16,-7.3,-4.7,-2.6,400,30,24,bpm_basketball_reference
Kendrick Perkins,2015-16,-5,-5.2,0.2,542,37,31,bpm_basketball_reference
Kenneth Faried,2015-16,0.3,1.7,-1.4,1694,67,26,bpm_basketball_reference
Kent Bazemore,2015-16,0.3,-1.2,1.5,2083,75,26,bpm_basketball_reference
Kentavious Caldwell-Pope,2015-16,-0.3,-1.1,0.8,2789,76,22,bpm_basketball_reference
Kevin Durant,2015-16,9.9,8.4,1.6,2578,72,27,bpm_basketball_reference
Kevin Garnett,2015-16,1.5,-1.6,3.1,556,38,39,bpm_basketball_reference
Kevin Love,2015-16,3.3,3,0.3,2424,77,27,bpm_basketball_reference
Kevin Martin,2015-16,-3.2,-1.6,-1.6,1095,55,32,bpm_basketball_reference
Kevin Séraphin,2015-16,-3.8,-4.4,0.6,526,48,26,bpm_basketball_reference
Kevon Looney,2015-16,-2.5,1.6,-4.1,21,5,19,bpm_basketball_reference
Khris Middleton,2015-16,0.6,1.2,-0.5,2852,79,24,bpm_basketball_reference
Kirk Hinrich,2015-16,-3.5,-3.9,0.5,631,46,35,bpm_basketball_reference
Klay Thompson,2015-16,1.8,3.4,-1.6,2666,80,25,bpm_basketball_reference
Kobe Bryant,2015-16,-1.6,0.9,-2.4,1863,66,37,bpm_basketball_reference
Kosta Koufos,2015-16,-2,-1.3,-0.6,1482,78,26,bpm_basketball_reference
Kostas Papanikolaou,2015-16,-4.5,-4.7,0.2,294,26,25,bpm_basketball_reference
Kris Humphries,2015-16,-2,-1.6,-0.4,835,53,30,bpm_basketball_reference
Kristaps Porziņģis,2015-16,0.9,0.6,0.3,2047,72,20,bpm_basketball_reference
Kyle Anderson,2015-16,1.4,-1.7,3.1,1245,78,22,bpm_basketball_reference
Kyle Korver,2015-16,-1,-1.5,0.6,2401,80,34,bpm_basketball_reference
Kyle Lowry,2015-16,5.8,4.7,1.1,2851,77,29,bpm_basketball_reference
Kyle O'Quinn,2015-16,0.4,-1,1.4,764,65,25,bpm_basketball_reference
Kyle Singler,2015-16,-3.2,-3.1,-0.1,977,68,27,bpm_basketball_reference
Kyrie Irving,2015-16,2.3,3.2,-0.8,1667,53,23,bpm_basketball_reference
LaMarcus Aldridge,2015-16,2.3,2,0.3,2261,74,30,bpm_basketball_reference
Lamar Patterson,2015-16,-5.1,-5.4,0.3,395,35,24,bpm_basketball_reference
Lance Stephenson,2015-16,-1.2,-0.9,-0.3,1372,69,25,bpm_basketball_reference
Lance Thomas,2015-16,-3.2,-1.7,-1.5,1313,59,27,bpm_basketball_reference
Langston Galloway,2015-16,-1,-1.7,0.7,2033,82,24,bpm_basketball_reference
Larry Nance Jr.,2015-16,-1.5,-1.7,0.2,1266,63,23,bpm_basketball_reference
Lavoy Allen,2015-16,-1.6,-1.7,0.1,1599,79,26,bpm_basketball_reference
LeBron James,2015-16,9,7,2,2709,76,31,bpm_basketball_reference
Leandro Barbosa,2015-16,-2,-1.9,-0.1,1079,68,33,bpm_basketball_reference
Lorenzo Brown,2015-16,-8.4,-6.5,-1.9,61,8,25,bpm_basketball_reference
Lou Amundson,2015-16,-6.9,-6.7,-0.2,204,29,33,bpm_basketball_reference
Lou Williams,2015-16,1.3,2.4,-1.1,1907,67,29,bpm_basketball_reference
Luc Mbah a Moute,2015-16,-2.6,-3.2,0.6,1274,75,29,bpm_basketball_reference
Lucas Nogueira,2015-16,0,-1.7,1.7,225,29,23,bpm_basketball_reference
Luis Montero,2015-16,-15.5,-9.8,-5.6,42,12,22,bpm_basketball_reference
Luis Scola,2015-16,-1.1,-0.8,-0.3,1636,76,35,bpm_basketball_reference
Luke Babbitt,2015-16,-2.5,-1,-1.5,845,47,26,bpm_basketball_reference
Luol Deng,2015-16,0.8,0.7,0.2,2394,74,30,bpm_basketball_reference
Manu Ginóbili,2015-16,3.6,1.4,2.2,1134,58,38,bpm_basketball_reference
Marc Gasol,2015-16,1.7,0.8,0.9,1791,52,31,bpm_basketball_reference
Marcelo Huertas,2015-16,-5,-2.7,-2.2,869,53,32,bpm_basketball_reference
Marcin Gortat,2015-16,0.6,0.5,0.1,2256,75,31,bpm_basketball_reference
Marco Belinelli,2015-16,-3.8,-2.1,-1.7,1672,68,29,bpm_basketball_reference
Marcus Morris,2015-16,-0.2,-0.3,0.1,2856,80,26,bpm_basketball_reference
Marcus Smart,2015-16,-1,-2.2,1.2,1667,61,21,bpm_basketball_reference
Marcus Thornton,2015-16,-0.5,0.9,-1.4,1109,61,28,bpm_basketball_reference
Mario Chalmers,2015-16,1.3,0,1.3,1373,61,29,bpm_basketball_reference
Mario Hezonja,2015-16,-3.1,-2.4,-0.7,1413,79,20,bpm_basketball_reference
Markel Brown,2015-16,-3,-2.1,-0.8,982,62,24,bpm_basketball_reference
Markieff Morris,2015-16,-2.4,-2.3,-0.1,1629,64,26,bpm_basketball_reference
Marreese Speights,2015-16,-3.7,-2.3,-1.5,832,72,28,bpm_basketball_reference
Marvin Williams,2015-16,2.7,2.1,0.5,2338,81,29,bpm_basketball_reference
Mason Plumlee,2015-16,1.5,0,1.6,2084,82,25,bpm_basketball_reference
Matt Barnes,2015-16,-0.9,-1.1,0.2,2190,76,35,bpm_basketball_reference
Matt Bonner,2015-16,2.2,1.2,1,206,30,35,bpm_basketball_reference
Matthew Dellavedova,2015-16,-1.2,-0.7,-0.5,1867,76,25,bpm_basketball_reference
Maurice Harkless,2015-16,-0.5,-0.5,0,1457,78,22,bpm_basketball_reference
Metta World Peace,2015-16,-3.5,-3.2,-0.3,590,35,36,bpm_basketball_reference
Meyers Leonard,2015-16,-1.7,-1.1,-0.6,1333,61,23,bpm_basketball_reference
Michael Beasley,2015-16,0.9,2.2,-1.2,363,20,27,bpm_basketball_reference
Michael Carter-Williams,2015-16,-0.7,-1.4,0.6,1649,54,24,bpm_basketball_reference
Michael Kidd-Gilchrist,2015-16,0,0.2,-0.2,205,7,22,bpm_basketball_reference
Mike Conley,2015-16,3,3.5,-0.5,1761,56,28,bpm_basketball_reference
Mike Dunleavy,2015-16,-3.5,-2.6,-0.9,703,31,35,bpm_basketball_reference
Mike Miller,2015-16,-2.6,-3.8,1.2,373,47,35,bpm_basketball_reference
Mike Muscala,2015-16,-0.9,-2.1,1.2,565,60,24,bpm_basketball_reference
Mike Scott,2015-16,-0.1,-0.1,0,1146,75,27,bpm_basketball_reference
Miles Plumlee,2015-16,-1.5,-0.2,-1.3,870,61,27,bpm_basketball_reference
Mirza Teletović,2015-16,1.3,2.8,-1.4,1686,79,30,bpm_basketball_reference
Mitch McGary,2015-16,-7.3,-6,-1.3,72,20,23,bpm_basketball_reference
Mo Williams,2015-16,-1.5,-0.9,-0.6,748,41,33,bpm_basketball_reference
Monta Ellis,2015-16,0.1,-1,1.1,2734,81,30,bpm_basketball_reference
Montrezl Harrell,2015-16,-0.6,-0.5,-0.1,379,39,22,bpm_basketball_reference
Myles Turner,2015-16,-1.6,-2.2,0.6,1367,60,19,bpm_basketball_reference
Nate Robinson,2015-16,-4.6,-6.6,2,23,2,31,bpm_basketball_reference
Nazr Mohammed,2015-16,-11.7,-8.7,-3,19,5,38,bpm_basketball_reference
Nemanja Bjelica,2015-16,-0.7,-0.9,0.2,1075,60,27,bpm_basketball_reference
Nenê,2015-16,0.4,-1.3,1.6,1094,57,33,bpm_basketball_reference
Nerlens Noel,2015-16,-0.2,-1.7,1.5,1965,67,21,bpm_basketball_reference
Nick Collison,2015-16,-3.1,-3.6,0.5,699,59,35,bpm_basketball_reference
Nick Young,2015-16,-3.7,-1.6,-2.1,1033,54,30,bpm_basketball_reference
Nicolas Batum,2015-16,1.2,1.1,0.1,2448,70,27,bpm_basketball_reference
Nik Stauskas,2015-16,-3.8,-2.3,-1.5,1809,73,22,bpm_basketball_reference
Nikola Jokić,2015-16,3.9,2.6,1.3,1733,80,20,bpm_basketball_reference
Nikola Mirotić,2015-16,1.5,1,0.4,1646,66,24,bpm_basketball_reference
Nikola Peković,2015-16,-7.9,-5.1,-2.8,156,12,30,bpm_basketball_reference
Nikola Vučević,2015-16,1.9,1.9,0,2037,65,25,bpm_basketball_reference
Noah Vonleh,2015-16,-4.2,-3.9,-0.3,1174,78,20,bpm_basketball_reference
Norman Powell,2015-16,-0.3,-0.5,0.3,725,49,22,bpm_basketball_reference
Norris Cole,2015-16,-3.8,-2.9,-0.9,1198,45,27,bpm_basketball_reference
O.J. Mayo,2015-16,-4,-3.8,-0.2,1090,41,28,bpm_basketball_reference
Omri Casspi,2015-16,0.1,0.4,-0.2,1880,69,27,bpm_basketball_reference
Orlando Johnson,2015-16,-8.3,-6.5,-1.8,101,7,26,bpm_basketball_reference
Otto Porter Jr.,2015-16,1.1,0.3,0.8,2276,75,22,bpm_basketball_reference
P.J. Hairston,2015-16,-4.5,-3.8,-0.7,1313,66,23,bpm_basketball_reference
P.J. Tucker,2015-16,-1.2,-1.5,0.4,2540,82,30,bpm_basketball_reference
Pablo Prigioni,2015-16,-0.4,-2.5,2.1,823,59,38,bpm_basketball_reference
Pat Connaughton,2015-16,-8,-4.8,-3.2,143,34,23,bpm_basketball_reference
Patrick Beverley,2015-16,0.2,0,0.1,2041,71,27,bpm_basketball_reference
Patrick Patterson,2015-16,-0.1,-0.1,0,2020,79,26,bpm_basketball_reference
Patty Mills,2015-16,1.5,0.8,0.7,1662,81,27,bpm_basketball_reference
Pau Gasol,2015-16,4.9,2.7,2.3,2291,72,35,bpm_basketball_reference
Paul George,2015-16,4.9,3.7,1.2,2819,81,25,bpm_basketball_reference
Paul Millsap,2015-16,4.2,1.5,2.7,2647,81,30,bpm_basketball_reference
Paul Pierce,2015-16,-3.3,-3,-0.3,1231,68,38,bpm_basketball_reference
Phil Pressey,2015-16,-3.2,-3.3,0.1,283,23,24,bpm_basketball_reference
Quincy Acy,2015-16,-0.1,-0.2,0.2,876,59,25,bpm_basketball_reference
R.J. Hunter,2015-16,-2.1,-3.1,1,315,36,22,bpm_basketball_reference
Rajon Rondo,2015-16,1,1,0,2537,72,29,bpm_basketball_reference
Rakeem Christmas,2015-16,6.5,5.6,0.9,6,1,24,bpm_basketball_reference
Ramon Sessions,2015-16,-0.3,0.2,-0.5,1667,82,29,bpm_basketball_reference
Randy Foye,2015-16,-3.3,-2.7,-0.5,1642,81,32,bpm_basketball_reference
Rashad Vaughn,2015-16,-5.7,-4.4,-1.3,1001,70,19,bpm_basketball_reference
Rasual Butler,2015-16,2.9,0.4,2.5,432,46,36,bpm_basketball_reference
Raul Neto,2015-16,-2,-2.3,0.3,1499,81,23,bpm_basketball_reference
Ray McCallum,2015-16,-3.1,-2.6,-0.5,475,41,24,bpm_basketball_reference
Raymond Felton,2015-16,-1.6,-1.7,0.1,2192,80,31,bpm_basketball_reference
Reggie Bullock,2015-16,0.8,0.1,0.7,429,37,24,bpm_basketball_reference
Reggie Jackson,2015-16,2.7,3.4,-0.6,2424,79,25,bpm_basketball_reference
Richard Jefferson,2015-16,-1.2,-1.6,0.5,1326,74,35,bpm_basketball_reference
Richaun Holmes,2015-16,-1.5,-1.1,-0.4,702,51,22,bpm_basketball_reference
Ricky Rubio,2015-16,1.8,1,0.8,2323,76,25,bpm_basketball_reference
Robert Covington,2015-16,-0.9,-1.1,0.1,1903,67,25,bpm_basketball_reference
Robert Sacre,2015-16,-4.6,-3.3,-1.3,320,25,26,bpm_basketball_reference
Robin Lopez,2015-16,-0.2,0.4,-0.5,2219,82,27,bpm_basketball_reference
Rodney Hood,2015-16,0.7,0.7,0,2541,79,23,bpm_basketball_reference
Rodney Stuckey,2015-16,-1.4,-1.8,0.4,1275,58,29,bpm_basketball_reference
Rondae Hollis-Jefferson,2015-16,0.8,-1.4,2.2,615,29,21,bpm_basketball_reference
Ronnie Price,2015-16,-1.8,-3.2,1.4,1211,62,32,bpm_basketball_reference
Roy Hibbert,2015-16,-3.2,-3.5,0.2,1878,81,29,bpm_basketball_reference
Rudy Gay,2015-16,-0.3,-0.1,-0.3,2379,70,29,bpm_basketball_reference
Rudy Gobert,2015-16,2.2,0,2.2,1932,61,23,bpm_basketball_reference
Russ Smith,2015-16,-1.4,-2.9,1.4,66,15,24,bpm_basketball_reference
Russell Westbrook,2015-16,7.8,6.4,1.4,2750,80,27,bpm_basketball_reference
Ryan Anderson,2015-16,-0.2,2.2,-2.4,2008,66,27,bpm_basketball_reference
Ryan Hollins,2015-16,-3.7,-2.8,-1,460,37,31,bpm_basketball_reference
Ryan Kelly,2015-16,-3.5,-2.9,-0.6,470,36,24,bpm_basketball_reference
Salah Mejri,2015-16,0.2,-1.6,1.8,397,34,29,bpm_basketball_reference
Sam Dekker,2015-16,2.2,-2.8,5.1,6,3,21,bpm_basketball_reference
Sasha Kaun,2015-16,-2.8,-3.3,0.5,95,25,30,bpm_basketball_reference
Sasha Vujačić,2015-16,-1.2,-1.5,0.3,908,61,31,bpm_basketball_reference
Sean Kilpatrick,2015-16,-2.2,1,-3.1,616,31,26,bpm_basketball_reference
Serge Ibaka,2015-16,-0.6,-0.6,0,2500,78,26,bpm_basketball_reference
Sergey Karasev,2015-16,-3.8,-2.3,-1.4,399,40,22,bpm_basketball_reference
Seth Curry,2015-16,-0.2,0.7,-0.9,692,44,25,bpm_basketball_reference
Shabazz Muhammad,2015-16,-2.5,0.6,-3.1,1682,82,23,bpm_basketball_reference
Shabazz Napier,2015-16,-3,-2,-1,600,55,24,bpm_basketball_reference
Shane Larkin,2015-16,-2,-1.6,-0.4,1751,78,23,bpm_basketball_reference
Shaun Livingston,2015-16,0.3,-0.7,1.1,1520,78,30,bpm_basketball_reference
Shayne Whittington,2015-16,-7.5,-7.5,0,41,7,24,bpm_basketball_reference
Shelvin Mack,2015-16,-1.6,-1.2,-0.4,1058,52,25,bpm_basketball_reference
Solomon Hill,2015-16,0.1,-1.1,1.2,866,59,24,bpm_basketball_reference
Sonny Weems,2015-16,-7.3,-5.6,-1.7,499,43,29,bpm_basketball_reference
Spencer Dinwiddie,2015-16,-5.2,-4.6,-0.6,159,12,22,bpm_basketball_reference
Spencer Hawes,2015-16,-0.6,-1.6,1,1035,57,27,bpm_basketball_reference
Stanley Johnson,2015-16,-3.3,-3.5,0.2,1687,73,19,bpm_basketball_reference
Stephen Curry,2015-16,11.9,10.3,1.6,2700,79,27,bpm_basketball_reference
Steve Blake,2015-16,-2.4,-1.7,-0.7,986,58,35,bpm_basketball_reference
Steve Novak,2015-16,1.2,3.5,-2.4,44,10,32,bpm_basketball_reference
Steven Adams,2015-16,0.2,0,0.2,2014,80,22,bpm_basketball_reference
T.J. McConnell,2015-16,-1.2,-1.5,0.3,1606,81,23,bpm_basketball_reference
T.J. Warren,2015-16,-0.5,0.5,-0.9,1070,47,22,bpm_basketball_reference
Taj Gibson,2015-16,0,-0.4,0.4,1936,73,30,bpm_basketball_reference
Tarik Black,2015-16,-3.3,-3.1,-0.2,496,39,24,bpm_basketball_reference
Tayshaun Prince,2015-16,-3,-2.9,-0.1,1462,77,35,bpm_basketball_reference
Terrence Jones,2015-16,-2.1,-0.9,-1.2,1044,50,24,bpm_basketball_reference
Terrence Ross,2015-16,0.3,0.6,-0.3,1747,73,24,bpm_basketball_reference
Terry Rozier,2015-16,-6.1,-4.7,-1.4,311,39,21,bpm_basketball_reference
Thabo Sefolosha,2015-16,0.8,-1.5,2.3,1758,75,31,bpm_basketball_reference
Thaddeus Young,2015-16,0,0.1,-0.1,2407,73,27,bpm_basketball_reference
Thanasis Antetokounmpo,2015-16,5.9,3.7,2.2,6,2,23,bpm_basketball_reference
Thomas Robinson,2015-16,-3.8,-2.7,-1.1,917,71,24,bpm_basketball_reference
Tiago Splitter,2015-16,-1.7,-2.2,0.5,579,36,31,bpm_basketball_reference
Tibor Pleiß,2015-16,-11.6,-10,-1.6,82,12,26,bpm_basketball_reference
Tim Duncan,2015-16,3,-0.1,3.1,1536,61,39,bpm_basketball_reference
Tim Frazier,2015-16,-2,-1.5,-0.5,741,51,25,bpm_basketball_reference
Tim Hardaway Jr.,2015-16,-0.9,-1.1,0.2,864,51,23,bpm_basketball_reference
Timofey Mozgov,2015-16,-1.4,-1.7,0.3,1326,76,29,bpm_basketball_reference
Tobias Harris,2015-16,1.5,1.2,0.3,2513,76,23,bpm_basketball_reference
Toney Douglas,2015-16,0,-0.4,0.4,1262,61,29,bpm_basketball_reference
Tony Allen,2015-16,-1,-2.2,1.2,1620,64,34,bpm_basketball_reference
Tony Parker,2015-16,0.4,0.2,0.2,1980,72,33,bpm_basketball_reference
Tony Snell,2015-16,-4,-3.5,-0.5,1301,64,24,bpm_basketball_reference
Tony Wroten,2015-16,-13.4,-8.4,-5,144,8,22,bpm_basketball_reference
Trevor Ariza,2015-16,0.4,0.1,0.3,2859,81,30,bpm_basketball_reference
Trevor Booker,2015-16,0,-1,1,1632,79,28,bpm_basketball_reference
Trey Burke,2015-16,-0.5,0.7,-1.2,1366,64,23,bpm_basketball_reference
Trey Lyles,2015-16,-1.8,-1.6,-0.2,1382,80,20,bpm_basketball_reference
Tristan Thompson,2015-16,0.2,0.5,-0.3,2269,82,24,bpm_basketball_reference
Troy Daniels,2015-16,0.7,1.8,-1,476,43,24,bpm_basketball_reference
Ty Lawson,2015-16,-3.6,-2.4,-1.2,1411,66,28,bpm_basketball_reference
Tyler Ennis,2015-16,-4.3,-3.1,-1.1,654,46,21,bpm_basketball_reference
Tyler Hansbrough,2015-16,-3.8,-3.5,-0.3,343,44,30,bpm_basketball_reference
Tyler Johnson,2015-16,0.7,-0.1,0.7,863,36,23,bpm_basketball_reference
Tyler Zeller,2015-16,-3.3,-2.1,-1.2,710,60,26,bpm_basketball_reference
Tyreke Evans,2015-16,1.7,1.8,-0.1,765,25,26,bpm_basketball_reference
Tyson Chandler,2015-16,-1.1,-0.8,-0.2,1618,66,33,bpm_basketball_reference
Tyus Jones,2015-16,-2.4,-1.9,-0.5,573,37,19,bpm_basketball_reference
Udonis Haslem,2015-16,-2.6,-3.2,0.6,260,37,35,bpm_basketball_reference
Victor Oladipo,2015-16,1.7,0.9,0.9,2379,72,23,bpm_basketball_reference
Vince Carter,2015-16,-1,-0.4,-0.6,1005,60,39,bpm_basketball_reference
Wayne Ellington,2015-16,-2.8,-1.5,-1.3,1615,76,28,bpm_basketball_reference
Wesley Johnson,2015-16,-0.2,-1.7,1.5,1666,80,28,bpm_basketball_reference
Wesley Matthews,2015-16,-1,-0.9,-0.1,2644,78,29,bpm_basketball_reference
Will Barton,2015-16,0.8,1.2,-0.4,2353,82,25,bpm_basketball_reference
Willie Cauley-Stein,2015-16,-0.8,-0.8,0.1,1412,66,22,bpm_basketball_reference
Willie Reed,2015-16,-0.5,0.4,-0.9,426,39,25,bpm_basketball_reference
Xavier Munford,2015-16,-2.5,-3.1,0.6,244,14,23,bpm_basketball_reference
Zach LaVine,2015-16,-1.5,0.2,-1.6,2294,82,20,bpm_basketball_reference
Zach Randolph,2015-16,-0.3,1.4,-1.7,2016,68,34,bpm_basketball_reference
Zaza Pachulia,2015-16,-0.2,-0.3,0.1,2004,76,31,bpm_basketball_reference
Ömer Aşık,2015-16,-3.8,-2.8,-1,1178,68,29,bpm_basketball_reference
A.J. Hammons,2016-17,-6.6,-6.6,0,163,22,24,bpm_basketball_reference
Aaron Brooks,2016-17,-3.7,-2.4,-1.2,894,65,32,bpm_basketball_reference
Aaron Gordon,2016-17,-1,-0.3,-0.7,2298,80,21,bpm_basketball_reference
Aaron Harrison,2016-17,-11.8,-10.1,-1.7,17,5,22,bpm_basketball_reference
Adreian Payne,2016-17,-2.3,-3.8,1.5,135,18,25,bpm_basketball_reference
Al Horford,2016-17,3.4,2.3,1.1,2193,68,30,bpm_basketball_reference
Al Jefferson,2016-17,-1.4,-0.3,-1.1,931,66,32,bpm_basketball_reference
Al-Farouq Aminu,2016-17,-1.1,-1.4,0.4,1773,61,26,bpm_basketball_reference
Alan Anderson,2016-17,-6.1,-4.2,-1.9,308,30,34,bpm_basketball_reference
Alan Williams,2016-17,-1.3,-0.8,-0.6,708,47,24,bpm_basketball_reference
Alec Burks,2016-17,-2.3,-2.2,0,653,42,25,bpm_basketball_reference
Alex Len,2016-17,-2.3,-2.4,0.1,1560,77,23,bpm_basketball_reference
Alex Poythress,2016-17,-2.9,-0.8,-2.1,157,6,23,bpm_basketball_reference
Alexis Ajinça,2016-17,-3.3,-4,0.7,584,39,28,bpm_basketball_reference
Allen Crabbe,2016-17,-1.3,-0.7,-0.6,2254,79,24,bpm_basketball_reference
Alonzo Gee,2016-17,-6.7,-7.5,0.7,89,13,29,bpm_basketball_reference
Amir Johnson,2016-17,0.6,-0.7,1.3,1608,80,29,bpm_basketball_reference
Anderson Varejão,2016-17,-4.2,-4.7,0.5,92,14,34,bpm_basketball_reference
Andre Drummond,2016-17,1,0.1,0.8,2409,81,23,bpm_basketball_reference
Andre Iguodala,2016-17,2.5,0.8,1.7,1998,76,33,bpm_basketball_reference
Andre Roberson,2016-17,-1,-2.5,1.4,2376,79,25,bpm_basketball_reference
Andrew Bogut,2016-17,-2.6,-5.2,2.6,583,27,32,bpm_basketball_reference
Andrew Harrison,2016-17,-3.4,-4,0.6,1474,72,22,bpm_basketball_reference
Andrew Nicholson,2016-17,-6,-6.1,0.1,342,38,27,bpm_basketball_reference
Andrew Wiggins,2016-17,-1.7,0.7,-2.4,3048,82,21,bpm_basketball_reference
Anthony Bennett,2016-17,-1.4,0.5,-1.9,264,23,23,bpm_basketball_reference
Anthony Brown,2016-17,-4.4,-4.5,0.1,159,11,24,bpm_basketball_reference
Anthony Davis,2016-17,5.9,4.4,1.4,2708,75,23,bpm_basketball_reference
Anthony Morrow,2016-17,-2.3,-1.8,-0.5,714,49,31,bpm_basketball_reference
Anthony Tolliver,2016-17,-1,-0.1,-0.8,1477,65,31,bpm_basketball_reference
Archie Goodwin,2016-17,1.9,2.2,-0.3,214,15,22,bpm_basketball_reference
Arinze Onuaku,2016-17,-6.4,-6.1,-0.3,28,8,29,bpm_basketball_reference
Aron Baynes,2016-17,-2.7,-3.2,0.5,1163,75,30,bpm_basketball_reference
Arron Afflalo,2016-17,-3.6,-2.1,-1.5,1580,61,31,bpm_basketball_reference
Austin Rivers,2016-17,-2.2,-1.2,-1,2054,74,24,bpm_basketball_reference
Avery Bradley,2016-17,-0.6,0,-0.5,1835,55,26,bpm_basketball_reference
Axel Toupane,2016-17,-6.2,-5.5,-0.7,47,4,24,bpm_basketball_reference
Ben Bentil,2016-17,-25.9,-19.7,-6.2,10,3,21,bpm_basketball_reference
Ben McLemore,2016-17,-4.2,-2.5,-1.7,1176,61,23,bpm_basketball_reference
Beno Udrih,2016-17,0.3,0.6,-0.2,560,39,34,bpm_basketball_reference
Bismack Biyombo,2016-17,-3.2,-3.4,0.2,1793,81,24,bpm_basketball_reference
Blake Griffin,2016-17,4.7,4.2,0.5,2076,61,27,bpm_basketball_reference
Boban Marjanović,2016-17,5.5,5.4,0.1,293,35,28,bpm_basketball_reference
Bobby Brown,2016-17,-3.6,-0.1,-3.5,123,25,32,bpm_basketball_reference
Bobby Portis,2016-17,-1.5,-0.6,-0.9,1000,64,21,bpm_basketball_reference
Bojan Bogdanović,2016-17,-2.2,-0.1,-2.1,2083,81,27,bpm_basketball_reference
Boris Diaw,2016-17,-2.5,-2.3,-0.2,1283,73,34,bpm_basketball_reference
Bradley Beal,2016-17,3.3,4.2,-1,2684,77,23,bpm_basketball_reference
Brandan Wright,2016-17,1.7,1,0.7,447,28,29,bpm_basketball_reference
Brandon Bass,2016-17,0.4,1.2,-0.8,577,52,31,bpm_basketball_reference
Brandon Ingram,2016-17,-4.4,-3,-1.4,2279,79,19,bpm_basketball_reference
Brandon Jennings,2016-17,-2.4,-1.2,-1.2,1802,81,27,bpm_basketball_reference
Brandon Knight,2016-17,-2.8,-0.8,-2.1,1140,54,25,bpm_basketball_reference
Brandon Rush,2016-17,-2.5,-2,-0.5,1030,47,31,bpm_basketball_reference
Brian Roberts,2016-17,-4.2,-2.8,-1.3,416,41,31,bpm_basketball_reference
Briante Weber,2016-17,-3.7,-4.5,0.8,205,20,24,bpm_basketball_reference
Brice Johnson,2016-17,-2,-6.6,4.5,9,3,22,bpm_basketball_reference
Brook Lopez,2016-17,2.3,2.9,-0.6,2222,75,28,bpm_basketball_reference
Bruno Caboclo,2016-17,1,0.2,0.8,40,9,21,bpm_basketball_reference
Bryn Forbes,2016-17,-5.4,-3.9,-1.5,285,36,23,bpm_basketball_reference
Buddy Hield,2016-17,-2,-0.6,-1.4,1888,82,24,bpm_basketball_reference
C.J. Miles,2016-17,0.5,1.2,-0.7,1776,76,29,bpm_basketball_reference
C.J. Watson,2016-17,-3.6,-3.8,0.2,1012,62,32,bpm_basketball_reference
C.J. Wilcox,2016-17,-8.1,-6.2,-1.9,108,22,26,bpm_basketball_reference
CJ McCollum,2016-17,2,3.4,-1.4,2796,80,25,bpm_basketball_reference
Cameron Payne,2016-17,-6.1,-5.2,-0.9,462,31,22,bpm_basketball_reference
Caris LeVert,2016-17,-1.1,-1.3,0.3,1237,57,22,bpm_basketball_reference
Carmelo Anthony,2016-17,0.7,2.3,-1.6,2538,74,32,bpm_basketball_reference
Chandler Parsons,2016-17,-3.8,-3.6,-0.2,675,34,28,bpm_basketball_reference
Channing Frye,2016-17,1,1.4,-0.4,1398,74,33,bpm_basketball_reference
Chasson Randle,2016-17,-1.7,-1.1,-0.6,299,26,23,bpm_basketball_reference
Cheick Diallo,2016-17,-3.7,-1.8,-1.9,199,17,20,bpm_basketball_reference
Chinanu Onuaku,2016-17,-1.5,-2.8,1.4,52,5,20,bpm_basketball_reference
Chris Andersen,2016-17,-2.5,-4.7,2.2,114,12,38,bpm_basketball_reference
Chris McCullough,2016-17,-3.6,-1.2,-2.4,80,16,21,bpm_basketball_reference
Chris Paul,2016-17,8.7,6.3,2.5,1921,61,31,bpm_basketball_reference
Christian Wood,2016-17,-2.6,-2.3,-0.3,107,13,21,bpm_basketball_reference
Clint Capela,2016-17,1.2,1.3,-0.1,1551,65,22,bpm_basketball_reference
Cody Zeller,2016-17,0.2,-0.9,1.1,1725,62,24,bpm_basketball_reference
Cole Aldrich,2016-17,-0.8,-2.3,1.5,531,62,28,bpm_basketball_reference
Corey Brewer,2016-17,-2.7,-3.5,0.8,1281,82,30,bpm_basketball_reference
Cory Joseph,2016-17,-1.3,-0.9,-0.4,2003,80,25,bpm_basketball_reference
Courtney Lee,2016-17,-0.9,-0.7,-0.2,2459,77,31,bpm_basketball_reference
Cristiano Felício,2016-17,-0.7,-0.6,-0.1,1040,66,24,bpm_basketball_reference
D'Angelo Russell,2016-17,-0.8,0.7,-1.5,1811,63,20,bpm_basketball_reference
D.J. Augustin,2016-17,-3,-1.2,-1.8,1538,78,29,bpm_basketball_reference
Dahntay Jones,2016-17,-4.8,-0.4,-4.4,12,1,36,bpm_basketball_reference
Damian Jones,2016-17,-9.7,-7.7,-1.9,85,10,21,bpm_basketball_reference
Damian Lillard,2016-17,5,6.1,-1.1,2694,75,26,bpm_basketball_reference
Damjan Rudež,2016-17,-4.5,-4.2,-0.3,314,45,30,bpm_basketball_reference
Daniel Ochefu,2016-17,-8.4,-7,-1.5,75,19,23,bpm_basketball_reference
Danilo Gallinari,2016-17,1.4,2.8,-1.4,2134,63,28,bpm_basketball_reference
Danny Green,2016-17,0.8,-1,1.9,1807,68,29,bpm_basketball_reference
Dante Cunningham,2016-17,-1.6,-1.9,0.3,1649,66,29,bpm_basketball_reference
Danté Exum,2016-17,-3.3,-3.2,-0.1,1228,66,21,bpm_basketball_reference
Danuel House Jr.,2016-17,0.9,-8.9,9.8,1,1,23,bpm_basketball_reference
Dario Šarić,2016-17,-2.3,-1.3,-0.9,2129,81,22,bpm_basketball_reference
Darrell Arthur,2016-17,-0.1,0.1,-0.2,639,41,28,bpm_basketball_reference
Darren Collison,2016-17,-0.9,0.3,-1.2,2063,68,29,bpm_basketball_reference
Darrun Hilliard,2016-17,-6,-5.8,-0.2,381,39,23,bpm_basketball_reference
David Lee,2016-17,1.8,0.7,1.1,1477,79,33,bpm_basketball_reference
David Nwaba,2016-17,-2.2,-2.1,-0.1,397,20,24,bpm_basketball_reference
David West,2016-17,2.8,-0.7,3.5,854,68,36,bpm_basketball_reference
DeAndre Jordan,2016-17,3.3,2.5,0.9,2570,81,28,bpm_basketball_reference
DeAndre Liggins,2016-17,-2.2,-4.5,2.4,777,62,28,bpm_basketball_reference
DeAndre' Bembry,2016-17,-3.5,-3.6,0.1,371,38,22,bpm_basketball_reference
DeMar DeRozan,2016-17,3,4.1,-1,2620,74,27,bpm_basketball_reference
DeMarcus Cousins,2016-17,6.8,5,1.8,2465,72,26,bpm_basketball_reference
DeMarre Carroll,2016-17,0,-0.4,0.4,1882,72,30,bpm_basketball_reference
Dejounte Murray,2016-17,-4.8,-4.2,-0.5,322,38,20,bpm_basketball_reference
Delon Wright,2016-17,2,-0.1,2.1,446,27,24,bpm_basketball_reference
Demetrius Jackson,2016-17,9.8,9.7,0.1,17,5,22,bpm_basketball_reference
Dennis Schröder,2016-17,0,1.1,-1,2485,79,23,bpm_basketball_reference
Denzel Valentine,2016-17,-3.3,-3.5,0.1,976,57,23,bpm_basketball_reference
Deron Williams,2016-17,-1.8,0,-1.8,1657,64,32,bpm_basketball_reference
Derrick Favors,2016-17,-0.1,-1.2,1.2,1186,50,25,bpm_basketball_reference
Derrick Jones Jr.,2016-17,-2.3,-1.6,-0.7,545,32,19,bpm_basketball_reference
Derrick Rose,2016-17,-1,1,-2,2082,64,28,bpm_basketball_reference
Derrick Williams,2016-17,-2.9,-1.9,-1,804,50,25,bpm_basketball_reference
Devin Booker,2016-17,-1.9,0.3,-2.3,2730,78,20,bpm_basketball_reference
Devin Harris,2016-17,-0.4,-1,0.7,1087,65,33,bpm_basketball_reference
Dewayne Dedmon,2016-17,0.6,-1.4,2,1330,76,27,bpm_basketball_reference
Deyonta Davis,2016-17,-4.6,-5,0.4,238,36,20,bpm_basketball_reference
Diamond Stone,2016-17,-20.8,-14.9,-5.9,24,7,19,bpm_basketball_reference
Dion Waiters,2016-17,-0.1,0.3,-0.4,1384,46,25,bpm_basketball_reference
Dirk Nowitzki,2016-17,0.8,0.8,0.1,1424,54,38,bpm_basketball_reference
Domantas Sabonis,2016-17,-4.5,-4.5,-0.1,1632,81,20,bpm_basketball_reference
Donatas Motiejūnas,2016-17,-4.3,-4.5,0.3,479,34,26,bpm_basketball_reference
Dorian Finney-Smith,2016-17,-2.6,-3.3,0.6,1642,81,23,bpm_basketball_reference
Doug McDermott,2016-17,-2.3,-0.9,-1.4,1508,66,25,bpm_basketball_reference
Dragan Bender,2016-17,-5.1,-4.3,-0.7,574,43,19,bpm_basketball_reference
Draymond Green,2016-17,4.9,1,3.9,2471,76,26,bpm_basketball_reference
Dwight Howard,2016-17,1.4,0.6,0.8,2199,74,31,bpm_basketball_reference
Dwight Powell,2016-17,1,-0.1,1.1,1333,77,25,bpm_basketball_reference
Dwyane Wade,2016-17,2.5,1.6,0.9,1792,60,35,bpm_basketball_reference
Dāvis Bertāns,2016-17,1.3,0.5,0.8,808,67,24,bpm_basketball_reference
E'Twaun Moore,2016-17,-1.6,-1.7,0.1,1820,73,27,bpm_basketball_reference
Ed Davis,2016-17,-4.1,-3.2,-0.8,789,46,27,bpm_basketball_reference
Edy Tavares,2016-17,3.3,-1.4,4.7,28,2,24,bpm_basketball_reference
Elfrid Payton,2016-17,0.8,0.8,0,2412,82,22,bpm_basketball_reference
Elijah Millsap,2016-17,-19,-12,-7,23,2,29,bpm_basketball_reference
Emmanuel Mudiay,2016-17,-3.2,-1.6,-1.6,1406,55,20,bpm_basketball_reference
Enes Freedom,2016-17,1.7,3,-1.3,1533,72,24,bpm_basketball_reference
Eric Bledsoe,2016-17,3.6,3.7,-0.1,2176,66,27,bpm_basketball_reference
Eric Gordon,2016-17,-0.1,1.3,-1.4,2323,75,28,bpm_basketball_reference
Ersan İlyasova,2016-17,0.1,0.4,-0.3,2142,82,29,bpm_basketball_reference
Evan Fournier,2016-17,-1.3,-0.2,-1.1,2234,68,24,bpm_basketball_reference
Evan Turner,2016-17,-2.5,-2.3,-0.1,1658,65,28,bpm_basketball_reference
Frank Kaminsky,2016-17,-1.2,-0.5,-0.6,1954,75,23,bpm_basketball_reference
Fred VanVleet,2016-17,-2.1,-3.6,1.6,294,37,22,bpm_basketball_reference
Garrett Temple,2016-17,-0.8,-1.5,0.8,1728,65,30,bpm_basketball_reference
Gary Harris,2016-17,0.7,1.5,-0.9,1782,57,22,bpm_basketball_reference
Gary Neal,2016-17,-15.9,-10.6,-5.4,18,2,32,bpm_basketball_reference
Gary Payton II,2016-17,-6.5,-6.3,-0.2,99,6,24,bpm_basketball_reference
George Hill,2016-17,3.8,3,0.8,1544,49,30,bpm_basketball_reference
Georges Niang,2016-17,-11.7,-8.8,-3,93,23,23,bpm_basketball_reference
Georgios Papagiannis,2016-17,-3.8,-3.1,-0.6,355,22,19,bpm_basketball_reference
Gerald Green,2016-17,-3,-1,-2,538,47,31,bpm_basketball_reference
Gerald Henderson,2016-17,-3.1,-2.2,-0.9,1667,72,29,bpm_basketball_reference
Giannis Antetokounmpo,2016-17,7.3,4.9,2.4,2845,80,22,bpm_basketball_reference
Glenn Robinson III,2016-17,-0.3,-0.5,0.2,1427,69,23,bpm_basketball_reference
Goran Dragić,2016-17,2.6,2.7,-0.1,2459,73,30,bpm_basketball_reference
Gordon Hayward,2016-17,5,4.6,0.5,2516,73,26,bpm_basketball_reference
Gorgui Dieng,2016-17,-0.1,-0.8,0.6,2653,82,27,bpm_basketball_reference
Greg Monroe,2016-17,1.8,1.3,0.5,1823,81,26,bpm_basketball_reference
Greivis Vásquez,2016-17,-5.5,-6.4,0.9,39,3,30,bpm_basketball_reference
Harrison Barnes,2016-17,-0.8,0.4,-1.2,2803,79,24,bpm_basketball_reference
Hassan Whiteside,2016-17,1.5,0.9,0.5,2513,77,27,bpm_basketball_reference
Henry Ellenson,2016-17,-5.9,-4.1,-1.8,146,19,20,bpm_basketball_reference
Hollis Thompson,2016-17,-2.6,-2.9,0.3,752,40,25,bpm_basketball_reference
Ian Clark,2016-17,-1.5,-1,-0.5,1137,77,25,bpm_basketball_reference
Ian Mahinmi,2016-17,-1.4,-3,1.6,555,31,30,bpm_basketball_reference
Iman Shumpert,2016-17,-2.3,-2.3,0.1,1937,76,26,bpm_basketball_reference
Isaiah Canaan,2016-17,-3.3,-3.6,0.4,592,39,25,bpm_basketball_reference
Isaiah Taylor,2016-17,-7.8,-6.9,-0.9,52,4,22,bpm_basketball_reference
Isaiah Thomas,2016-17,6.7,7.8,-1.1,2569,76,27,bpm_basketball_reference
Isaiah Whitehead,2016-17,-5.1,-4.3,-0.8,1643,73,21,bpm_basketball_reference
Ish Smith,2016-17,0.3,-0.5,0.8,1955,81,28,bpm_basketball_reference
Ivica Zubac,2016-17,-1.7,-1.2,-0.6,609,38,19,bpm_basketball_reference
J.J. Barea,2016-17,1.5,3,-1.5,771,35,32,bpm_basketball_reference
J.R. Smith,2016-17,-2.1,-1.8,-0.2,1187,41,31,bpm_basketball_reference
JJ Redick,2016-17,0.4,1.6,-1.2,2198,78,32,bpm_basketball_reference
JaMychal Green,2016-17,-0.8,-0.9,0.2,2101,77,26,bpm_basketball_reference
JaVale McGee,2016-17,1.2,1,0.2,739,77,29,bpm_basketball_reference
Jabari Parker,2016-17,0.7,2.1,-1.4,1728,51,21,bpm_basketball_reference
Jae Crowder,2016-17,0.9,1,-0.1,2335,72,26,bpm_basketball_reference
Jahlil Okafor,2016-17,-2.5,-1.9,-0.6,1134,50,21,bpm_basketball_reference
Jake Layman,2016-17,-6.4,-5.2,-1.2,249,35,22,bpm_basketball_reference
Jakob Poeltl,2016-17,-3.1,-3,-0.1,626,54,21,bpm_basketball_reference
Jamal Crawford,2016-17,-2.1,-0.8,-1.3,2157,82,36,bpm_basketball_reference
Jamal Murray,2016-17,-2,-0.6,-1.4,1764,82,19,bpm_basketball_reference
Jameer Nelson,2016-17,-2,-0.8,-1.2,2045,75,34,bpm_basketball_reference
James Ennis III,2016-17,-1.2,-1.9,0.7,1501,64,26,bpm_basketball_reference
James Harden,2016-17,8.7,7.5,1.2,2947,81,27,bpm_basketball_reference
James Johnson,2016-17,2.8,1.1,1.7,2085,76,29,bpm_basketball_reference
James Jones,2016-17,-0.3,-0.1,-0.3,381,48,36,bpm_basketball_reference
James Michael McAdoo,2016-17,-1.8,-2.7,0.9,457,52,24,bpm_basketball_reference
James Young,2016-17,-1.3,-1.7,0.4,220,29,21,bpm_basketball_reference
Jared Dudley,2016-17,-1,-1.1,0.1,1362,64,31,bpm_basketball_reference
Jared Sullinger,2016-17,-7.2,-5.1,-2.2,118,11,24,bpm_basketball_reference
Jarell Eddie,2016-17,-2.4,-0.8,-1.7,62,5,25,bpm_basketball_reference
Jarell Martin,2016-17,-5.8,-5.3,-0.6,558,42,22,bpm_basketball_reference
Jarnell Stokes,2016-17,16.8,4.9,11.9,7,2,23,bpm_basketball_reference
Jarrett Jack,2016-17,-1.4,-4.8,3.4,33,2,33,bpm_basketball_reference
Jarrod Uthoff,2016-17,-2.2,-1.6,-0.7,115,9,23,bpm_basketball_reference
Jason Smith,2016-17,-1.8,-2.1,0.4,1068,74,30,bpm_basketball_reference
Jason Terry,2016-17,-0.9,-1.4,0.5,1365,74,39,bpm_basketball_reference
Jaylen Brown,2016-17,-3.7,-3,-0.8,1341,78,20,bpm_basketball_reference
Jeff Green,2016-17,-3.6,-2.4,-1.2,1534,69,30,bpm_basketball_reference
Jeff Teague,2016-17,2.2,2.3,-0.1,2657,82,28,bpm_basketball_reference
Jeff Withey,2016-17,1.4,-0.4,1.9,432,51,26,bpm_basketball_reference
Jerami Grant,2016-17,-1.3,-2.1,0.8,1531,80,22,bpm_basketball_reference
Jeremy Lamb,2016-17,0.5,0.5,0.1,1143,62,24,bpm_basketball_reference
Jeremy Lin,2016-17,2,1.9,0.1,883,36,28,bpm_basketball_reference
Jerian Grant,2016-17,0.1,-1.3,1.4,1028,63,24,bpm_basketball_reference
Jerryd Bayless,2016-17,-4.4,-2.1,-2.4,71,3,28,bpm_basketball_reference
Jimmy Butler,2016-17,7.3,5.6,1.7,2809,76,27,bpm_basketball_reference
Joakim Noah,2016-17,-0.5,-0.9,0.4,1015,46,31,bpm_basketball_reference
Jodie Meeks,2016-17,-1.8,-1.3,-0.4,738,36,29,bpm_basketball_reference
Joe Harris,2016-17,-3.5,-2.6,-0.9,1138,52,25,bpm_basketball_reference
Joe Ingles,2016-17,1.6,-0.7,2.3,1972,82,29,bpm_basketball_reference
Joe Johnson,2016-17,0.4,0.4,0.1,1843,78,35,bpm_basketball_reference
Joe Young,2016-17,-5.2,-3.1,-2.1,135,33,24,bpm_basketball_reference
Joel Anthony,2016-17,-2.1,-3.5,1.4,122,19,34,bpm_basketball_reference
Joel Bolomboy,2016-17,3.4,2.3,1.1,53,12,23,bpm_basketball_reference
Joel Embiid,2016-17,4.5,1.9,2.7,786,31,22,bpm_basketball_reference
Joffrey Lauvergne,2016-17,-2.2,-1.5,-0.7,980,70,25,bpm_basketball_reference
John Henson,2016-17,-1.6,-2.3,0.7,1123,58,26,bpm_basketball_reference
John Jenkins,2016-17,2.2,4.3,-2.1,13,4,25,bpm_basketball_reference
John Lucas III,2016-17,3.1,-4,7.1,11,5,34,bpm_basketball_reference
John Wall,2016-17,4.7,4.6,0.1,2836,78,26,bpm_basketball_reference
Johnny O'Bryant,2016-17,-2.4,-0.5,-1.9,80,11,23,bpm_basketball_reference
Jon Leuer,2016-17,-0.1,-0.4,0.3,1944,75,27,bpm_basketball_reference
Jonas Jerebko,2016-17,-2.4,-2.3,0,1232,78,29,bpm_basketball_reference
Jonas Valančiūnas,2016-17,0.3,1.1,-0.8,2066,80,24,bpm_basketball_reference
Jonathan Gibson,2016-17,-3.7,-3.1,-0.7,231,17,29,bpm_basketball_reference
Jonathon Simmons,2016-17,-2.6,-3.7,1.1,1392,78,27,bpm_basketball_reference
Jordan Clarkson,2016-17,-2.5,-0.9,-1.6,2397,82,24,bpm_basketball_reference
Jordan Crawford,2016-17,1.3,2.2,-0.9,442,19,28,bpm_basketball_reference
Jordan Farmar,2016-17,2.1,2.8,-0.7,35,2,30,bpm_basketball_reference
Jordan Hill,2016-17,-12.3,-7.1,-5.2,47,7,29,bpm_basketball_reference
Jordan McRae,2016-17,-3.7,-2.6,-1.1,384,37,25,bpm_basketball_reference
Jordan Mickey,2016-17,-4.7,-3.9,-0.8,141,25,22,bpm_basketball_reference
Josh Huestis,2016-17,8.8,7.6,1.2,31,2,25,bpm_basketball_reference
Josh McRoberts,2016-17,-1.6,-1.9,0.2,381,22,29,bpm_basketball_reference
Josh Richardson,2016-17,-1.1,-2,0.9,1614,53,23,bpm_basketball_reference
José Calderón,2016-17,-3.2,-2.6,-0.6,539,41,35,bpm_basketball_reference
Jrue Holiday,2016-17,1.3,1,0.2,2190,67,26,bpm_basketball_reference
Juancho Hernangómez,2016-17,-0.1,0.1,-0.2,842,62,21,bpm_basketball_reference
Julius Randle,2016-17,-0.9,-0.6,-0.3,2132,74,22,bpm_basketball_reference
Justin Anderson,2016-17,-1.3,-0.9,-0.4,1228,75,23,bpm_basketball_reference
Justin Hamilton,2016-17,-0.8,-0.5,-0.3,1177,64,26,bpm_basketball_reference
Justin Harper,2016-17,-10.3,-5.1,-5.2,31,3,27,bpm_basketball_reference
Justin Holiday,2016-17,-0.3,-0.5,0.2,1639,82,27,bpm_basketball_reference
Justise Winslow,2016-17,-3.8,-4.6,0.8,625,18,20,bpm_basketball_reference
Jusuf Nurkić,2016-17,-0.9,-1.4,0.5,1391,65,22,bpm_basketball_reference
K.J. McDaniels,2016-17,-2.3,-2.5,0.1,505,49,23,bpm_basketball_reference
Karl-Anthony Towns,2016-17,4.7,5.5,-0.7,3030,82,21,bpm_basketball_reference
Kawhi Leonard,2016-17,9.4,7.1,2.2,2474,74,25,bpm_basketball_reference
Kay Felder,2016-17,-2.4,-3.1,0.7,386,42,21,bpm_basketball_reference
Kelly Olynyk,2016-17,0.3,-0.3,0.6,1538,75,25,bpm_basketball_reference
Kelly Oubre Jr.,2016-17,-3.2,-3.2,0,1605,79,21,bpm_basketball_reference
Kemba Walker,2016-17,4.1,4.9,-0.8,2739,79,26,bpm_basketball_reference
Kenneth Faried,2016-17,0.3,1.5,-1.2,1296,61,27,bpm_basketball_reference
Kent Bazemore,2016-17,-1,-2.1,1.1,1963,73,27,bpm_basketball_reference
Kentavious Caldwell-Pope,2016-17,-0.2,-0.6,0.4,2529,76,23,bpm_basketball_reference
Kevin Durant,2016-17,8.9,6.7,2.2,2070,62,28,bpm_basketball_reference
Kevin Love,2016-17,2.1,3.3,-1.2,1885,60,28,bpm_basketball_reference
Kevin Séraphin,2016-17,-3.4,-2.5,-0.9,559,49,27,bpm_basketball_reference
Kevon Looney,2016-17,-1.7,-2.4,0.7,447,53,20,bpm_basketball_reference
Khris Middleton,2016-17,-0.3,-0.4,0.1,889,29,25,bpm_basketball_reference
Klay Thompson,2016-17,0.8,2.4,-1.6,2649,78,26,bpm_basketball_reference
Kosta Koufos,2016-17,-2.5,-2.1,-0.4,1419,71,27,bpm_basketball_reference
Kris Dunn,2016-17,-2.8,-4.5,1.8,1333,78,22,bpm_basketball_reference
Kris Humphries,2016-17,-2,-2,-0.1,689,56,31,bpm_basketball_reference
Kristaps Porziņģis,2016-17,0.3,0.7,-0.3,2164,66,21,bpm_basketball_reference
Kyle Anderson,2016-17,1.8,-1.4,3.2,1020,72,23,bpm_basketball_reference
Kyle Korver,2016-17,0,0.5,-0.5,1753,67,35,bpm_basketball_reference
Kyle Lowry,2016-17,6.1,5.8,0.4,2244,60,30,bpm_basketball_reference
Kyle O'Quinn,2016-17,1.9,0.2,1.7,1229,79,26,bpm_basketball_reference
Kyle Singler,2016-17,-4.3,-4.1,-0.2,385,32,28,bpm_basketball_reference
Kyle Wiltjer,2016-17,-5.4,-4.1,-1.3,44,14,24,bpm_basketball_reference
Kyrie Irving,2016-17,3.4,4.7,-1.3,2525,72,24,bpm_basketball_reference
LaMarcus Aldridge,2016-17,0.8,0.7,0.1,2335,72,31,bpm_basketball_reference
Lamar Patterson,2016-17,-11.4,-10.3,-1.1,40,5,25,bpm_basketball_reference
Lance Stephenson,2016-17,-4,-3.4,-0.6,361,18,26,bpm_basketball_reference
Lance Thomas,2016-17,-3.5,-2.4,-1.1,968,46,28,bpm_basketball_reference
Langston Galloway,2016-17,-2.3,-1.5,-0.7,1495,74,25,bpm_basketball_reference
Larry Nance Jr.,2016-17,0.6,-0.6,1.2,1442,63,24,bpm_basketball_reference
Larry Sanders,2016-17,-15,-13.4,-1.7,13,5,28,bpm_basketball_reference
Lavoy Allen,2016-17,-1.7,-1.5,-0.2,871,61,27,bpm_basketball_reference
LeBron James,2016-17,7.6,6.4,1.2,2794,74,32,bpm_basketball_reference
Leandro Barbosa,2016-17,-2.5,-1.7,-0.9,963,67,34,bpm_basketball_reference
Lou Williams,2016-17,3.9,4.6,-0.7,1994,81,30,bpm_basketball_reference
Luc Mbah a Moute,2016-17,-0.2,-1.6,1.3,1787,80,30,bpm_basketball_reference
Lucas Nogueira,2016-17,2,-1,3,1088,57,24,bpm_basketball_reference
Luis Scola,2016-17,-2.9,-1.8,-1.1,461,36,36,bpm_basketball_reference
Luke Babbitt,2016-17,-2,-2,-0.1,1065,68,27,bpm_basketball_reference
Luol Deng,2016-17,-2.1,-1.4,-0.6,1486,56,31,bpm_basketball_reference
Malachi Richardson,2016-17,-4.8,-3.4,-1.4,198,22,21,bpm_basketball_reference
Malcolm Brogdon,2016-17,-0.4,0,-0.4,1982,75,24,bpm_basketball_reference
Malcolm Delaney,2016-17,-5.6,-5.3,-0.3,1248,73,27,bpm_basketball_reference
Malik Beasley,2016-17,-0.6,-0.4,-0.2,165,22,20,bpm_basketball_reference
Manny Harris,2016-17,-14.8,-8.8,-6,25,4,27,bpm_basketball_reference
Manu Ginóbili,2016-17,1.4,-0.7,2.1,1291,69,39,bpm_basketball_reference
Marc Gasol,2016-17,5.2,3.8,1.4,2531,74,32,bpm_basketball_reference
Marcelo Huertas,2016-17,-4.6,-3.3,-1.3,237,23,33,bpm_basketball_reference
Marcin Gortat,2016-17,-0.8,-0.3,-0.5,2556,82,32,bpm_basketball_reference
Marco Belinelli,2016-17,-1.1,-0.6,-0.5,1778,74,30,bpm_basketball_reference
Marcus Georges-Hunt,2016-17,-4.5,-4,-0.5,48,5,22,bpm_basketball_reference
Marcus Morris,2016-17,-1.1,-0.8,-0.3,2565,79,27,bpm_basketball_reference
Marcus Smart,2016-17,-1.3,-1.9,0.6,2399,79,22,bpm_basketball_reference
Marcus Thornton,2016-17,-2.4,-1.7,-0.7,575,33,29,bpm_basketball_reference
Mario Hezonja,2016-17,-5,-4.1,-0.9,960,65,21,bpm_basketball_reference
Markieff Morris,2016-17,-1.5,-1.4,-0.1,2374,76,27,bpm_basketball_reference
Marquese Chriss,2016-17,-2.2,-2.2,-0.1,1743,82,19,bpm_basketball_reference
Marreese Speights,2016-17,0.6,0.9,-0.3,1286,82,29,bpm_basketball_reference
Marshall Plumlee,2016-17,-4.6,-3.6,-1,170,21,24,bpm_basketball_reference
Marvin Williams,2016-17,0,-0.1,0.1,2295,76,30,bpm_basketball_reference
Mason Plumlee,2016-17,2,0.6,1.4,2148,81,26,bpm_basketball_reference
Matt Barnes,2016-17,-1.4,-1.7,0.3,1777,74,36,bpm_basketball_reference
Matthew Dellavedova,2016-17,-4.2,-2.5,-1.8,1986,76,26,bpm_basketball_reference
Maurice Harkless,2016-17,-0.6,-0.8,0.1,2223,77,23,bpm_basketball_reference
Maurice Ndour,2016-17,-2.8,-2.9,0.1,331,32,24,bpm_basketball_reference
Metta World Peace,2016-17,-6.1,-5.5,-0.7,160,25,37,bpm_basketball_reference
Meyers Leonard,2016-17,-3.3,-2.6,-0.6,1222,74,24,bpm_basketball_reference
Michael Beasley,2016-17,-0.8,0,-0.8,935,56,28,bpm_basketball_reference
Michael Carter-Williams,2016-17,-3.2,-4.5,1.3,846,45,25,bpm_basketball_reference
Michael Gbinije,2016-17,-12.1,-9.2,-2.9,32,9,24,bpm_basketball_reference
Michael Kidd-Gilchrist,2016-17,-0.7,-1.6,0.9,2349,81,23,bpm_basketball_reference
Mike Conley,2016-17,6.8,6,0.8,2292,69,29,bpm_basketball_reference
Mike Dunleavy,2016-17,-1.4,-1.3,-0.1,841,53,36,bpm_basketball_reference
Mike Miller,2016-17,-1.5,-2,0.5,151,20,36,bpm_basketball_reference
Mike Muscala,2016-17,1.1,-0.1,1.2,1237,70,25,bpm_basketball_reference
Mike Scott,2016-17,-5.5,-4.7,-0.7,195,18,28,bpm_basketball_reference
Mike Tobey,2016-17,-9.5,-6.9,-2.7,25,2,22,bpm_basketball_reference
Miles Plumlee,2016-17,-5,-5,0,484,45,28,bpm_basketball_reference
Mindaugas Kuzminskas,2016-17,-1.9,-0.6,-1.4,1016,68,27,bpm_basketball_reference
Mirza Teletović,2016-17,-3.8,-1.7,-2.1,1133,70,31,bpm_basketball_reference
Monta Ellis,2016-17,-2.9,-3.1,0.2,1998,74,31,bpm_basketball_reference
Montrezl Harrell,2016-17,1,0.9,0.1,1064,58,23,bpm_basketball_reference
Myles Turner,2016-17,1.1,-0.1,1.1,2541,81,20,bpm_basketball_reference
Nemanja Bjelica,2016-17,-1.6,-1.8,0.2,1190,65,28,bpm_basketball_reference
Nenê,2016-17,0.8,0,0.8,1198,67,34,bpm_basketball_reference
Nerlens Noel,2016-17,2.4,0.1,2.3,1047,51,22,bpm_basketball_reference
Nick Collison,2016-17,-0.2,-1.3,1.1,128,20,36,bpm_basketball_reference
Nick Young,2016-17,-0.1,1.7,-1.8,1556,60,31,bpm_basketball_reference
Nicolas Batum,2016-17,0.8,0.6,0.2,2617,77,28,bpm_basketball_reference
Nicolás Brussino,2016-17,-1.6,-1.7,0.1,521,54,23,bpm_basketball_reference
Nicolás Laprovíttola,2016-17,-3.9,-3.2,-0.8,174,18,27,bpm_basketball_reference
Nik Stauskas,2016-17,-2.8,-2.1,-0.8,2188,80,23,bpm_basketball_reference
Nikola Jokić,2016-17,7.3,5.9,1.4,2038,73,21,bpm_basketball_reference
Nikola Mirotić,2016-17,0.7,0.2,0.5,1679,70,25,bpm_basketball_reference
Nikola Vučević,2016-17,1.4,0.8,0.6,2163,75,26,bpm_basketball_reference
Noah Vonleh,2016-17,-3.9,-3,-0.9,1265,74,21,bpm_basketball_reference
Norman Powell,2016-17,-0.5,-0.6,0.1,1368,76,23,bpm_basketball_reference
Norris Cole,2016-17,-6.7,-7.5,0.8,125,13,28,bpm_basketball_reference
Okaro White,2016-17,-3.1,-3.6,0.4,471,35,24,bpm_basketball_reference
Omri Casspi,2016-17,-3.2,-2.6,-0.5,643,36,28,bpm_basketball_reference
Otto Porter Jr.,2016-17,3.3,2.4,0.9,2605,80,23,bpm_basketball_reference
P.J. Tucker,2016-17,-0.3,-1.5,1.2,2236,81,31,bpm_basketball_reference
Pascal Siakam,2016-17,-2.4,-3,0.7,859,55,22,bpm_basketball_reference
Pat Connaughton,2016-17,-0.7,-0.4,-0.3,316,39,24,bpm_basketball_reference
Patricio Garino,2016-17,-17.9,-13.3,-4.6,43,5,23,bpm_basketball_reference
Patrick Beverley,2016-17,1.1,-0.2,1.4,2058,67,28,bpm_basketball_reference
Patrick McCaw,2016-17,-2.4,-2.4,0.1,1074,71,21,bpm_basketball_reference
Patrick Patterson,2016-17,0.1,0,0.1,1599,65,27,bpm_basketball_reference
Patty Mills,2016-17,1.6,1.4,0.2,1754,80,28,bpm_basketball_reference
Pau Gasol,2016-17,4,2.6,1.5,1627,64,36,bpm_basketball_reference
Paul George,2016-17,3.1,3,0.1,2689,75,26,bpm_basketball_reference
Paul Millsap,2016-17,2.1,0.8,1.3,2343,69,31,bpm_basketball_reference
Paul Pierce,2016-17,-4.7,-4.7,0.1,277,25,39,bpm_basketball_reference
Paul Zipser,2016-17,-4.4,-4.2,-0.2,843,44,22,bpm_basketball_reference
Pierre Jackson,2016-17,-4.4,-2.7,-1.7,84,8,25,bpm_basketball_reference
Quincy Acy,2016-17,-2.1,-1.5,-0.6,558,38,26,bpm_basketball_reference
Quinn Cook,2016-17,-3.1,-1.6,-1.5,188,14,23,bpm_basketball_reference
R.J. Hunter,2016-17,-9,-7.8,-1.2,9,3,23,bpm_basketball_reference
Rajon Rondo,2016-17,-0.5,-1.6,1,1843,69,30,bpm_basketball_reference
Rakeem Christmas,2016-17,-5,-4,-1,219,29,25,bpm_basketball_reference
Ramon Sessions,2016-17,-2.4,-2,-0.4,811,50,30,bpm_basketball_reference
Randy Foye,2016-17,-4.4,-3.7,-0.7,1284,69,33,bpm_basketball_reference
Rashad Vaughn,2016-17,-3.6,-3.2,-0.4,458,41,20,bpm_basketball_reference
Raul Neto,2016-17,-0.1,-3.5,3.4,346,40,24,bpm_basketball_reference
Raymond Felton,2016-17,-1.3,-2,0.7,1700,80,32,bpm_basketball_reference
Reggie Bullock,2016-17,0.3,-1,1.3,467,31,25,bpm_basketball_reference
Reggie Jackson,2016-17,-1,0.4,-1.4,1424,52,26,bpm_basketball_reference
Reggie Williams,2016-17,-0.8,-0.4,-0.4,79,6,30,bpm_basketball_reference
Richard Jefferson,2016-17,-3.1,-2.5,-0.6,1614,79,36,bpm_basketball_reference
Richaun Holmes,2016-17,1,0.5,0.5,1193,57,23,bpm_basketball_reference
Ricky Rubio,2016-17,0.9,1.2,-0.2,2469,75,26,bpm_basketball_reference
Robert Covington,2016-17,0.2,-1.2,1.4,2119,67,26,bpm_basketball_reference
Robin Lopez,2016-17,-2.2,-1.4,-0.8,2271,81,28,bpm_basketball_reference
Rodney Hood,2016-17,-0.9,-0.6,-0.3,1593,59,24,bpm_basketball_reference
Rodney McGruder,2016-17,-1.9,-1.8,-0.1,1966,78,25,bpm_basketball_reference
Rodney Stuckey,2016-17,-4.4,-3.2,-1.2,696,39,30,bpm_basketball_reference
Ron Baker,2016-17,-4.7,-4.5,-0.3,857,52,23,bpm_basketball_reference
Rondae Hollis-Jefferson,2016-17,-1.3,-2.2,0.9,1761,78,22,bpm_basketball_reference
Ronnie Price,2016-17,-3.4,-5.7,2.3,134,14,33,bpm_basketball_reference
Roy Hibbert,2016-17,-2.3,-3.2,0.9,682,48,30,bpm_basketball_reference
Rudy Gay,2016-17,1.9,1.4,0.5,1013,30,30,bpm_basketball_reference
Rudy Gobert,2016-17,4.4,2.2,2.2,2744,81,24,bpm_basketball_reference
Russell Westbrook,2016-17,11.1,8.7,2.4,2802,81,28,bpm_basketball_reference
Ryan Anderson,2016-17,-0.4,1.7,-2,2116,72,28,bpm_basketball_reference
Ryan Kelly,2016-17,-3.1,-4.6,1.4,110,16,25,bpm_basketball_reference
Salah Mejri,2016-17,-0.7,-3,2.3,905,73,30,bpm_basketball_reference
Sam Dekker,2016-17,-0.2,0.3,-0.6,1419,77,22,bpm_basketball_reference
Sasha Vujačić,2016-17,-3.2,-2.7,-0.5,408,42,32,bpm_basketball_reference
Sean Kilpatrick,2016-17,-2.3,-0.9,-1.4,1754,70,27,bpm_basketball_reference
Semaj Christon,2016-17,-5.1,-4.8,-0.3,973,64,24,bpm_basketball_reference
Serge Ibaka,2016-17,0.1,0.4,-0.3,2422,79,27,bpm_basketball_reference
Sergio Rodríguez,2016-17,-2.7,-1.2,-1.6,1518,68,30,bpm_basketball_reference
Seth Curry,2016-17,1.2,0.8,0.4,2029,70,26,bpm_basketball_reference
Shabazz Muhammad,2016-17,-2.4,0.5,-2.9,1516,78,24,bpm_basketball_reference
Shabazz Napier,2016-17,-0.4,-0.8,0.5,512,53,25,bpm_basketball_reference
Shaun Livingston,2016-17,-2.5,-3,0.5,1345,76,31,bpm_basketball_reference
Shawn Long,2016-17,1.2,2.3,-1.1,234,18,24,bpm_basketball_reference
Sheldon Mac,2016-17,-2.3,-2.2,-0.1,287,30,24,bpm_basketball_reference
Shelvin Mack,2016-17,-2.3,-2.5,0.2,1205,55,26,bpm_basketball_reference
Skal Labissière,2016-17,-2.3,-0.9,-1.4,612,33,20,bpm_basketball_reference
Solomon Hill,2016-17,-2.7,-3.5,0.8,2374,80,25,bpm_basketball_reference
Spencer Dinwiddie,2016-17,-1,-1.3,0.4,1334,59,23,bpm_basketball_reference
Spencer Hawes,2016-17,0.5,-0.3,0.8,797,54,28,bpm_basketball_reference
Stanley Johnson,2016-17,-3,-4.4,1.4,1371,77,20,bpm_basketball_reference
Stephen Curry,2016-17,6.9,6.7,0.3,2638,79,28,bpm_basketball_reference
Stephen Zimmerman,2016-17,-8.3,-6.6,-1.7,108,19,20,bpm_basketball_reference
Steve Novak,2016-17,-11.2,-6.3,-4.9,22,8,33,bpm_basketball_reference
Steven Adams,2016-17,-0.2,-0.2,0,2389,80,23,bpm_basketball_reference
T.J. McConnell,2016-17,-1,-2,1,2133,81,24,bpm_basketball_reference
T.J. Warren,2016-17,-0.6,0.1,-0.7,2048,66,23,bpm_basketball_reference
Taj Gibson,2016-17,-1.5,-1.1,-0.4,1989,78,31,bpm_basketball_reference
Tarik Black,2016-17,-3.2,-2.3,-0.9,1091,67,25,bpm_basketball_reference
Taurean Prince,2016-17,-1.8,-3.5,1.7,981,59,22,bpm_basketball_reference
Terrence Jones,2016-17,-0.6,-1,0.4,1270,54,25,bpm_basketball_reference
Terrence Ross,2016-17,-0.2,-0.3,0.1,1955,78,25,bpm_basketball_reference
Terry Rozier,2016-17,-1.4,-1.6,0.1,1263,74,22,bpm_basketball_reference
Thabo Sefolosha,2016-17,0.4,-2.1,2.5,1596,62,32,bpm_basketball_reference
Thaddeus Young,2016-17,0.5,-0.3,0.8,2237,74,28,bpm_basketball_reference
Thomas Robinson,2016-17,-2.1,-1.1,-1,560,48,25,bpm_basketball_reference
Thon Maker,2016-17,-2,-1.1,-0.9,562,57,19,bpm_basketball_reference
Tiago Splitter,2016-17,-4.3,-1.6,-2.7,76,8,32,bpm_basketball_reference
Tim Frazier,2016-17,-2.7,-2.5,-0.2,1525,65,26,bpm_basketball_reference
Tim Hardaway Jr.,2016-17,0.5,1,-0.4,2154,79,24,bpm_basketball_reference
Tim Quarterman,2016-17,-2.8,-2,-0.9,80,16,22,bpm_basketball_reference
Timofey Mozgov,2016-17,-4.3,-2.9,-1.5,1104,54,30,bpm_basketball_reference
Timothé Luwawu-Cabarrot,2016-17,-4.6,-3.9,-0.7,1190,69,21,bpm_basketball_reference
Tobias Harris,2016-17,1.6,1.3,0.3,2567,82,24,bpm_basketball_reference
Tomáš Satoranský,2016-17,-2.4,-3.1,0.7,719,57,25,bpm_basketball_reference
Toney Douglas,2016-17,-1.5,-3.2,1.8,394,24,30,bpm_basketball_reference
Tony Allen,2016-17,-1,-2,1.1,1914,71,35,bpm_basketball_reference
Tony Parker,2016-17,-2.6,-1.6,-0.9,1587,63,34,bpm_basketball_reference
Tony Snell,2016-17,-1.7,-1,-0.7,2336,80,25,bpm_basketball_reference
Treveon Graham,2016-17,-1,-1.8,0.8,189,27,23,bpm_basketball_reference
Trevor Ariza,2016-17,1,-0.1,1.1,2773,80,31,bpm_basketball_reference
Trevor Booker,2016-17,-0.6,-0.9,0.3,1754,71,29,bpm_basketball_reference
Trey Burke,2016-17,-3,-1.3,-1.8,703,57,24,bpm_basketball_reference
Trey Lyles,2016-17,-2.2,-2.2,0,1158,71,21,bpm_basketball_reference
Tristan Thompson,2016-17,-0.7,0,-0.7,2336,78,25,bpm_basketball_reference
Troy Daniels,2016-17,-1.8,0.2,-1.9,1183,67,25,bpm_basketball_reference
Troy Williams,2016-17,-3.8,-4.3,0.6,557,30,22,bpm_basketball_reference
Ty Lawson,2016-17,-1,-0.2,-0.8,1732,69,29,bpm_basketball_reference
Tyler Ennis,2016-17,-3.2,-2.4,-0.8,588,53,22,bpm_basketball_reference
Tyler Johnson,2016-17,1.4,0.4,1,2178,73,24,bpm_basketball_reference
Tyler Ulis,2016-17,-2.4,-0.9,-1.4,1123,61,21,bpm_basketball_reference
Tyler Zeller,2016-17,-2.4,-2.2,-0.2,525,51,27,bpm_basketball_reference
Tyreke Evans,2016-17,0.4,-0.1,0.5,788,40,27,bpm_basketball_reference
Tyson Chandler,2016-17,0.3,0.7,-0.3,1298,47,34,bpm_basketball_reference
Tyus Jones,2016-17,0.2,-0.6,0.7,774,60,20,bpm_basketball_reference
Udonis Haslem,2016-17,-5.3,-6.1,0.9,130,16,36,bpm_basketball_reference
Victor Oladipo,2016-17,-0.5,-0.3,-0.1,2222,67,24,bpm_basketball_reference
Vince Carter,2016-17,0.8,-0.3,1.1,1799,73,40,bpm_basketball_reference
Wade Baldwin,2016-17,-5.5,-5.8,0.3,405,33,20,bpm_basketball_reference
Wayne Ellington,2016-17,-0.1,0.8,-0.9,1500,62,29,bpm_basketball_reference
Wayne Selden,2016-17,-5.5,-4.6,-1,236,14,22,bpm_basketball_reference
Wesley Johnson,2016-17,-2,-3.1,1.1,810,68,29,bpm_basketball_reference
Wesley Matthews,2016-17,-0.8,-0.8,0,2495,73,30,bpm_basketball_reference
Will Barton,2016-17,0.2,1.2,-1,1705,60,26,bpm_basketball_reference
Willie Cauley-Stein,2016-17,-1,-1.2,0.2,1421,75,23,bpm_basketball_reference
Willie Reed,2016-17,-0.9,-0.9,0,1031,71,26,bpm_basketball_reference
Willy Hernangómez,2016-17,-0.3,0.3,-0.5,1324,72,22,bpm_basketball_reference
Wilson Chandler,2016-17,-1,0.5,-1.5,2197,71,29,bpm_basketball_reference
Yogi Ferrell,2016-17,-1.1,-0.9,-0.3,1197,46,23,bpm_basketball_reference
Zach LaVine,2016-17,0.1,1.5,-1.4,1749,47,21,bpm_basketball_reference
Zach Randolph,2016-17,-0.5,1,-1.6,1786,73,35,bpm_basketball_reference
Zaza Pachulia,2016-17,0.6,-1.1,1.6,1268,70,32,bpm_basketball_reference
Álex Abrines,2016-17,-1.6,-1.3,-0.4,1055,68,23,bpm_basketball_reference
Ömer Aşık,2016-17,-3.7,-3.6,-0.1,482,31,30,bpm_basketball_reference
Aaron Brooks,2017-18,-3.8,-2.6,-1.3,189,32,33,bpm_basketball_reference
Aaron Gordon,2017-18,0.3,0.9,-0.6,1909,58,22,bpm_basketball_reference
Aaron Harrison,2017-18,-7.5,-6.8,-0.6,233,9,23,bpm_basketball_reference
Aaron Jackson,2017-18,-8.9,-6.6,-2.3,35,1,31,bpm_basketball_reference
Abdel Nader,2017-18,-5.3,-5.5,0.2,522,48,24,bpm_basketball_reference
Adreian Payne,2017-18,2.4,1.8,0.6,43,5,26,bpm_basketball_reference
Al Horford,2017-18,4.4,2.4,2,2277,72,31,bpm_basketball_reference
Al Jefferson,2017-18,2,0.6,1.5,484,36,33,bpm_basketball_reference
Al-Farouq Aminu,2017-18,0.4,-0.7,1.1,2072,69,27,bpm_basketball_reference
Alan Williams,2017-18,-5,-7.3,2.3,70,5,25,bpm_basketball_reference
Alec Burks,2017-18,-0.9,-1.3,0.4,1059,64,26,bpm_basketball_reference
Alec Peters,2017-18,-2.8,-0.5,-2.3,225,20,22,bpm_basketball_reference
Alex Caruso,2017-18,-2.9,-3.8,0.9,562,37,23,bpm_basketball_reference
Alex Len,2017-18,0.3,0.6,-0.3,1395,69,24,bpm_basketball_reference
Alex Poythress,2017-18,-5.1,-3.8,-1.3,104,25,24,bpm_basketball_reference
Alfonzo McKinnie,2017-18,-3,-2.6,-0.4,53,14,25,bpm_basketball_reference
Allen Crabbe,2017-18,-0.7,0,-0.7,2197,75,25,bpm_basketball_reference
Amir Johnson,2017-18,1,-1.2,2.2,1171,74,30,bpm_basketball_reference
Andre Drummond,2017-18,3.2,1.5,1.7,2625,78,24,bpm_basketball_reference
Andre Iguodala,2017-18,-0.3,-1.1,0.8,1622,64,34,bpm_basketball_reference
Andre Ingram,2017-18,4.3,1.7,2.5,64,2,32,bpm_basketball_reference
Andre Roberson,2017-18,-0.1,-1.9,1.8,1037,39,26,bpm_basketball_reference
Andrew Bogut,2017-18,-2.8,-4.7,1.9,216,24,33,bpm_basketball_reference
Andrew Harrison,2017-18,-1.5,-1,-0.5,1326,56,23,bpm_basketball_reference
Andrew White,2017-18,-5.5,-3.4,-2.1,209,15,24,bpm_basketball_reference
Andrew Wiggins,2017-18,-2.4,-0.8,-1.7,2979,82,22,bpm_basketball_reference
Ante Žižić,2017-18,1,1.9,-0.9,214,32,21,bpm_basketball_reference
Anthony Brown,2017-18,30.5,26.2,4.3,4,1,25,bpm_basketball_reference
Anthony Davis,2017-18,6.7,5.3,1.4,2727,75,24,bpm_basketball_reference
Anthony Tolliver,2017-18,0.9,1.2,-0.3,1757,79,32,bpm_basketball_reference
Antonio Blakeney,2017-18,-5.2,-2.8,-2.4,314,19,21,bpm_basketball_reference
Antonius Cleveland,2017-18,-5.2,-7.6,2.4,123,17,23,bpm_basketball_reference
Aron Baynes,2017-18,-2.9,-3.6,0.7,1485,81,31,bpm_basketball_reference
Arron Afflalo,2017-18,-5.4,-3.8,-1.5,682,53,32,bpm_basketball_reference
Austin Rivers,2017-18,-1.2,-0.3,-0.9,2057,61,25,bpm_basketball_reference
Avery Bradley,2017-18,-4,-3,-1,1433,46,27,bpm_basketball_reference
Bam Adebayo,2017-18,-0.4,-1.1,0.7,1368,69,20,bpm_basketball_reference
Ben McLemore,2017-18,-3.9,-2.9,-1,1091,56,24,bpm_basketball_reference
Ben Moore,2017-18,-9.3,-10.5,1.3,9,2,22,bpm_basketball_reference
Ben Simmons,2017-18,4.5,2,2.5,2732,81,21,bpm_basketball_reference
Bismack Biyombo,2017-18,-2.4,-2.6,0.2,1495,82,25,bpm_basketball_reference
Blake Griffin,2017-18,3.4,3.6,-0.2,1970,58,28,bpm_basketball_reference
Boban Marjanović,2017-18,2.5,2.3,0.2,337,39,29,bpm_basketball_reference
Bobby Brown,2017-18,-7.2,-4.9,-2.3,115,20,33,bpm_basketball_reference
Bobby Portis,2017-18,0.8,2.2,-1.3,1643,73,22,bpm_basketball_reference
Bogdan Bogdanović,2017-18,-1.5,-0.6,-0.9,2175,78,25,bpm_basketball_reference
Bojan Bogdanović,2017-18,-0.7,0.5,-1.2,2464,80,28,bpm_basketball_reference
Bradley Beal,2017-18,2.2,2.9,-0.7,2977,82,24,bpm_basketball_reference
Brandan Wright,2017-18,2.1,1.1,1,381,28,30,bpm_basketball_reference
Brandon Ingram,2017-18,-1.2,-0.9,-0.3,1975,59,20,bpm_basketball_reference
Brandon Jennings,2017-18,-3.4,-1.2,-2.2,205,14,28,bpm_basketball_reference
Brandon Paul,2017-18,-3.5,-5.1,1.6,576,64,26,bpm_basketball_reference
Briante Weber,2017-18,-1.3,-4.1,2.8,237,18,25,bpm_basketball_reference
Brice Johnson,2017-18,-0.4,-2.1,1.7,98,18,23,bpm_basketball_reference
Brook Lopez,2017-18,0.9,0.7,0.2,1735,74,29,bpm_basketball_reference
Bruno Caboclo,2017-18,-5.8,-4.8,-1,107,12,22,bpm_basketball_reference
Bryn Forbes,2017-18,-3.1,-2.5,-0.6,1517,80,24,bpm_basketball_reference
Buddy Hield,2017-18,1,1.6,-0.5,2024,80,25,bpm_basketball_reference
C.J. Miles,2017-18,0.3,1,-0.7,1337,70,30,bpm_basketball_reference
C.J. Williams,2017-18,-2.1,-2.8,0.7,707,38,27,bpm_basketball_reference
CJ McCollum,2017-18,1.2,1.8,-0.5,2923,81,26,bpm_basketball_reference
Caleb Swanigan,2017-18,-5.5,-6.6,1.2,189,27,20,bpm_basketball_reference
Cameron Payne,2017-18,-0.4,-0.1,-0.3,582,25,23,bpm_basketball_reference
Caris LeVert,2017-18,-0.8,-0.8,0,1864,71,23,bpm_basketball_reference
Carmelo Anthony,2017-18,-1.9,-0.6,-1.3,2501,78,33,bpm_basketball_reference
Cedi Osman,2017-18,-2.9,-2.1,-0.7,672,61,22,bpm_basketball_reference
Chandler Parsons,2017-18,0.8,1.2,-0.4,691,36,29,bpm_basketball_reference
Channing Frye,2017-18,-0.5,-0.5,0,695,53,34,bpm_basketball_reference
Charles Cooke,2017-18,-14.4,-10.4,-4,38,13,23,bpm_basketball_reference
Cheick Diallo,2017-18,-1.2,-1.3,0.1,581,52,21,bpm_basketball_reference
Chinanu Onuaku,2017-18,-14.7,-13,-1.7,22,1,21,bpm_basketball_reference
Chris Boucher,2017-18,-33.1,-21.7,-11.4,1,1,25,bpm_basketball_reference
Chris McCullough,2017-18,-1.8,-0.3,-1.5,90,19,22,bpm_basketball_reference
Chris Paul,2017-18,7.1,5.2,1.8,1847,58,32,bpm_basketball_reference
Clint Capela,2017-18,3.4,2.4,1,2034,74,23,bpm_basketball_reference
Cody Zeller,2017-18,-1.2,-1.2,0,627,33,25,bpm_basketball_reference
Cole Aldrich,2017-18,-7.5,-6.8,-0.7,49,21,29,bpm_basketball_reference
Corey Brewer,2017-18,-1.3,-3.2,1.9,1208,72,31,bpm_basketball_reference
Cory Joseph,2017-18,-1.5,-1.8,0.3,2210,82,26,bpm_basketball_reference
Courtney Lee,2017-18,-0.3,-0.1,-0.2,2310,76,32,bpm_basketball_reference
Cristiano Felício,2017-18,-3.9,-2.8,-1.1,977,55,25,bpm_basketball_reference
D'Angelo Russell,2017-18,-1.2,0.8,-2,1234,48,21,bpm_basketball_reference
D.J. Augustin,2017-18,-0.2,1,-1.2,1760,75,30,bpm_basketball_reference
D.J. Wilson,2017-18,-2,-2,0,71,22,21,bpm_basketball_reference
Dakari Johnson,2017-18,-0.3,-1.2,0.9,161,31,22,bpm_basketball_reference
Damian Jones,2017-18,-7.1,-5.3,-1.8,89,15,22,bpm_basketball_reference
Damian Lillard,2017-18,7.2,7,0.3,2670,73,27,bpm_basketball_reference
Damien Wilkins,2017-18,-6.1,-4.2,-1.9,152,19,38,bpm_basketball_reference
Damion Lee,2017-18,-1.9,-2.3,0.4,404,15,25,bpm_basketball_reference
Damyean Dotson,2017-18,-2.3,-1.6,-0.6,474,44,23,bpm_basketball_reference
Daniel Hamilton,2017-18,2.3,1,1.3,28,6,22,bpm_basketball_reference
Daniel Theis,2017-18,0.3,-2,2.3,936,63,25,bpm_basketball_reference
Danilo Gallinari,2017-18,-0.5,0.4,-0.9,671,21,29,bpm_basketball_reference
Danny Green,2017-18,0.4,-1,1.4,1791,70,30,bpm_basketball_reference
Dante Cunningham,2017-18,-1.7,-1.5,-0.2,1562,73,30,bpm_basketball_reference
Danté Exum,2017-18,0.1,-0.3,0.4,235,14,22,bpm_basketball_reference
Danuel House Jr.,2017-18,-1.6,-0.8,-0.8,403,23,24,bpm_basketball_reference
Dario Šarić,2017-18,1.3,1.8,-0.5,2310,78,23,bpm_basketball_reference
Darius Miller,2017-18,-1.9,-1.1,-0.8,1944,82,27,bpm_basketball_reference
Darrell Arthur,2017-18,-5.3,-4.8,-0.5,141,19,29,bpm_basketball_reference
Darren Collison,2017-18,2.7,2.4,0.3,2018,69,30,bpm_basketball_reference
Darrun Hilliard,2017-18,-7.9,-7.1,-0.8,95,14,24,bpm_basketball_reference
David Nwaba,2017-18,-2.5,-2.7,0.2,1646,70,25,bpm_basketball_reference
David Stockton,2017-18,7.9,6.7,1.1,9,3,26,bpm_basketball_reference
David West,2017-18,3.1,0.7,2.5,999,73,37,bpm_basketball_reference
Davon Reed,2017-18,-6.4,-5.8,-0.6,242,21,22,bpm_basketball_reference
De'Aaron Fox,2017-18,-4.2,-2.7,-1.5,2026,73,20,bpm_basketball_reference
DeAndre Jordan,2017-18,1.4,1.7,-0.3,2424,77,29,bpm_basketball_reference
DeAndre Liggins,2017-18,-2.5,-4.3,1.8,724,58,29,bpm_basketball_reference
DeAndre' Bembry,2017-18,-4.7,-5.1,0.3,455,26,23,bpm_basketball_reference
DeMar DeRozan,2017-18,2.8,3.3,-0.6,2711,80,28,bpm_basketball_reference
DeMarcus Cousins,2017-18,4.7,2.5,2.2,1737,48,27,bpm_basketball_reference
DeMarre Carroll,2017-18,0.2,0.5,-0.4,2180,73,31,bpm_basketball_reference
Dejounte Murray,2017-18,0.5,-1.6,2.2,1743,81,21,bpm_basketball_reference
Delon Wright,2017-18,3.3,1.4,1.8,1433,69,25,bpm_basketball_reference
Demetrius Jackson,2017-18,-5.2,-6.1,0.9,80,15,23,bpm_basketball_reference
Dennis Schröder,2017-18,-0.6,1.2,-1.9,2078,67,24,bpm_basketball_reference
Dennis Smith Jr.,2017-18,-2.4,-1.2,-1.2,2049,69,20,bpm_basketball_reference
Denzel Valentine,2017-18,-1,-1,0,2095,77,24,bpm_basketball_reference
Derrick Favors,2017-18,1.5,0.9,0.7,2153,77,26,bpm_basketball_reference
Derrick Jones Jr.,2017-18,-2.7,-2.9,0.2,245,20,20,bpm_basketball_reference
Derrick Rose,2017-18,-5.4,-2.1,-3.3,420,25,29,bpm_basketball_reference
Derrick Walton,2017-18,1.3,-1.1,2.4,147,16,22,bpm_basketball_reference
Derrick White,2017-18,2.3,0.8,1.5,139,17,23,bpm_basketball_reference
Derrick Williams,2017-18,-16.8,-9.8,-7,9,2,26,bpm_basketball_reference
Devin Booker,2017-18,0.9,2.9,-2,1865,54,21,bpm_basketball_reference
Devin Harris,2017-18,-1.8,-1.5,-0.3,1340,71,34,bpm_basketball_reference
Devin Robinson,2017-18,-2.1,-4.2,2.1,13,1,22,bpm_basketball_reference
Dewayne Dedmon,2017-18,0.1,-0.4,0.5,1542,62,28,bpm_basketball_reference
Deyonta Davis,2017-18,-1.5,-0.9,-0.6,943,62,21,bpm_basketball_reference
Dillon Brooks,2017-18,-4,-2.9,-1.1,2350,82,22,bpm_basketball_reference
Dion Waiters,2017-18,-3.5,-2.1,-1.4,918,30,26,bpm_basketball_reference
Dirk Nowitzki,2017-18,2.3,1.7,0.6,1900,77,39,bpm_basketball_reference
Domantas Sabonis,2017-18,-1.1,-0.6,-0.5,1810,74,21,bpm_basketball_reference
Donovan Mitchell,2017-18,1.2,0.9,0.3,2638,79,21,bpm_basketball_reference
Dorian Finney-Smith,2017-18,-4.6,-3.8,-0.8,448,21,24,bpm_basketball_reference
Doug McDermott,2017-18,-2.2,-1,-1.3,1768,81,26,bpm_basketball_reference
Dragan Bender,2017-18,-3.7,-2.9,-0.8,2069,82,20,bpm_basketball_reference
Draymond Green,2017-18,2.8,0.9,1.9,2287,70,27,bpm_basketball_reference
Dwayne Bacon,2017-18,-4.7,-4.8,0.1,713,53,22,bpm_basketball_reference
Dwight Buycks,2017-18,-3.1,-2.3,-0.7,427,29,28,bpm_basketball_reference
Dwight Howard,2017-18,-0.1,-0.3,0.1,2463,81,32,bpm_basketball_reference
Dwight Powell,2017-18,1.6,0.6,1,1672,79,26,bpm_basketball_reference
Dwyane Wade,2017-18,-1,-0.9,-0.1,1536,67,36,bpm_basketball_reference
Dāvis Bertāns,2017-18,1.6,1,0.6,1086,77,25,bpm_basketball_reference
E'Twaun Moore,2017-18,-1.6,-1,-0.5,2586,82,28,bpm_basketball_reference
Ed Davis,2017-18,-0.6,-1.2,0.6,1471,78,28,bpm_basketball_reference
Edmond Sumner,2017-18,6.9,-2.4,9.3,2,1,22,bpm_basketball_reference
Ekpe Udoh,2017-18,3.1,-1.3,4.4,810,63,30,bpm_basketball_reference
Elfrid Payton,2017-18,-0.2,0.1,-0.3,1808,63,23,bpm_basketball_reference
Emeka Okafor,2017-18,-1.2,-1.1,-0.2,353,26,35,bpm_basketball_reference
Emmanuel Mudiay,2017-18,-3.9,-2.1,-1.8,1245,64,21,bpm_basketball_reference
Enes Freedom,2017-18,2.2,3.3,-1.1,1830,71,25,bpm_basketball_reference
Eric Bledsoe,2017-18,2.5,2.3,0.3,2322,74,28,bpm_basketball_reference
Eric Gordon,2017-18,0.4,2,-1.6,2154,69,29,bpm_basketball_reference
Eric Moreland,2017-18,0.5,-2.8,3.3,805,67,26,bpm_basketball_reference
Erik McCree,2017-18,-13.7,-14.7,1,8,4,24,bpm_basketball_reference
Ersan İlyasova,2017-18,-0.6,-0.2,-0.4,1729,69,30,bpm_basketball_reference
Evan Fournier,2017-18,-0.6,0.8,-1.4,1837,57,25,bpm_basketball_reference
Evan Turner,2017-18,-2.5,-2.9,0.4,2034,79,29,bpm_basketball_reference
Frank Kaminsky,2017-18,-0.2,0.6,-0.8,1835,79,24,bpm_basketball_reference
Frank Mason III,2017-18,-2.3,-1.3,-1,984,52,23,bpm_basketball_reference
Frank Ntilikina,2017-18,-5,-4.5,-0.5,1706,78,19,bpm_basketball_reference
Fred VanVleet,2017-18,2.4,1.4,1,1520,76,23,bpm_basketball_reference
Furkan Korkmaz,2017-18,-7.6,-6.6,-1,80,14,20,bpm_basketball_reference
Garrett Temple,2017-18,-2.5,-2.2,-0.3,1615,65,31,bpm_basketball_reference
Gary Harris,2017-18,0.8,1,-0.2,2304,67,23,bpm_basketball_reference
Gary Payton II,2017-18,-3.9,-3.5,-0.4,221,23,25,bpm_basketball_reference
George Hill,2017-18,-0.8,-0.2,-0.5,1812,67,31,bpm_basketball_reference
Georges Niang,2017-18,-4,-4.9,0.9,32,9,24,bpm_basketball_reference
Georgios Papagiannis,2017-18,-4.1,-3.9,-0.3,122,17,20,bpm_basketball_reference
Gerald Green,2017-18,0.3,1,-0.8,929,41,32,bpm_basketball_reference
Gian Clavell,2017-18,-2.2,-2.7,0.5,64,7,24,bpm_basketball_reference
Giannis Antetokounmpo,2017-18,6.2,5.3,0.9,2756,75,23,bpm_basketball_reference
Glenn Robinson III,2017-18,-0.7,-1.2,0.4,338,23,24,bpm_basketball_reference
Goran Dragić,2017-18,0.3,0.9,-0.6,2378,75,31,bpm_basketball_reference
Gordon Hayward,2017-18,-7.4,-6.6,-0.8,5,1,27,bpm_basketball_reference
Gorgui Dieng,2017-18,-1,-0.9,-0.1,1333,79,28,bpm_basketball_reference
Greg Monroe,2017-18,2.2,1.3,1,1040,51,27,bpm_basketball_reference
Guerschon Yabusele,2017-18,-1.2,-1.4,0.2,235,33,22,bpm_basketball_reference
Harrison Barnes,2017-18,-0.5,0.8,-1.3,2634,77,25,bpm_basketball_reference
Hassan Whiteside,2017-18,2.6,1.5,1.1,1364,54,28,bpm_basketball_reference
Henry Ellenson,2017-18,-4.4,-2.6,-1.9,329,38,21,bpm_basketball_reference
Ian Clark,2017-18,-3.5,-2.7,-0.8,1455,74,26,bpm_basketball_reference
Ian Mahinmi,2017-18,-4.4,-4.6,0.2,1145,77,31,bpm_basketball_reference
Ike Anigbogu,2017-18,1.9,1.8,0.1,30,11,19,bpm_basketball_reference
Iman Shumpert,2017-18,-3.3,-3.4,0,276,14,27,bpm_basketball_reference
Isaiah Canaan,2017-18,-1.3,-0.5,-0.7,422,20,26,bpm_basketball_reference
Isaiah Hicks,2017-18,-7.6,-6.4,-1.2,240,18,23,bpm_basketball_reference
Isaiah Taylor,2017-18,-4.4,-3.1,-1.3,1167,67,23,bpm_basketball_reference
Isaiah Thomas,2017-18,-4.9,-0.9,-3.9,862,32,28,bpm_basketball_reference
Isaiah Whitehead,2017-18,-3.8,-3.4,-0.4,180,16,22,bpm_basketball_reference
Ish Smith,2017-18,0,-0.3,0.3,2043,82,29,bpm_basketball_reference
Ivan Rabb,2017-18,-2,-0.9,-1.2,516,36,20,bpm_basketball_reference
Ivica Zubac,2017-18,-2,-1.8,-0.3,410,43,20,bpm_basketball_reference
J.J. Barea,2017-18,1.2,2.7,-1.5,1603,69,33,bpm_basketball_reference
J.R. Smith,2017-18,-3,-2.1,-0.9,2244,80,32,bpm_basketball_reference
JJ Redick,2017-18,1.1,2.2,-1.1,2116,70,33,bpm_basketball_reference
JaKarr Sampson,2017-18,-1.2,-2.3,1.1,344,22,24,bpm_basketball_reference
JaMychal Green,2017-18,-2.3,-0.8,-1.5,1542,55,27,bpm_basketball_reference
JaVale McGee,2017-18,1.5,0.3,1.2,615,65,30,bpm_basketball_reference
Jabari Bird,2017-18,-3.1,-2.7,-0.4,115,13,23,bpm_basketball_reference
Jabari Parker,2017-18,-0.8,0.9,-1.7,743,31,22,bpm_basketball_reference
Jack Cooley,2017-18,-0.6,0.9,-1.4,87,7,26,bpm_basketball_reference
Jacob Pullen,2017-18,-12.7,-8.3,-4.4,6,3,28,bpm_basketball_reference
Jacob Wiley,2017-18,-2.3,-3.6,1.4,33,5,23,bpm_basketball_reference
Jae Crowder,2017-18,-2.5,-1.9,-0.6,2090,80,27,bpm_basketball_reference
Jahlil Okafor,2017-18,-1.7,-1.8,0,353,28,22,bpm_basketball_reference
Jake Layman,2017-18,-4.3,-4.8,0.4,160,35,23,bpm_basketball_reference
Jakob Poeltl,2017-18,0.4,-0.7,1.1,1524,82,22,bpm_basketball_reference
Jalen Jones,2017-18,-6,-3.4,-2.6,181,16,24,bpm_basketball_reference
Jamal Crawford,2017-18,-2.3,0.1,-2.5,1653,80,37,bpm_basketball_reference
Jamal Murray,2017-18,-0.3,1.2,-1.5,2565,81,20,bpm_basketball_reference
Jameel Warney,2017-18,-0.2,2.5,-2.7,27,3,24,bpm_basketball_reference
Jameer Nelson,2017-18,-3.3,-2.9,-0.4,1013,50,35,bpm_basketball_reference
Jamel Artis,2017-18,-5.4,-3.8,-1.6,279,15,25,bpm_basketball_reference
James Ennis III,2017-18,-1.2,-1.1,-0.1,1604,72,27,bpm_basketball_reference
James Harden,2017-18,9.9,8.5,1.4,2551,72,28,bpm_basketball_reference
James Johnson,2017-18,1.6,0,1.6,1943,73,30,bpm_basketball_reference
James Michael McAdoo,2017-18,-3,-2.3,-0.7,18,3,25,bpm_basketball_reference
James Webb III,2017-18,-8.3,-5.5,-2.8,120,10,24,bpm_basketball_reference
James Young,2017-18,-6.9,-4.5,-2.4,61,6,22,bpm_basketball_reference
Jamil Wilson,2017-18,0.2,0,0.2,274,15,27,bpm_basketball_reference
Jared Dudley,2017-18,-2.5,-3,0.5,686,48,32,bpm_basketball_reference
Jarell Eddie,2017-18,-8.3,-9.1,0.8,9,3,26,bpm_basketball_reference
Jarell Martin,2017-18,-4,-3.3,-0.7,1661,73,23,bpm_basketball_reference
Jarrett Allen,2017-18,-0.8,-0.9,0.1,1441,72,19,bpm_basketball_reference
Jarrett Jack,2017-18,-2.8,-1.6,-1.3,1548,62,34,bpm_basketball_reference
Jason Smith,2017-18,-6.4,-5.4,-1,285,33,31,bpm_basketball_reference
Jason Terry,2017-18,-2,-2.6,0.6,814,51,40,bpm_basketball_reference
Jawun Evans,2017-18,-5,-5.4,0.4,778,48,21,bpm_basketball_reference
Jaylen Brown,2017-18,-0.5,-0.8,0.3,2152,70,21,bpm_basketball_reference
Jaylen Morris,2017-18,-5.4,-4.4,-1,98,6,22,bpm_basketball_reference
Jayson Tatum,2017-18,1.2,0,1.2,2443,80,19,bpm_basketball_reference
Jeff Green,2017-18,-1.8,-0.3,-1.5,1828,78,31,bpm_basketball_reference
Jeff Teague,2017-18,0.4,1.1,-0.7,2311,70,29,bpm_basketball_reference
Jeff Withey,2017-18,-5,-4.4,-0.6,39,10,27,bpm_basketball_reference
Jerami Grant,2017-18,0.3,0,0.3,1647,81,23,bpm_basketball_reference
Jeremy Evans,2017-18,-9.9,-5.7,-4.2,5,1,30,bpm_basketball_reference
Jeremy Lamb,2017-18,1.6,1.3,0.2,1967,80,25,bpm_basketball_reference
Jeremy Lin,2017-18,-5.4,-1,-4.4,25,1,29,bpm_basketball_reference
Jerian Grant,2017-18,-1.3,-0.9,-0.5,1686,74,25,bpm_basketball_reference
Jerryd Bayless,2017-18,-2.8,-2.7,-0.2,925,39,29,bpm_basketball_reference
Jimmy Butler,2017-18,5.8,5,0.7,2164,59,28,bpm_basketball_reference
Joakim Noah,2017-18,-0.8,-2.5,1.7,40,7,32,bpm_basketball_reference
Jodie Meeks,2017-18,-1.1,-0.3,-0.8,1119,77,30,bpm_basketball_reference
Joe Harris,2017-18,0.1,0.7,-0.6,1975,78,26,bpm_basketball_reference
Joe Ingles,2017-18,2.3,1,1.3,2578,82,30,bpm_basketball_reference
Joe Johnson,2017-18,-2.9,-2.7,-0.2,1205,55,36,bpm_basketball_reference
Joe Young,2017-18,-3.5,-2.3,-1.2,558,53,25,bpm_basketball_reference
Joel Bolomboy,2017-18,-5,-2.6,-2.4,38,6,24,bpm_basketball_reference
Joel Embiid,2017-18,3.3,2,1.3,1912,63,23,bpm_basketball_reference
Joffrey Lauvergne,2017-18,-1,-0.4,-0.6,534,55,26,bpm_basketball_reference
John Collins,2017-18,-0.2,-0.4,0.2,1785,74,20,bpm_basketball_reference
John Henson,2017-18,-0.9,-1,0.1,1970,76,27,bpm_basketball_reference
John Holland,2017-18,-5.5,-3.6,-1.9,174,24,29,bpm_basketball_reference
John Wall,2017-18,3,3.5,-0.5,1410,41,27,bpm_basketball_reference
Johnathan Motley,2017-18,-3.3,-1.3,-2,176,11,22,bpm_basketball_reference
Johnny O'Bryant,2017-18,-4.4,-2.9,-1.5,379,36,24,bpm_basketball_reference
Jon Leuer,2017-18,-4.6,-4.3,-0.3,136,8,28,bpm_basketball_reference
Jonas Jerebko,2017-18,0.1,-0.4,0.4,1134,74,30,bpm_basketball_reference
Jonas Valančiūnas,2017-18,2.4,2.4,0,1727,77,25,bpm_basketball_reference
Jonathan Gibson,2017-18,4.1,4.9,-0.8,40,4,30,bpm_basketball_reference
Jonathan Isaac,2017-18,-1.4,-3.8,2.4,536,27,20,bpm_basketball_reference
Jonathon Simmons,2017-18,-3.1,-1.7,-1.3,2029,69,28,bpm_basketball_reference
Jordan Bell,2017-18,2.8,0,2.8,809,57,23,bpm_basketball_reference
Jordan Clarkson,2017-18,0.1,1.5,-1.4,1888,81,25,bpm_basketball_reference
Jordan Crawford,2017-18,4.2,4.9,-0.7,53,5,29,bpm_basketball_reference
Jordan Mickey,2017-18,-5.6,-5.2,-0.3,284,23,23,bpm_basketball_reference
Josh Gray,2017-18,-4.2,-5.2,1,86,5,24,bpm_basketball_reference
Josh Hart,2017-18,-0.1,-0.6,0.5,1461,63,22,bpm_basketball_reference
Josh Huestis,2017-18,-3.9,-3.9,0,982,69,26,bpm_basketball_reference
Josh Jackson,2017-18,-4.2,-2.8,-1.4,1959,77,20,bpm_basketball_reference
Josh Magette,2017-18,-2.6,-2,-0.6,216,18,28,bpm_basketball_reference
Josh McRoberts,2017-18,-21.4,-17.9,-3.6,6,2,30,bpm_basketball_reference
Josh Richardson,2017-18,0.7,-0.6,1.3,2689,81,24,bpm_basketball_reference
Josh Smith,2017-18,-14.6,-8.4,-6.2,12,3,32,bpm_basketball_reference
José Calderón,2017-18,-1.9,-1.4,-0.5,914,57,36,bpm_basketball_reference
Jrue Holiday,2017-18,1.6,1.3,0.3,2927,81,27,bpm_basketball_reference
Juancho Hernangómez,2017-18,-3.3,-1.6,-1.7,277,25,22,bpm_basketball_reference
Julius Randle,2017-18,0.6,0.6,0,2190,82,23,bpm_basketball_reference
Julyan Stone,2017-18,-1.3,-3.2,1.9,175,23,29,bpm_basketball_reference
Justin Anderson,2017-18,-0.9,-0.6,-0.3,519,38,24,bpm_basketball_reference
Justin Holiday,2017-18,-1.9,-1.6,-0.3,2265,72,28,bpm_basketball_reference
Justin Jackson,2017-18,-3.5,-2.4,-1.1,1506,68,22,bpm_basketball_reference
Justin Patton,2017-18,3.2,-2.2,5.4,4,1,20,bpm_basketball_reference
Justise Winslow,2017-18,-1.1,-2.2,1.1,1680,68,21,bpm_basketball_reference
Jusuf Nurkić,2017-18,0,-1.1,1.1,2088,79,23,bpm_basketball_reference
Kadeem Allen,2017-18,-7.7,-8.3,0.6,107,18,25,bpm_basketball_reference
Karl-Anthony Towns,2017-18,5.1,4.9,0.2,2918,82,22,bpm_basketball_reference
Kawhi Leonard,2017-18,10.1,5.2,4.9,210,9,26,bpm_basketball_reference
Kay Felder,2017-18,-11.1,-7.7,-3.4,140,16,22,bpm_basketball_reference
Kelly Olynyk,2017-18,2.3,1.1,1.2,1779,76,26,bpm_basketball_reference
Kelly Oubre Jr.,2017-18,-1.7,-1.6,-0.1,2231,81,22,bpm_basketball_reference
Kemba Walker,2017-18,4,4.7,-0.7,2736,80,27,bpm_basketball_reference
Kendrick Perkins,2017-18,-2.2,-4.3,2.1,15,1,33,bpm_basketball_reference
Kenneth Faried,2017-18,-2.1,-0.3,-1.7,461,32,28,bpm_basketball_reference
Kent Bazemore,2017-18,0.6,-0.4,1,1789,65,28,bpm_basketball_reference
Kentavious Caldwell-Pope,2017-18,0.3,-0.4,0.6,2458,74,24,bpm_basketball_reference
Kevin Durant,2017-18,7.3,6.7,0.6,2325,68,29,bpm_basketball_reference
Kevin Love,2017-18,3.3,4.5,-1.3,1651,59,29,bpm_basketball_reference
Kevon Looney,2017-18,-0.2,-1.2,1,910,66,21,bpm_basketball_reference
Khem Birch,2017-18,-0.9,-0.7,-0.2,578,42,25,bpm_basketball_reference
Khris Middleton,2017-18,0,0.8,-0.8,2982,82,26,bpm_basketball_reference
Klay Thompson,2017-18,-0.4,1.7,-2.1,2506,73,27,bpm_basketball_reference
Kobi Simmons,2017-18,-6.9,-4.7,-2.1,643,32,20,bpm_basketball_reference
Kosta Koufos,2017-18,-0.4,-0.2,-0.2,1391,71,28,bpm_basketball_reference
Kris Dunn,2017-18,-1.3,-2.4,1.1,1525,52,23,bpm_basketball_reference
Kristaps Porziņģis,2017-18,1.8,1.9,-0.1,1553,48,22,bpm_basketball_reference
Kyle Anderson,2017-18,2.9,-0.4,3.3,1978,74,24,bpm_basketball_reference
Kyle Collinsworth,2017-18,-2.6,-3.5,0.9,480,32,26,bpm_basketball_reference
Kyle Korver,2017-18,0.2,1.5,-1.2,1574,73,36,bpm_basketball_reference
Kyle Kuzma,2017-18,-0.7,0.3,-1,2401,77,22,bpm_basketball_reference
Kyle Lowry,2017-18,5.2,4.7,0.5,2510,78,31,bpm_basketball_reference
Kyle O'Quinn,2017-18,3.1,0.4,2.6,1387,77,27,bpm_basketball_reference
Kyle Singler,2017-18,-6.7,-5,-1.6,59,12,29,bpm_basketball_reference
Kyrie Irving,2017-18,7.3,6.4,0.9,1931,60,25,bpm_basketball_reference
LaMarcus Aldridge,2017-18,3.9,4.3,-0.4,2509,75,32,bpm_basketball_reference
Lance Stephenson,2017-18,-1.8,-1.5,-0.3,1850,82,27,bpm_basketball_reference
Lance Thomas,2017-18,-3.7,-3.2,-0.5,1353,73,29,bpm_basketball_reference
Langston Galloway,2017-18,0.1,-0.2,0.2,863,58,26,bpm_basketball_reference
Larry Drew II,2017-18,-9,-5.6,-3.4,70,10,27,bpm_basketball_reference
Larry Nance Jr.,2017-18,2.4,0.9,1.5,1421,66,25,bpm_basketball_reference
Lauri Markkanen,2017-18,-0.2,1,-1.2,2020,68,20,bpm_basketball_reference
LeBron James,2017-18,8.7,7.3,1.4,3026,82,33,bpm_basketball_reference
London Perrantes,2017-18,-9.2,-8.3,-0.9,66,14,23,bpm_basketball_reference
Lonzo Ball,2017-18,1,-0.7,1.6,1780,52,20,bpm_basketball_reference
Lorenzo Brown,2017-18,-2.5,-3.9,1.5,139,14,27,bpm_basketball_reference
Lou Williams,2017-18,2.3,4.2,-1.8,2589,79,31,bpm_basketball_reference
Luc Mbah a Moute,2017-18,-0.2,-1.6,1.4,1564,61,31,bpm_basketball_reference
Lucas Nogueira,2017-18,5.2,0.1,5,418,49,25,bpm_basketball_reference
Luis Montero,2017-18,-25.6,-19,-6.6,8,2,24,bpm_basketball_reference
Luke Babbitt,2017-18,-2.4,-0.9,-1.5,715,50,28,bpm_basketball_reference
Luke Kennard,2017-18,-0.8,-0.9,0.1,1463,73,21,bpm_basketball_reference
Luke Kornet,2017-18,0.2,0.4,-0.2,326,20,22,bpm_basketball_reference
Luol Deng,2017-18,-2.9,-5.3,2.4,13,1,32,bpm_basketball_reference
Malachi Richardson,2017-18,-6,-5,-1,324,26,22,bpm_basketball_reference
Malcolm Brogdon,2017-18,-1.2,-0.1,-1,1436,48,25,bpm_basketball_reference
Malcolm Delaney,2017-18,-2.6,-2.2,-0.4,1014,54,28,bpm_basketball_reference
Malcolm Miller,2017-18,-1,-0.8,-0.2,126,15,24,bpm_basketball_reference
Malik Beasley,2017-18,-3.8,-2.4,-1.4,583,62,21,bpm_basketball_reference
Malik Monk,2017-18,-3.4,-1.3,-2,854,63,19,bpm_basketball_reference
Mangok Mathiang,2017-18,-4.6,-3.3,-1.3,20,4,25,bpm_basketball_reference
Manu Ginóbili,2017-18,-1.3,-1.5,0.2,1299,65,40,bpm_basketball_reference
MarShon Brooks,2017-18,7.1,7.5,-0.4,193,7,29,bpm_basketball_reference
Marc Gasol,2017-18,2.3,1.7,0.6,2408,73,33,bpm_basketball_reference
Marcin Gortat,2017-18,-0.6,-0.8,0.3,2075,82,33,bpm_basketball_reference
Marco Belinelli,2017-18,-0.5,0.4,-0.8,1947,80,31,bpm_basketball_reference
Marcus Georges-Hunt,2017-18,-5.1,-4.3,-0.9,224,42,23,bpm_basketball_reference
Marcus Morris,2017-18,-0.1,-0.1,-0.1,1442,54,28,bpm_basketball_reference
Marcus Paige,2017-18,-8.8,-5.6,-3.2,28,5,24,bpm_basketball_reference
Marcus Smart,2017-18,-1.2,-2.1,1,1614,54,23,bpm_basketball_reference
Mario Chalmers,2017-18,-3.2,-3.7,0.5,1421,66,31,bpm_basketball_reference
Mario Hezonja,2017-18,-0.5,-0.9,0.4,1657,75,22,bpm_basketball_reference
Markel Brown,2017-18,-10.8,-8.8,-2,31,4,26,bpm_basketball_reference
Markelle Fultz,2017-18,-2.6,-3.3,0.7,253,14,19,bpm_basketball_reference
Markieff Morris,2017-18,-1.3,-1.3,0.1,1968,73,28,bpm_basketball_reference
Marquese Chriss,2017-18,-2.8,-3.2,0.4,1527,72,20,bpm_basketball_reference
Marquis Teague,2017-18,-5.7,-5.4,-0.4,74,3,24,bpm_basketball_reference
Marreese Speights,2017-18,-1.1,0.2,-1.4,675,52,30,bpm_basketball_reference
Marshall Plumlee,2017-18,-4.5,-3.9,-0.6,52,8,25,bpm_basketball_reference
Marvin Williams,2017-18,1,0.6,0.3,2006,78,31,bpm_basketball_reference
Mason Plumlee,2017-18,0.5,-1,1.4,1439,74,27,bpm_basketball_reference
Matt Costello,2017-18,-0.7,-6,5.3,32,4,24,bpm_basketball_reference
Matt Williams,2017-18,-11.2,-7,-4.2,11,3,24,bpm_basketball_reference
Matthew Dellavedova,2017-18,-4.4,-2.4,-2,712,38,27,bpm_basketball_reference
Maurice Harkless,2017-18,1.4,-0.4,1.7,1264,59,24,bpm_basketball_reference
Maxi Kleber,2017-18,-0.5,-1,0.5,1206,72,26,bpm_basketball_reference
Meyers Leonard,2017-18,2,1,0.9,254,33,25,bpm_basketball_reference
Michael Beasley,2017-18,-0.2,0.6,-0.8,1653,74,29,bpm_basketball_reference
Michael Carter-Williams,2017-18,-1.5,-3.3,1.8,835,52,26,bpm_basketball_reference
Michael Kidd-Gilchrist,2017-18,-2.1,-2.1,0,1850,74,24,bpm_basketball_reference
Mike Conley,2017-18,0.5,1.3,-0.8,373,12,30,bpm_basketball_reference
Mike James,2017-18,-1.5,-0.5,-1,687,36,27,bpm_basketball_reference
Mike Muscala,2017-18,0.3,0.3,0.1,1060,53,26,bpm_basketball_reference
Mike Scott,2017-18,-1.7,-0.6,-1.1,1406,76,29,bpm_basketball_reference
Miles Plumlee,2017-18,-3.8,-3.7,-0.1,918,55,29,bpm_basketball_reference
Miloš Teodosić,2017-18,-1.7,-0.3,-1.5,1134,45,30,bpm_basketball_reference
Milton Doyle,2017-18,-6.8,-6.6,-0.2,125,10,24,bpm_basketball_reference
Mindaugas Kuzminskas,2017-18,-54.7,-33,-21.7,2,1,28,bpm_basketball_reference
Mirza Teletović,2017-18,0.4,2.1,-1.7,159,10,32,bpm_basketball_reference
Monte Morris,2017-18,9.4,4.3,5,25,3,22,bpm_basketball_reference
Montrezl Harrell,2017-18,3.3,3.1,0.2,1293,76,24,bpm_basketball_reference
Myke Henry,2017-18,-1.3,-3.1,1.8,378,20,25,bpm_basketball_reference
Myles Turner,2017-18,-0.2,-0.6,0.4,1836,65,21,bpm_basketball_reference
Nate Wolters,2017-18,-12.8,-9.4,-3.4,19,5,26,bpm_basketball_reference
Naz Mitrou-Long,2017-18,242.2,199.4,42.7,1,1,24,bpm_basketball_reference
Nemanja Bjelica,2017-18,0.1,-0.1,0.2,1371,67,29,bpm_basketball_reference
Nenê,2017-18,-1,-1.6,0.6,758,52,35,bpm_basketball_reference
Nerlens Noel,2017-18,0.5,-2.2,2.7,472,30,23,bpm_basketball_reference
Nick Collison,2017-18,-4.2,-2.3,-1.9,75,15,37,bpm_basketball_reference
Nick Young,2017-18,-3.5,-1.6,-1.9,1393,80,32,bpm_basketball_reference
Nicolas Batum,2017-18,0.4,0.5,-0.1,1981,64,29,bpm_basketball_reference
Nicolás Brussino,2017-18,-11.3,-8.1,-3.2,10,4,24,bpm_basketball_reference
Nigel Hayes-Davis,2017-18,-3.8,-3.7,-0.1,122,9,23,bpm_basketball_reference
Nik Stauskas,2017-18,-2.3,-1.3,-1,523,41,24,bpm_basketball_reference
Nikola Jokić,2017-18,6.9,5.3,1.6,2443,75,22,bpm_basketball_reference
Nikola Mirotić,2017-18,2.2,2.5,-0.3,1494,55,26,bpm_basketball_reference
Nikola Vučević,2017-18,2.7,1.7,1,1683,57,27,bpm_basketball_reference
Noah Vonleh,2017-18,-1.3,-1.1,-0.2,875,54,22,bpm_basketball_reference
Norman Powell,2017-18,-2.9,-3.2,0.2,1062,70,24,bpm_basketball_reference
OG Anunoby,2017-18,-0.6,-1.2,0.6,1481,74,20,bpm_basketball_reference
Okaro White,2017-18,-0.7,-1,0.3,80,6,25,bpm_basketball_reference
Omari Johnson,2017-18,-4.5,-1.8,-2.7,75,4,28,bpm_basketball_reference
Omri Casspi,2017-18,-0.9,-0.9,0,740,53,29,bpm_basketball_reference
Otto Porter Jr.,2017-18,3.5,2.6,1,2432,77,24,bpm_basketball_reference
P.J. Tucker,2017-18,-1.1,-1.9,0.8,2281,82,32,bpm_basketball_reference
PJ Dozier,2017-18,-20.4,-17.7,-2.7,3,2,21,bpm_basketball_reference
Pascal Siakam,2017-18,1.3,-0.3,1.6,1679,81,23,bpm_basketball_reference
Pat Connaughton,2017-18,-1.8,-1.7,-0.1,1488,82,25,bpm_basketball_reference
Patrick Beverley,2017-18,0.5,-0.3,0.8,334,11,29,bpm_basketball_reference
Patrick McCaw,2017-18,-4.1,-4.3,0.1,961,57,22,bpm_basketball_reference
Patrick Patterson,2017-18,-0.2,-1.2,1,1270,82,28,bpm_basketball_reference
Patty Mills,2017-18,-1,-0.6,-0.4,2107,82,29,bpm_basketball_reference
Pau Gasol,2017-18,3.4,1.5,1.9,1812,77,37,bpm_basketball_reference
Paul George,2017-18,2.9,2.3,0.6,2891,79,27,bpm_basketball_reference
Paul Millsap,2017-18,0.4,0.4,0,1143,38,32,bpm_basketball_reference
Paul Zipser,2017-18,-6.1,-5.5,-0.5,824,54,23,bpm_basketball_reference
Quincy Acy,2017-18,-2.5,-2.6,0.1,1359,70,27,bpm_basketball_reference
Quincy Pondexter,2017-18,-7.4,-7,-0.4,196,23,29,bpm_basketball_reference
Quinn Cook,2017-18,-1.6,-0.1,-1.5,740,33,24,bpm_basketball_reference
R.J. Hunter,2017-18,-3.3,-5.2,1.9,45,5,24,bpm_basketball_reference
Rajon Rondo,2017-18,-0.3,0,-0.4,1705,65,31,bpm_basketball_reference
Ramon Sessions,2017-18,-3.2,-2.3,-0.9,392,28,31,bpm_basketball_reference
Rashad Vaughn,2017-18,-2.6,-1.3,-1.4,212,28,21,bpm_basketball_reference
Raul Neto,2017-18,-1.4,-1.6,0.2,498,41,25,bpm_basketball_reference
Raymond Felton,2017-18,-0.6,-0.3,-0.3,1365,82,33,bpm_basketball_reference
Reggie Bullock,2017-18,0.7,0.7,0,1732,62,26,bpm_basketball_reference
Reggie Hearn,2017-18,1.5,2.9,-1.4,7,3,26,bpm_basketball_reference
Reggie Jackson,2017-18,-0.4,1,-1.4,1201,45,27,bpm_basketball_reference
Richard Jefferson,2017-18,-4.3,-3.5,-0.8,163,20,37,bpm_basketball_reference
Richaun Holmes,2017-18,1.1,-0.3,1.4,746,48,24,bpm_basketball_reference
Ricky Rubio,2017-18,0.7,-0.7,1.5,2254,77,27,bpm_basketball_reference
Robert Covington,2017-18,1.5,-0.2,1.7,2532,80,27,bpm_basketball_reference
Robin Lopez,2017-18,-2.2,-0.9,-1.3,1690,64,29,bpm_basketball_reference
Rodney Hood,2017-18,-0.1,0.8,-0.9,1616,60,25,bpm_basketball_reference
Rodney McGruder,2017-18,-1.4,-1,-0.3,299,18,26,bpm_basketball_reference
Rodney Purvis,2017-18,-8.2,-6.1,-2.1,290,16,23,bpm_basketball_reference
Ron Baker,2017-18,-0.4,-2.8,2.4,385,29,24,bpm_basketball_reference
Rondae Hollis-Jefferson,2017-18,0.1,-0.3,0.4,1920,68,23,bpm_basketball_reference
Royce O'Neale,2017-18,-0.2,-2,1.8,1150,69,24,bpm_basketball_reference
Rudy Gay,2017-18,0.8,0.2,0.6,1231,57,31,bpm_basketball_reference
Rudy Gobert,2017-18,3.4,0.9,2.5,1816,56,25,bpm_basketball_reference
Russell Westbrook,2017-18,6.3,4.8,1.5,2914,80,29,bpm_basketball_reference
Ryan Anderson,2017-18,0.1,0.9,-0.8,1725,66,29,bpm_basketball_reference
Ryan Arcidiacono,2017-18,-4.1,-4.7,0.6,304,24,23,bpm_basketball_reference
Salah Mejri,2017-18,0.7,-2,2.8,729,61,31,bpm_basketball_reference
Sam Dekker,2017-18,-2.9,-2.3,-0.6,883,73,23,bpm_basketball_reference
Scotty Hopson,2017-18,-14,-9.2,-4.7,8,1,28,bpm_basketball_reference
Sean Kilpatrick,2017-18,-2.8,-1.1,-1.7,640,52,28,bpm_basketball_reference
Semi Ojeleye,2017-18,-4.7,-4.6,-0.1,1150,73,23,bpm_basketball_reference
Serge Ibaka,2017-18,-0.1,-0.1,0,2093,76,28,bpm_basketball_reference
Shabazz Muhammad,2017-18,-2.5,-0.3,-2.3,418,43,25,bpm_basketball_reference
Shabazz Napier,2017-18,0.7,-0.7,1.4,1535,74,26,bpm_basketball_reference
Shane Larkin,2017-18,-1.7,-2.8,1.1,775,54,25,bpm_basketball_reference
Shaquille Harrison,2017-18,-0.7,-2.3,1.7,384,23,24,bpm_basketball_reference
Shaun Livingston,2017-18,-3.1,-2.8,-0.4,1129,71,32,bpm_basketball_reference
Shelvin Mack,2017-18,-1.4,-1.2,-0.2,1365,69,27,bpm_basketball_reference
Sindarius Thornwell,2017-18,-2.4,-3.4,1,1156,73,23,bpm_basketball_reference
Skal Labissière,2017-18,-2.7,-1.9,-0.8,1240,60,21,bpm_basketball_reference
Solomon Hill,2017-18,-4.8,-5.3,0.5,187,12,26,bpm_basketball_reference
Spencer Dinwiddie,2017-18,0.6,1.3,-0.7,2306,80,24,bpm_basketball_reference
Stanley Johnson,2017-18,-2.9,-4,1.1,1894,69,21,bpm_basketball_reference
Stephen Curry,2017-18,7.7,7.8,0,1631,51,29,bpm_basketball_reference
Sterling Brown,2017-18,-3.1,-2.8,-0.2,776,54,22,bpm_basketball_reference
Steven Adams,2017-18,1.1,1.7,-0.6,2487,76,24,bpm_basketball_reference
T.J. Leaf,2017-18,-3.1,-1.4,-1.7,459,53,20,bpm_basketball_reference
T.J. McConnell,2017-18,0,-1.9,1.9,1706,76,25,bpm_basketball_reference
T.J. Warren,2017-18,-0.7,0.8,-1.6,2142,65,24,bpm_basketball_reference
Taj Gibson,2017-18,-0.5,0.1,-0.7,2726,82,32,bpm_basketball_reference
Tarik Black,2017-18,-2.6,-3.7,1.2,536,51,26,bpm_basketball_reference
Taurean Prince,2017-18,-1.1,-0.5,-0.6,2464,82,23,bpm_basketball_reference
Terrance Ferguson,2017-18,-3.3,-3.2,-0.1,763,61,19,bpm_basketball_reference
Terrence Ross,2017-18,-2.7,-2.8,0.1,600,24,26,bpm_basketball_reference
Terry Rozier,2017-18,2.1,0.9,1.2,2068,80,23,bpm_basketball_reference
Thabo Sefolosha,2017-18,2.7,0.2,2.5,806,38,33,bpm_basketball_reference
Thaddeus Young,2017-18,0.2,-0.2,0.4,2607,81,29,bpm_basketball_reference
Thomas Bryant,2017-18,-3.3,-3.1,-0.2,72,15,20,bpm_basketball_reference
Thon Maker,2017-18,-3.5,-3.2,-0.4,1238,74,20,bpm_basketball_reference
Tim Frazier,2017-18,-0.9,-2.8,1.8,838,59,27,bpm_basketball_reference
Tim Hardaway Jr.,2017-18,-0.6,0.5,-1.1,1885,57,25,bpm_basketball_reference
Tim Quarterman,2017-18,-9.7,-8.5,-1.2,13,3,23,bpm_basketball_reference
Timofey Mozgov,2017-18,-3.9,-3.3,-0.6,359,31,31,bpm_basketball_reference
Timothé Luwawu-Cabarrot,2017-18,-4.1,-3.1,-1.1,807,52,22,bpm_basketball_reference
Tobias Harris,2017-18,1.9,2.3,-0.4,2668,80,25,bpm_basketball_reference
Tomáš Satoranský,2017-18,1.2,0.8,0.5,1643,73,26,bpm_basketball_reference
Tony Allen,2017-18,-5.5,-5.2,-0.3,273,22,36,bpm_basketball_reference
Tony Bradley,2017-18,-7.5,-3,-4.5,29,9,20,bpm_basketball_reference
Tony Parker,2017-18,-3.3,-2.3,-0.9,1071,55,35,bpm_basketball_reference
Tony Snell,2017-18,-2.3,-1.5,-0.8,2053,75,26,bpm_basketball_reference
Torrey Craig,2017-18,-2.9,-2.2,-0.7,629,39,27,bpm_basketball_reference
Travis Wear,2017-18,-3.7,-3.7,0,228,17,27,bpm_basketball_reference
Treveon Graham,2017-18,-2.7,-2.8,0.1,1050,63,24,bpm_basketball_reference
Trevor Ariza,2017-18,0.7,0,0.7,2269,67,32,bpm_basketball_reference
Trevor Booker,2017-18,-0.6,-0.6,0,1158,68,30,bpm_basketball_reference
Trey Burke,2017-18,2.5,3.9,-1.4,785,36,25,bpm_basketball_reference
Trey Lyles,2017-18,1.3,2,-0.7,1391,73,22,bpm_basketball_reference
Trey McKinney-Jones,2017-18,-8.5,-6.2,-2.3,1,1,27,bpm_basketball_reference
Tristan Thompson,2017-18,-2.9,-1,-1.9,1072,53,26,bpm_basketball_reference
Troy Daniels,2017-18,-2.6,-0.5,-2.1,1622,79,26,bpm_basketball_reference
Troy Williams,2017-18,-0.5,-1,0.5,307,21,23,bpm_basketball_reference
Tyler Cavanaugh,2017-18,-1.9,-0.4,-1.5,518,39,23,bpm_basketball_reference
Tyler Dorsey,2017-18,-2.9,-1.4,-1.5,974,56,21,bpm_basketball_reference
Tyler Ennis,2017-18,-2.1,-3,0.9,683,54,23,bpm_basketball_reference
Tyler Johnson,2017-18,-0.3,-0.5,0.2,2052,72,25,bpm_basketball_reference
Tyler Lydon,2017-18,-5.4,-3.9,-1.6,2,1,21,bpm_basketball_reference
Tyler Ulis,2017-18,-4.4,-3,-1.4,1658,71,22,bpm_basketball_reference
Tyler Zeller,2017-18,-1.4,-0.5,-0.9,1109,66,28,bpm_basketball_reference
Tyreke Evans,2017-18,4.5,4.9,-0.5,1607,52,28,bpm_basketball_reference
Tyrone Wallace,2017-18,-3.5,-3.1,-0.4,851,30,23,bpm_basketball_reference
Tyson Chandler,2017-18,-1.4,-0.8,-0.6,1151,46,35,bpm_basketball_reference
Tyus Jones,2017-18,0.8,-0.8,1.7,1467,82,21,bpm_basketball_reference
Udonis Haslem,2017-18,-7.7,-5.9,-1.8,72,14,37,bpm_basketball_reference
Vander Blue,2017-18,-8.4,-7.6,-0.7,45,5,25,bpm_basketball_reference
Victor Oladipo,2017-18,5.8,4.1,1.7,2552,75,25,bpm_basketball_reference
Vince Carter,2017-18,-1.2,-1.9,0.7,1026,58,41,bpm_basketball_reference
Vince Hunter,2017-18,9.7,10.4,-0.7,7,4,23,bpm_basketball_reference
Wade Baldwin,2017-18,1.9,0.2,1.7,80,7,21,bpm_basketball_reference
Walt Lemon Jr.,2017-18,-8.2,-5.3,-2.9,35,5,25,bpm_basketball_reference
Wayne Ellington,2017-18,0.4,1,-0.6,2041,77,30,bpm_basketball_reference
Wayne Selden,2017-18,-3.1,-0.9,-2.2,692,35,23,bpm_basketball_reference
Wes Iwundu,2017-18,-4.3,-4.2,-0.1,1020,62,23,bpm_basketball_reference
Wesley Johnson,2017-18,-0.7,-2.5,1.7,1486,74,30,bpm_basketball_reference
Wesley Matthews,2017-18,-0.9,-1,0.1,2131,63,31,bpm_basketball_reference
Will Barton,2017-18,1.1,1.6,-0.4,2683,81,27,bpm_basketball_reference
Willie Cauley-Stein,2017-18,-0.1,-0.4,0.3,2044,73,24,bpm_basketball_reference
Willie Reed,2017-18,0.8,0.5,0.3,428,42,27,bpm_basketball_reference
Willy Hernangómez,2017-18,1.4,0.9,0.5,495,48,23,bpm_basketball_reference
Wilson Chandler,2017-18,-2.1,-1,-1.1,2346,74,30,bpm_basketball_reference
Xavier Munford,2017-18,-11.3,-9.3,-2,21,6,25,bpm_basketball_reference
Xavier Rathan-Mayes,2017-18,-11.5,-9.9,-1.6,118,5,23,bpm_basketball_reference
Xavier Silas,2017-18,-8.1,-11.7,3.5,7,2,30,bpm_basketball_reference
Yogi Ferrell,2017-18,-1.4,-1.3,0,2282,82,24,bpm_basketball_reference
Zach Collins,2017-18,-4.3,-4.5,0.2,1045,66,20,bpm_basketball_reference
Zach LaVine,2017-18,-2.3,-0.8,-1.5,656,24,22,bpm_basketball_reference
Zach Randolph,2017-18,-1,0.5,-1.5,1508,59,36,bpm_basketball_reference
Zaza Pachulia,2017-18,0,-0.7,0.7,972,69,33,bpm_basketball_reference
Zhou Qi,2017-18,-10.1,-10.3,0.2,124,18,22,bpm_basketball_reference
Álex Abrines,2017-18,-1.5,-1.9,0.4,1134,75,24,bpm_basketball_reference
Ömer Aşık,2017-18,-8,-6.5,-1.5,182,18,31,bpm_basketball_reference
Aaron Gordon,2018-19,0.6,0.3,0.3,2633,78,23,bpm_basketball_reference
Aaron Holiday,2018-19,-1.6,-1.7,0.1,646,50,22,bpm_basketball_reference
Abdel Nader,2018-19,-3.2,-3.6,0.3,694,61,25,bpm_basketball_reference
Al Horford,2018-19,5.1,3.3,1.9,1973,68,32,bpm_basketball_reference
Al-Farouq Aminu,2018-19,0.7,0.1,0.6,2292,81,28,bpm_basketball_reference
Alan Williams,2018-19,11.8,7.6,4.2,26,5,26,bpm_basketball_reference
Alec Burks,2018-19,-1.2,-0.6,-0.7,1375,64,27,bpm_basketball_reference
Alex Caruso,2018-19,-0.2,-1,0.7,531,25,24,bpm_basketball_reference
Alex Len,2018-19,-1.2,0,-1.3,1544,77,25,bpm_basketball_reference
Alex Poythress,2018-19,-3.5,-2.5,-1,305,21,25,bpm_basketball_reference
Alfonzo McKinnie,2018-19,-3.5,-2.2,-1.3,1003,72,26,bpm_basketball_reference
Alize Johnson,2018-19,-7.7,-5.7,-2,64,14,22,bpm_basketball_reference
Allen Crabbe,2018-19,-2.8,-2.4,-0.4,1133,43,26,bpm_basketball_reference
Allonzo Trier,2018-19,-3.1,-1.6,-1.5,1459,64,23,bpm_basketball_reference
Amile Jefferson,2018-19,2.5,0.5,2,68,12,25,bpm_basketball_reference
Amir Johnson,2018-19,-2.3,-2.9,0.6,529,51,31,bpm_basketball_reference
Andre Drummond,2018-19,2.1,1.3,0.8,2647,79,25,bpm_basketball_reference
Andre Iguodala,2018-19,1.8,0.1,1.7,1578,68,35,bpm_basketball_reference
Andre Ingram,2018-19,-19.6,-14.8,-4.8,15,4,33,bpm_basketball_reference
Andrew Bogut,2018-19,-2.9,-3.7,0.8,134,11,34,bpm_basketball_reference
Andrew Harrison,2018-19,-7.1,-5.8,-1.2,187,17,24,bpm_basketball_reference
Andrew Wiggins,2018-19,-3,-1.2,-1.8,2543,73,23,bpm_basketball_reference
Anfernee Simons,2018-19,-5.3,-1.5,-3.7,141,20,19,bpm_basketball_reference
Ante Žižić,2018-19,-3.2,-1.1,-2.1,1082,59,22,bpm_basketball_reference
Anthony Davis,2018-19,9.4,7.1,2.3,1850,56,25,bpm_basketball_reference
Anthony Tolliver,2018-19,-2.4,-1.7,-0.7,1079,65,33,bpm_basketball_reference
Antonio Blakeney,2018-19,-5.2,-2.4,-2.7,829,57,22,bpm_basketball_reference
Aron Baynes,2018-19,-1.5,-1.8,0.3,821,51,32,bpm_basketball_reference
Austin Rivers,2018-19,-4.3,-3.3,-1,2028,76,26,bpm_basketball_reference
Avery Bradley,2018-19,-3.7,-2.8,-0.9,1905,63,28,bpm_basketball_reference
B.J. Johnson,2018-19,-4.3,-2.3,-2,49,7,23,bpm_basketball_reference
Bam Adebayo,2018-19,1.8,-0.4,2.2,1913,82,21,bpm_basketball_reference
Ben McLemore,2018-19,-3.5,-2.1,-1.4,158,19,25,bpm_basketball_reference
Ben Simmons,2018-19,3.6,2.2,1.3,2700,79,22,bpm_basketball_reference
Billy Garrett,2018-19,-5.5,-3.9,-1.7,63,4,24,bpm_basketball_reference
Bismack Biyombo,2018-19,-2.5,-2.4,0,783,54,26,bpm_basketball_reference
Blake Griffin,2018-19,5.1,4.9,0.2,2622,75,29,bpm_basketball_reference
Boban Marjanović,2018-19,3.2,2.8,0.3,681,58,30,bpm_basketball_reference
Bobby Portis,2018-19,-2.4,-0.2,-2.3,1299,50,23,bpm_basketball_reference
Bogdan Bogdanović,2018-19,-0.6,-0.1,-0.6,1947,70,26,bpm_basketball_reference
Bojan Bogdanović,2018-19,0.7,1.3,-0.6,2573,81,29,bpm_basketball_reference
Bonzie Colson,2018-19,-3.5,-2.6,-0.8,98,8,23,bpm_basketball_reference
Brad Wanamaker,2018-19,-0.7,-1.3,0.7,343,36,29,bpm_basketball_reference
Bradley Beal,2018-19,2.9,3.8,-0.8,3028,82,25,bpm_basketball_reference
Brandon Goodwin,2018-19,-9.5,-4.7,-4.8,57,16,23,bpm_basketball_reference
Brandon Ingram,2018-19,-2,-1.3,-0.7,1760,52,21,bpm_basketball_reference
Brandon Knight,2018-19,-5.4,-3.5,-2,736,39,27,bpm_basketball_reference
Brandon Sampson,2018-19,-4.7,-3.9,-0.9,214,14,21,bpm_basketball_reference
Brook Lopez,2018-19,2.2,0.4,1.8,2322,81,30,bpm_basketball_reference
Bruce Brown,2018-19,-3.3,-4.4,1,1449,74,22,bpm_basketball_reference
Bruno Caboclo,2018-19,-1.1,-1.1,0.1,800,34,23,bpm_basketball_reference
Bryn Forbes,2018-19,-1.2,-0.3,-0.9,2293,82,25,bpm_basketball_reference
Buddy Hield,2018-19,2.1,3.5,-1.4,2615,82,26,bpm_basketball_reference
C.J. Miles,2018-19,-2.9,-2.4,-0.5,856,53,31,bpm_basketball_reference
C.J. Williams,2018-19,-3.7,-3.8,0.2,128,15,28,bpm_basketball_reference
CJ McCollum,2018-19,1,2.1,-1,2375,70,27,bpm_basketball_reference
Caleb Swanigan,2018-19,-7.2,-7.1,0,178,21,21,bpm_basketball_reference
Cameron Payne,2018-19,-3,-2.3,-0.7,712,40,24,bpm_basketball_reference
Cameron Reynolds,2018-19,-2.5,-1.3,-1.2,259,19,23,bpm_basketball_reference
Caris LeVert,2018-19,0.2,-0.3,0.5,1063,40,24,bpm_basketball_reference
Carmelo Anthony,2018-19,-2.7,-1.3,-1.4,294,10,34,bpm_basketball_reference
Cedi Osman,2018-19,-3.2,-1.4,-1.8,2444,76,23,bpm_basketball_reference
Chandler Hutchison,2018-19,-3.9,-3.4,-0.5,895,44,22,bpm_basketball_reference
Chandler Parsons,2018-19,-4.4,-3.9,-0.5,496,25,30,bpm_basketball_reference
Channing Frye,2018-19,-3.5,-1.7,-1.8,341,36,35,bpm_basketball_reference
Chasson Randle,2018-19,-4,-2.7,-1.3,743,49,25,bpm_basketball_reference
Cheick Diallo,2018-19,-0.9,-1.1,0.1,896,64,22,bpm_basketball_reference
Chimezie Metu,2018-19,-8.7,-7.3,-1.4,145,29,21,bpm_basketball_reference
Chris Boucher,2018-19,2.6,-0.2,2.8,163,28,26,bpm_basketball_reference
Chris Chiozza,2018-19,-1.3,-2.7,1.4,33,7,23,bpm_basketball_reference
Chris Paul,2018-19,3.9,2.7,1.1,1857,58,33,bpm_basketball_reference
Christian Wood,2018-19,0.4,1.4,-1,251,21,23,bpm_basketball_reference
Clint Capela,2018-19,3,3.3,-0.3,2249,67,24,bpm_basketball_reference
Cody Zeller,2018-19,0.1,-0.6,0.7,1243,49,26,bpm_basketball_reference
Collin Sexton,2018-19,-4.7,-1.4,-3.3,2605,82,20,bpm_basketball_reference
Corey Brewer,2018-19,-1.3,-2.9,1.6,492,31,32,bpm_basketball_reference
Cory Joseph,2018-19,-0.4,-2.1,1.7,2063,82,27,bpm_basketball_reference
Courtney Lee,2018-19,-2.5,-3.4,0.8,428,34,33,bpm_basketball_reference
Cristiano Felício,2018-19,-4.1,-2,-2.1,746,60,26,bpm_basketball_reference
D'Angelo Russell,2018-19,3.4,4,-0.6,2448,81,22,bpm_basketball_reference
D.J. Augustin,2018-19,0.5,1.1,-0.7,2269,81,31,bpm_basketball_reference
D.J. Stephens,2018-19,-5.5,-7.1,1.6,7,1,28,bpm_basketball_reference
D.J. Wilson,2018-19,-2.2,-2.4,0.2,882,48,22,bpm_basketball_reference
Dairis Bertāns,2018-19,-8.8,-5.6,-3.2,167,12,29,bpm_basketball_reference
Damian Jones,2018-19,1.1,-0.6,1.7,410,24,23,bpm_basketball_reference
Damian Lillard,2018-19,6.4,6.6,-0.3,2838,80,28,bpm_basketball_reference
Damion Lee,2018-19,-2.2,-1.2,-1.1,375,32,26,bpm_basketball_reference
Damyean Dotson,2018-19,-2.6,-1.7,-0.8,2004,73,24,bpm_basketball_reference
Daniel Hamilton,2018-19,-4.1,-3.6,-0.5,204,19,23,bpm_basketball_reference
Daniel Theis,2018-19,0,-0.8,0.9,908,66,26,bpm_basketball_reference
Danilo Gallinari,2018-19,4.3,4.9,-0.5,2059,68,30,bpm_basketball_reference
Danny Green,2018-19,2,1.1,0.8,2216,80,31,bpm_basketball_reference
Dante Cunningham,2018-19,-0.6,-1.3,0.6,928,64,31,bpm_basketball_reference
Danté Exum,2018-19,-2.1,-2,-0.1,664,42,23,bpm_basketball_reference
Danuel House Jr.,2018-19,-0.5,0.1,-0.5,979,39,25,bpm_basketball_reference
Dario Šarić,2018-19,-1.6,-0.3,-1.3,2023,81,24,bpm_basketball_reference
Darius Miller,2018-19,-2.9,-2.1,-0.8,1757,69,28,bpm_basketball_reference
Darren Collison,2018-19,1.8,0.8,1,2143,76,31,bpm_basketball_reference
Daryl Macon,2018-19,-7.9,-5.3,-2.6,90,8,23,bpm_basketball_reference
David Nwaba,2018-19,-2.1,-1.8,-0.3,984,51,26,bpm_basketball_reference
Davon Reed,2018-19,-5.5,-3.3,-2.2,47,10,23,bpm_basketball_reference
De'Aaron Fox,2018-19,1.5,1.3,0.2,2546,81,21,bpm_basketball_reference
De'Anthony Melton,2018-19,-2.7,-3.8,1.1,984,50,20,bpm_basketball_reference
DeAndre Jordan,2018-19,2.1,0.8,1.3,2047,69,30,bpm_basketball_reference
DeAndre' Bembry,2018-19,-2.4,-3.3,0.8,1931,82,24,bpm_basketball_reference
DeMar DeRozan,2018-19,1.1,1,0.1,2688,77,29,bpm_basketball_reference
DeMarcus Cousins,2018-19,3,0.4,2.6,771,30,28,bpm_basketball_reference
DeMarre Carroll,2018-19,-1.5,-0.9,-0.6,1703,67,32,bpm_basketball_reference
DeVaughn Akoon-Purcell,2018-19,-5.8,-7.9,2.1,22,7,25,bpm_basketball_reference
Deandre Ayton,2018-19,0.2,1.3,-1.1,2183,71,20,bpm_basketball_reference
Delon Wright,2018-19,1.5,0.1,1.4,1699,75,26,bpm_basketball_reference
Demetrius Jackson,2018-19,4.5,3.6,0.9,39,6,24,bpm_basketball_reference
Deng Adel,2018-19,-7.5,-5.9,-1.6,194,19,21,bpm_basketball_reference
Dennis Schröder,2018-19,-2,-1.3,-0.7,2314,79,25,bpm_basketball_reference
Dennis Smith Jr.,2018-19,-1.9,-1.6,-0.4,1508,53,21,bpm_basketball_reference
Deonte Burton,2018-19,-4.3,-4.9,0.6,240,32,25,bpm_basketball_reference
Derrick Favors,2018-19,3.3,1.8,1.5,1766,76,27,bpm_basketball_reference
Derrick Jones Jr.,2018-19,-0.5,-1.5,1,1153,60,21,bpm_basketball_reference
Derrick Rose,2018-19,1.4,3.2,-1.7,1392,51,30,bpm_basketball_reference
Derrick White,2018-19,0.9,-0.4,1.3,1728,67,24,bpm_basketball_reference
Devin Booker,2018-19,1,3.3,-2.3,2242,64,22,bpm_basketball_reference
Devin Harris,2018-19,-2.2,-2.6,0.4,1071,68,35,bpm_basketball_reference
Devin Robinson,2018-19,1.9,0.8,1.1,95,7,23,bpm_basketball_reference
Devonte' Graham,2018-19,-4,-2.6,-1.3,676,46,23,bpm_basketball_reference
Dewayne Dedmon,2018-19,0.5,-0.3,0.8,1609,64,29,bpm_basketball_reference
Deyonta Davis,2018-19,-2,-1.5,-0.6,118,9,22,bpm_basketball_reference
Dillon Brooks,2018-19,-6.3,-5,-1.2,330,18,23,bpm_basketball_reference
Dion Waiters,2018-19,-1.1,-0.5,-0.6,1138,44,27,bpm_basketball_reference
Dirk Nowitzki,2018-19,-3.9,-2.7,-1.2,795,51,40,bpm_basketball_reference
Domantas Sabonis,2018-19,3.1,1.9,1.3,1838,74,22,bpm_basketball_reference
Donatas Motiejūnas,2018-19,-21.7,-19.4,-2.3,13,3,28,bpm_basketball_reference
Donovan Mitchell,2018-19,1.3,1.2,0.1,2598,77,22,bpm_basketball_reference
Donte DiVincenzo,2018-19,-2.2,-2.8,0.6,411,27,22,bpm_basketball_reference
Donte Grantham,2018-19,-37.6,-23.6,-14,2,3,23,bpm_basketball_reference
Dorian Finney-Smith,2018-19,-1.4,-1.8,0.4,1985,81,25,bpm_basketball_reference
Doug McDermott,2018-19,-1.4,-0.5,-0.9,1340,77,27,bpm_basketball_reference
Dragan Bender,2018-19,-4.1,-3.4,-0.8,826,46,21,bpm_basketball_reference
Draymond Green,2018-19,1.4,-1.3,2.7,2065,66,28,bpm_basketball_reference
Drew Eubanks,2018-19,-1.3,-1.9,0.7,113,23,21,bpm_basketball_reference
Duncan Robinson,2018-19,-3.5,-3.6,0.1,161,15,24,bpm_basketball_reference
Dusty Hannahs,2018-19,-9.7,-6.5,-3.2,26,2,25,bpm_basketball_reference
Dwayne Bacon,2018-19,-3.7,-2.1,-1.6,759,43,23,bpm_basketball_reference
Dwight Howard,2018-19,-3,-1.3,-1.7,230,9,33,bpm_basketball_reference
Dwight Powell,2018-19,2.9,2,0.9,1662,77,27,bpm_basketball_reference
Dwyane Wade,2018-19,0.6,0.8,-0.2,1885,72,37,bpm_basketball_reference
Dāvis Bertāns,2018-19,1.3,1.1,0.2,1632,76,26,bpm_basketball_reference
Džanan Musa,2018-19,-7.2,-6.3,-0.9,39,9,19,bpm_basketball_reference
E'Twaun Moore,2018-19,-2.3,-1.2,-1.1,1463,53,29,bpm_basketball_reference
Ed Davis,2018-19,0,-0.6,0.7,1446,81,29,bpm_basketball_reference
Edmond Sumner,2018-19,-5.3,-5.8,0.5,210,23,23,bpm_basketball_reference
Ekpe Udoh,2018-19,4.7,0.8,3.9,320,51,31,bpm_basketball_reference
Elfrid Payton,2018-19,-1.4,-0.7,-0.7,1250,42,24,bpm_basketball_reference
Elie Okobo,2018-19,-5.7,-4.2,-1.5,958,53,21,bpm_basketball_reference
Emanuel Terry,2018-19,2.3,-0.2,2.4,23,3,22,bpm_basketball_reference
Emmanuel Mudiay,2018-19,-2,-0.2,-1.8,1607,59,22,bpm_basketball_reference
Enes Freedom,2018-19,1,2.5,-1.5,1640,67,26,bpm_basketball_reference
Eric Bledsoe,2018-19,3.1,1.9,1.2,2272,78,29,bpm_basketball_reference
Eric Gordon,2018-19,-1.3,0.5,-1.8,2158,68,30,bpm_basketball_reference
Eric Moreland,2018-19,-4.7,-6.7,2,43,5,27,bpm_basketball_reference
Ersan İlyasova,2018-19,-2.3,-2.4,0.1,1231,67,31,bpm_basketball_reference
Evan Fournier,2018-19,-2.4,-1.8,-0.6,2553,81,26,bpm_basketball_reference
Evan Turner,2018-19,-1.3,-1.8,0.5,1605,73,30,bpm_basketball_reference
Frank Jackson,2018-19,-4.6,-2.9,-1.7,1169,61,20,bpm_basketball_reference
Frank Kaminsky,2018-19,0.3,1.4,-1.1,755,47,25,bpm_basketball_reference
Frank Mason III,2018-19,-3.1,-1.9,-1.3,435,38,24,bpm_basketball_reference
Frank Ntilikina,2018-19,-6,-5.2,-0.8,904,43,20,bpm_basketball_reference
Fred VanVleet,2018-19,0.5,0.4,0.1,1760,64,24,bpm_basketball_reference
Furkan Korkmaz,2018-19,-1.8,-1.6,-0.2,679,48,21,bpm_basketball_reference
Garrett Temple,2018-19,-2.8,-3.3,0.5,2040,75,32,bpm_basketball_reference
Gary Clark,2018-19,-0.7,-1.1,0.4,641,51,24,bpm_basketball_reference
Gary Harris,2018-19,-1.6,-1.2,-0.4,1639,57,24,bpm_basketball_reference
Gary Payton II,2018-19,18.9,8.3,10.6,16,3,26,bpm_basketball_reference
Gary Trent Jr.,2018-19,-10.8,-6.6,-4.2,111,15,20,bpm_basketball_reference
George Hill,2018-19,-1.4,-1.9,0.5,1302,60,32,bpm_basketball_reference
George King,2018-19,-7.9,-5.8,-2.1,6,1,25,bpm_basketball_reference
Georges Niang,2018-19,0,-0.2,0.2,516,59,25,bpm_basketball_reference
Gerald Green,2018-19,-1.7,-0.2,-1.5,1473,73,33,bpm_basketball_reference
Giannis Antetokounmpo,2018-19,10.4,6.3,4.1,2358,72,24,bpm_basketball_reference
Glenn Robinson III,2018-19,-3,-2.8,-0.1,610,47,25,bpm_basketball_reference
Goran Dragić,2018-19,-1.1,-0.5,-0.6,991,36,32,bpm_basketball_reference
Gordon Hayward,2018-19,0.8,0.4,0.4,1863,72,28,bpm_basketball_reference
Gorgui Dieng,2018-19,0.6,-0.3,0.9,1031,76,29,bpm_basketball_reference
Grayson Allen,2018-19,-6.3,-4.2,-2.1,416,38,23,bpm_basketball_reference
Greg Monroe,2018-19,-3.2,-2,-1.3,480,43,28,bpm_basketball_reference
Guerschon Yabusele,2018-19,-2.7,-2.5,-0.2,251,41,23,bpm_basketball_reference
Hamidou Diallo,2018-19,-4.2,-4.4,0.2,526,51,20,bpm_basketball_reference
Harrison Barnes,2018-19,-1.4,-0.2,-1.2,2533,77,26,bpm_basketball_reference
Harry Giles,2018-19,-3,-3.4,0.4,820,58,20,bpm_basketball_reference
Hassan Whiteside,2018-19,2.3,1.1,1.2,1674,72,29,bpm_basketball_reference
Haywood Highsmith,2018-19,-8.2,-5.8,-2.4,40,5,22,bpm_basketball_reference
Henry Ellenson,2018-19,-1.5,-1,-0.5,259,19,22,bpm_basketball_reference
Ian Clark,2018-19,-5.1,-3.3,-1.8,973,60,27,bpm_basketball_reference
Ian Mahinmi,2018-19,-3,-3.5,0.6,498,34,32,bpm_basketball_reference
Ike Anigbogu,2018-19,-16.2,-14,-2.3,6,3,20,bpm_basketball_reference
Iman Shumpert,2018-19,-1.9,-2.4,0.5,1481,62,28,bpm_basketball_reference
Isaac Bonga,2018-19,-4.8,-7,2.2,120,22,19,bpm_basketball_reference
Isaac Humphries,2018-19,-11,-6.2,-4.7,56,5,21,bpm_basketball_reference
Isaiah Briscoe,2018-19,-5,-5.4,0.4,559,39,22,bpm_basketball_reference
Isaiah Canaan,2018-19,-4.1,-2.7,-1.4,629,30,27,bpm_basketball_reference
Isaiah Hartenstein,2018-19,-3.9,-5.1,1.2,221,28,20,bpm_basketball_reference
Isaiah Hicks,2018-19,0.1,-2.1,2.2,32,3,24,bpm_basketball_reference
Isaiah Thomas,2018-19,-6.5,-4,-2.5,181,12,29,bpm_basketball_reference
Ish Smith,2018-19,-2,-1.6,-0.3,1251,56,30,bpm_basketball_reference
Ivan Rabb,2018-19,-1.4,-1.1,-0.3,721,49,21,bpm_basketball_reference
Ivica Zubac,2018-19,-0.5,-0.2,-0.2,1040,59,21,bpm_basketball_reference
J.J. Barea,2018-19,-0.6,1.2,-1.8,752,38,34,bpm_basketball_reference
J.P. Macura,2018-19,-7.7,-4.7,-2.9,17,2,23,bpm_basketball_reference
J.R. Smith,2018-19,-3.2,-3.7,0.5,222,11,33,bpm_basketball_reference
JJ Redick,2018-19,0.2,2.2,-2,2379,76,34,bpm_basketball_reference
JaKarr Sampson,2018-19,3.7,3.6,0.2,127,4,25,bpm_basketball_reference
JaMychal Green,2018-19,-1.7,-1.3,-0.4,1371,65,28,bpm_basketball_reference
JaVale McGee,2018-19,1.4,0.3,1.2,1671,75,31,bpm_basketball_reference
Jabari Parker,2018-19,-1.5,-0.7,-0.9,1724,64,23,bpm_basketball_reference
Jacob Evans,2018-19,-8.2,-6.9,-1.2,204,30,21,bpm_basketball_reference
Jae Crowder,2018-19,0.3,-0.3,0.6,2166,80,28,bpm_basketball_reference
Jahlil Okafor,2018-19,-1.5,-0.6,-0.9,935,59,23,bpm_basketball_reference
Jake Layman,2018-19,-0.5,-0.1,-0.3,1327,71,24,bpm_basketball_reference
Jakob Poeltl,2018-19,2,1.3,0.7,1273,77,23,bpm_basketball_reference
Jalen Brunson,2018-19,-1.7,-1.2,-0.5,1591,73,22,bpm_basketball_reference
Jalen Jones,2018-19,-4.2,-2.3,-1.9,214,16,25,bpm_basketball_reference
Jamal Crawford,2018-19,-3.9,-1.1,-2.8,1211,64,38,bpm_basketball_reference
Jamal Murray,2018-19,0.6,1.4,-0.8,2447,75,21,bpm_basketball_reference
James Ennis III,2018-19,-1.5,-1.4,-0.2,1230,58,28,bpm_basketball_reference
James Harden,2018-19,11,9.4,1.6,2867,78,29,bpm_basketball_reference
James Johnson,2018-19,-1.2,-2.4,1.1,1164,55,31,bpm_basketball_reference
James Nunnally,2018-19,-4.8,-1.9,-2.9,102,15,28,bpm_basketball_reference
Jared Dudley,2018-19,-1.8,-2.9,1.1,1220,59,33,bpm_basketball_reference
Jared Terrell,2018-19,-10.9,-8.5,-2.3,111,14,23,bpm_basketball_reference
Jarell Martin,2018-19,-3.9,-3.7,-0.2,328,42,24,bpm_basketball_reference
Jaren Jackson Jr.,2018-19,-0.3,-1.2,1,1515,58,19,bpm_basketball_reference
Jaron Blossomgame,2018-19,-3.8,-1.9,-1.8,439,27,25,bpm_basketball_reference
Jarred Vanderbilt,2018-19,-4.2,-5.2,1,69,17,19,bpm_basketball_reference
Jarrett Allen,2018-19,1.6,0.2,1.4,2096,80,20,bpm_basketball_reference
Jason Smith,2018-19,-4.7,-3.7,-1,190,20,32,bpm_basketball_reference
Jawun Evans,2018-19,-10.3,-10.4,0.1,65,8,22,bpm_basketball_reference
Jaylen Adams,2018-19,-4.3,-3.8,-0.5,428,34,22,bpm_basketball_reference
Jaylen Brown,2018-19,-2.1,-1.6,-0.4,1913,74,22,bpm_basketball_reference
Jaylen Morris,2018-19,-0.4,-3.7,3.3,29,4,23,bpm_basketball_reference
Jayson Tatum,2018-19,-0.2,-0.4,0.2,2455,79,20,bpm_basketball_reference
Jeff Green,2018-19,-1.4,0,-1.4,2097,77,32,bpm_basketball_reference
Jeff Teague,2018-19,-0.4,0.8,-1.2,1264,42,30,bpm_basketball_reference
Jemerrio Jones,2018-19,0.2,-2.2,2.4,143,6,23,bpm_basketball_reference
Jerami Grant,2018-19,0.2,-0.4,0.6,2612,80,24,bpm_basketball_reference
Jeremy Lamb,2018-19,1.2,1.2,0,2250,79,26,bpm_basketball_reference
Jeremy Lin,2018-19,-2.2,-1.4,-0.9,1436,74,30,bpm_basketball_reference
Jerian Grant,2018-19,-1.6,-2.9,1.3,939,60,26,bpm_basketball_reference
Jerome Robinson,2018-19,-4.7,-4.2,-0.5,320,33,21,bpm_basketball_reference
Jerryd Bayless,2018-19,-4.6,-2.9,-1.7,657,34,30,bpm_basketball_reference
Jevon Carter,2018-19,-4,-4.1,0.1,577,39,23,bpm_basketball_reference
Jimmer Fredette,2018-19,-11.3,-8.4,-2.9,65,6,29,bpm_basketball_reference
Jimmy Butler,2018-19,3.7,2.8,0.9,2185,65,29,bpm_basketball_reference
Joakim Noah,2018-19,2.1,-0.3,2.4,693,42,33,bpm_basketball_reference
Jodie Meeks,2018-19,0.5,1.4,-0.8,104,8,31,bpm_basketball_reference
Joe Chealey,2018-19,-14.6,-8.5,-6,8,1,23,bpm_basketball_reference
Joe Harris,2018-19,0.5,0.8,-0.3,2293,76,27,bpm_basketball_reference
Joe Ingles,2018-19,1.4,0.3,1.1,2568,82,31,bpm_basketball_reference
Joel Embiid,2018-19,4.9,4,0.9,2154,64,24,bpm_basketball_reference
John Collins,2018-19,0.9,2.8,-1.9,1829,61,21,bpm_basketball_reference
John Henson,2018-19,2.5,0.4,2.1,188,14,28,bpm_basketball_reference
John Holland,2018-19,-5,-3.4,-1.6,1,1,30,bpm_basketball_reference
John Jenkins,2018-19,-3.4,-1,-2.4,333,26,27,bpm_basketball_reference
John Wall,2018-19,0.9,2.2,-1.4,1104,32,28,bpm_basketball_reference
Johnathan Motley,2018-19,-1.9,-1.2,-0.7,156,22,23,bpm_basketball_reference
Johnathan Williams,2018-19,-3.2,-2,-1.1,372,24,23,bpm_basketball_reference
Jon Leuer,2018-19,-2.5,-2.8,0.4,402,41,29,bpm_basketball_reference
Jonah Bolden,2018-19,-0.7,-1.8,1.1,639,44,23,bpm_basketball_reference
Jonas Jerebko,2018-19,-0.7,-0.3,-0.4,1218,73,31,bpm_basketball_reference
Jonas Valančiūnas,2018-19,2.7,2.2,0.4,1091,49,26,bpm_basketball_reference
Jonathan Isaac,2018-19,-0.4,-1.4,1,1996,75,21,bpm_basketball_reference
Jonathon Simmons,2018-19,-4.2,-3.9,-0.3,1064,56,29,bpm_basketball_reference
Jordan Bell,2018-19,-0.9,-2.2,1.3,788,68,24,bpm_basketball_reference
Jordan Clarkson,2018-19,-0.5,2.1,-2.6,2214,81,26,bpm_basketball_reference
Jordan Loyd,2018-19,-1,0,-0.9,55,12,25,bpm_basketball_reference
Jordan McRae,2018-19,-1.7,-0.9,-0.8,333,27,27,bpm_basketball_reference
Jordan Sibert,2018-19,16,13.7,2.2,4,1,26,bpm_basketball_reference
Josh Hart,2018-19,-1.3,-2.3,1,1715,67,23,bpm_basketball_reference
Josh Jackson,2018-19,-4.6,-3.3,-1.2,1988,79,21,bpm_basketball_reference
Josh Okogie,2018-19,-3.1,-3.5,0.4,1757,74,20,bpm_basketball_reference
Josh Richardson,2018-19,0.3,0.1,0.2,2539,73,25,bpm_basketball_reference
José Calderón,2018-19,-3.9,-4.2,0.3,632,49,37,bpm_basketball_reference
Jrue Holiday,2018-19,3,3.1,-0.1,2402,67,28,bpm_basketball_reference
Juancho Hernangómez,2018-19,-1.1,-0.9,-0.2,1358,70,23,bpm_basketball_reference
Julian Washburn,2018-19,-4.6,-5.1,0.5,254,18,27,bpm_basketball_reference
Julius Randle,2018-19,1.5,2.1,-0.6,2232,73,24,bpm_basketball_reference
Justin Anderson,2018-19,-2.7,-2.4,-0.3,463,48,25,bpm_basketball_reference
Justin Holiday,2018-19,-1.8,-2.3,0.5,2607,82,29,bpm_basketball_reference
Justin Jackson,2018-19,-1.6,-0.8,-0.8,1614,81,23,bpm_basketball_reference
Justin Patton,2018-19,-2,-5.2,3.2,21,3,21,bpm_basketball_reference
Justise Winslow,2018-19,-0.6,-1.3,0.6,1959,66,22,bpm_basketball_reference
Jusuf Nurkić,2018-19,3.7,2.1,1.7,1974,72,24,bpm_basketball_reference
Kadeem Allen,2018-19,0.5,0.2,0.3,416,19,26,bpm_basketball_reference
Kalin Lucas,2018-19,0.8,-5.6,6.4,6,1,29,bpm_basketball_reference
Karl-Anthony Towns,2018-19,6,5.4,0.6,2545,77,23,bpm_basketball_reference
Kawhi Leonard,2018-19,7.2,6.1,1.1,2040,60,27,bpm_basketball_reference
Keita Bates-Diop,2018-19,-3.4,-2.8,-0.6,503,30,23,bpm_basketball_reference
Kelly Olynyk,2018-19,0.7,-0.2,0.9,1812,79,27,bpm_basketball_reference
Kelly Oubre Jr.,2018-19,-1.2,-0.3,-0.9,1935,69,23,bpm_basketball_reference
Kemba Walker,2018-19,4.2,5.2,-1,2863,82,28,bpm_basketball_reference
Kenneth Faried,2018-19,-0.2,1.3,-1.5,728,37,29,bpm_basketball_reference
Kenrich Williams,2018-19,-1.9,-2.3,0.4,1079,46,24,bpm_basketball_reference
Kent Bazemore,2018-19,-2.3,-2.5,0.2,1643,67,29,bpm_basketball_reference
Kentavious Caldwell-Pope,2018-19,-0.5,-0.3,-0.1,2035,82,25,bpm_basketball_reference
Kevin Durant,2018-19,5.5,5.4,0.1,2702,78,30,bpm_basketball_reference
Kevin Huerter,2018-19,-2.4,-1.6,-0.8,2048,75,20,bpm_basketball_reference
Kevin Knox,2018-19,-5.7,-3.4,-2.3,2158,75,19,bpm_basketball_reference
Kevin Love,2018-19,1.6,3.3,-1.6,598,22,30,bpm_basketball_reference
Kevon Looney,2018-19,0.5,0.1,0.4,1481,80,22,bpm_basketball_reference
Khem Birch,2018-19,1.2,0.1,1,643,50,26,bpm_basketball_reference
Khris Middleton,2018-19,0.8,0.7,0.1,2393,77,27,bpm_basketball_reference
Khyri Thomas,2018-19,-5,-4.9,-0.1,195,26,22,bpm_basketball_reference
Klay Thompson,2018-19,-0.3,1.1,-1.4,2652,78,28,bpm_basketball_reference
Kobi Simmons,2018-19,-10.6,-7.4,-3.2,2,1,21,bpm_basketball_reference
Kosta Koufos,2018-19,-3.4,-3.6,0.2,502,42,29,bpm_basketball_reference
Kostas Antetokounmpo,2018-19,-12.7,-12.6,-0.1,11,2,21,bpm_basketball_reference
Kris Dunn,2018-19,-2.7,-2.8,0.2,1389,46,24,bpm_basketball_reference
Kyle Anderson,2018-19,0.8,-1.6,2.4,1281,43,25,bpm_basketball_reference
Kyle Korver,2018-19,-0.5,-0.2,-0.3,1334,70,37,bpm_basketball_reference
Kyle Kuzma,2018-19,-1.4,-0.2,-1.2,2314,70,23,bpm_basketball_reference
Kyle Lowry,2018-19,2.3,1.7,0.6,2213,65,32,bpm_basketball_reference
Kyle O'Quinn,2018-19,0.4,-2.5,3,371,45,28,bpm_basketball_reference
Kyrie Irving,2018-19,7.2,6,1.1,2214,67,26,bpm_basketball_reference
LaMarcus Aldridge,2018-19,1.8,2.4,-0.6,2687,81,33,bpm_basketball_reference
Lance Stephenson,2018-19,-1.5,-1.6,0.1,1123,68,28,bpm_basketball_reference
Lance Thomas,2018-19,-5.7,-4.8,-0.9,783,46,30,bpm_basketball_reference
Landry Shamet,2018-19,-1.6,-0.3,-1.3,1802,79,21,bpm_basketball_reference
Langston Galloway,2018-19,-1.5,-0.9,-0.6,1745,80,27,bpm_basketball_reference
Larry Nance Jr.,2018-19,2.4,1,1.4,1795,67,26,bpm_basketball_reference
Lauri Markkanen,2018-19,-0.2,1.4,-1.5,1682,52,21,bpm_basketball_reference
LeBron James,2018-19,8,6.4,1.7,1937,55,34,bpm_basketball_reference
Lonnie Walker IV,2018-19,-2.4,-3.4,1,118,17,20,bpm_basketball_reference
Lonzo Ball,2018-19,-0.3,-1.6,1.3,1423,47,21,bpm_basketball_reference
Lorenzo Brown,2018-19,-3.5,-5.4,1.9,212,26,28,bpm_basketball_reference
Lou Williams,2018-19,2.2,4.3,-2.1,1993,75,32,bpm_basketball_reference
Luc Mbah a Moute,2018-19,-3,-2.9,0,61,4,32,bpm_basketball_reference
Luka Dončić,2018-19,3.9,3.6,0.3,2318,72,19,bpm_basketball_reference
Luke Kennard,2018-19,-1.1,-0.4,-0.6,1437,63,22,bpm_basketball_reference
Luke Kornet,2018-19,2,1.4,0.7,784,46,23,bpm_basketball_reference
Luol Deng,2018-19,0,0.2,-0.3,392,22,33,bpm_basketball_reference
Malachi Richardson,2018-19,-8.8,-6.6,-2.1,103,22,23,bpm_basketball_reference
Malcolm Brogdon,2018-19,2.2,2,0.1,1832,64,26,bpm_basketball_reference
Malcolm Miller,2018-19,-0.5,1.2,-1.6,67,10,25,bpm_basketball_reference
Malik Beasley,2018-19,0.1,0.8,-0.7,1879,81,22,bpm_basketball_reference
Malik Monk,2018-19,-3,-1.3,-1.7,1258,73,20,bpm_basketball_reference
MarShon Brooks,2018-19,-3,-1.9,-1.1,387,29,30,bpm_basketball_reference
Marc Gasol,2018-19,3.1,0.8,2.3,2436,79,34,bpm_basketball_reference
Marcin Gortat,2018-19,-1.3,-1.7,0.4,751,47,34,bpm_basketball_reference
Marco Belinelli,2018-19,-1.7,-0.5,-1.2,1815,79,32,bpm_basketball_reference
Marcus Derrickson,2018-19,-2.7,2.6,-5.3,67,11,22,bpm_basketball_reference
Marcus Morris,2018-19,-0.9,-0.2,-0.7,2091,75,29,bpm_basketball_reference
Marcus Smart,2018-19,0.8,-1.2,2,2200,80,24,bpm_basketball_reference
Mario Hezonja,2018-19,-3.8,-3.5,-0.3,1206,58,23,bpm_basketball_reference
Markelle Fultz,2018-19,-3.1,-3.3,0.2,427,19,20,bpm_basketball_reference
Markieff Morris,2018-19,-2.7,-2.1,-0.6,1270,58,29,bpm_basketball_reference
Marquese Chriss,2018-19,-7.5,-5.7,-1.9,499,43,21,bpm_basketball_reference
Marvin Bagley III,2018-19,-1,0.5,-1.5,1567,62,19,bpm_basketball_reference
Marvin Williams,2018-19,-0.3,-0.4,0.2,2133,75,32,bpm_basketball_reference
Mason Plumlee,2018-19,2.1,-0.5,2.6,1731,82,28,bpm_basketball_reference
Matthew Dellavedova,2018-19,-4.4,-1.7,-2.8,812,48,28,bpm_basketball_reference
Maurice Harkless,2018-19,0.7,-1,1.7,1415,60,25,bpm_basketball_reference
Maxi Kleber,2018-19,0.4,-0.8,1.2,1502,71,27,bpm_basketball_reference
Melvin Frazier,2018-19,-14.5,-11.3,-3.2,44,10,22,bpm_basketball_reference
Meyers Leonard,2018-19,1.8,1.5,0.3,878,61,26,bpm_basketball_reference
Michael Beasley,2018-19,-1.5,-1.9,0.5,277,26,30,bpm_basketball_reference
Michael Carter-Williams,2018-19,0.8,-1.4,2.2,372,28,27,bpm_basketball_reference
Michael Kidd-Gilchrist,2018-19,-2.4,-2.3,-0.1,1179,64,25,bpm_basketball_reference
Mikal Bridges,2018-19,-1.6,-2,0.4,2417,82,22,bpm_basketball_reference
Mike Conley,2018-19,4.7,4.6,0.1,2342,70,31,bpm_basketball_reference
Mike Muscala,2018-19,-1.1,-0.8,-0.3,1306,64,27,bpm_basketball_reference
Mike Scott,2018-19,-2.5,-1.9,-0.7,1395,79,30,bpm_basketball_reference
Miles Bridges,2018-19,-0.8,-0.9,0.1,1696,80,20,bpm_basketball_reference
Miles Plumlee,2018-19,1.6,1.6,0,173,18,30,bpm_basketball_reference
Miloš Teodosić,2018-19,-5.4,-3.8,-1.7,150,15,31,bpm_basketball_reference
Mitch Creek,2018-19,3.5,2.4,1.1,48,5,26,bpm_basketball_reference
Mitchell Robinson,2018-19,2.5,0.1,2.4,1360,66,20,bpm_basketball_reference
Mo Bamba,2018-19,-1.4,-2.8,1.4,766,47,20,bpm_basketball_reference
Monte Morris,2018-19,1.5,1.1,0.3,1970,82,23,bpm_basketball_reference
Montrezl Harrell,2018-19,3.3,2.6,0.7,2158,82,25,bpm_basketball_reference
Moritz Wagner,2018-19,-4.3,-3.9,-0.4,446,43,21,bpm_basketball_reference
Myles Turner,2018-19,2.5,0,2.4,2119,74,22,bpm_basketball_reference
Naz Mitrou-Long,2018-19,-8.7,-7.1,-1.6,84,14,25,bpm_basketball_reference
Nemanja Bjelica,2018-19,0.9,0.4,0.5,1788,77,30,bpm_basketball_reference
Nenê,2018-19,-2.2,-3.1,0.9,546,42,36,bpm_basketball_reference
Nerlens Noel,2018-19,2.1,-1.2,3.3,1055,77,24,bpm_basketball_reference
Nick Young,2018-19,-6.9,-4.3,-2.5,37,4,33,bpm_basketball_reference
Nicolas Batum,2018-19,-0.3,-0.7,0.4,2354,75,30,bpm_basketball_reference
Nik Stauskas,2018-19,-1.9,-0.7,-1.2,1015,68,25,bpm_basketball_reference
Nikola Jokić,2018-19,9.1,6.2,2.9,2504,80,23,bpm_basketball_reference
Nikola Mirotić,2018-19,1.5,2.1,-0.6,1245,46,27,bpm_basketball_reference
Nikola Vučević,2018-19,6.6,5,1.7,2510,80,28,bpm_basketball_reference
Noah Vonleh,2018-19,-0.7,-1.2,0.5,1722,68,23,bpm_basketball_reference
Norman Powell,2018-19,-0.7,-0.9,0.2,1126,60,25,bpm_basketball_reference
OG Anunoby,2018-19,-2.4,-2.4,0.1,1352,67,21,bpm_basketball_reference
Okaro White,2018-19,-16.8,-9,-7.8,6,3,26,bpm_basketball_reference
Omari Spellman,2018-19,-1.2,-0.5,-0.7,805,46,21,bpm_basketball_reference
Omri Casspi,2018-19,0.4,-0.3,0.7,520,36,30,bpm_basketball_reference
Otto Porter Jr.,2018-19,0.9,0.8,0.1,1683,56,25,bpm_basketball_reference
P.J. Tucker,2018-19,-0.6,-1.6,1,2802,82,33,bpm_basketball_reference
PJ Dozier,2018-19,-2,-1.3,-0.6,51,6,22,bpm_basketball_reference
Pascal Siakam,2018-19,2.4,1.6,0.8,2548,80,24,bpm_basketball_reference
Pat Connaughton,2018-19,1.2,0.3,0.8,1261,61,26,bpm_basketball_reference
Patrick Beverley,2018-19,0.9,-0.3,1.2,2137,78,30,bpm_basketball_reference
Patrick McCaw,2018-19,-3,-4.8,1.9,397,29,23,bpm_basketball_reference
Patrick Patterson,2018-19,-2.5,-2,-0.4,861,63,29,bpm_basketball_reference
Patty Mills,2018-19,-0.3,0.4,-0.8,1908,82,30,bpm_basketball_reference
Pau Gasol,2018-19,3.1,1,2.1,360,30,38,bpm_basketball_reference
Paul George,2018-19,7.2,5.6,1.6,2841,77,28,bpm_basketball_reference
Paul Millsap,2018-19,1.7,0.7,1,1895,70,33,bpm_basketball_reference
Quincy Acy,2018-19,-8.1,-7.6,-0.5,123,10,28,bpm_basketball_reference
Quincy Pondexter,2018-19,-0.9,-1.6,0.7,292,53,30,bpm_basketball_reference
Quinn Cook,2018-19,-2.1,-0.5,-1.6,1059,74,25,bpm_basketball_reference
R.J. Hunter,2018-19,3.6,3.2,0.4,26,1,25,bpm_basketball_reference
Rajon Rondo,2018-19,-1.5,-1.7,0.2,1369,46,32,bpm_basketball_reference
Raul Neto,2018-19,-0.3,-1.1,0.8,474,37,26,bpm_basketball_reference
Rawle Alkins,2018-19,-7.3,-3.8,-3.5,120,10,21,bpm_basketball_reference
Ray Spalding,2018-19,-5.1,-4.3,-0.8,148,14,21,bpm_basketball_reference
Raymond Felton,2018-19,-1.3,-1.7,0.4,379,33,34,bpm_basketball_reference
Reggie Bullock,2018-19,-1.1,-0.7,-0.4,1879,63,27,bpm_basketball_reference
Reggie Jackson,2018-19,0.4,1.3,-0.9,2289,82,28,bpm_basketball_reference
Richaun Holmes,2018-19,0.6,0.1,0.5,1184,70,25,bpm_basketball_reference
Ricky Rubio,2018-19,-0.2,-1,0.8,1899,68,28,bpm_basketball_reference
Robert Covington,2018-19,1.6,-0.5,2.1,1203,35,28,bpm_basketball_reference
Robert Williams,2018-19,1.8,-1.7,3.4,283,32,21,bpm_basketball_reference
Robin Lopez,2018-19,-1.9,-0.6,-1.4,1606,74,30,bpm_basketball_reference
Rodions Kurucs,2018-19,-2.6,-2.9,0.3,1294,63,20,bpm_basketball_reference
Rodney Hood,2018-19,-2,-1.2,-0.8,1893,72,26,bpm_basketball_reference
Rodney McGruder,2018-19,-2.3,-2.2,-0.1,1550,66,27,bpm_basketball_reference
Ron Baker,2018-19,-7,-7.7,0.7,152,15,25,bpm_basketball_reference
Rondae Hollis-Jefferson,2018-19,-2.6,-3,0.4,1234,59,24,bpm_basketball_reference
Royce O'Neale,2018-19,-0.5,-2.6,2.1,1671,82,25,bpm_basketball_reference
Rudy Gay,2018-19,1.4,0.8,0.6,1842,69,32,bpm_basketball_reference
Rudy Gobert,2018-19,5.4,3,2.5,2577,81,26,bpm_basketball_reference
Russell Westbrook,2018-19,5.2,2.8,2.4,2630,73,30,bpm_basketball_reference
Ryan Anderson,2018-19,-6.4,-4.5,-1.9,322,25,30,bpm_basketball_reference
Ryan Arcidiacono,2018-19,-1.9,-2,0.1,1961,81,24,bpm_basketball_reference
Ryan Broekhoff,2018-19,-1,-0.5,-0.5,453,42,28,bpm_basketball_reference
Salah Mejri,2018-19,0.8,-1.1,1.9,399,36,32,bpm_basketball_reference
Sam Dekker,2018-19,-1.8,-1,-0.7,788,47,24,bpm_basketball_reference
Scott Machado,2018-19,5.5,2.9,2.7,19,4,28,bpm_basketball_reference
Semi Ojeleye,2018-19,-4,-2.8,-1.2,594,56,24,bpm_basketball_reference
Serge Ibaka,2018-19,0.2,0.2,0.1,2010,74,29,bpm_basketball_reference
Seth Curry,2018-19,-1,-0.4,-0.7,1399,74,28,bpm_basketball_reference
Shabazz Napier,2018-19,1.5,0.9,0.6,983,56,27,bpm_basketball_reference
Shai Gilgeous-Alexander,2018-19,-0.5,-0.9,0.4,2174,82,20,bpm_basketball_reference
Shake Milton,2018-19,-3.2,-2.6,-0.6,268,20,22,bpm_basketball_reference
Shaquille Harrison,2018-19,-1.3,-2.8,1.5,1430,73,25,bpm_basketball_reference
Shaun Livingston,2018-19,-1,-1.7,0.7,967,64,33,bpm_basketball_reference
Shelvin Mack,2018-19,-3,-2.7,-0.4,1246,57,28,bpm_basketball_reference
Sindarius Thornwell,2018-19,-4.7,-5.8,1,313,64,24,bpm_basketball_reference
Skal Labissière,2018-19,-3,-2.9,-0.1,176,22,22,bpm_basketball_reference
Solomon Hill,2018-19,-3.6,-3.1,-0.4,878,44,27,bpm_basketball_reference
Spencer Dinwiddie,2018-19,0.6,1.4,-0.8,1914,68,25,bpm_basketball_reference
Stanley Johnson,2018-19,-2.2,-3.1,0.9,1208,66,22,bpm_basketball_reference
Stephen Curry,2018-19,6.6,7.1,-0.5,2331,69,30,bpm_basketball_reference
Sterling Brown,2018-19,-1.5,-1.8,0.3,1034,58,23,bpm_basketball_reference
Steven Adams,2018-19,1.1,0.7,0.4,2669,80,25,bpm_basketball_reference
Svi Mykhailiuk,2018-19,-5,-3.9,-1.1,440,42,21,bpm_basketball_reference
T.J. Leaf,2018-19,-0.3,0.3,-0.6,522,58,21,bpm_basketball_reference
T.J. McConnell,2018-19,-0.9,-1.8,0.9,1470,76,26,bpm_basketball_reference
T.J. Warren,2018-19,-0.2,0.9,-1.1,1360,43,25,bpm_basketball_reference
Tahjere McCall,2018-19,-6.6,-6,-0.6,8,1,24,bpm_basketball_reference
Taj Gibson,2018-19,-0.1,0.3,-0.4,1686,70,33,bpm_basketball_reference
Taurean Prince,2018-19,-2,-1,-1,1552,55,24,bpm_basketball_reference
Terrance Ferguson,2018-19,-3.8,-3.9,0.1,1931,74,20,bpm_basketball_reference
Terrence Jones,2018-19,-31.1,-24.7,-6.4,5,2,27,bpm_basketball_reference
Terrence Ross,2018-19,0.8,1.1,-0.3,2150,81,27,bpm_basketball_reference
Terry Rozier,2018-19,-0.2,-0.7,0.5,1791,79,24,bpm_basketball_reference
Thabo Sefolosha,2018-19,1.5,-1.6,3.1,609,50,34,bpm_basketball_reference
Thaddeus Young,2018-19,1.5,0.4,1.1,2489,81,30,bpm_basketball_reference
Theo Pinson,2018-19,-3.2,-3.6,0.4,211,18,23,bpm_basketball_reference
Thomas Bryant,2018-19,2,2.3,-0.3,1496,72,21,bpm_basketball_reference
Thomas Welsh,2018-19,1.2,2.2,-1.1,36,11,22,bpm_basketball_reference
Thon Maker,2018-19,-1.2,-2.2,1,972,64,21,bpm_basketball_reference
Tim Frazier,2018-19,-1.8,-1.4,-0.4,1120,59,28,bpm_basketball_reference
Tim Hardaway Jr.,2018-19,-2,-0.1,-2,2057,65,26,bpm_basketball_reference
Timothé Luwawu-Cabarrot,2018-19,-5.2,-4.1,-1.1,669,50,23,bpm_basketball_reference
Tobias Harris,2018-19,1.6,2.1,-0.5,2847,82,26,bpm_basketball_reference
Tomáš Satoranský,2018-19,-0.7,-0.4,-0.3,2164,80,27,bpm_basketball_reference
Tony Bradley,2018-19,-6,-3.6,-2.4,36,3,21,bpm_basketball_reference
Tony Parker,2018-19,-2.6,-0.3,-2.3,1003,56,36,bpm_basketball_reference
Tony Snell,2018-19,-0.7,-1,0.3,1304,74,27,bpm_basketball_reference
Torrey Craig,2018-19,-1.9,-2,0.2,1503,75,28,bpm_basketball_reference
Trae Young,2018-19,-0.6,2.3,-2.8,2503,81,20,bpm_basketball_reference
Treveon Graham,2018-19,-3.7,-3.7,0,715,35,25,bpm_basketball_reference
Trevon Duval,2018-19,24.4,19.1,5.3,6,3,20,bpm_basketball_reference
Trevor Ariza,2018-19,-1.3,-0.7,-0.6,2349,69,33,bpm_basketball_reference
Trey Burke,2018-19,0.1,1.5,-1.4,1125,58,26,bpm_basketball_reference
Trey Lyles,2018-19,-2.4,-1.8,-0.7,1120,64,23,bpm_basketball_reference
Tristan Thompson,2018-19,-0.5,1.4,-1.9,1198,43,27,bpm_basketball_reference
Troy Brown Jr.,2018-19,-2.7,-1.7,-1,730,52,19,bpm_basketball_reference
Troy Caupain,2018-19,13.3,9.6,3.7,16,4,23,bpm_basketball_reference
Troy Daniels,2018-19,-3.7,-1.7,-2,760,51,27,bpm_basketball_reference
Troy Williams,2018-19,-2.4,-2.4,0,312,21,24,bpm_basketball_reference
Tyler Cavanaugh,2018-19,-8.4,-5.3,-3.1,39,11,24,bpm_basketball_reference
Tyler Davis,2018-19,-40.7,-9.6,-31.1,1,1,21,bpm_basketball_reference
Tyler Dorsey,2018-19,-3.5,-1.4,-2.1,698,48,22,bpm_basketball_reference
Tyler Johnson,2018-19,-0.4,-0.7,0.3,1529,57,26,bpm_basketball_reference
Tyler Lydon,2018-19,-4.2,-2.8,-1.4,94,25,22,bpm_basketball_reference
Tyler Ulis,2018-19,-10.4,-7.7,-2.7,1,1,23,bpm_basketball_reference
Tyler Zeller,2018-19,-5,-3.1,-1.9,93,6,29,bpm_basketball_reference
Tyreke Evans,2018-19,-2.7,-2.4,-0.3,1402,69,29,bpm_basketball_reference
Tyrone Wallace,2018-19,-6.4,-5.6,-0.8,628,62,24,bpm_basketball_reference
Tyson Chandler,2018-19,-2.1,-2.9,0.8,875,55,36,bpm_basketball_reference
Tyus Jones,2018-19,-0.6,-0.9,0.3,1560,68,22,bpm_basketball_reference
Udonis Haslem,2018-19,-10.9,-8.4,-2.4,74,10,38,bpm_basketball_reference
Victor Oladipo,2018-19,2.9,1.8,1.2,1147,36,26,bpm_basketball_reference
Vince Carter,2018-19,-0.7,-0.4,-0.3,1330,76,42,bpm_basketball_reference
Vince Edwards,2018-19,-6.4,-1.6,-4.8,16,2,22,bpm_basketball_reference
Wade Baldwin,2018-19,-10.3,-8.4,-1.9,94,16,22,bpm_basketball_reference
Walt Lemon Jr.,2018-19,-2.2,-2.4,0.2,167,6,26,bpm_basketball_reference
Wayne Ellington,2018-19,0,-0.3,0.3,1297,53,31,bpm_basketball_reference
Wayne Selden,2018-19,-5.4,-3.8,-1.6,1439,75,24,bpm_basketball_reference
Wendell Carter Jr.,2018-19,-1.6,-2.2,0.6,1110,44,19,bpm_basketball_reference
Wes Iwundu,2018-19,-3.2,-3.8,0.6,1233,68,24,bpm_basketball_reference
Wesley Johnson,2018-19,-4.8,-4.3,-0.5,534,38,31,bpm_basketball_reference
Wesley Matthews,2018-19,-1.8,-1.4,-0.5,2091,69,32,bpm_basketball_reference
Will Barton,2018-19,-1.8,-1.1,-0.8,1189,43,28,bpm_basketball_reference
Willie Cauley-Stein,2018-19,1.2,0.2,1.1,2213,81,25,bpm_basketball_reference
Willy Hernangómez,2018-19,-0.1,1.1,-1.1,812,58,24,bpm_basketball_reference
Wilson Chandler,2018-19,-2.8,-2.3,-0.5,1177,51,31,bpm_basketball_reference
Yante Maten,2018-19,-9.1,-7.5,-1.6,13,2,22,bpm_basketball_reference
Yogi Ferrell,2018-19,-1.4,-1,-0.4,1067,71,25,bpm_basketball_reference
Yuta Watanabe,2018-19,-9.1,-7,-2.1,174,15,24,bpm_basketball_reference
Zach Collins,2018-19,-1.2,-1.5,0.3,1356,77,21,bpm_basketball_reference
Zach LaVine,2018-19,0.8,2.4,-1.6,2171,63,23,bpm_basketball_reference
Zach Lofton,2018-19,-11.5,-17.4,6,4,1,26,bpm_basketball_reference
Zaza Pachulia,2018-19,-1.2,-2.8,1.6,878,68,34,bpm_basketball_reference
Zhaire Smith,2018-19,-5,-2.8,-2.2,111,6,19,bpm_basketball_reference
Zhou Qi,2018-19,52,40.1,11.9,1,1,23,bpm_basketball_reference
Álex Abrines,2018-19,-3.3,-3.7,0.4,588,31,25,bpm_basketball_reference
Ángel Delgado,2018-19,-12,-7,-5,15,2,24,bpm_basketball_reference
Aaron Gordon,2019-20,0,-0.1,0.1,2017,62,24,bpm_basketball_reference
Aaron Holiday,2019-20,-1.6,-1.6,0,1617,66,23,bpm_basketball_reference
Abdel Nader,2019-20,-1,-1.2,0.2,867,55,26,bpm_basketball_reference
Adam Mokoka,2019-20,-4.1,-2.9,-1.2,112,11,21,bpm_basketball_reference
Admiral Schofield,2019-20,-5.5,-4.3,-1.2,368,33,22,bpm_basketball_reference
Al Horford,2019-20,2.2,1.3,1,2025,67,33,bpm_basketball_reference
Al-Farouq Aminu,2019-20,-3,-4.4,1.4,380,18,29,bpm_basketball_reference
Alec Burks,2019-20,0.5,1.2,-0.7,1754,66,28,bpm_basketball_reference
Alen Smailagić,2019-20,-2.2,-1.5,-0.7,139,14,19,bpm_basketball_reference
Alex Caruso,2019-20,-0.2,-2.6,2.4,1175,64,25,bpm_basketball_reference
Alex Len,2019-20,-0.7,-0.5,-0.3,970,55,26,bpm_basketball_reference
Alfonzo McKinnie,2019-20,-5.3,-4.4,-0.9,593,40,27,bpm_basketball_reference
Alize Johnson,2019-20,-1.6,-1.8,0.2,118,17,23,bpm_basketball_reference
Allen Crabbe,2019-20,-5.3,-3.7,-1.5,653,37,27,bpm_basketball_reference
Allonzo Trier,2019-20,-0.4,1,-1.4,291,24,24,bpm_basketball_reference
Amile Jefferson,2019-20,-5.8,-4.8,-1,74,18,26,bpm_basketball_reference
Amir Coffey,2019-20,-4.1,-4.3,0.1,159,18,22,bpm_basketball_reference
Andre Drummond,2019-20,0.9,-0.1,1.1,1879,57,26,bpm_basketball_reference
Andre Iguodala,2019-20,-0.5,-1.9,1.4,418,21,36,bpm_basketball_reference
Andre Roberson,2019-20,-5.4,-5.2,-0.2,87,7,28,bpm_basketball_reference
Andrew Wiggins,2019-20,-0.3,1.1,-1.4,1858,54,24,bpm_basketball_reference
Anfernee Simons,2019-20,-4.5,-2.6,-1.9,1449,70,20,bpm_basketball_reference
Ante Žižić,2019-20,-3.2,-1.7,-1.5,221,22,23,bpm_basketball_reference
Anthony Davis,2019-20,8,5.4,2.6,2131,62,26,bpm_basketball_reference
Anthony Tolliver,2019-20,-3.2,-2.7,-0.5,872,55,34,bpm_basketball_reference
Antonius Cleveland,2019-20,-10.1,-9,-1,46,11,25,bpm_basketball_reference
Anžejs Pasečņiks,2019-20,-5.6,-4.1,-1.5,437,27,24,bpm_basketball_reference
Aron Baynes,2019-20,-1,-0.2,-0.8,934,42,33,bpm_basketball_reference
Austin Rivers,2019-20,-2.5,-2.1,-0.4,1594,68,27,bpm_basketball_reference
Avery Bradley,2019-20,-2.5,-3,0.5,1186,49,29,bpm_basketball_reference
B.J. Johnson,2019-20,-9,-5.8,-3.2,83,10,24,bpm_basketball_reference
Bam Adebayo,2019-20,3.4,1.4,2,2417,72,22,bpm_basketball_reference
Ben McLemore,2019-20,-0.5,0.1,-0.6,1619,71,26,bpm_basketball_reference
Ben Simmons,2019-20,3.6,1.3,2.3,2017,57,23,bpm_basketball_reference
Bismack Biyombo,2019-20,-2.5,-1.8,-0.7,1029,53,27,bpm_basketball_reference
Blake Griffin,2019-20,-4.3,-1.7,-2.6,512,18,30,bpm_basketball_reference
Boban Marjanović,2019-20,1.2,2.8,-1.6,422,44,31,bpm_basketball_reference
Bobby Portis,2019-20,-1.1,0,-1.1,1393,66,24,bpm_basketball_reference
Bogdan Bogdanović,2019-20,0.6,1.2,-0.5,1766,61,27,bpm_basketball_reference
Bojan Bogdanović,2019-20,0.1,1.6,-1.5,2083,63,30,bpm_basketball_reference
Bol Bol,2019-20,-3,-2.3,-0.7,87,7,20,bpm_basketball_reference
Brad Wanamaker,2019-20,-0.6,-1.9,1.3,1369,71,30,bpm_basketball_reference
Bradley Beal,2019-20,2.9,5.3,-2.4,2053,57,26,bpm_basketball_reference
Brandon Clarke,2019-20,3.1,2.4,0.7,1300,58,23,bpm_basketball_reference
Brandon Goodwin,2019-20,-2.9,-1.6,-1.3,430,34,24,bpm_basketball_reference
Brandon Ingram,2019-20,2.1,2.5,-0.4,2104,62,22,bpm_basketball_reference
Brandon Knight,2019-20,-4.4,-1.8,-2.6,462,25,28,bpm_basketball_reference
Brian Bowen,2019-20,-10.9,-9.1,-1.8,31,6,21,bpm_basketball_reference
Brook Lopez,2019-20,2,-0.4,2.5,1817,68,31,bpm_basketball_reference
Bruce Brown,2019-20,-1.2,-2,0.8,1634,58,23,bpm_basketball_reference
Bruno Caboclo,2019-20,-2.1,-3,0.9,244,30,24,bpm_basketball_reference
Bruno Fernando,2019-20,-4.1,-3.2,-0.9,713,56,21,bpm_basketball_reference
Bryn Forbes,2019-20,-2.7,-0.6,-2.1,1579,63,26,bpm_basketball_reference
Buddy Hield,2019-20,1.1,2.5,-1.4,2216,72,27,bpm_basketball_reference
C.J. Miles,2019-20,-1.7,-1.7,0,161,10,32,bpm_basketball_reference
CJ McCollum,2019-20,0.5,2.3,-1.8,2556,70,28,bpm_basketball_reference
Caleb Martin,2019-20,-1,-1.6,0.6,317,18,24,bpm_basketball_reference
Caleb Swanigan,2019-20,-6,-6.3,0.2,288,27,22,bpm_basketball_reference
Cam Reddish,2019-20,-4.2,-3.3,-1,1551,58,20,bpm_basketball_reference
Cameron Johnson,2019-20,0.3,0.8,-0.4,1255,57,23,bpm_basketball_reference
Cameron Payne,2019-20,1.7,0.7,1,183,8,25,bpm_basketball_reference
Caris LeVert,2019-20,-0.3,0.6,-0.9,1330,45,25,bpm_basketball_reference
Carmelo Anthony,2019-20,-3.6,-1.8,-1.8,1902,58,35,bpm_basketball_reference
Carsen Edwards,2019-20,-4.6,-4.4,-0.2,351,37,21,bpm_basketball_reference
Cedi Osman,2019-20,-2.6,-1.7,-0.9,1910,65,24,bpm_basketball_reference
Chandler Hutchison,2019-20,-2.6,-2.7,0.1,527,28,23,bpm_basketball_reference
Chandler Parsons,2019-20,-6,-4.4,-1.6,54,5,31,bpm_basketball_reference
Charlie Brown Jr.,2019-20,-2.5,-1.2,-1.4,40,10,22,bpm_basketball_reference
Chasson Randle,2019-20,-5.9,-6,0.2,40,3,26,bpm_basketball_reference
Cheick Diallo,2019-20,-1.3,-1.1,-0.2,479,47,23,bpm_basketball_reference
Chimezie Metu,2019-20,1.7,1.7,-0.1,105,18,22,bpm_basketball_reference
Chris Boucher,2019-20,2,1,1,819,62,27,bpm_basketball_reference
Chris Chiozza,2019-20,-1.2,-1.6,0.5,401,28,24,bpm_basketball_reference
Chris Clemons,2019-20,-1,0.3,-1.3,291,33,22,bpm_basketball_reference
Chris Paul,2019-20,4.4,3,1.4,2208,70,34,bpm_basketball_reference
Chris Silva,2019-20,-2.3,-3.1,0.8,346,44,23,bpm_basketball_reference
Christian Wood,2019-20,3.1,3.5,-0.3,1325,62,24,bpm_basketball_reference
Clint Capela,2019-20,1.4,1,0.4,1279,39,25,bpm_basketball_reference
Coby White,2019-20,-2.9,-1.3,-1.6,1674,65,19,bpm_basketball_reference
Cody Martin,2019-20,-2.1,-3.1,1,903,48,24,bpm_basketball_reference
Cody Zeller,2019-20,-0.6,0.2,-0.8,1341,58,27,bpm_basketball_reference
Collin Sexton,2019-20,-1.8,0.3,-2.1,2143,65,21,bpm_basketball_reference
Corey Brewer,2019-20,-3.2,-6,2.8,33,5,33,bpm_basketball_reference
Cory Joseph,2019-20,-2,-2.1,0.1,1759,72,28,bpm_basketball_reference
Courtney Lee,2019-20,-0.6,-2.1,1.5,345,24,34,bpm_basketball_reference
Cristiano Felício,2019-20,-3.1,-1.4,-1.7,386,22,27,bpm_basketball_reference
D'Angelo Russell,2019-20,1.9,3.8,-1.9,1452,45,23,bpm_basketball_reference
D.J. Augustin,2019-20,-1.6,-0.3,-1.3,1420,57,32,bpm_basketball_reference
D.J. Wilson,2019-20,-4,-4.1,0,363,37,23,bpm_basketball_reference
DaQuan Jeffries,2019-20,-3.8,-2.8,-1.1,141,13,22,bpm_basketball_reference
Damian Jones,2019-20,-1.5,-1.6,0.1,887,55,24,bpm_basketball_reference
Damian Lillard,2019-20,7.5,8.3,-0.9,2474,66,29,bpm_basketball_reference
Damion Lee,2019-20,-2.3,-1.5,-0.8,1423,49,27,bpm_basketball_reference
Damyean Dotson,2019-20,-1.4,-0.9,-0.5,836,48,25,bpm_basketball_reference
Daniel Gafford,2019-20,-1.3,-2.8,1.5,609,43,21,bpm_basketball_reference
Daniel Theis,2019-20,2.4,0.6,1.8,1566,65,27,bpm_basketball_reference
Danilo Gallinari,2019-20,3.3,4.1,-0.9,1834,62,31,bpm_basketball_reference
Danny Green,2019-20,0.5,-1.1,1.5,1687,68,32,bpm_basketball_reference
Danté Exum,2019-20,-2.9,-2.5,-0.4,485,35,24,bpm_basketball_reference
Danuel House Jr.,2019-20,-0.7,-0.8,0,1913,63,26,bpm_basketball_reference
Dario Šarić,2019-20,-0.4,-0.1,-0.3,1632,66,25,bpm_basketball_reference
Darius Bazley,2019-20,-1.6,-2.1,0.5,1130,61,19,bpm_basketball_reference
Darius Garland,2019-20,-5.5,-2.7,-2.8,1824,59,20,bpm_basketball_reference
Daryl Macon,2019-20,-12,-7.3,-4.8,14,4,24,bpm_basketball_reference
David Nwaba,2019-20,1.1,-1,2,268,20,27,bpm_basketball_reference
De'Aaron Fox,2019-20,1.8,2.3,-0.5,1634,51,22,bpm_basketball_reference
De'Andre Hunter,2019-20,-4.7,-2.9,-1.8,2018,63,22,bpm_basketball_reference
De'Anthony Melton,2019-20,-0.2,-2.2,2,1167,60,21,bpm_basketball_reference
DeAndre Jordan,2019-20,3,1.2,1.8,1234,56,31,bpm_basketball_reference
DeAndre' Bembry,2019-20,-2.5,-3.5,1.1,915,43,25,bpm_basketball_reference
DeMar DeRozan,2019-20,1.9,2.3,-0.4,2316,68,30,bpm_basketball_reference
DeMarre Carroll,2019-20,-3.9,-3.1,-0.7,290,24,33,bpm_basketball_reference
Dean Wade,2019-20,-1.3,-1.7,0.5,71,12,23,bpm_basketball_reference
Deandre Ayton,2019-20,0.4,0.8,-0.4,1236,38,21,bpm_basketball_reference
Dejounte Murray,2019-20,0.4,-0.9,1.3,1687,66,23,bpm_basketball_reference
Delon Wright,2019-20,1.9,0,1.9,1570,73,27,bpm_basketball_reference
Dennis Schröder,2019-20,-0.1,1.1,-1.1,1999,65,26,bpm_basketball_reference
Dennis Smith Jr.,2019-20,-6.1,-5.2,-0.9,537,34,22,bpm_basketball_reference
Denzel Valentine,2019-20,-0.6,-0.8,0.2,488,36,26,bpm_basketball_reference
Deonte Burton,2019-20,-6.8,-6.3,-0.5,356,39,26,bpm_basketball_reference
Derrick Favors,2019-20,1,0.7,0.3,1243,51,28,bpm_basketball_reference
Derrick Jones Jr.,2019-20,0.7,-0.3,1.1,1375,59,22,bpm_basketball_reference
Derrick Rose,2019-20,2.2,3.9,-1.7,1298,50,31,bpm_basketball_reference
Derrick Walton,2019-20,-1,-2.2,1.3,248,26,24,bpm_basketball_reference
Derrick White,2019-20,1.3,1.2,0.1,1677,68,25,bpm_basketball_reference
Devin Booker,2019-20,2.2,3.4,-1.3,2512,70,23,bpm_basketball_reference
Devon Hall,2019-20,-6.7,-6,-0.7,81,11,24,bpm_basketball_reference
Devontae Cacok,2019-20,0.2,4.8,-4.6,9,1,23,bpm_basketball_reference
Devonte' Graham,2019-20,0.5,2.5,-2.1,2211,63,24,bpm_basketball_reference
Dewan Hernandez,2019-20,-9.6,-6.6,-3,28,6,23,bpm_basketball_reference
Dewayne Dedmon,2019-20,-5.8,-5.8,0,774,44,30,bpm_basketball_reference
Dillon Brooks,2019-20,-4.1,-2.7,-1.4,2112,73,24,bpm_basketball_reference
Dion Waiters,2019-20,-1.2,-0.7,-0.6,207,10,28,bpm_basketball_reference
Domantas Sabonis,2019-20,3.2,2,1.2,2159,62,23,bpm_basketball_reference
Donovan Mitchell,2019-20,1.9,2.4,-0.6,2364,69,23,bpm_basketball_reference
Donta Hall,2019-20,-3.9,-3.5,-0.4,133,9,22,bpm_basketball_reference
Donte DiVincenzo,2019-20,1.3,-1.1,2.4,1520,66,23,bpm_basketball_reference
Dorian Finney-Smith,2019-20,-0.2,0.1,-0.3,2120,71,26,bpm_basketball_reference
Doug McDermott,2019-20,0,1.4,-1.3,1372,69,28,bpm_basketball_reference
Dragan Bender,2019-20,-2.9,-3.1,0.2,286,16,22,bpm_basketball_reference
Draymond Green,2019-20,-0.2,-2.1,1.9,1222,43,29,bpm_basketball_reference
Drew Eubanks,2019-20,-1.8,-1.4,-0.4,272,22,22,bpm_basketball_reference
Duncan Robinson,2019-20,0.5,1.5,-1,2166,73,25,bpm_basketball_reference
Dusty Hannahs,2019-20,3.1,5.1,-2.1,13,2,26,bpm_basketball_reference
Dwayne Bacon,2019-20,-6.8,-5.9,-0.9,687,39,24,bpm_basketball_reference
Dwight Howard,2019-20,0.2,-1,1.2,1306,69,34,bpm_basketball_reference
Dwight Powell,2019-20,1.3,0.4,0.9,1061,40,28,bpm_basketball_reference
Dāvis Bertāns,2019-20,0.9,2.7,-1.8,1583,54,27,bpm_basketball_reference
Džanan Musa,2019-20,-4.4,-3.5,-0.9,487,40,20,bpm_basketball_reference
E'Twaun Moore,2019-20,-2.7,-1.9,-0.8,1020,56,30,bpm_basketball_reference
Ed Davis,2019-20,-3.2,-4.6,1.5,303,28,30,bpm_basketball_reference
Edmond Sumner,2019-20,-2.9,-3.1,0.2,447,31,24,bpm_basketball_reference
Elfrid Payton,2019-20,0,-0.4,0.4,1246,45,25,bpm_basketball_reference
Elie Okobo,2019-20,-1.9,-1.9,0,719,55,22,bpm_basketball_reference
Emmanuel Mudiay,2019-20,-1.9,-1.8,-0.1,850,54,23,bpm_basketball_reference
Enes Freedom,2019-20,1.5,1.8,-0.3,983,58,27,bpm_basketball_reference
Eric Bledsoe,2019-20,1.8,0.8,1,1646,61,30,bpm_basketball_reference
Eric Gordon,2019-20,-3.9,-1.8,-2.1,1016,36,31,bpm_basketball_reference
Eric Mika,2019-20,-3.4,-1.9,-1.5,19,1,25,bpm_basketball_reference
Eric Paschall,2019-20,-2.7,-0.7,-2,1654,60,23,bpm_basketball_reference
Ersan İlyasova,2019-20,0.4,-0.3,0.8,986,63,32,bpm_basketball_reference
Evan Fournier,2019-20,1,1.4,-0.4,2076,66,27,bpm_basketball_reference
Evan Turner,2019-20,-5.5,-4.9,-0.7,251,19,31,bpm_basketball_reference
Frank Jackson,2019-20,-5.5,-3.3,-2.2,797,59,21,bpm_basketball_reference
Frank Kaminsky,2019-20,-0.5,-0.1,-0.4,777,39,26,bpm_basketball_reference
Frank Mason III,2019-20,0,-0.6,0.6,118,9,25,bpm_basketball_reference
Frank Ntilikina,2019-20,-3.2,-3.6,0.4,1187,57,21,bpm_basketball_reference
Fred VanVleet,2019-20,2.7,1.3,1.4,1928,54,25,bpm_basketball_reference
Furkan Korkmaz,2019-20,-1.3,-0.4,-1,1559,72,22,bpm_basketball_reference
Gabe Vincent,2019-20,-10.4,-8.5,-1.9,83,9,23,bpm_basketball_reference
Garrett Temple,2019-20,-1.1,-1.4,0.3,1730,62,33,bpm_basketball_reference
Garrison Mathews,2019-20,-1.1,-0.6,-0.5,227,18,23,bpm_basketball_reference
Gary Clark,2019-20,-1.9,-0.9,-0.9,567,42,25,bpm_basketball_reference
Gary Harris,2019-20,-2.5,-2.8,0.3,1780,56,25,bpm_basketball_reference
Gary Payton II,2019-20,-1.6,-3.1,1.5,432,29,27,bpm_basketball_reference
Gary Trent Jr.,2019-20,-0.3,0.5,-0.8,1332,61,21,bpm_basketball_reference
George Hill,2019-20,2.9,1.6,1.3,1271,59,33,bpm_basketball_reference
Georges Niang,2019-20,-0.1,0.4,-0.5,923,66,26,bpm_basketball_reference
Giannis Antetokounmpo,2019-20,11.5,7.4,4.1,1917,63,25,bpm_basketball_reference
Glenn Robinson III,2019-20,-1.7,-0.5,-1.2,1786,62,26,bpm_basketball_reference
Goga Bitadze,2019-20,-2.3,-4.1,1.8,471,54,20,bpm_basketball_reference
Goran Dragić,2019-20,-0.1,1.4,-1.6,1663,59,33,bpm_basketball_reference
Gordon Hayward,2019-20,2.7,2.6,0.1,1740,52,29,bpm_basketball_reference
Gorgui Dieng,2019-20,1.5,-0.2,1.8,1096,63,30,bpm_basketball_reference
Grant Williams,2019-20,-2.7,-4.1,1.4,1043,69,21,bpm_basketball_reference
Grayson Allen,2019-20,-1.3,-0.1,-1.2,718,38,24,bpm_basketball_reference
Hamidou Diallo,2019-20,-3.9,-4.2,0.3,896,46,21,bpm_basketball_reference
Harrison Barnes,2019-20,-1.3,0,-1.3,2482,72,27,bpm_basketball_reference
Harry Giles,2019-20,-1.3,-2.2,0.9,667,46,21,bpm_basketball_reference
Hassan Whiteside,2019-20,3.2,2.5,0.7,2008,67,30,bpm_basketball_reference
Henry Ellenson,2019-20,-10.9,-7.5,-3.4,15,5,23,bpm_basketball_reference
Ian Mahinmi,2019-20,-2.7,-2.8,0,808,38,33,bpm_basketball_reference
Ignas Brazdeikis,2019-20,-9,-5.1,-3.9,53,9,21,bpm_basketball_reference
Iman Shumpert,2019-20,-5.5,-6.2,0.7,241,13,29,bpm_basketball_reference
Isaac Bonga,2019-20,-2.8,-2.7,-0.1,1250,66,20,bpm_basketball_reference
Isaiah Hartenstein,2019-20,0.3,-1,1.3,266,23,21,bpm_basketball_reference
Isaiah Roby,2019-20,-15.4,-12,-3.4,11,3,21,bpm_basketball_reference
Isaiah Thomas,2019-20,-4.4,-0.5,-3.9,925,40,30,bpm_basketball_reference
Ish Smith,2019-20,-1.3,-0.3,-1,1787,68,31,bpm_basketball_reference
Ivica Zubac,2019-20,2.8,1.9,0.9,1326,72,22,bpm_basketball_reference
J.J. Barea,2019-20,-1.4,1.6,-3,450,29,35,bpm_basketball_reference
J.P. Macura,2019-20,-6.4,-5.2,-1.2,1,1,24,bpm_basketball_reference
J.R. Smith,2019-20,-9.8,-7.8,-2,79,6,34,bpm_basketball_reference
JJ Redick,2019-20,0.7,2.3,-1.7,1581,60,35,bpm_basketball_reference
Ja Morant,2019-20,0.3,1.4,-1.2,2074,67,20,bpm_basketball_reference
JaKarr Sampson,2019-20,-1.4,-2.8,1.4,471,34,26,bpm_basketball_reference
JaMychal Green,2019-20,-0.5,-1.2,0.7,1307,63,29,bpm_basketball_reference
JaVale McGee,2019-20,1.5,-0.6,2.1,1130,68,32,bpm_basketball_reference
Jabari Parker,2019-20,0.3,0.6,-0.3,917,38,24,bpm_basketball_reference
Jacob Evans,2019-20,-7.1,-5.8,-1.3,418,29,22,bpm_basketball_reference
Jae Crowder,2019-20,-0.1,-0.5,0.4,1875,65,29,bpm_basketball_reference
Jahlil Okafor,2019-20,-0.2,-0.5,0.3,467,30,24,bpm_basketball_reference
Jake Layman,2019-20,-3.7,-2.8,-0.9,505,23,25,bpm_basketball_reference
Jakob Poeltl,2019-20,2.5,0.5,2,1171,66,24,bpm_basketball_reference
Jalen Brunson,2019-20,-0.9,0.1,-1,1022,57,23,bpm_basketball_reference
Jalen Lecque,2019-20,-9.5,-6.6,-2.9,32,5,19,bpm_basketball_reference
Jalen McDaniels,2019-20,-3.3,-3.4,0.1,293,16,22,bpm_basketball_reference
Jamal Crawford,2019-20,15,12.4,2.6,6,1,39,bpm_basketball_reference
Jamal Murray,2019-20,1.2,2,-0.8,1904,59,22,bpm_basketball_reference
James Ennis III,2019-20,-2.6,-2.2,-0.4,1265,69,29,bpm_basketball_reference
James Harden,2019-20,9.6,8.1,1.6,2483,68,30,bpm_basketball_reference
James Johnson,2019-20,0,-1.1,1.2,619,32,32,bpm_basketball_reference
Jared Dudley,2019-20,-0.7,-2.7,2,364,45,34,bpm_basketball_reference
Jared Harper,2019-20,-15.7,-10.1,-5.6,8,3,22,bpm_basketball_reference
Jaren Jackson Jr.,2019-20,0.4,0.3,0.1,1622,57,20,bpm_basketball_reference
Jarred Vanderbilt,2019-20,-6.3,-6.8,0.5,46,11,20,bpm_basketball_reference
Jarrell Brantley,2019-20,-4.6,-5.3,0.7,96,9,23,bpm_basketball_reference
Jarrett Allen,2019-20,2.3,1.4,1,1852,70,21,bpm_basketball_reference
Jarrett Culver,2019-20,-4,-3.3,-0.7,1506,63,20,bpm_basketball_reference
Jarrod Uthoff,2019-20,-4.6,-2.2,-2.4,53,7,26,bpm_basketball_reference
Javonte Green,2019-20,-0.7,-2.1,1.4,468,48,26,bpm_basketball_reference
Jaxson Hayes,2019-20,-0.3,-0.9,0.6,1080,64,19,bpm_basketball_reference
Jaylen Brown,2019-20,0.8,1,-0.2,1934,57,23,bpm_basketball_reference
Jaylen Hoard,2019-20,-2.1,-0.8,-1.3,103,13,20,bpm_basketball_reference
Jaylen Nowell,2019-20,-3.8,-2.9,-0.8,151,15,20,bpm_basketball_reference
Jayson Tatum,2019-20,4,3.5,0.6,2265,66,21,bpm_basketball_reference
Jeff Green,2019-20,-0.1,0,-0.1,960,48,33,bpm_basketball_reference
Jeff Teague,2019-20,-1.5,-0.2,-1.3,1464,59,31,bpm_basketball_reference
Jerami Grant,2019-20,-0.5,0.1,-0.6,1892,71,25,bpm_basketball_reference
Jeremiah Martin,2019-20,3.2,1.5,1.7,99,9,23,bpm_basketball_reference
Jeremy Lamb,2019-20,-0.4,-1.1,0.8,1291,46,27,bpm_basketball_reference
Jeremy Pargo,2019-20,-5.9,-2.8,-3.1,44,3,33,bpm_basketball_reference
Jerian Grant,2019-20,-6.5,-4.5,-2,80,6,27,bpm_basketball_reference
Jerome Robinson,2019-20,-3.9,-3.8,-0.2,979,63,22,bpm_basketball_reference
Jevon Carter,2019-20,0.6,-0.7,1.3,945,58,24,bpm_basketball_reference
Jimmy Butler,2019-20,5.4,4,1.5,1959,58,30,bpm_basketball_reference
Joakim Noah,2019-20,-1.6,-4.1,2.5,50,5,34,bpm_basketball_reference
Joe Chealey,2019-20,-12.5,-14.3,1.7,33,4,24,bpm_basketball_reference
Joe Harris,2019-20,-0.2,0.4,-0.6,2123,69,28,bpm_basketball_reference
Joe Ingles,2019-20,0.7,0.1,0.7,2137,72,32,bpm_basketball_reference
Joel Embiid,2019-20,4.7,3.7,1,1506,51,25,bpm_basketball_reference
John Collins,2019-20,3.1,3.7,-0.6,1363,41,22,bpm_basketball_reference
John Henson,2019-20,0.9,-1.2,2.1,600,40,29,bpm_basketball_reference
John Konchar,2019-20,4.5,2.5,2,181,19,23,bpm_basketball_reference
Johnathan Motley,2019-20,8.1,4.8,3.3,41,13,24,bpm_basketball_reference
Johnathan Williams,2019-20,-2,-0.8,-1.3,180,15,24,bpm_basketball_reference
Jonah Bolden,2019-20,-9.2,-8.8,-0.4,47,7,24,bpm_basketball_reference
Jonas Valančiūnas,2019-20,2.4,2.1,0.2,1845,70,27,bpm_basketball_reference
Jonathan Isaac,2019-20,2.3,-0.6,2.9,980,34,22,bpm_basketball_reference
Jordan Bell,2019-20,-2.5,-1.4,-1.1,256,29,25,bpm_basketball_reference
Jordan Bone,2019-20,-11.9,-9.1,-2.8,53,10,22,bpm_basketball_reference
Jordan Clarkson,2019-20,1.1,2.4,-1.3,1705,71,27,bpm_basketball_reference
Jordan McLaughlin,2019-20,0.3,0.3,0,590,30,23,bpm_basketball_reference
Jordan McRae,2019-20,-1.5,0,-1.5,784,37,28,bpm_basketball_reference
Jordan Poole,2019-20,-6.6,-4.4,-2.2,1274,57,20,bpm_basketball_reference
Josh Gray,2019-20,-16,-11.4,-4.7,23,2,26,bpm_basketball_reference
Josh Hart,2019-20,-0.7,-1.1,0.4,1755,65,24,bpm_basketball_reference
Josh Jackson,2019-20,0.1,-1,1.1,381,22,22,bpm_basketball_reference
Josh Magette,2019-20,-6.2,-7.9,1.6,38,8,30,bpm_basketball_reference
Josh Okogie,2019-20,-2.4,-2.4,0,1547,62,21,bpm_basketball_reference
Josh Reaves,2019-20,-9.4,-5.3,-4,28,4,22,bpm_basketball_reference
Josh Richardson,2019-20,-1.8,-1.4,-0.4,1693,55,26,bpm_basketball_reference
Jrue Holiday,2019-20,1.8,1.6,0.2,2117,61,29,bpm_basketball_reference
Juan Toscano-Anderson,2019-20,-3.6,-4.1,0.5,272,13,26,bpm_basketball_reference
Juancho Hernangómez,2019-20,-3.4,-2.2,-1.1,833,48,24,bpm_basketball_reference
Julius Randle,2019-20,-0.3,0.7,-1,2080,64,25,bpm_basketball_reference
Justin Anderson,2019-20,-7.7,-6.8,-1,107,10,26,bpm_basketball_reference
Justin Holiday,2019-20,1.3,-0.5,1.8,1826,73,30,bpm_basketball_reference
Justin Jackson,2019-20,-3.4,-2.1,-1.3,1045,65,24,bpm_basketball_reference
Justin James,2019-20,-1.4,-1.4,0,232,36,23,bpm_basketball_reference
Justin Patton,2019-20,-10.1,-6.8,-3.3,24,5,22,bpm_basketball_reference
Justin Robinson,2019-20,-5.7,-2.6,-3.1,49,9,22,bpm_basketball_reference
Justin Wright-Foreman,2019-20,-9,-7,-2,45,4,22,bpm_basketball_reference
Justise Winslow,2019-20,-3.6,-3.5,-0.1,352,11,23,bpm_basketball_reference
Jusuf Nurkić,2019-20,2,1,1,253,8,25,bpm_basketball_reference
Juwan Morgan,2019-20,-3.2,-2.9,-0.3,134,21,22,bpm_basketball_reference
KZ Okpala,2019-20,2.4,-1.3,3.7,26,5,20,bpm_basketball_reference
Kadeem Allen,2019-20,-0.9,-0.3,-0.7,117,10,27,bpm_basketball_reference
Karl-Anthony Towns,2019-20,7.8,7,0.8,1187,35,24,bpm_basketball_reference
Kawhi Leonard,2019-20,8.9,6.5,2.4,1848,57,28,bpm_basketball_reference
Keita Bates-Diop,2019-20,-1.4,-1,-0.4,744,44,24,bpm_basketball_reference
Kelan Martin,2019-20,-4.3,-3.3,-1,495,31,24,bpm_basketball_reference
Keldon Johnson,2019-20,1.5,1.5,0,301,17,20,bpm_basketball_reference
Kelly Olynyk,2019-20,1,0,1,1300,67,28,bpm_basketball_reference
Kelly Oubre Jr.,2019-20,-0.5,-0.3,-0.3,1933,56,24,bpm_basketball_reference
Kemba Walker,2019-20,4.6,4.9,-0.3,1742,56,29,bpm_basketball_reference
Kendrick Nunn,2019-20,-2.3,-1,-1.3,1962,67,24,bpm_basketball_reference
Kenrich Williams,2019-20,-2.4,-3.4,0.9,832,39,25,bpm_basketball_reference
Kent Bazemore,2019-20,-3,-3.4,0.3,1688,68,30,bpm_basketball_reference
Kentavious Caldwell-Pope,2019-20,-0.8,-1.2,0.4,1762,69,26,bpm_basketball_reference
Kevin Hervey,2019-20,-5.1,-4,-1.1,52,10,23,bpm_basketball_reference
Kevin Huerter,2019-20,-1.6,-0.7,-0.9,1760,56,21,bpm_basketball_reference
Kevin Knox,2019-20,-4.2,-3.1,-1.1,1166,65,20,bpm_basketball_reference
Kevin Love,2019-20,2,2.6,-0.5,1780,56,31,bpm_basketball_reference
Kevin Porter Jr.,2019-20,-3.8,-3.2,-0.6,1162,50,19,bpm_basketball_reference
Kevon Looney,2019-20,-5.6,-4.8,-0.8,262,20,23,bpm_basketball_reference
Khem Birch,2019-20,-2.4,-2.5,0.2,922,48,27,bpm_basketball_reference
Khris Middleton,2019-20,4.1,3.4,0.7,1853,62,28,bpm_basketball_reference
Khyri Thomas,2019-20,-7.9,-6.2,-1.7,61,8,23,bpm_basketball_reference
Kostas Antetokounmpo,2019-20,-0.7,0.2,-0.9,20,5,22,bpm_basketball_reference
Kris Dunn,2019-20,-0.6,-3.8,3.1,1269,51,25,bpm_basketball_reference
Kristaps Porziņģis,2019-20,1.9,1.8,0.1,1814,57,24,bpm_basketball_reference
Ky Bowman,2019-20,-4.3,-4,-0.3,1015,45,22,bpm_basketball_reference
Kyle Alexander,2019-20,-10.1,-6.4,-3.7,13,2,23,bpm_basketball_reference
Kyle Anderson,2019-20,0.5,-1.5,2,1330,67,26,bpm_basketball_reference
Kyle Guy,2019-20,-12.3,-7.5,-4.8,10,3,22,bpm_basketball_reference
Kyle Korver,2019-20,0.1,-0.6,0.7,960,58,38,bpm_basketball_reference
Kyle Kuzma,2019-20,-2.6,-1.6,-1,1526,61,24,bpm_basketball_reference
Kyle Lowry,2019-20,3.2,2.2,1,2098,58,33,bpm_basketball_reference
Kyle O'Quinn,2019-20,3,0.3,2.7,313,29,29,bpm_basketball_reference
Kyrie Irving,2019-20,7.7,6.7,0.9,658,20,27,bpm_basketball_reference
LaMarcus Aldridge,2019-20,1.4,1.8,-0.5,1754,53,34,bpm_basketball_reference
Lance Thomas,2019-20,-8.2,-5.7,-2.5,98,7,31,bpm_basketball_reference
Landry Shamet,2019-20,-2.1,-1.8,-0.3,1452,53,22,bpm_basketball_reference
Langston Galloway,2019-20,-0.8,0,-0.9,1702,66,28,bpm_basketball_reference
Larry Nance Jr.,2019-20,1.7,1.4,0.4,1472,56,27,bpm_basketball_reference
Lauri Markkanen,2019-20,-0.6,0.2,-0.8,1492,50,22,bpm_basketball_reference
LeBron James,2019-20,8.4,6.6,1.8,2316,67,35,bpm_basketball_reference
Lonnie Walker IV,2019-20,-3.5,-2.5,-1,988,61,21,bpm_basketball_reference
Lonzo Ball,2019-20,0.6,0.1,0.6,2025,63,22,bpm_basketball_reference
Lou Williams,2019-20,0.7,2.2,-1.4,1864,65,33,bpm_basketball_reference
Louis King,2019-20,-6.2,-5.1,-1.1,62,10,20,bpm_basketball_reference
Luc Mbah a Moute,2019-20,-7.4,-5.2,-2.2,25,3,33,bpm_basketball_reference
Luguentz Dort,2019-20,-3.7,-4.1,0.4,820,36,20,bpm_basketball_reference
Luka Dončić,2019-20,8.4,7.4,1,2047,61,20,bpm_basketball_reference
Luka Šamanić,2019-20,-4.1,-2.4,-1.7,48,3,20,bpm_basketball_reference
Luke Kennard,2019-20,-0.3,1.1,-1.4,922,28,23,bpm_basketball_reference
Luke Kornet,2019-20,-1.2,-0.9,-0.2,559,36,24,bpm_basketball_reference
Malcolm Brogdon,2019-20,1.8,2.3,-0.5,1666,54,27,bpm_basketball_reference
Malcolm Miller,2019-20,-2.3,-3.5,1.2,162,28,26,bpm_basketball_reference
Malik Beasley,2019-20,-2.1,-0.7,-1.4,1209,55,23,bpm_basketball_reference
Malik Monk,2019-20,-2.3,-1.1,-1.3,1169,55,21,bpm_basketball_reference
Malik Newman,2019-20,-25.7,-14.5,-11.2,4,1,22,bpm_basketball_reference
Marc Gasol,2019-20,1.6,-1.2,2.8,1161,44,35,bpm_basketball_reference
Marco Belinelli,2019-20,-2.7,-0.7,-2,883,57,33,bpm_basketball_reference
Marcus Morris,2019-20,-0.1,0.6,-0.7,1936,62,30,bpm_basketball_reference
Marcus Smart,2019-20,1.4,0,1.4,1919,60,25,bpm_basketball_reference
Marial Shayok,2019-20,-13,-9.3,-3.7,28,4,24,bpm_basketball_reference
Mario Hezonja,2019-20,-2.9,-3.1,0.2,871,53,24,bpm_basketball_reference
Markelle Fultz,2019-20,-1.8,-1.8,0,1996,72,21,bpm_basketball_reference
Markieff Morris,2019-20,-2,-1.1,-0.9,1187,58,30,bpm_basketball_reference
Marko Gudurić,2019-20,-3.4,-2.7,-0.7,484,44,24,bpm_basketball_reference
Marques Bolden,2019-20,5.4,-5.8,11.3,3,1,21,bpm_basketball_reference
Marquese Chriss,2019-20,0.6,0,0.6,1196,59,22,bpm_basketball_reference
Marvin Bagley III,2019-20,-3.5,-2.2,-1.4,334,13,20,bpm_basketball_reference
Marvin Williams,2019-20,-0.6,-1.6,1,1129,58,33,bpm_basketball_reference
Mason Plumlee,2019-20,2,0.3,1.7,1057,61,29,bpm_basketball_reference
Matisse Thybulle,2019-20,0.3,-2.8,3.1,1287,65,22,bpm_basketball_reference
Matt Mooney,2019-20,-0.4,-5.3,5,19,4,23,bpm_basketball_reference
Matt Thomas,2019-20,1.1,1,0.1,440,41,25,bpm_basketball_reference
Matthew Dellavedova,2019-20,-5.2,-3.6,-1.6,821,57,29,bpm_basketball_reference
Maurice Harkless,2019-20,-0.7,-2.6,1.9,1427,62,26,bpm_basketball_reference
Max Strus,2019-20,3.9,5.7,-1.7,6,2,23,bpm_basketball_reference
Maxi Kleber,2019-20,0.4,0.4,0,1890,74,28,bpm_basketball_reference
Melvin Frazier,2019-20,-2.3,-3.5,1.2,126,19,23,bpm_basketball_reference
Meyers Leonard,2019-20,-0.9,-1.3,0.4,1034,51,27,bpm_basketball_reference
Mfiondu Kabengele,2019-20,2.2,2.3,-0.1,64,12,22,bpm_basketball_reference
Michael Carter-Williams,2019-20,0.1,-1.5,1.6,833,45,28,bpm_basketball_reference
Michael Frazier,2019-20,-11,-8.9,-2.1,145,13,25,bpm_basketball_reference
Michael Kidd-Gilchrist,2019-20,-7.4,-6.3,-1.1,281,25,26,bpm_basketball_reference
Michael Porter Jr.,2019-20,1.5,2.4,-0.8,903,55,21,bpm_basketball_reference
Mikal Bridges,2019-20,0.8,-0.6,1.5,2042,73,23,bpm_basketball_reference
Mike Conley,2019-20,0.3,0.7,-0.4,1363,47,32,bpm_basketball_reference
Mike Muscala,2019-20,-0.1,0.1,-0.2,572,47,28,bpm_basketball_reference
Mike Scott,2019-20,-1.8,-0.7,-1.1,1207,68,31,bpm_basketball_reference
Miles Bridges,2019-20,-2.5,-1.5,-1,1995,65,21,bpm_basketball_reference
Mitchell Robinson,2019-20,2.9,1.6,1.4,1412,61,21,bpm_basketball_reference
Miye Oni,2019-20,-4.3,-3.1,-1.1,109,10,22,bpm_basketball_reference
Mo Bamba,2019-20,0.4,-1.2,1.6,878,62,21,bpm_basketball_reference
Monte Morris,2019-20,-0.2,0.4,-0.5,1636,73,24,bpm_basketball_reference
Montrezl Harrell,2019-20,2.9,2.5,0.5,1749,63,26,bpm_basketball_reference
Moritz Wagner,2019-20,-2.3,-2,-0.3,835,45,22,bpm_basketball_reference
Moses Brown,2019-20,-10,-8.2,-1.8,33,9,20,bpm_basketball_reference
Mychal Mulder,2019-20,-6,-3.2,-2.9,204,7,25,bpm_basketball_reference
Myles Turner,2019-20,0.1,-1,1.1,1826,62,23,bpm_basketball_reference
Nassir Little,2019-20,-3.5,-2.9,-0.6,573,48,19,bpm_basketball_reference
Naz Mitrou-Long,2019-20,-1.4,-3.5,2.1,47,5,26,bpm_basketball_reference
Naz Reid,2019-20,-1.9,-1.6,-0.3,495,30,20,bpm_basketball_reference
Nemanja Bjelica,2019-20,1.8,1.2,0.5,2011,72,31,bpm_basketball_reference
Nerlens Noel,2019-20,3.1,-0.3,3.4,1127,61,25,bpm_basketball_reference
Nic Claxton,2019-20,-0.7,-0.7,0.1,187,15,20,bpm_basketball_reference
Nickeil Alexander-Walker,2019-20,-4.6,-3.2,-1.4,591,47,21,bpm_basketball_reference
Nicolas Batum,2019-20,-1.9,-2.8,0.9,505,22,31,bpm_basketball_reference
Nicolò Melli,2019-20,-1.3,-1.5,0.2,1042,60,29,bpm_basketball_reference
Nigel Williams-Goss,2019-20,-3.9,-5.2,1.3,50,10,25,bpm_basketball_reference
Nikola Jokić,2019-20,7.4,5.5,2,2336,73,24,bpm_basketball_reference
Nikola Vučević,2019-20,4.2,3.7,0.5,1998,62,29,bpm_basketball_reference
Noah Vonleh,2019-20,-1,-1.2,0.3,377,36,24,bpm_basketball_reference
Norman Powell,2019-20,2,1.2,0.8,1479,52,26,bpm_basketball_reference
Norvel Pelle,2019-20,-5.2,-7.8,2.6,232,24,26,bpm_basketball_reference
OG Anunoby,2019-20,1.2,-0.8,2,2066,69,22,bpm_basketball_reference
Omari Spellman,2019-20,-1.8,-0.8,-1,886,49,22,bpm_basketball_reference
Oshae Brissett,2019-20,-5.3,-5.8,0.4,135,19,21,bpm_basketball_reference
Otto Porter Jr.,2019-20,1,0.8,0.2,331,14,26,bpm_basketball_reference
P.J. Tucker,2019-20,-1.9,-2.4,0.6,2467,72,34,bpm_basketball_reference
P.J. Washington,2019-20,-1.6,-1.7,0.1,1759,58,21,bpm_basketball_reference
PJ Dozier,2019-20,-3.8,-2.5,-1.2,412,29,23,bpm_basketball_reference
Pascal Siakam,2019-20,1.8,1.3,0.5,2110,60,25,bpm_basketball_reference
Pat Connaughton,2019-20,0.6,-0.9,1.5,1243,67,27,bpm_basketball_reference
Patrick Beverley,2019-20,2.2,-0.3,2.5,1342,51,31,bpm_basketball_reference
Patrick McCaw,2019-20,-1.8,-3.6,1.8,908,37,24,bpm_basketball_reference
Patrick Patterson,2019-20,0.3,0.8,-0.5,776,59,30,bpm_basketball_reference
Patty Mills,2019-20,0,1.2,-1.2,1485,66,31,bpm_basketball_reference
Paul George,2019-20,4.9,3.8,1.1,1419,48,29,bpm_basketball_reference
Paul Millsap,2019-20,0.1,0.3,-0.2,1240,51,34,bpm_basketball_reference
Paul Watson,2019-20,-0.2,-1.1,0.9,87,10,25,bpm_basketball_reference
Quinn Cook,2019-20,-3.8,-2.3,-1.4,508,44,26,bpm_basketball_reference
Quinndary Weatherspoon,2019-20,-7.4,-6.4,-1,78,11,23,bpm_basketball_reference
RJ Barrett,2019-20,-4.3,-2.9,-1.5,1704,56,19,bpm_basketball_reference
Rajon Rondo,2019-20,-1.4,-1.2,-0.1,984,48,33,bpm_basketball_reference
Raul Neto,2019-20,-1.8,-1.2,-0.6,668,54,27,bpm_basketball_reference
Rayjon Tucker,2019-20,-6.1,-3.8,-2.2,161,20,22,bpm_basketball_reference
Reggie Bullock,2019-20,-3,-2.8,-0.3,684,29,28,bpm_basketball_reference
Reggie Jackson,2019-20,-0.4,0.8,-1.2,743,31,29,bpm_basketball_reference
Richaun Holmes,2019-20,1,0.3,0.7,1242,44,26,bpm_basketball_reference
Ricky Rubio,2019-20,1,0.7,0.2,2016,65,29,bpm_basketball_reference
Robert Covington,2019-20,0,-1.2,1.3,2137,70,29,bpm_basketball_reference
Robert Williams,2019-20,5.1,0.8,4.3,388,29,22,bpm_basketball_reference
Robin Lopez,2019-20,-2.6,-3,0.4,958,66,31,bpm_basketball_reference
Rodions Kurucs,2019-20,-2.8,-3.6,0.9,684,47,21,bpm_basketball_reference
Rodney Hood,2019-20,-0.9,-0.4,-0.5,619,21,27,bpm_basketball_reference
Rodney McGruder,2019-20,-3,-3.7,0.8,871,56,28,bpm_basketball_reference
Romeo Langford,2019-20,-4.9,-4.7,-0.3,370,32,20,bpm_basketball_reference
Rondae Hollis-Jefferson,2019-20,0.3,-1.2,1.5,1122,60,25,bpm_basketball_reference
Royce O'Neale,2019-20,0.9,-1.3,2.2,2049,71,26,bpm_basketball_reference
Rudy Gay,2019-20,-0.8,0,-0.9,1461,67,33,bpm_basketball_reference
Rudy Gobert,2019-20,3.6,1.7,1.9,2333,68,27,bpm_basketball_reference
Rui Hachimura,2019-20,-3.2,-1.2,-2,1444,48,21,bpm_basketball_reference
Russell Westbrook,2019-20,1.5,1.6,-0.1,2049,57,31,bpm_basketball_reference
Ryan Anderson,2019-20,-2.8,-3.3,0.5,14,2,31,bpm_basketball_reference
Ryan Arcidiacono,2019-20,-2.8,-2.7,-0.1,930,58,25,bpm_basketball_reference
Ryan Broekhoff,2019-20,0.8,0.5,0.3,180,17,29,bpm_basketball_reference
Sekou Doumbouya,2019-20,-6.7,-5.2,-1.4,754,38,19,bpm_basketball_reference
Semi Ojeleye,2019-20,-1.7,-2.1,0.4,1011,69,25,bpm_basketball_reference
Serge Ibaka,2019-20,0.1,0.1,0,1485,55,30,bpm_basketball_reference
Seth Curry,2019-20,0.8,1.7,-0.9,1576,64,29,bpm_basketball_reference
Shabazz Napier,2019-20,-1.1,-0.7,-0.4,1344,56,28,bpm_basketball_reference
Shai Gilgeous-Alexander,2019-20,1.7,1.3,0.4,2428,70,21,bpm_basketball_reference
Shake Milton,2019-20,-1,0,-1,805,40,23,bpm_basketball_reference
Shamorie Ponds,2019-20,13.7,8.4,5.3,11,4,21,bpm_basketball_reference
Shaquille Harrison,2019-20,2.8,0.4,2.4,484,43,26,bpm_basketball_reference
Sindarius Thornwell,2019-20,-0.8,0.4,-1.2,35,2,25,bpm_basketball_reference
Skal Labissière,2019-20,-1.3,-1.5,0.2,567,33,23,bpm_basketball_reference
Solomon Hill,2019-20,-1.7,-2,0.3,1088,59,28,bpm_basketball_reference
Spencer Dinwiddie,2019-20,1.8,2.7,-0.9,1994,64,26,bpm_basketball_reference
Stanley Johnson,2019-20,-2.5,-3.9,1.4,150,25,23,bpm_basketball_reference
Stanton Kidd,2019-20,-17.6,-16.2,-1.4,15,4,27,bpm_basketball_reference
Stephen Curry,2019-20,3.9,4.5,-0.6,139,5,31,bpm_basketball_reference
Sterling Brown,2019-20,-2,-3,1,767,52,24,bpm_basketball_reference
Steven Adams,2019-20,2.9,1.9,1.1,1680,63,26,bpm_basketball_reference
Svi Mykhailiuk,2019-20,-1.9,-0.7,-1.2,1265,56,22,bpm_basketball_reference
T.J. Leaf,2019-20,-2.4,-2.5,0.1,222,28,22,bpm_basketball_reference
T.J. McConnell,2019-20,0.5,0.1,0.4,1326,71,27,bpm_basketball_reference
T.J. Warren,2019-20,1.1,1.2,0,2202,67,26,bpm_basketball_reference
Tacko Fall,2019-20,6.5,0.4,6,33,7,24,bpm_basketball_reference
Taj Gibson,2019-20,-1.1,-0.8,-0.3,1025,62,34,bpm_basketball_reference
Talen Horton-Tucker,2019-20,-2.1,-4,2,81,6,19,bpm_basketball_reference
Tariq Owens,2019-20,-5.8,-3.1,-2.7,15,3,24,bpm_basketball_reference
Taurean Prince,2019-20,-2.9,-2.8,-0.1,1857,64,25,bpm_basketball_reference
Terance Mann,2019-20,-1.5,-2.7,1.2,362,41,23,bpm_basketball_reference
Terence Davis,2019-20,0.8,0.1,0.7,1209,72,22,bpm_basketball_reference
Terrance Ferguson,2019-20,-4.5,-4.8,0.3,1257,56,21,bpm_basketball_reference
Terrence Ross,2019-20,-0.4,-0.1,-0.3,1889,69,28,bpm_basketball_reference
Terry Rozier,2019-20,-0.4,0.8,-1.2,2164,63,25,bpm_basketball_reference
Thabo Sefolosha,2019-20,-1.2,-2.9,1.7,436,41,35,bpm_basketball_reference
Thaddeus Young,2019-20,-1.2,-1.4,0.2,1591,64,31,bpm_basketball_reference
Thanasis Antetokounmpo,2019-20,-3.2,-4.6,1.4,129,20,27,bpm_basketball_reference
Theo Pinson,2019-20,-7,-6.8,-0.2,365,33,24,bpm_basketball_reference
Thomas Bryant,2019-20,2.2,2.9,-0.7,1147,46,22,bpm_basketball_reference
Thon Maker,2019-20,-1.4,-2.1,0.7,776,60,22,bpm_basketball_reference
Tim Frazier,2019-20,-4.6,-3,-1.6,355,27,29,bpm_basketball_reference
Tim Hardaway Jr.,2019-20,-0.1,1.2,-1.4,2091,71,27,bpm_basketball_reference
Timothé Luwawu-Cabarrot,2019-20,-2.2,-1.8,-0.5,853,47,24,bpm_basketball_reference
Tobias Harris,2019-20,0.8,1.3,-0.5,2469,72,27,bpm_basketball_reference
Tomáš Satoranský,2019-20,-1.2,-1.1,-0.2,1878,65,28,bpm_basketball_reference
Tony Bradley,2019-20,1.3,1,0.3,663,58,22,bpm_basketball_reference
Tony Snell,2019-20,-1.8,-1.2,-0.6,1641,59,28,bpm_basketball_reference
Torrey Craig,2019-20,-2.3,-2,-0.3,1072,58,29,bpm_basketball_reference
Trae Young,2019-20,3.9,6.2,-2.3,2120,60,21,bpm_basketball_reference
Tremont Waters,2019-20,-7.5,-8.5,1,119,11,22,bpm_basketball_reference
Treveon Graham,2019-20,-5.6,-4.5,-1.1,929,55,26,bpm_basketball_reference
Trevor Ariza,2019-20,-0.5,-1.4,0.9,1493,53,34,bpm_basketball_reference
Trey Burke,2019-20,-0.2,0.8,-1,520,33,27,bpm_basketball_reference
Trey Lyles,2019-20,-1.2,-0.5,-0.7,1271,63,24,bpm_basketball_reference
Tristan Thompson,2019-20,-1.5,-0.2,-1.3,1721,57,28,bpm_basketball_reference
Troy Brown Jr.,2019-20,-1.2,-0.8,-0.4,1782,69,20,bpm_basketball_reference
Troy Daniels,2019-20,-2.9,-1.7,-1.2,532,47,28,bpm_basketball_reference
Ty Jerome,2019-20,-3.7,-3.9,0.1,328,31,22,bpm_basketball_reference
Tyler Cook,2019-20,-0.2,0.3,-0.5,54,13,22,bpm_basketball_reference
Tyler Herro,2019-20,-1.6,-0.4,-1.2,1508,55,20,bpm_basketball_reference
Tyler Johnson,2019-20,-2.9,-2,-0.9,709,39,27,bpm_basketball_reference
Tyler Zeller,2019-20,-22.4,-0.3,-22.1,4,2,30,bpm_basketball_reference
Tyrone Wallace,2019-20,-8.7,-7.8,-1,160,14,25,bpm_basketball_reference
Tyson Chandler,2019-20,-1.5,-2.6,1.1,219,26,37,bpm_basketball_reference
Tyus Jones,2019-20,0.6,0.4,0.2,1232,65,23,bpm_basketball_reference
Udonis Haslem,2019-20,-7.4,-5.8,-1.6,44,4,39,bpm_basketball_reference
Vic Law,2019-20,-9.6,-7,-2.6,62,8,24,bpm_basketball_reference
Victor Oladipo,2019-20,-3.3,-2.2,-1.1,528,19,27,bpm_basketball_reference
Vince Carter,2019-20,-4.3,-3.1,-1.2,876,60,43,bpm_basketball_reference
Vincent Poirier,2019-20,-3.8,-4.8,1,130,22,26,bpm_basketball_reference
Vlatko Čančar,2019-20,-4.8,-3.6,-1.2,45,14,22,bpm_basketball_reference
Wayne Ellington,2019-20,-2.9,-1.9,-1,558,36,32,bpm_basketball_reference
Wendell Carter Jr.,2019-20,-2.4,-2.1,-0.3,1256,43,20,bpm_basketball_reference
Wenyen Gabriel,2019-20,-3.8,-3.7,-0.1,235,30,22,bpm_basketball_reference
Wes Iwundu,2019-20,-2.6,-2.7,0,953,52,25,bpm_basketball_reference
Wesley Matthews,2019-20,-1.8,-2.6,0.7,1635,67,33,bpm_basketball_reference
Will Barton,2019-20,1.1,1.2,-0.2,1916,58,29,bpm_basketball_reference
William Howard,2019-20,-19.6,-14.2,-5.4,13,2,26,bpm_basketball_reference
Willie Cauley-Stein,2019-20,0.5,-1.2,1.7,1097,54,26,bpm_basketball_reference
Willy Hernangómez,2019-20,0.1,0.6,-0.5,375,31,25,bpm_basketball_reference
Wilson Chandler,2019-20,-2.7,-3.7,1,734,35,32,bpm_basketball_reference
Yogi Ferrell,2019-20,-1.8,-1.5,-0.3,530,50,26,bpm_basketball_reference
Yuta Watanabe,2019-20,-1.7,-2.4,0.7,105,18,25,bpm_basketball_reference
Zach Collins,2019-20,-3.1,-1.7,-1.4,290,11,22,bpm_basketball_reference
Zach LaVine,2019-20,2.5,3.3,-0.8,2085,60,24,bpm_basketball_reference
Zach Norvell,2019-20,-8.4,-7.1,-1.2,41,5,22,bpm_basketball_reference
Zhaire Smith,2019-20,-9.8,-10.2,0.4,32,7,20,bpm_basketball_reference
Zion Williamson,2019-20,2.1,3.5,-1.4,668,24,19,bpm_basketball_reference
Zylan Cheatham,2019-20,-7.2,-6.6,-0.5,51,4,24,bpm_basketball_reference
Aaron Gordon,2020-21,0.1,0.2,-0.1,1384,50,25,bpm_basketball_reference
Aaron Holiday,2020-21,-4.2,-3.3,-0.9,1176,66,24,bpm_basketball_reference
Aaron Nesmith,2020-21,-3.2,-2.8,-0.4,669,46,21,bpm_basketball_reference
Abdel Nader,2020-21,0,-1,1,355,24,27,bpm_basketball_reference
Adam Mokoka,2020-21,-9.3,-7.7,-1.6,56,14,22,bpm_basketball_reference
Al Horford,2020-21,3.4,2,1.4,782,28,34,bpm_basketball_reference
Al-Farouq Aminu,2020-21,-3.8,-4.9,1.1,434,23,30,bpm_basketball_reference
Alec Burks,2020-21,1.5,0.9,0.6,1255,49,29,bpm_basketball_reference
Aleksej Pokusevski,2020-21,-6.1,-5.1,-1,1090,45,19,bpm_basketball_reference
Alen Smailagić,2020-21,-5.3,-4.9,-0.4,84,15,20,bpm_basketball_reference
Alex Caruso,2020-21,0,-2.5,2.5,1216,58,26,bpm_basketball_reference
Alex Len,2020-21,-0.1,-1.2,1,979,64,27,bpm_basketball_reference
Alfonzo McKinnie,2020-21,-0.4,0.3,-0.8,258,39,28,bpm_basketball_reference
Alize Johnson,2020-21,2.7,2.7,0,189,18,24,bpm_basketball_reference
Amida Brimah,2020-21,-4.8,-6.2,1.4,29,5,26,bpm_basketball_reference
Amir Coffey,2020-21,-2,-1.9,-0.1,394,44,23,bpm_basketball_reference
Anderson Varejão,2020-21,-7.1,-3.7,-3.3,36,5,38,bpm_basketball_reference
Andre Drummond,2020-21,-1.2,-1.7,0.5,1242,46,27,bpm_basketball_reference
Andre Iguodala,2020-21,-0.4,-2.2,1.8,1339,63,37,bpm_basketball_reference
Andre Roberson,2020-21,-6.1,-5.2,-0.9,63,5,29,bpm_basketball_reference
Andrew Wiggins,2020-21,-0.4,0,-0.4,2364,71,25,bpm_basketball_reference
Anfernee Simons,2020-21,-1,0.6,-1.6,1104,64,21,bpm_basketball_reference
Anthony Davis,2020-21,4.8,2.6,2.2,1162,36,27,bpm_basketball_reference
Anthony Edwards,2020-21,-2.1,-0.4,-1.7,2314,72,19,bpm_basketball_reference
Anthony Gill,2020-21,-1.3,-1.6,0.3,218,26,28,bpm_basketball_reference
Anthony Lamb,2020-21,-6.1,-3.4,-2.7,415,24,23,bpm_basketball_reference
Anthony Tolliver,2020-21,-7,-5.6,-1.5,99,11,35,bpm_basketball_reference
Anžejs Pasečņiks,2020-21,-46.6,-40.7,-5.9,6,1,25,bpm_basketball_reference
Armoni Brooks,2020-21,-3.2,-1.1,-2.1,520,20,22,bpm_basketball_reference
Aron Baynes,2020-21,-4.5,-3.4,-1.1,980,53,34,bpm_basketball_reference
Ashton Hagans,2020-21,-21.1,-13.7,-7.4,4,2,21,bpm_basketball_reference
Austin Rivers,2020-21,-1.9,-2.2,0.3,845,36,28,bpm_basketball_reference
Avery Bradley,2020-21,-5.4,-4.9,-0.5,602,27,30,bpm_basketball_reference
Axel Toupane,2020-21,-3,-4.1,1.1,61,8,28,bpm_basketball_reference
Bam Adebayo,2020-21,4.9,2.9,2,2143,64,23,bpm_basketball_reference
Ben McLemore,2020-21,-3.9,-2.7,-1.2,905,53,27,bpm_basketball_reference
Ben Simmons,2020-21,2.9,0.7,2.2,1877,58,24,bpm_basketball_reference
Bismack Biyombo,2020-21,-3,-3.4,0.4,1349,66,28,bpm_basketball_reference
Blake Griffin,2020-21,-0.8,-0.8,0,1186,46,31,bpm_basketball_reference
Boban Marjanović,2020-21,-0.8,1.9,-2.6,271,33,32,bpm_basketball_reference
Bobby Portis,2020-21,1.5,1.8,-0.4,1372,66,25,bpm_basketball_reference
Bogdan Bogdanović,2020-21,3.6,3.3,0.3,1305,44,28,bpm_basketball_reference
Bojan Bogdanović,2020-21,-0.4,0.2,-0.7,2216,72,31,bpm_basketball_reference
Bol Bol,2020-21,-4.1,-3.8,-0.3,160,32,21,bpm_basketball_reference
Brad Wanamaker,2020-21,-4,-4.4,0.3,1053,61,31,bpm_basketball_reference
Bradley Beal,2020-21,3.4,4.8,-1.4,2147,60,27,bpm_basketball_reference
Brandon Clarke,2020-21,1.5,0.4,1.2,1415,59,24,bpm_basketball_reference
Brandon Goodwin,2020-21,-3.1,-2.5,-0.6,620,47,25,bpm_basketball_reference
Brandon Ingram,2020-21,2.2,3.3,-1.1,2093,61,23,bpm_basketball_reference
Brian Bowen,2020-21,-11,-8.1,-2.9,15,6,22,bpm_basketball_reference
Brodric Thomas,2020-21,-4.4,-4.7,0.3,399,32,24,bpm_basketball_reference
Brook Lopez,2020-21,0,0,0,1902,70,32,bpm_basketball_reference
Bruce Brown,2020-21,-0.1,-0.4,0.2,1451,65,24,bpm_basketball_reference
Bruno Caboclo,2020-21,-10.1,-8.4,-1.7,36,6,25,bpm_basketball_reference
Bruno Fernando,2020-21,-6.5,-6.1,-0.4,226,33,22,bpm_basketball_reference
Bryn Forbes,2020-21,-1.3,0.4,-1.7,1354,70,27,bpm_basketball_reference
Buddy Hield,2020-21,-0.6,1,-1.6,2433,71,28,bpm_basketball_reference
CJ Elleby,2020-21,-4.9,-4,-0.9,192,30,20,bpm_basketball_reference
CJ McCollum,2020-21,3.9,5,-1.1,1600,47,29,bpm_basketball_reference
Caleb Martin,2020-21,-3.4,-3.6,0.2,818,53,25,bpm_basketball_reference
Cam Reddish,2020-21,-3.2,-3.3,0.1,750,26,21,bpm_basketball_reference
Cameron Johnson,2020-21,-0.2,0,-0.2,1437,60,24,bpm_basketball_reference
Cameron Oliver,2020-21,-2,-1,-1,87,4,24,bpm_basketball_reference
Cameron Payne,2020-21,3.1,2.1,1,1079,60,26,bpm_basketball_reference
Cameron Reynolds,2020-21,-8.1,-3.5,-4.6,40,5,25,bpm_basketball_reference
Caris LeVert,2020-21,0.4,0.9,-0.5,1486,47,26,bpm_basketball_reference
Carmelo Anthony,2020-21,-1.1,0.2,-1.3,1690,69,36,bpm_basketball_reference
Carsen Edwards,2020-21,-4.5,-3.2,-1.3,276,31,22,bpm_basketball_reference
Cassius Stanley,2020-21,-11.2,-7.2,-4,93,24,21,bpm_basketball_reference
Cassius Winston,2020-21,-3.2,-2.1,-1.1,98,22,22,bpm_basketball_reference
Cedi Osman,2020-21,-3.2,-2.3,-0.9,1510,59,25,bpm_basketball_reference
Chandler Hutchison,2020-21,-5.6,-5.7,0.2,346,25,24,bpm_basketball_reference
Charlie Brown Jr.,2020-21,-8.7,-7.4,-1.3,152,9,23,bpm_basketball_reference
Chasson Randle,2020-21,-5.9,-4.8,-1.1,837,41,27,bpm_basketball_reference
Chimezie Metu,2020-21,-3.6,-2.2,-1.3,488,36,23,bpm_basketball_reference
Chris Boucher,2020-21,3.3,2.7,0.6,1453,60,28,bpm_basketball_reference
Chris Chiozza,2020-21,-0.7,-0.1,-0.6,232,22,25,bpm_basketball_reference
Chris Paul,2020-21,4.6,3.5,1.1,2199,70,35,bpm_basketball_reference
Chris Silva,2020-21,-5.5,-6.7,1.1,92,15,24,bpm_basketball_reference
Christian Wood,2020-21,1.4,1.7,-0.3,1326,41,25,bpm_basketball_reference
Chuma Okeke,2020-21,-1.5,-1.9,0.5,1133,45,22,bpm_basketball_reference
Clint Capela,2020-21,2.7,2.7,0,1898,63,26,bpm_basketball_reference
Coby White,2020-21,-2.4,-1.2,-1.2,2156,69,20,bpm_basketball_reference
Cody Martin,2020-21,-2,-2.7,0.7,849,52,25,bpm_basketball_reference
Cody Zeller,2020-21,-0.5,-0.2,-0.2,1005,48,28,bpm_basketball_reference
Cole Anthony,2020-21,-3.3,-1.9,-1.4,1273,47,20,bpm_basketball_reference
Collin Sexton,2020-21,-0.2,1.8,-1.9,2115,60,22,bpm_basketball_reference
Cory Joseph,2020-21,-1.8,-1.8,0,1446,63,29,bpm_basketball_reference
Cristiano Felício,2020-21,0.1,-1.1,1.2,84,18,28,bpm_basketball_reference
D'Angelo Russell,2020-21,1.6,3.3,-1.7,1196,42,24,bpm_basketball_reference
D.J. Augustin,2020-21,-2.1,-0.6,-1.5,1129,57,33,bpm_basketball_reference
D.J. Wilson,2020-21,-3.3,-2.7,-0.6,433,35,24,bpm_basketball_reference
DaQuan Jeffries,2020-21,-4.7,-3.6,-1.1,493,31,23,bpm_basketball_reference
Dakota Mathias,2020-21,-2.6,-1.5,-1,123,8,25,bpm_basketball_reference
Damian Jones,2020-21,-1.4,-2.2,0.8,547,39,25,bpm_basketball_reference
Damian Lillard,2020-21,6.3,7.5,-1.3,2398,67,30,bpm_basketball_reference
Damion Lee,2020-21,0.2,-0.7,0.9,1079,57,28,bpm_basketball_reference
Damyean Dotson,2020-21,-4.8,-3.4,-1.4,907,46,26,bpm_basketball_reference
Daniel Gafford,2020-21,2.2,0.6,1.6,791,54,22,bpm_basketball_reference
Daniel Oturu,2020-21,-5.2,-4.1,-1.1,161,30,21,bpm_basketball_reference
Daniel Theis,2020-21,0,-0.7,0.7,1601,65,28,bpm_basketball_reference
Danilo Gallinari,2020-21,1.1,1.7,-0.6,1222,51,32,bpm_basketball_reference
Danny Green,2020-21,1.9,0.4,1.5,1934,69,33,bpm_basketball_reference
Danté Exum,2020-21,-3.8,-5.4,1.6,116,6,25,bpm_basketball_reference
Danuel House Jr.,2020-21,-3.5,-2.8,-0.7,932,36,27,bpm_basketball_reference
Dario Šarić,2020-21,-2,-1.4,-0.6,871,50,26,bpm_basketball_reference
Darius Bazley,2020-21,-4.4,-3.1,-1.3,1714,55,20,bpm_basketball_reference
Darius Garland,2020-21,-2.1,0,-2.1,1790,54,21,bpm_basketball_reference
Darius Miller,2020-21,3.6,0.8,2.7,197,18,30,bpm_basketball_reference
David Nwaba,2020-21,-0.8,-1.4,0.6,679,30,28,bpm_basketball_reference
De'Aaron Fox,2020-21,1.8,3.1,-1.3,2036,58,23,bpm_basketball_reference
De'Andre Hunter,2020-21,1.2,0.6,0.6,678,23,23,bpm_basketball_reference
De'Anthony Melton,2020-21,2.3,0.6,1.7,1045,52,22,bpm_basketball_reference
DeAndre Jordan,2020-21,1,0.1,1,1246,57,32,bpm_basketball_reference
DeAndre' Bembry,2020-21,-1.9,-3.2,1.4,972,51,26,bpm_basketball_reference
DeMar DeRozan,2020-21,3.1,3.2,-0.1,2056,61,31,bpm_basketball_reference
DeMarcus Cousins,2020-21,0.4,-1.2,1.6,713,41,30,bpm_basketball_reference
Dean Wade,2020-21,-1.3,-1.1,-0.1,1212,63,24,bpm_basketball_reference
Deandre Ayton,2020-21,1.2,1.1,0.1,2115,69,22,bpm_basketball_reference
Deividas Sirvydis,2020-21,-5.4,-4.2,-1.2,133,20,20,bpm_basketball_reference
Dejounte Murray,2020-21,0.8,-0.2,1,2139,67,24,bpm_basketball_reference
Delon Wright,2020-21,2.2,0.6,1.5,1748,63,28,bpm_basketball_reference
Deni Avdija,2020-21,-3.1,-3.6,0.4,1257,54,20,bpm_basketball_reference
Dennis Schröder,2020-21,-1.1,-1.3,0.2,1956,61,27,bpm_basketball_reference
Dennis Smith Jr.,2020-21,0.4,-1.1,1.5,420,23,23,bpm_basketball_reference
Denzel Valentine,2020-21,-2.7,-2.2,-0.4,1036,62,27,bpm_basketball_reference
Derrick Favors,2020-21,2.6,0.3,2.4,1039,68,29,bpm_basketball_reference
Derrick Jones Jr.,2020-21,-1.4,-1.4,0,1318,58,23,bpm_basketball_reference
Derrick Rose,2020-21,1.9,1.6,0.3,1279,50,32,bpm_basketball_reference
Derrick White,2020-21,1.3,1.3,0,1064,36,26,bpm_basketball_reference
Desmond Bane,2020-21,-0.8,-0.6,-0.2,1519,68,22,bpm_basketball_reference
Devin Booker,2020-21,0.3,1.7,-1.4,2270,67,24,bpm_basketball_reference
Devin Cannady,2020-21,-3.1,-4,1,74,8,24,bpm_basketball_reference
Devin Vassell,2020-21,-1.5,-2.2,0.7,1056,62,20,bpm_basketball_reference
Devon Dotson,2020-21,2.1,-0.1,2.2,50,11,21,bpm_basketball_reference
Devontae Cacok,2020-21,-1,-1.5,0.4,98,20,24,bpm_basketball_reference
Devonte' Graham,2020-21,0.7,1.8,-1.1,1659,55,25,bpm_basketball_reference
Dewayne Dedmon,2020-21,1.7,1.2,0.5,210,16,31,bpm_basketball_reference
Didi Louzada,2020-21,-9.6,-7.8,-1.8,56,3,21,bpm_basketball_reference
Dillon Brooks,2020-21,-3.7,-2.6,-1.1,1997,67,25,bpm_basketball_reference
Domantas Sabonis,2020-21,3.8,2.3,1.6,2231,62,24,bpm_basketball_reference
Donovan Mitchell,2020-21,4.3,4.6,-0.2,1771,53,24,bpm_basketball_reference
Donta Hall,2020-21,1.6,0.9,0.6,179,13,23,bpm_basketball_reference
Donte DiVincenzo,2020-21,0.2,-0.2,0.4,1814,66,24,bpm_basketball_reference
Dorian Finney-Smith,2020-21,0.1,0.2,0,1921,60,27,bpm_basketball_reference
Doug McDermott,2020-21,-0.6,1.4,-2,1619,66,29,bpm_basketball_reference
Draymond Green,2020-21,1.7,-1.6,3.3,1982,63,30,bpm_basketball_reference
Drew Eubanks,2020-21,0,-1,1,755,54,23,bpm_basketball_reference
Duncan Robinson,2020-21,-1,-0.2,-0.8,2262,72,26,bpm_basketball_reference
Dwayne Bacon,2020-21,-5.1,-3.7,-1.4,1853,72,25,bpm_basketball_reference
Dwight Howard,2020-21,-1.5,-2.1,0.6,1196,69,35,bpm_basketball_reference
Dwight Powell,2020-21,0.6,-0.7,1.3,966,58,29,bpm_basketball_reference
Dylan Windler,2020-21,-1.7,-2,0.3,513,31,24,bpm_basketball_reference
Dāvis Bertāns,2020-21,-0.8,0.3,-1.1,1464,57,28,bpm_basketball_reference
E'Twaun Moore,2020-21,-2.9,-3.1,0.2,389,27,31,bpm_basketball_reference
Ed Davis,2020-21,-2.2,-3.3,1.1,299,23,31,bpm_basketball_reference
Edmond Sumner,2020-21,-2.8,-2.3,-0.5,861,53,25,bpm_basketball_reference
Elfrid Payton,2020-21,-3,-2.9,-0.1,1484,63,26,bpm_basketball_reference
Elijah Bryant,2020-21,-7.3,-3.9,-3.4,32,1,25,bpm_basketball_reference
Elijah Hughes,2020-21,-2.8,-1.4,-1.3,64,18,22,bpm_basketball_reference
Enes Freedom,2020-21,0.6,2.1,-1.4,1758,72,28,bpm_basketball_reference
Eric Bledsoe,2020-21,-2,-1.2,-0.9,2111,71,31,bpm_basketball_reference
Eric Gordon,2020-21,-1,0.7,-1.7,789,27,32,bpm_basketball_reference
Eric Paschall,2020-21,-2.7,-1.8,-0.9,695,40,24,bpm_basketball_reference
Ersan İlyasova,2020-21,-0.9,-2.5,1.7,148,17,33,bpm_basketball_reference
Evan Fournier,2020-21,1.1,1.5,-0.4,1259,42,28,bpm_basketball_reference
Facundo Campazzo,2020-21,-0.6,-1.7,1.2,1425,65,29,bpm_basketball_reference
Frank Jackson,2020-21,-1.7,-0.1,-1.6,738,40,22,bpm_basketball_reference
Frank Kaminsky,2020-21,1.3,0.4,0.8,715,47,27,bpm_basketball_reference
Frank Mason III,2020-21,-7.7,-5.2,-2.4,79,4,26,bpm_basketball_reference
Frank Ntilikina,2020-21,-1.7,-4.2,2.5,322,33,22,bpm_basketball_reference
Fred VanVleet,2020-21,2.5,2.2,0.2,1899,52,26,bpm_basketball_reference
Freddie Gillespie,2020-21,-3.2,-3.1,-0.1,392,20,23,bpm_basketball_reference
Furkan Korkmaz,2020-21,-0.1,-0.3,0.2,1062,55,23,bpm_basketball_reference
Gabe Vincent,2020-21,-5.4,-4.5,-0.9,655,50,24,bpm_basketball_reference
Gabriel Deck,2020-21,-0.4,0,-0.4,212,10,25,bpm_basketball_reference
Garrett Temple,2020-21,-3,-3.3,0.3,1528,56,34,bpm_basketball_reference
Garrison Mathews,2020-21,-1.8,-1.7,-0.1,1038,64,24,bpm_basketball_reference
Gary Clark,2020-21,-4.9,-4.2,-0.7,654,39,26,bpm_basketball_reference
Gary Harris,2020-21,-4.2,-2.8,-1.3,1080,39,26,bpm_basketball_reference
Gary Payton II,2020-21,9.2,1,8.2,40,10,28,bpm_basketball_reference
Gary Trent Jr.,2020-21,-2.3,-0.5,-1.7,1802,58,22,bpm_basketball_reference
George Hill,2020-21,-1.2,-1,-0.2,672,30,34,bpm_basketball_reference
Georges Niang,2020-21,-0.3,-0.4,0.1,1154,72,27,bpm_basketball_reference
Giannis Antetokounmpo,2020-21,9,6.2,2.8,2013,61,26,bpm_basketball_reference
Glenn Robinson III,2020-21,-4,-1.9,-2.2,369,23,27,bpm_basketball_reference
Goga Bitadze,2020-21,-1,-2,1,561,45,21,bpm_basketball_reference
Goran Dragić,2020-21,-2.3,-1.1,-1.3,1337,50,34,bpm_basketball_reference
Gordon Hayward,2020-21,1.6,1.6,-0.1,1496,44,30,bpm_basketball_reference
Gorgui Dieng,2020-21,3.4,1.8,1.5,552,38,31,bpm_basketball_reference
Grant Riller,2020-21,5.1,4.6,0.5,27,7,23,bpm_basketball_reference
Grant Williams,2020-21,-3.7,-4,0.3,1138,63,22,bpm_basketball_reference
Grayson Allen,2020-21,-0.2,-0.2,0.1,1259,50,25,bpm_basketball_reference
Greg Whittington,2020-21,-17.2,-11.4,-5.7,12,4,27,bpm_basketball_reference
Hamidou Diallo,2020-21,-2.1,-2.2,0.1,1226,52,22,bpm_basketball_reference
Harrison Barnes,2020-21,0.2,1.5,-1.3,2102,58,28,bpm_basketball_reference
Harry Giles,2020-21,-2.9,-3.2,0.2,348,38,22,bpm_basketball_reference
Hassan Whiteside,2020-21,-2.2,-1.8,-0.4,546,36,31,bpm_basketball_reference
Henry Ellenson,2020-21,-1.8,-1.7,-0.1,38,2,24,bpm_basketball_reference
Ignas Brazdeikis,2020-21,-5.3,-3.2,-2.1,249,13,22,bpm_basketball_reference
Iman Shumpert,2020-21,-12.6,-10.4,-2.2,11,2,30,bpm_basketball_reference
Immanuel Quickley,2020-21,0.9,1.4,-0.5,1243,64,21,bpm_basketball_reference
Isaac Bonga,2020-21,-5.8,-5.8,0,432,40,21,bpm_basketball_reference
Isaac Okoro,2020-21,-5.1,-4.2,-0.9,2173,67,20,bpm_basketball_reference
Isaiah Hartenstein,2020-21,-0.9,-2.4,1.5,559,46,22,bpm_basketball_reference
Isaiah Joe,2020-21,-3,-2,-1,383,41,21,bpm_basketball_reference
Isaiah Roby,2020-21,-3.3,-3.7,0.4,1425,61,22,bpm_basketball_reference
Isaiah Stewart,2020-21,-1.1,-1.6,0.5,1455,68,19,bpm_basketball_reference
Isaiah Thomas,2020-21,-13.1,-7.8,-5.2,48,3,31,bpm_basketball_reference
Ish Smith,2020-21,-1.5,-2.1,0.5,924,44,32,bpm_basketball_reference
Ivica Zubac,2020-21,1,0.6,0.4,1609,72,23,bpm_basketball_reference
JJ Redick,2020-21,-3.5,-1.4,-2.1,723,44,36,bpm_basketball_reference
Ja Morant,2020-21,-0.4,1.3,-1.6,2053,63,21,bpm_basketball_reference
JaKarr Sampson,2020-21,-7.5,-5.2,-2.3,316,29,27,bpm_basketball_reference
JaMychal Green,2020-21,-1.5,-0.5,-1,1120,58,30,bpm_basketball_reference
JaVale McGee,2020-21,-2.5,-3.3,0.8,678,46,33,bpm_basketball_reference
Jabari Parker,2020-21,-0.9,-0.9,0,165,13,25,bpm_basketball_reference
Jaden McDaniels,2020-21,-3.5,-3.3,-0.2,1511,63,20,bpm_basketball_reference
Jae Crowder,2020-21,1.1,0.3,0.8,1648,60,30,bpm_basketball_reference
Jae'Sean Tate,2020-21,-1.4,-1.6,0.3,2043,70,25,bpm_basketball_reference
Jahlil Okafor,2020-21,-3.2,-2.5,-0.7,347,27,25,bpm_basketball_reference
Jahmi'us Ramsey,2020-21,-4.5,-3.1,-1.4,94,13,19,bpm_basketball_reference
Jake Layman,2020-21,-2.1,-2.2,0.2,627,45,26,bpm_basketball_reference
Jakob Poeltl,2020-21,0.8,-0.5,1.2,1845,69,25,bpm_basketball_reference
Jalen Brunson,2020-21,0.9,1.5,-0.6,1697,68,24,bpm_basketball_reference
Jalen Harris,2020-21,0.3,0.5,-0.3,172,13,22,bpm_basketball_reference
Jalen Lecque,2020-21,-13,-6.6,-6.3,12,4,20,bpm_basketball_reference
Jalen McDaniels,2020-21,-3.2,-2.8,-0.4,904,47,23,bpm_basketball_reference
Jalen Smith,2020-21,-6.1,-4.8,-1.3,156,27,20,bpm_basketball_reference
Jamal Murray,2020-21,2,2.7,-0.7,1704,48,23,bpm_basketball_reference
James Ennis III,2020-21,-2.2,-1.9,-0.3,986,41,30,bpm_basketball_reference
James Harden,2020-21,7.2,6.2,1,1609,44,31,bpm_basketball_reference
James Johnson,2020-21,-1.2,-2.7,1.5,1043,51,33,bpm_basketball_reference
James Nunnally,2020-21,-2.7,-0.9,-1.8,48,9,30,bpm_basketball_reference
James Wiseman,2020-21,-5,-4,-1,836,39,19,bpm_basketball_reference
Jared Dudley,2020-21,-3.5,-4.4,0.9,81,12,35,bpm_basketball_reference
Jared Harper,2020-21,-22.1,-16.6,-5.5,16,8,23,bpm_basketball_reference
Jaren Jackson Jr.,2020-21,0.1,-0.7,0.7,258,11,21,bpm_basketball_reference
Jarred Vanderbilt,2020-21,-0.1,-1.4,1.4,1139,64,21,bpm_basketball_reference
Jarrell Brantley,2020-21,2.2,0.6,1.6,138,28,24,bpm_basketball_reference
Jarrett Allen,2020-21,1.1,1.3,-0.2,1864,63,22,bpm_basketball_reference
Jarrett Culver,2020-21,-5.6,-4.5,-1.1,499,34,21,bpm_basketball_reference
Javonte Green,2020-21,-0.5,-2.2,1.7,473,41,27,bpm_basketball_reference
Jaxson Hayes,2020-21,0.6,0.6,0,964,60,20,bpm_basketball_reference
Jay Scrubb,2020-21,-10.9,-8.1,-2.8,84,4,20,bpm_basketball_reference
Jaylen Adams,2020-21,-19.8,-15.1,-4.6,18,7,24,bpm_basketball_reference
Jaylen Brown,2020-21,2.5,3.2,-0.7,1999,58,24,bpm_basketball_reference
Jaylen Hoard,2020-21,-2.5,-2.2,-0.3,320,19,21,bpm_basketball_reference
Jaylen Nowell,2020-21,-2.8,-1.5,-1.4,759,42,21,bpm_basketball_reference
Jayson Tatum,2020-21,3.9,4.2,-0.3,2290,64,22,bpm_basketball_reference
Jeff Green,2020-21,-0.8,0,-0.9,1835,68,34,bpm_basketball_reference
Jeff Teague,2020-21,-2.2,-1.7,-0.5,950,55,32,bpm_basketball_reference
Jerami Grant,2020-21,1.1,1.9,-0.8,1829,54,26,bpm_basketball_reference
Jeremiah Martin,2020-21,-9.5,-8.3,-1.1,75,9,24,bpm_basketball_reference
Jeremy Lamb,2020-21,1.4,0.7,0.7,765,36,28,bpm_basketball_reference
Jerome Robinson,2020-21,-7,-6.9,-0.1,305,17,23,bpm_basketball_reference
Jevon Carter,2020-21,0.5,-0.4,0.9,717,60,25,bpm_basketball_reference
Jimmy Butler,2020-21,7.7,5.4,2.3,1745,52,31,bpm_basketball_reference
Joe Harris,2020-21,0.4,1.6,-1.2,2141,69,29,bpm_basketball_reference
Joe Ingles,2020-21,3.5,2.6,0.9,1867,67,33,bpm_basketball_reference
Joel Embiid,2020-21,7.5,6.3,1.2,1585,51,26,bpm_basketball_reference
John Collins,2020-21,2.3,2.5,-0.2,1848,63,23,bpm_basketball_reference
John Konchar,2020-21,1.2,-0.2,1.4,575,43,24,bpm_basketball_reference
John Wall,2020-21,-0.7,1.2,-1.9,1288,40,30,bpm_basketball_reference
Jonas Valančiūnas,2020-21,3,3.2,-0.3,1755,62,28,bpm_basketball_reference
Jontay Porter,2020-21,-6.5,-6.8,0.3,54,11,21,bpm_basketball_reference
Jordan Bell,2020-21,-5.8,-5.9,0.1,82,6,26,bpm_basketball_reference
Jordan Bone,2020-21,-4.2,-3,-1.2,196,14,23,bpm_basketball_reference
Jordan Clarkson,2020-21,1.4,1.8,-0.4,1818,68,28,bpm_basketball_reference
Jordan McLaughlin,2020-21,-1.7,-2,0.2,938,51,24,bpm_basketball_reference
Jordan Nwora,2020-21,-1.1,-0.7,-0.4,274,30,22,bpm_basketball_reference
Jordan Poole,2020-21,-0.5,0.7,-1.2,988,51,21,bpm_basketball_reference
Josh Green,2020-21,-3.6,-3.7,0.1,445,39,20,bpm_basketball_reference
Josh Hall,2020-21,-11.9,-9.7,-2.2,336,21,20,bpm_basketball_reference
Josh Hart,2020-21,-0.8,-1.1,0.3,1349,47,25,bpm_basketball_reference
Josh Jackson,2020-21,-3,-2.5,-0.5,1560,62,23,bpm_basketball_reference
Josh Okogie,2020-21,-3.3,-3.7,0.3,1197,59,22,bpm_basketball_reference
Josh Richardson,2020-21,-1.7,-1.5,-0.2,1790,59,27,bpm_basketball_reference
Jrue Holiday,2020-21,3.4,2.8,0.6,1907,59,30,bpm_basketball_reference
Juan Toscano-Anderson,2020-21,0.8,-1.4,2.2,1107,53,27,bpm_basketball_reference
Juancho Hernangómez,2020-21,-2.9,-1.1,-1.8,900,52,25,bpm_basketball_reference
Julius Randle,2020-21,3.8,2.9,0.9,2667,71,26,bpm_basketball_reference
Justin Holiday,2020-21,-1,-0.9,-0.1,2183,72,31,bpm_basketball_reference
Justin Jackson,2020-21,-3.5,-2.3,-1.2,577,34,25,bpm_basketball_reference
Justin James,2020-21,-4.3,-2,-2.3,310,36,24,bpm_basketball_reference
Justin Patton,2020-21,-2.2,-3.6,1.4,247,13,23,bpm_basketball_reference
Justin Robinson,2020-21,-6.8,-5.8,-1,88,9,23,bpm_basketball_reference
Justise Winslow,2020-21,-6,-6.2,0.2,507,26,24,bpm_basketball_reference
Jusuf Nurkić,2020-21,2.5,0.7,1.8,880,37,26,bpm_basketball_reference
Juwan Morgan,2020-21,-2.3,-3.5,1.2,147,29,23,bpm_basketball_reference
KJ Martin,2020-21,-1.8,-1.4,-0.4,1068,45,20,bpm_basketball_reference
KZ Okpala,2020-21,-7.1,-6.5,-0.6,447,37,21,bpm_basketball_reference
Karim Mané,2020-21,-9.9,-9.1,-0.8,88,10,20,bpm_basketball_reference
Karl-Anthony Towns,2020-21,4.5,4.3,0.2,1689,50,25,bpm_basketball_reference
Kawhi Leonard,2020-21,7.3,6,1.3,1773,52,29,bpm_basketball_reference
Keita Bates-Diop,2020-21,-1.9,-2.3,0.4,245,30,25,bpm_basketball_reference
Kelan Martin,2020-21,-2.4,-1.1,-1.3,322,35,25,bpm_basketball_reference
Keldon Johnson,2020-21,-1.6,-0.9,-0.7,1968,69,21,bpm_basketball_reference
Keljin Blevins,2020-21,-10.7,-8.3,-2.3,75,17,25,bpm_basketball_reference
Kelly Olynyk,2020-21,1.2,0.3,0.9,1997,70,29,bpm_basketball_reference
Kelly Oubre Jr.,2020-21,-1.9,-1.4,-0.5,1687,55,25,bpm_basketball_reference
Kemba Walker,2020-21,2.1,2.8,-0.7,1369,43,30,bpm_basketball_reference
Kendrick Nunn,2020-21,-0.5,-0.1,-0.4,1650,56,25,bpm_basketball_reference
Kenrich Williams,2020-21,-0.7,-1.2,0.5,1426,66,26,bpm_basketball_reference
Kent Bazemore,2020-21,-1.2,-2.9,1.7,1333,67,31,bpm_basketball_reference
Kentavious Caldwell-Pope,2020-21,-0.5,-1.6,1,1902,67,27,bpm_basketball_reference
Kevin Durant,2020-21,7.2,6.4,0.8,1157,35,32,bpm_basketball_reference
Kevin Huerter,2020-21,-0.3,-0.6,0.4,2126,69,22,bpm_basketball_reference
Kevin Knox,2020-21,-1.4,-1.7,0.4,464,42,21,bpm_basketball_reference
Kevin Love,2020-21,-0.1,0.9,-0.9,622,25,32,bpm_basketball_reference
Kevin Porter Jr.,2020-21,-3.5,-1.1,-2.4,835,26,20,bpm_basketball_reference
Kevon Looney,2020-21,-0.9,-1.8,1,1161,61,24,bpm_basketball_reference
Khem Birch,2020-21,-1,-1,0.1,1529,67,28,bpm_basketball_reference
Khris Middleton,2020-21,1.3,1.7,-0.3,2269,68,29,bpm_basketball_reference
Khyri Thomas,2020-21,2.4,2.5,-0.1,153,5,24,bpm_basketball_reference
Killian Hayes,2020-21,-7.2,-6.3,-0.9,670,26,19,bpm_basketball_reference
Killian Tillie,2020-21,-3.7,-3.4,-0.3,182,18,22,bpm_basketball_reference
Kira Lewis Jr.,2020-21,-3.4,-3.2,-0.2,904,54,19,bpm_basketball_reference
Kostas Antetokounmpo,2020-21,-12.6,-13.3,0.8,56,15,23,bpm_basketball_reference
Kris Dunn,2020-21,-13.7,-13.7,-0.1,45,4,26,bpm_basketball_reference
Kristaps Porziņģis,2020-21,2.2,3,-0.8,1327,43,25,bpm_basketball_reference
Kyle Anderson,2020-21,3.3,1.4,1.9,1887,69,27,bpm_basketball_reference
Kyle Guy,2020-21,-5.8,-3.7,-2.1,235,31,23,bpm_basketball_reference
Kyle Kuzma,2020-21,-0.4,-0.4,-0.1,1954,68,25,bpm_basketball_reference
Kyle Lowry,2020-21,1.6,2,-0.4,1601,46,34,bpm_basketball_reference
Kyrie Irving,2020-21,5.5,5.7,-0.2,1886,54,28,bpm_basketball_reference
LaMarcus Aldridge,2020-21,-0.3,-0.2,-0.2,674,26,35,bpm_basketball_reference
LaMelo Ball,2020-21,1.8,1.1,0.7,1469,51,19,bpm_basketball_reference
Lamar Stevens,2020-21,-4.2,-4.2,0,499,40,23,bpm_basketball_reference
Landry Shamet,2020-21,-2.4,-0.9,-1.5,1403,61,23,bpm_basketball_reference
Langston Galloway,2020-21,-0.9,-0.1,-0.8,438,40,29,bpm_basketball_reference
Larry Nance Jr.,2020-21,0.4,-1.4,1.8,1091,35,28,bpm_basketball_reference
Lauri Markkanen,2020-21,0.1,1,-0.9,1317,51,23,bpm_basketball_reference
LeBron James,2020-21,8.1,5.9,2.3,1504,45,36,bpm_basketball_reference
Lonnie Walker IV,2020-21,-3.7,-2.3,-1.4,1522,60,22,bpm_basketball_reference
Lonzo Ball,2020-21,1.7,1.4,0.3,1747,55,23,bpm_basketball_reference
Lou Williams,2020-21,-2.5,-1,-1.5,1423,66,34,bpm_basketball_reference
Louis King,2020-21,4.9,2.3,2.5,85,6,21,bpm_basketball_reference
Luguentz Dort,2020-21,-3.5,-2.6,-0.9,1543,52,21,bpm_basketball_reference
Luka Dončić,2020-21,6.8,6.1,0.7,2262,66,21,bpm_basketball_reference
Luka Šamanić,2020-21,-4.9,-4.2,-0.7,308,33,21,bpm_basketball_reference
Luke Kennard,2020-21,-0.2,0.3,-0.5,1232,63,24,bpm_basketball_reference
Luke Kornet,2020-21,0.8,-0.8,1.6,348,31,25,bpm_basketball_reference
Malachi Flynn,2020-21,-2.6,-2.5,-0.2,928,47,22,bpm_basketball_reference
Malcolm Brogdon,2020-21,2.1,3,-0.9,1930,56,28,bpm_basketball_reference
Malik Beasley,2020-21,-0.2,1.6,-1.8,1214,37,24,bpm_basketball_reference
Malik Fitts,2020-21,-9.1,-7,-2.1,11,3,23,bpm_basketball_reference
Malik Monk,2020-21,-1.8,0.2,-2,878,42,22,bpm_basketball_reference
Mamadi Diakite,2020-21,-2.4,-3.3,0.9,141,14,24,bpm_basketball_reference
Marc Gasol,2020-21,2.3,-1.4,3.7,993,52,36,bpm_basketball_reference
Marcus Morris,2020-21,0,0.9,-0.8,1502,57,31,bpm_basketball_reference
Marcus Smart,2020-21,-0.3,-0.4,0.2,1581,48,26,bpm_basketball_reference
Markelle Fultz,2020-21,-4.4,-3.6,-0.9,215,8,22,bpm_basketball_reference
Markieff Morris,2020-21,-2.6,-2.9,0.3,1200,61,31,bpm_basketball_reference
Markus Howard,2020-21,-8.7,-5.5,-3.2,205,37,21,bpm_basketball_reference
Marques Bolden,2020-21,-3,-3.8,0.8,29,6,22,bpm_basketball_reference
Marquese Chriss,2020-21,-2.1,-2.4,0.3,27,2,23,bpm_basketball_reference
Marvin Bagley III,2020-21,-3.1,-0.4,-2.7,1112,43,21,bpm_basketball_reference
Mason Jones,2020-21,-2.7,-1.4,-1.2,334,32,22,bpm_basketball_reference
Mason Plumlee,2020-21,2.2,0.2,2,1499,56,30,bpm_basketball_reference
Matisse Thybulle,2020-21,1.9,-2.6,4.5,1298,65,23,bpm_basketball_reference
Matt Thomas,2020-21,-4.6,-2.6,-2,326,45,26,bpm_basketball_reference
Matthew Dellavedova,2020-21,-6.4,-4.5,-1.9,224,13,30,bpm_basketball_reference
Maurice Harkless,2020-21,-3.7,-3.8,0.1,772,37,27,bpm_basketball_reference
Max Strus,2020-21,-2.2,-0.5,-1.7,507,39,24,bpm_basketball_reference
Maxi Kleber,2020-21,0,-0.5,0.5,1341,50,29,bpm_basketball_reference
Meyers Leonard,2020-21,-3.7,-3.3,-0.4,29,3,28,bpm_basketball_reference
Mfiondu Kabengele,2020-21,-4.3,-4.3,0.1,280,39,23,bpm_basketball_reference
Michael Carter-Williams,2020-21,-4.8,-4.6,-0.2,800,31,29,bpm_basketball_reference
Michael Porter Jr.,2020-21,3.1,4,-0.9,1912,61,22,bpm_basketball_reference
Mikal Bridges,2020-21,3.3,2.4,0.9,2348,72,24,bpm_basketball_reference
Mike Conley,2020-21,4.9,3.6,1.3,1498,51,33,bpm_basketball_reference
Mike James,2020-21,-4.4,-2.1,-2.3,236,13,30,bpm_basketball_reference
Mike Muscala,2020-21,-0.1,0.9,-1,645,35,29,bpm_basketball_reference
Mike Scott,2020-21,-2.8,-3.2,0.3,852,51,32,bpm_basketball_reference
Miles Bridges,2020-21,0.2,0.2,0.1,1932,66,22,bpm_basketball_reference
Mitchell Robinson,2020-21,1.2,-0.3,1.5,853,31,22,bpm_basketball_reference
Miye Oni,2020-21,-1.7,-3,1.3,519,54,23,bpm_basketball_reference
Mo Bamba,2020-21,0.1,0.2,0,725,46,22,bpm_basketball_reference
Monte Morris,2020-21,-0.3,0.1,-0.5,1196,47,25,bpm_basketball_reference
Montrezl Harrell,2020-21,3,2.3,0.7,1580,69,27,bpm_basketball_reference
Moritz Wagner,2020-21,-2.6,-2.7,0.2,722,45,23,bpm_basketball_reference
Moses Brown,2020-21,-2.4,-1.3,-1.2,920,43,21,bpm_basketball_reference
Mychal Mulder,2020-21,-1.8,-0.6,-1.2,766,60,26,bpm_basketball_reference
Myles Turner,2020-21,0.4,-1.6,2,1455,47,24,bpm_basketball_reference
Naji Marshall,2020-21,-1.3,-2.1,0.8,700,32,23,bpm_basketball_reference
Nassir Little,2020-21,-2.7,-1.1,-1.6,640,48,20,bpm_basketball_reference
Nate Darling,2020-21,-4,-1.5,-2.5,26,7,22,bpm_basketball_reference
Nate Hinton,2020-21,-3.4,-4.5,1,93,21,21,bpm_basketball_reference
Nathan Knight,2020-21,-3.7,-2.6,-1,279,33,23,bpm_basketball_reference
Naz Reid,2020-21,-0.2,-0.1,-0.2,1347,70,21,bpm_basketball_reference
Nemanja Bjelica,2020-21,-2.2,-1.4,-0.8,595,37,32,bpm_basketball_reference
Nerlens Noel,2020-21,1.4,-2.4,3.8,1547,64,26,bpm_basketball_reference
Nic Claxton,2020-21,0.4,-1,1.4,594,32,21,bpm_basketball_reference
Nick Richards,2020-21,-8,-5.9,-2.1,63,18,23,bpm_basketball_reference
Nickeil Alexander-Walker,2020-21,-1.3,-1.4,0.1,1007,46,22,bpm_basketball_reference
Nico Mannion,2020-21,-3.9,-3.4,-0.5,364,30,19,bpm_basketball_reference
Nicolas Batum,2020-21,2.1,0.6,1.5,1835,67,32,bpm_basketball_reference
Nicolò Melli,2020-21,-3.5,-3.5,0,566,45,30,bpm_basketball_reference
Nikola Jokić,2020-21,12.1,9.1,3,2488,72,25,bpm_basketball_reference
Nikola Vučević,2020-21,5.3,4.9,0.4,2348,70,30,bpm_basketball_reference
Noah Vonleh,2020-21,-26.3,-21.3,-5,11,4,25,bpm_basketball_reference
Norman Powell,2020-21,0.4,1.1,-0.7,2205,69,27,bpm_basketball_reference
Norvel Pelle,2020-21,-2.6,-4.5,1.9,84,13,27,bpm_basketball_reference
OG Anunoby,2020-21,1.2,0.8,0.4,1433,43,23,bpm_basketball_reference
Obi Toppin,2020-21,-0.7,-1.4,0.7,683,62,22,bpm_basketball_reference
Onyeka Okongwu,2020-21,-1.4,-2.2,0.8,601,50,20,bpm_basketball_reference
Oshae Brissett,2020-21,0.6,1.1,-0.5,519,21,22,bpm_basketball_reference
Otto Porter Jr.,2020-21,0,0,0,606,28,27,bpm_basketball_reference
P.J. Tucker,2020-21,-4.1,-4.6,0.5,1356,52,35,bpm_basketball_reference
P.J. Washington,2020-21,-0.9,-1.5,0.6,1954,64,22,bpm_basketball_reference
PJ Dozier,2020-21,-2.6,-2.3,-0.4,1088,50,24,bpm_basketball_reference
Pascal Siakam,2020-21,0.8,1,-0.3,2006,56,26,bpm_basketball_reference
Pat Connaughton,2020-21,0,-0.5,0.5,1575,69,28,bpm_basketball_reference
Patrick Beverley,2020-21,0.7,-0.7,1.4,832,37,32,bpm_basketball_reference
Patrick McCaw,2020-21,0.9,-2.7,3.6,33,5,25,bpm_basketball_reference
Patrick Patterson,2020-21,-0.6,-0.4,-0.1,582,38,31,bpm_basketball_reference
Patrick Williams,2020-21,-2.4,-2.8,0.4,1983,71,19,bpm_basketball_reference
Patty Mills,2020-21,-1.2,0,-1.2,1685,68,32,bpm_basketball_reference
Paul George,2020-21,4.2,3.9,0.3,1821,54,30,bpm_basketball_reference
Paul Millsap,2020-21,1,0.3,0.7,1162,56,35,bpm_basketball_reference
Paul Reed,2020-21,-1,-1.8,0.8,177,26,21,bpm_basketball_reference
Paul Watson,2020-21,-1.3,-0.8,-0.6,297,27,26,bpm_basketball_reference
Payton Pritchard,2020-21,-0.7,-0.3,-0.4,1268,66,23,bpm_basketball_reference
Precious Achiuwa,2020-21,-4.1,-3.6,-0.5,737,61,21,bpm_basketball_reference
Quinn Cook,2020-21,-1.2,-1,-0.2,157,23,27,bpm_basketball_reference
Quinndary Weatherspoon,2020-21,-5,-5.8,0.7,121,20,24,bpm_basketball_reference
R.J. Hampton,2020-21,-3.8,-2.6,-1.2,888,51,19,bpm_basketball_reference
RJ Barrett,2020-21,-1.2,-0.9,-0.3,2511,72,20,bpm_basketball_reference
Rajon Rondo,2020-21,-0.2,-0.5,0.3,770,45,34,bpm_basketball_reference
Raul Neto,2020-21,-0.6,-1.4,0.9,1403,64,28,bpm_basketball_reference
Ray Spalding,2020-21,-14.3,-12.2,-2.1,19,2,23,bpm_basketball_reference
Rayjon Tucker,2020-21,-3.4,-3,-0.4,68,14,23,bpm_basketball_reference
Reggie Bullock,2020-21,-0.1,-0.9,0.8,1949,65,29,bpm_basketball_reference
Reggie Jackson,2020-21,0.4,0.6,-0.2,1544,67,30,bpm_basketball_reference
Reggie Perry,2020-21,-6.7,-5.3,-1.4,211,26,20,bpm_basketball_reference
Richaun Holmes,2020-21,0.6,0.6,0,1782,61,27,bpm_basketball_reference
Ricky Rubio,2020-21,-1.9,-1.9,0,1772,68,30,bpm_basketball_reference
Robert Covington,2020-21,0.2,-1.3,1.5,2243,70,30,bpm_basketball_reference
Robert Franks,2020-21,-0.2,0.7,-0.8,101,7,24,bpm_basketball_reference
Robert Williams,2020-21,6,2.9,3.1,985,52,23,bpm_basketball_reference
Robert Woodard II,2020-21,-5.3,-2.7,-2.6,45,13,21,bpm_basketball_reference
Robin Lopez,2020-21,-1,0.2,-1.2,1354,71,32,bpm_basketball_reference
Rodions Kurucs,2020-21,-4.6,-6.4,1.8,125,21,22,bpm_basketball_reference
Rodney Hood,2020-21,-6.4,-4.9,-1.4,942,55,28,bpm_basketball_reference
Rodney McGruder,2020-21,0.7,0.7,0,194,16,29,bpm_basketball_reference
Romeo Langford,2020-21,-4.6,-4.9,0.2,283,18,21,bpm_basketball_reference
Rondae Hollis-Jefferson,2020-21,0.1,-1.1,1.2,107,11,26,bpm_basketball_reference
Royce O'Neale,2020-21,1,-1.2,2.1,2241,71,27,bpm_basketball_reference
Rudy Gay,2020-21,-0.1,-0.1,0,1358,63,34,bpm_basketball_reference
Rudy Gobert,2020-21,4.9,2.1,2.8,2187,71,28,bpm_basketball_reference
Rui Hachimura,2020-21,-3.1,-2.2,-1,1797,57,22,bpm_basketball_reference
Russell Westbrook,2020-21,3.7,2.6,1.1,2369,65,32,bpm_basketball_reference
Ryan Arcidiacono,2020-21,-2.3,-2.6,0.3,450,44,26,bpm_basketball_reference
Saben Lee,2020-21,-2,-2.1,0.2,781,48,21,bpm_basketball_reference
Saddiq Bey,2020-21,-0.5,0.3,-0.8,1909,70,21,bpm_basketball_reference
Sam Merrill,2020-21,-1,-0.7,-0.3,233,30,24,bpm_basketball_reference
Sean McDermott,2020-21,-4.3,-3.1,-1.2,158,18,24,bpm_basketball_reference
Sekou Doumbouya,2020-21,-6.7,-5.4,-1.3,869,56,20,bpm_basketball_reference
Semi Ojeleye,2020-21,-2.4,-1.7,-0.7,950,56,26,bpm_basketball_reference
Serge Ibaka,2020-21,1.4,1.2,0.2,955,41,31,bpm_basketball_reference
Seth Curry,2020-21,-0.3,0.1,-0.4,1638,57,30,bpm_basketball_reference
Shai Gilgeous-Alexander,2020-21,4.1,3.9,0.2,1180,35,22,bpm_basketball_reference
Shake Milton,2020-21,-1.6,-0.7,-1,1461,63,24,bpm_basketball_reference
Shaquille Harrison,2020-21,-4.1,-5.5,1.5,333,34,27,bpm_basketball_reference
Sindarius Thornwell,2020-21,-4.7,-5.7,0.9,217,21,26,bpm_basketball_reference
Skylar Mays,2020-21,1.9,1.2,0.7,269,33,23,bpm_basketball_reference
Solomon Hill,2020-21,-2.5,-3,0.5,1513,71,29,bpm_basketball_reference
Spencer Dinwiddie,2020-21,0.2,-2.4,2.6,64,3,27,bpm_basketball_reference
Stanley Johnson,2020-21,-2.5,-3.8,1.2,1006,61,24,bpm_basketball_reference
Stephen Curry,2020-21,8.7,8.3,0.4,2152,63,32,bpm_basketball_reference
Sterling Brown,2020-21,-1.6,-1.6,0,1229,51,25,bpm_basketball_reference
Steven Adams,2020-21,-0.3,-0.4,0.1,1605,58,27,bpm_basketball_reference
Svi Mykhailiuk,2020-21,-2.6,-1.9,-0.7,1324,66,23,bpm_basketball_reference
T.J. Leaf,2020-21,-3,-3.9,0.9,35,7,23,bpm_basketball_reference
T.J. McConnell,2020-21,1.4,-0.2,1.7,1796,69,28,bpm_basketball_reference
T.J. Warren,2020-21,-5.5,-3.6,-1.9,117,4,27,bpm_basketball_reference
Tacko Fall,2020-21,1.2,-1.7,2.9,136,19,25,bpm_basketball_reference
Taj Gibson,2020-21,1.3,-0.7,2.1,936,45,35,bpm_basketball_reference
Talen Horton-Tucker,2020-21,-1.2,-2.6,1.5,1304,65,20,bpm_basketball_reference
Taurean Prince,2020-21,-1.8,-1.2,-0.6,905,41,26,bpm_basketball_reference
Terance Mann,2020-21,-0.2,-0.5,0.3,1263,67,24,bpm_basketball_reference
Terence Davis,2020-21,-1.7,-0.9,-0.9,1074,61,23,bpm_basketball_reference
Terrance Ferguson,2020-21,-14.3,-12.1,-2.2,49,13,22,bpm_basketball_reference
Terrence Ross,2020-21,-2.3,-1.4,-0.8,1347,46,29,bpm_basketball_reference
Terry Rozier,2020-21,1.6,2.2,-0.5,2383,69,26,bpm_basketball_reference
Thaddeus Young,2020-21,3.3,1.9,1.4,1652,68,32,bpm_basketball_reference
Thanasis Antetokounmpo,2020-21,-3.5,-3.7,0.2,551,57,28,bpm_basketball_reference
Theo Pinson,2020-21,-15.7,-13.2,-2.5,34,17,25,bpm_basketball_reference
Thomas Bryant,2020-21,0.9,1.4,-0.6,271,10,23,bpm_basketball_reference
Thon Maker,2020-21,0.7,-0.3,1.1,76,8,23,bpm_basketball_reference
Théo Maledon,2020-21,-5,-4,-1,1778,65,19,bpm_basketball_reference
Tim Frazier,2020-21,-11.9,-10.7,-1.2,62,5,30,bpm_basketball_reference
Tim Hardaway Jr.,2020-21,0.4,2,-1.7,1985,70,28,bpm_basketball_reference
Timothé Luwawu-Cabarrot,2020-21,-4.4,-3.2,-1.2,1050,58,25,bpm_basketball_reference
Tobias Harris,2020-21,3.7,2.9,0.8,2014,62,28,bpm_basketball_reference
Tomáš Satoranský,2020-21,-0.5,-0.6,0.1,1307,58,29,bpm_basketball_reference
Tony Bradley,2020-21,1.3,1.2,0.1,684,42,23,bpm_basketball_reference
Tony Snell,2020-21,-0.5,-0.4,-0.1,992,47,29,bpm_basketball_reference
Torrey Craig,2020-21,0.4,-0.3,0.7,803,50,30,bpm_basketball_reference
Trae Young,2020-21,3.7,5.3,-1.7,2125,63,22,bpm_basketball_reference
Tre Jones,2020-21,-3.5,-2.2,-1.3,269,37,21,bpm_basketball_reference
Tremont Waters,2020-21,0.3,0.4,-0.1,238,26,23,bpm_basketball_reference
Trent Forrest,2020-21,-1.3,-2.5,1.2,302,30,22,bpm_basketball_reference
Trevor Ariza,2020-21,-1.1,-1.2,0.1,841,30,35,bpm_basketball_reference
Trey Burke,2020-21,-1.8,-1.4,-0.4,911,62,28,bpm_basketball_reference
Trey Lyles,2020-21,-1.8,-1.3,-0.5,358,23,25,bpm_basketball_reference
Tristan Thompson,2020-21,-2.5,-1.5,-1,1287,54,29,bpm_basketball_reference
Troy Brown Jr.,2020-21,-4,-3.3,-0.6,524,34,21,bpm_basketball_reference
Ty Jerome,2020-21,-0.7,0.1,-0.8,788,33,23,bpm_basketball_reference
Ty-Shon Alexander,2020-21,-6.5,-4.8,-1.7,47,15,22,bpm_basketball_reference
Tyler Bey,2020-21,-9.5,-5.5,-3.9,71,18,22,bpm_basketball_reference
Tyler Cook,2020-21,-3,-2.2,-0.9,438,32,23,bpm_basketball_reference
Tyler Herro,2020-21,-1.3,-0.3,-1,1635,54,21,bpm_basketball_reference
Tyler Johnson,2020-21,-3.4,-2.4,-1,684,39,28,bpm_basketball_reference
Tyrell Terry,2020-21,-5,-7.5,2.6,56,11,20,bpm_basketball_reference
Tyrese Haliburton,2020-21,1.4,1.9,-0.5,1746,58,20,bpm_basketball_reference
Tyrese Maxey,2020-21,-1.5,-1,-0.5,935,61,20,bpm_basketball_reference
Tyus Jones,2020-21,0.8,-0.1,0.9,1222,70,24,bpm_basketball_reference
Udoka Azubuike,2020-21,-3.8,-5.5,1.7,57,15,21,bpm_basketball_reference
Udonis Haslem,2020-21,31.1,24.1,7,3,1,40,bpm_basketball_reference
Vernon Carey Jr.,2020-21,-6.1,-4.4,-1.7,115,19,19,bpm_basketball_reference
Victor Oladipo,2020-21,-1.7,-0.9,-0.8,1080,33,28,bpm_basketball_reference
Vincent Poirier,2020-21,-14.8,-12.3,-2.4,39,10,27,bpm_basketball_reference
Vlatko Čančar,2020-21,-2.6,-2.6,0,281,41,23,bpm_basketball_reference
Wayne Ellington,2020-21,-0.2,1.1,-1.3,1012,46,33,bpm_basketball_reference
Wendell Carter Jr.,2020-21,-1.3,-1.1,-0.2,1375,54,21,bpm_basketball_reference
Wenyen Gabriel,2020-21,-3.3,-3.2,-0.1,241,21,23,bpm_basketball_reference
Wes Iwundu,2020-21,-6.3,-6.1,-0.3,539,41,26,bpm_basketball_reference
Wesley Matthews,2020-21,-1.7,-3.1,1.4,1130,58,34,bpm_basketball_reference
Will Barton,2020-21,-1.9,-1,-0.8,1736,56,30,bpm_basketball_reference
Will Magnay,2020-21,-39.3,-30.7,-8.6,3,1,22,bpm_basketball_reference
Willie Cauley-Stein,2020-21,-1.3,-2.2,0.9,906,53,27,bpm_basketball_reference
Willy Hernangómez,2020-21,0,1,-1,846,47,26,bpm_basketball_reference
Xavier Tillman Sr.,2020-21,-0.2,-1.3,1.1,1085,59,22,bpm_basketball_reference
Yogi Ferrell,2020-21,0.2,-0.5,0.8,136,10,27,bpm_basketball_reference
Yuta Watanabe,2020-21,-0.7,-1.1,0.5,723,50,26,bpm_basketball_reference
Zach LaVine,2020-21,4,4.9,-0.8,2034,58,25,bpm_basketball_reference
Zeke Nnaji,2020-21,-1.7,-0.6,-1.1,397,42,20,bpm_basketball_reference
Zion Williamson,2020-21,5.8,6.1,-0.3,2026,61,20,bpm_basketball_reference
Aaron Gordon,2021-22,-0.6,0.5,-1.1,2376,75,26,bpm_basketball_reference
Aaron Henry,2021-22,-16.5,-14,-2.4,17,6,22,bpm_basketball_reference
Aaron Holiday,2021-22,-1.7,-1.9,0.3,1021,63,25,bpm_basketball_reference
Aaron Nesmith,2021-22,-4.3,-4.9,0.7,574,52,22,bpm_basketball_reference
Aaron Wiggins,2021-22,-4.3,-3.4,-0.9,1209,50,23,bpm_basketball_reference
Abdel Nader,2021-22,-4.9,-7.1,2.2,145,14,28,bpm_basketball_reference
Ade Murkey,2021-22,-9.7,-7.4,-2.3,1,1,24,bpm_basketball_reference
Admiral Schofield,2021-22,-5.4,-4.2,-1.2,469,38,24,bpm_basketball_reference
Ahmad Caver,2021-22,36.9,31,5.9,1,1,25,bpm_basketball_reference
Al Horford,2021-22,4.3,1.4,2.9,2005,69,35,bpm_basketball_reference
Alec Burks,2021-22,0.8,-0.4,1.2,2318,81,30,bpm_basketball_reference
Aleem Ford,2021-22,-11.4,-9.1,-2.2,74,5,24,bpm_basketball_reference
Aleksej Pokusevski,2021-22,-2.6,-2.7,0.1,1233,61,20,bpm_basketball_reference
Alex Caruso,2021-22,0.2,-2.2,2.3,1147,41,27,bpm_basketball_reference
Alex Len,2021-22,-2.9,-3.2,0.3,620,39,28,bpm_basketball_reference
Alfonzo McKinnie,2021-22,-9,-5.6,-3.4,206,17,29,bpm_basketball_reference
Alize Johnson,2021-22,-5.5,-3.6,-1.8,167,23,25,bpm_basketball_reference
Alperen Şengün,2021-22,-1,-1.6,0.6,1489,72,19,bpm_basketball_reference
Amir Coffey,2021-22,-0.3,-0.3,0,1567,69,24,bpm_basketball_reference
Andre Drummond,2021-22,1.3,-0.1,1.4,1437,73,28,bpm_basketball_reference
Andre Iguodala,2021-22,2.7,-0.9,3.7,603,31,38,bpm_basketball_reference
Andrew Wiggins,2021-22,0.4,0.3,0.1,2330,73,26,bpm_basketball_reference
Anfernee Simons,2021-22,-0.7,1.9,-2.7,1681,57,22,bpm_basketball_reference
Anthony Davis,2021-22,3.8,2.6,1.2,1404,40,28,bpm_basketball_reference
Anthony Edwards,2021-22,1.2,1.6,-0.4,2466,72,20,bpm_basketball_reference
Anthony Gill,2021-22,-1.9,-0.6,-1.3,463,44,29,bpm_basketball_reference
Anthony Lamb,2021-22,-8,-6.2,-1.8,8,2,24,bpm_basketball_reference
Armoni Brooks,2021-22,-3.9,-2.6,-1.3,844,54,23,bpm_basketball_reference
Arnoldas Kulboka,2021-22,-21.8,-14.7,-7.1,5,2,24,bpm_basketball_reference
Austin Reaves,2021-22,-1.9,-1.3,-0.6,1418,61,23,bpm_basketball_reference
Austin Rivers,2021-22,-3.8,-3.5,-0.3,1480,67,29,bpm_basketball_reference
Avery Bradley,2021-22,-3.6,-3.5,-0.1,1406,62,31,bpm_basketball_reference
Ayo Dosunmu,2021-22,-2,-1.9,-0.1,2110,77,22,bpm_basketball_reference
B.J. Johnson,2021-22,-4.7,-0.7,-3.9,65,4,26,bpm_basketball_reference
Bam Adebayo,2021-22,3.8,1.7,2.1,1825,56,24,bpm_basketball_reference
Ben McLemore,2021-22,-3.2,-0.7,-2.5,1285,64,28,bpm_basketball_reference
Bismack Biyombo,2021-22,-1.3,-1.7,0.4,506,36,29,bpm_basketball_reference
Blake Griffin,2021-22,-0.5,-0.6,0.1,958,56,32,bpm_basketball_reference
Boban Marjanović,2021-22,-4.4,-3.2,-1.2,128,23,33,bpm_basketball_reference
Bobby Portis,2021-22,0.2,1.2,-1,2028,72,26,bpm_basketball_reference
Bogdan Bogdanović,2021-22,1.3,1.5,-0.2,1848,63,29,bpm_basketball_reference
Bojan Bogdanović,2021-22,0,1.6,-1.6,2131,69,32,bpm_basketball_reference
Bol Bol,2021-22,-1,-0.5,-0.4,81,14,22,bpm_basketball_reference
Bones Hyland,2021-22,-0.4,0.3,-0.7,1310,69,21,bpm_basketball_reference
Brad Wanamaker,2021-22,-5.8,-5.3,-0.5,320,23,32,bpm_basketball_reference
Bradley Beal,2021-22,0.8,2,-1.2,1439,40,28,bpm_basketball_reference
Brandon Boston Jr.,2021-22,-3.3,-3,-0.4,760,51,20,bpm_basketball_reference
Brandon Clarke,2021-22,4.2,3.1,1.1,1246,64,25,bpm_basketball_reference
Brandon Goodwin,2021-22,-1.6,-2.6,1.1,502,36,26,bpm_basketball_reference
Brandon Ingram,2021-22,2,2.6,-0.6,1869,55,24,bpm_basketball_reference
Brandon Knight,2021-22,-4.6,-2.7,-1.9,65,5,30,bpm_basketball_reference
Brandon Williams,2021-22,-5.7,-2.6,-3.1,640,24,22,bpm_basketball_reference
Braxton Key,2021-22,-3.3,-3.8,0.6,197,11,24,bpm_basketball_reference
Brodric Thomas,2021-22,-2.8,-3.6,0.8,60,12,25,bpm_basketball_reference
Brook Lopez,2021-22,-1.3,-0.7,-0.7,298,13,33,bpm_basketball_reference
Bruce Brown,2021-22,0.7,-0.4,1.1,1774,72,25,bpm_basketball_reference
Bruno Fernando,2021-22,-0.1,-0.4,0.2,152,30,23,bpm_basketball_reference
Bryn Forbes,2021-22,-2.9,-0.7,-2.2,1286,75,28,bpm_basketball_reference
Buddy Hield,2021-22,-1.2,0.5,-1.7,2499,81,29,bpm_basketball_reference
C.J. Miles,2021-22,-16.3,-16.3,0,2,1,34,bpm_basketball_reference
CJ Elleby,2021-22,-5.3,-3.8,-1.5,1174,58,21,bpm_basketball_reference
CJ McCollum,2021-22,1.9,3.2,-1.3,2145,62,30,bpm_basketball_reference
Cade Cunningham,2021-22,-1.6,-1.1,-0.5,2088,64,20,bpm_basketball_reference
Caleb Martin,2021-22,1.1,0.1,0.9,1372,60,26,bpm_basketball_reference
Cam Reddish,2021-22,-1.3,-1,-0.3,1012,49,22,bpm_basketball_reference
Cam Thomas,2021-22,-3.4,-2,-1.4,1176,67,20,bpm_basketball_reference
Cameron Johnson,2021-22,2.7,2,0.7,1730,66,25,bpm_basketball_reference
Cameron McGriff,2021-22,-4,-1,-3,46,3,24,bpm_basketball_reference
Cameron Oliver,2021-22,1.7,2.3,-0.5,43,2,25,bpm_basketball_reference
Cameron Payne,2021-22,0,-0.4,0.4,1278,58,27,bpm_basketball_reference
Caris LeVert,2021-22,-1.2,0,-1.2,1781,58,27,bpm_basketball_reference
Carlik Jones,2021-22,-15.5,-11.3,-4.2,23,5,24,bpm_basketball_reference
Carmelo Anthony,2021-22,-0.5,0.4,-0.8,1793,69,37,bpm_basketball_reference
Carsen Edwards,2021-22,-9.3,-6,-3.4,79,4,23,bpm_basketball_reference
Cassius Stanley,2021-22,-5.8,-4.9,-1,155,9,22,bpm_basketball_reference
Cassius Winston,2021-22,-9.3,-5.9,-3.5,39,7,23,bpm_basketball_reference
Cat Barber,2021-22,-23.5,-15.8,-7.6,13,3,27,bpm_basketball_reference
Cedi Osman,2021-22,0.2,-0.3,0.5,1462,66,26,bpm_basketball_reference
Chandler Hutchison,2021-22,-8.5,-8,-0.5,22,6,25,bpm_basketball_reference
Charles Bassey,2021-22,1.7,-0.4,2.1,168,23,21,bpm_basketball_reference
Charlie Brown Jr.,2021-22,-4.8,-5.2,0.4,177,22,24,bpm_basketball_reference
Chaundee Brown Jr.,2021-22,-6.6,-4.3,-2.4,104,5,23,bpm_basketball_reference
Cheick Diallo,2021-22,-7.5,-4.2,-3.3,31,3,25,bpm_basketball_reference
Chimezie Metu,2021-22,-1.5,-1.6,0.1,1279,60,24,bpm_basketball_reference
Chris Boucher,2021-22,0.1,0.5,-0.4,1690,80,29,bpm_basketball_reference
Chris Chiozza,2021-22,-6,-5.7,-0.2,372,34,26,bpm_basketball_reference
Chris Duarte,2021-22,-2.3,-1.2,-1.1,1541,55,24,bpm_basketball_reference
Chris Paul,2021-22,5.4,3.1,2.3,2139,65,36,bpm_basketball_reference
Chris Silva,2021-22,-4.9,-5,0.1,91,10,25,bpm_basketball_reference
Christian Wood,2021-22,1.6,2.1,-0.4,2094,68,26,bpm_basketball_reference
Chuma Okeke,2021-22,-0.1,-1.6,1.5,1749,70,23,bpm_basketball_reference
Clint Capela,2021-22,2,2.1,-0.1,2042,74,27,bpm_basketball_reference
Coby White,2021-22,-2.1,-0.4,-1.7,1675,61,21,bpm_basketball_reference
Cody Martin,2021-22,-0.5,-1.2,0.7,1866,71,26,bpm_basketball_reference
Cody Zeller,2021-22,-2.1,-1.2,-1,355,27,29,bpm_basketball_reference
Cole Anthony,2021-22,-1.2,-0.6,-0.6,2059,65,21,bpm_basketball_reference
Collin Sexton,2021-22,-4.1,-3.5,-0.7,316,11,23,bpm_basketball_reference
Corey Kispert,2021-22,-2.3,-0.8,-1.5,1801,77,22,bpm_basketball_reference
Cory Joseph,2021-22,-2.1,-2,-0.1,1600,65,30,bpm_basketball_reference
Craig Sword,2021-22,1.4,-8.6,10,19,3,28,bpm_basketball_reference
D'Angelo Russell,2021-22,0.8,2.2,-1.5,2077,65,25,bpm_basketball_reference
D.J. Augustin,2021-22,-3.6,-1.2,-2.4,883,55,34,bpm_basketball_reference
D.J. Wilson,2021-22,5,1.8,3.2,54,4,25,bpm_basketball_reference
DaQuan Jeffries,2021-22,-4.9,-5.8,0.9,9,3,24,bpm_basketball_reference
Daishen Nix,2021-22,-6.4,-5.4,-1,261,24,19,bpm_basketball_reference
Dakota Mathias,2021-22,0.3,-1.4,1.7,16,6,26,bpm_basketball_reference
Dalano Banton,2021-22,-3.1,-3.5,0.4,696,64,22,bpm_basketball_reference
Damian Jones,2021-22,0.3,-0.2,0.5,1017,56,26,bpm_basketball_reference
Damian Lillard,2021-22,1.3,4,-2.7,1056,29,31,bpm_basketball_reference
Damion Lee,2021-22,-2,-2.4,0.4,1256,63,29,bpm_basketball_reference
Damyean Dotson,2021-22,-4.9,-3.7,-1.2,21,2,27,bpm_basketball_reference
Daniel Gafford,2021-22,1.6,1.1,0.5,1444,72,23,bpm_basketball_reference
Daniel Oturu,2021-22,-5.2,-2.7,-2.5,27,3,22,bpm_basketball_reference
Daniel Theis,2021-22,-2.1,-1.9,-0.2,977,47,29,bpm_basketball_reference
Danilo Gallinari,2021-22,-0.2,1,-1.2,1672,66,33,bpm_basketball_reference
Danny Green,2021-22,-0.5,-1.4,0.8,1353,62,34,bpm_basketball_reference
Danuel House Jr.,2021-22,-1.1,-1.3,0.2,727,42,28,bpm_basketball_reference
Darius Bazley,2021-22,-1.8,-2.1,0.3,1924,69,21,bpm_basketball_reference
Darius Garland,2021-22,2.6,3.4,-0.8,2430,68,22,bpm_basketball_reference
Darren Collison,2021-22,-10.9,-10,-0.9,37,3,34,bpm_basketball_reference
David Duke Jr.,2021-22,-3.9,-3,-0.9,341,22,22,bpm_basketball_reference
David Johnson,2021-22,-27.7,-19,-8.7,2,2,20,bpm_basketball_reference
David Nwaba,2021-22,-0.6,-0.6,0,609,46,29,bpm_basketball_reference
Davion Mitchell,2021-22,-3.8,-2.1,-1.7,2076,75,23,bpm_basketball_reference
Davon Reed,2021-22,-0.3,-0.6,0.3,668,48,26,bpm_basketball_reference
Day'Ron Sharpe,2021-22,-2.8,-0.3,-2.5,391,32,20,bpm_basketball_reference
De'Aaron Fox,2021-22,-0.6,0.6,-1.2,2084,59,24,bpm_basketball_reference
De'Andre Hunter,2021-22,-3.9,-2.4,-1.5,1577,53,24,bpm_basketball_reference
De'Anthony Melton,2021-22,1.9,0.3,1.6,1657,73,23,bpm_basketball_reference
DeAndre Jordan,2021-22,-1.4,-1.5,0.1,622,48,33,bpm_basketball_reference
DeAndre' Bembry,2021-22,-0.7,-2.2,1.5,1026,56,27,bpm_basketball_reference
DeJon Jarreau,2021-22,-8,-6.5,-1.5,1,1,24,bpm_basketball_reference
DeMar DeRozan,2021-22,2.5,3.4,-0.9,2743,76,32,bpm_basketball_reference
DeMarcus Cousins,2021-22,-1.6,-1.8,0.2,718,48,31,bpm_basketball_reference
Dean Wade,2021-22,-0.6,-1.9,1.3,980,51,25,bpm_basketball_reference
Deandre Ayton,2021-22,2.8,2.2,0.6,1713,58,23,bpm_basketball_reference
Deividas Sirvydis,2021-22,-8.7,-10.8,2.2,27,3,21,bpm_basketball_reference
Dejounte Murray,2021-22,5.4,3.7,1.7,2366,68,25,bpm_basketball_reference
Delon Wright,2021-22,2.2,-0.2,2.4,1452,77,29,bpm_basketball_reference
Deni Avdija,2021-22,-1.7,-2.1,0.4,1984,82,21,bpm_basketball_reference
Dennis Schröder,2021-22,-1.9,-1.5,-0.4,1837,64,28,bpm_basketball_reference
Dennis Smith Jr.,2021-22,-1.7,-2.8,1.2,638,37,24,bpm_basketball_reference
Denzel Valentine,2021-22,-2.7,-3.1,0.4,222,24,28,bpm_basketball_reference
Derrick Favors,2021-22,-2.1,-2.3,0.3,653,39,30,bpm_basketball_reference
Derrick Jones Jr.,2021-22,-0.9,-1.5,0.5,899,51,24,bpm_basketball_reference
Derrick Rose,2021-22,2.3,2.3,0,636,26,33,bpm_basketball_reference
Derrick Walton,2021-22,-4.3,-5.3,1,108,3,26,bpm_basketball_reference
Derrick White,2021-22,0.9,0.4,0.6,2199,75,27,bpm_basketball_reference
Desmond Bane,2021-22,2.7,2.5,0.3,2266,76,23,bpm_basketball_reference
Devin Booker,2021-22,4.1,3.9,0.2,2345,68,25,bpm_basketball_reference
Devin Cannady,2021-22,-3.2,-2.8,-0.4,145,5,25,bpm_basketball_reference
Devin Vassell,2021-22,-0.5,-0.5,0,1937,71,21,bpm_basketball_reference
Devon Dotson,2021-22,-4.9,-3.4,-1.5,85,11,22,bpm_basketball_reference
Devontae Cacok,2021-22,4.2,0.7,3.5,121,15,25,bpm_basketball_reference
Devonte' Graham,2021-22,-1,0.2,-1.2,2162,76,26,bpm_basketball_reference
Dewayne Dedmon,2021-22,-1,-2.2,1.1,1065,67,32,bpm_basketball_reference
Didi Louzada,2021-22,-7.5,-4.1,-3.4,129,9,22,bpm_basketball_reference
Dillon Brooks,2021-22,-1.8,-1,-0.8,885,32,26,bpm_basketball_reference
Domantas Sabonis,2021-22,4.1,3.2,0.9,2136,62,25,bpm_basketball_reference
Donovan Mitchell,2021-22,4.3,4.6,-0.3,2266,67,25,bpm_basketball_reference
Donte DiVincenzo,2021-22,-2.3,-1.8,-0.5,1006,42,25,bpm_basketball_reference
Dorian Finney-Smith,2021-22,0.8,0.1,0.7,2644,80,28,bpm_basketball_reference
Doug McDermott,2021-22,-2.5,-0.4,-2.1,1223,51,30,bpm_basketball_reference
Draymond Green,2021-22,3.2,-1.4,4.6,1329,46,31,bpm_basketball_reference
Drew Eubanks,2021-22,-1.4,-0.5,-0.9,1245,71,24,bpm_basketball_reference
Duane Washington Jr.,2021-22,-4.7,-1.9,-2.8,968,48,21,bpm_basketball_reference
Duncan Robinson,2021-22,-0.6,-0.3,-0.3,2043,79,27,bpm_basketball_reference
Dwight Howard,2021-22,-0.2,-0.2,0,971,60,36,bpm_basketball_reference
Dwight Powell,2021-22,0.9,0.4,0.5,1798,82,30,bpm_basketball_reference
Dylan Windler,2021-22,-1.7,-3,1.2,459,50,25,bpm_basketball_reference
Dāvis Bertāns,2021-22,-2.6,-1.7,-0.9,807,56,29,bpm_basketball_reference
Ed Davis,2021-22,-1.8,-4.2,2.5,201,31,32,bpm_basketball_reference
Elfrid Payton,2021-22,-3.5,-4.6,1.2,549,50,27,bpm_basketball_reference
Elijah Hughes,2021-22,-6.9,-5.2,-1.7,434,36,23,bpm_basketball_reference
Emanuel Terry,2021-22,-18.3,-13,-5.3,18,3,25,bpm_basketball_reference
Emmanuel Mudiay,2021-22,-1.2,-2.7,1.5,11,2,25,bpm_basketball_reference
Enes Freedom,2021-22,-1.4,-1.2,-0.2,411,35,29,bpm_basketball_reference
Eric Bledsoe,2021-22,-0.8,-2.1,1.3,1361,54,32,bpm_basketball_reference
Eric Gordon,2021-22,-2.3,-0.1,-2.2,1670,57,33,bpm_basketball_reference
Eric Paschall,2021-22,-0.5,0.5,-1,737,58,25,bpm_basketball_reference
Eugene Omoruyi,2021-22,4,3.3,0.7,18,4,24,bpm_basketball_reference
Evan Fournier,2021-22,-0.7,-0.4,-0.3,2358,80,29,bpm_basketball_reference
Evan Mobley,2021-22,0.6,-0.9,1.5,2331,69,20,bpm_basketball_reference
Facundo Campazzo,2021-22,-0.8,-2.1,1.3,1184,65,30,bpm_basketball_reference
Feron Hunt,2021-22,-11.3,-12.3,1,8,2,22,bpm_basketball_reference
Frank Jackson,2021-22,-3.5,-1.8,-1.7,1164,53,23,bpm_basketball_reference
Frank Kaminsky,2021-22,4.9,2.4,2.5,181,9,28,bpm_basketball_reference
Frank Ntilikina,2021-22,-1.9,-2.8,0.9,685,58,23,bpm_basketball_reference
Franz Wagner,2021-22,-0.7,-0.4,-0.3,2429,79,20,bpm_basketball_reference
Fred VanVleet,2021-22,3.6,3.1,0.5,2462,65,27,bpm_basketball_reference
Freddie Gillespie,2021-22,-4.6,-5.6,1,119,9,24,bpm_basketball_reference
Furkan Korkmaz,2021-22,-3.1,-2,-1.1,1414,67,24,bpm_basketball_reference
Gabe Vincent,2021-22,-1.4,-1.9,0.5,1589,68,25,bpm_basketball_reference
Gabe York,2021-22,-1.5,-3.7,2.2,21,2,28,bpm_basketball_reference
Gabriel Deck,2021-22,-2.5,-1.2,-1.3,56,7,26,bpm_basketball_reference
Gabriel Lundberg,2021-22,-4.8,-5.3,0.5,44,4,27,bpm_basketball_reference
Garrett Temple,2021-22,-2.5,-2.8,0.3,1098,59,35,bpm_basketball_reference
Garrison Mathews,2021-22,-2.3,-1.3,-1,1712,65,25,bpm_basketball_reference
Gary Clark,2021-22,0.1,0.1,0,378,38,27,bpm_basketball_reference
Gary Harris,2021-22,-2.4,-2,-0.4,1730,61,27,bpm_basketball_reference
Gary Payton II,2021-22,3.7,0.3,3.4,1248,71,29,bpm_basketball_reference
Gary Trent Jr.,2021-22,0.2,-0.1,0.3,2448,70,23,bpm_basketball_reference
George Hill,2021-22,-1.6,-2.2,0.6,1253,54,35,bpm_basketball_reference
George King,2021-22,-20.1,-16.5,-3.5,19,4,28,bpm_basketball_reference
Georges Niang,2021-22,-1.9,-0.8,-1.1,1736,76,28,bpm_basketball_reference
Georgios Kalaitzakis,2021-22,-7,-5.1,-1.9,214,13,23,bpm_basketball_reference
Giannis Antetokounmpo,2021-22,11.2,7.6,3.5,2204,67,27,bpm_basketball_reference
Goga Bitadze,2021-22,-0.8,-0.2,-0.6,729,50,22,bpm_basketball_reference
Goran Dragić,2021-22,-3.3,-2.8,-0.5,498,21,35,bpm_basketball_reference
Gordon Hayward,2021-22,-0.7,0.1,-0.8,1564,49,31,bpm_basketball_reference
Gorgui Dieng,2021-22,2.1,1.4,0.8,371,44,32,bpm_basketball_reference
Grant Williams,2021-22,-0.4,-1.4,1.1,1875,77,23,bpm_basketball_reference
Grayson Allen,2021-22,0.4,0.6,-0.2,1805,66,26,bpm_basketball_reference
Greg Brown III,2021-22,-4.7,-4,-0.7,640,48,20,bpm_basketball_reference
Greg Monroe,2021-22,0.4,-0.3,0.7,195,14,31,bpm_basketball_reference
Hamidou Diallo,2021-22,-0.5,-1.2,0.7,1269,58,23,bpm_basketball_reference
Harrison Barnes,2021-22,0.2,1.5,-1.3,2580,77,29,bpm_basketball_reference
Hassan Whiteside,2021-22,2.1,0.6,1.4,1162,65,32,bpm_basketball_reference
Hassani Gravett,2021-22,-2.3,-2.4,0.2,171,8,25,bpm_basketball_reference
Haywood Highsmith,2021-22,-4.6,-3.3,-1.3,163,19,25,bpm_basketball_reference
Herbert Jones,2021-22,-0.5,-2,1.5,2335,78,23,bpm_basketball_reference
Ignas Brazdeikis,2021-22,-4.3,-2.7,-1.6,536,42,23,bpm_basketball_reference
Immanuel Quickley,2021-22,0.2,0.2,0,1802,78,22,bpm_basketball_reference
Isaac Bonga,2021-22,-0.4,-5.4,5,69,15,22,bpm_basketball_reference
Isaac Okoro,2021-22,-1.7,-2.4,0.7,1981,67,21,bpm_basketball_reference
Isaiah Hartenstein,2021-22,4.5,1.4,3.1,1216,68,23,bpm_basketball_reference
Isaiah Jackson,2021-22,-1.6,-1.6,0,541,36,20,bpm_basketball_reference
Isaiah Joe,2021-22,-4.6,-3.1,-1.5,609,55,22,bpm_basketball_reference
Isaiah Livers,2021-22,-1.5,-1.3,-0.2,383,19,23,bpm_basketball_reference
Isaiah Roby,2021-22,0.6,0.4,0.2,948,45,23,bpm_basketball_reference
Isaiah Stewart,2021-22,-3.3,-2.5,-0.8,1816,71,20,bpm_basketball_reference
Isaiah Thomas,2021-22,-4.5,-1.9,-2.6,333,22,32,bpm_basketball_reference
Isaiah Todd,2021-22,-6.9,-5.7,-1.2,74,12,20,bpm_basketball_reference
Ish Smith,2021-22,-2.9,-2.2,-0.6,1126,65,33,bpm_basketball_reference
Ish Wainright,2021-22,-2,-3,1,359,45,27,bpm_basketball_reference
Ivica Zubac,2021-22,0.7,-0.1,0.8,1852,76,24,bpm_basketball_reference
JT Thor,2021-22,-3,-3.1,0.1,262,33,19,bpm_basketball_reference
Ja Morant,2021-22,6.1,6.2,-0.1,1889,57,22,bpm_basketball_reference
JaMychal Green,2021-22,-1.8,-2,0.1,1085,67,31,bpm_basketball_reference
JaQuori McLaughlin,2021-22,-13.6,-9.4,-4.2,11,4,24,bpm_basketball_reference
JaVale McGee,2021-22,0.8,-0.1,0.9,1172,74,34,bpm_basketball_reference
Jabari Parker,2021-22,0.7,-0.3,1.1,112,12,26,bpm_basketball_reference
Jaden McDaniels,2021-22,-2.9,-2.9,-0.1,1803,70,21,bpm_basketball_reference
Jaden Springer,2021-22,17.1,8.3,8.7,6,2,19,bpm_basketball_reference
Jae Crowder,2021-22,1.1,-1.3,2.4,1886,67,31,bpm_basketball_reference
Jae'Sean Tate,2021-22,-1.8,-1.3,-0.5,2056,78,26,bpm_basketball_reference
Jahmi'us Ramsey,2021-22,-6.9,-3.5,-3.4,134,19,20,bpm_basketball_reference
Jaime Echenique,2021-22,-8.5,-5.5,-3,3,1,24,bpm_basketball_reference
Jake Layman,2021-22,-3.9,-3.3,-0.6,231,34,27,bpm_basketball_reference
Jakob Poeltl,2021-22,1.6,0.9,0.7,1970,68,26,bpm_basketball_reference
Jalen Brunson,2021-22,0.9,0.9,0,2524,79,25,bpm_basketball_reference
Jalen Green,2021-22,-2.9,-0.5,-2.4,2138,67,19,bpm_basketball_reference
Jalen Johnson,2021-22,-4.9,-3.9,-1.1,120,22,20,bpm_basketball_reference
Jalen McDaniels,2021-22,-2.3,-1.9,-0.4,895,55,24,bpm_basketball_reference
Jalen Smith,2021-22,-0.5,0.9,-1.4,925,51,21,bpm_basketball_reference
Jalen Suggs,2021-22,-5.6,-5.3,-0.2,1307,48,20,bpm_basketball_reference
James Bouknight,2021-22,-7.1,-3.4,-3.7,304,31,21,bpm_basketball_reference
James Ennis III,2021-22,-1.1,-0.1,-1,56,7,31,bpm_basketball_reference
James Harden,2021-22,4,3.7,0.3,2419,65,32,bpm_basketball_reference
James Johnson,2021-22,-2.2,-2.7,0.6,1191,62,34,bpm_basketball_reference
Jamorko Pickett,2021-22,-5,-2.8,-2.1,176,13,24,bpm_basketball_reference
Jared Butler,2021-22,-1.6,-2.3,0.7,360,42,21,bpm_basketball_reference
Jared Harper,2021-22,17.3,14.2,3.1,43,5,24,bpm_basketball_reference
Jaren Jackson Jr.,2021-22,-0.1,-0.9,0.8,2126,78,22,bpm_basketball_reference
Jarred Vanderbilt,2021-22,0.2,-0.8,1,1880,74,22,bpm_basketball_reference
Jarrett Allen,2021-22,3.9,2.7,1.2,1810,56,23,bpm_basketball_reference
Jarrett Culver,2021-22,-5.4,-5.7,0.3,338,37,22,bpm_basketball_reference
Jarron Cumberland,2021-22,-6.6,-4.4,-2.2,12,3,24,bpm_basketball_reference
Javin DeLaurier,2021-22,7,-4.8,11.8,3,1,23,bpm_basketball_reference
Javonte Green,2021-22,0.1,-0.6,0.7,1519,65,28,bpm_basketball_reference
Javonte Smart,2021-22,-6.6,-5.9,-0.8,200,17,22,bpm_basketball_reference
Jaxson Hayes,2021-22,0.2,0.6,-0.3,1398,70,21,bpm_basketball_reference
Jay Huff,2021-22,-7.4,-8.3,0.9,20,4,23,bpm_basketball_reference
Jay Scrubb,2021-22,-4.8,-4.4,-0.4,121,18,21,bpm_basketball_reference
Jaylen Brown,2021-22,2.1,1.9,0.1,2220,66,25,bpm_basketball_reference
Jaylen Hoard,2021-22,-0.9,1.2,-2.1,240,7,22,bpm_basketball_reference
Jaylen Morris,2021-22,-21.5,-15.8,-5.7,16,3,26,bpm_basketball_reference
Jaylen Nowell,2021-22,0.8,1.5,-0.7,975,62,22,bpm_basketball_reference
Jaysean Paige,2021-22,-31.5,-25,-6.5,7,1,27,bpm_basketball_reference
Jayson Tatum,2021-22,5,4.3,0.6,2731,76,23,bpm_basketball_reference
Jeff Dowtin Jr.,2021-22,-5.6,-5.7,0.1,108,9,24,bpm_basketball_reference
Jeff Green,2021-22,-2.5,-1.2,-1.3,1849,75,35,bpm_basketball_reference
Jemerrio Jones,2021-22,-1,-1.1,0.1,15,2,26,bpm_basketball_reference
Jerami Grant,2021-22,1.2,1.4,-0.2,1500,47,27,bpm_basketball_reference
Jeremiah Robinson-Earl,2021-22,-2.2,-1.9,-0.4,1087,49,21,bpm_basketball_reference
Jeremy Lamb,2021-22,-0.8,-0.4,-0.5,935,56,29,bpm_basketball_reference
Jericho Sims,2021-22,-1.7,-2.8,1.1,555,41,23,bpm_basketball_reference
Jevon Carter,2021-22,-2.2,-1.8,-0.4,905,66,26,bpm_basketball_reference
Jimmy Butler,2021-22,6.3,4.5,1.9,1931,57,32,bpm_basketball_reference
Jock Landale,2021-22,-0.4,0.7,-1.1,589,54,26,bpm_basketball_reference
Joe Harris,2021-22,-1.4,-0.9,-0.5,423,14,30,bpm_basketball_reference
Joe Ingles,2021-22,-0.3,-0.7,0.5,1122,45,34,bpm_basketball_reference
Joe Johnson,2021-22,15,12.1,2.8,2,1,40,bpm_basketball_reference
Joe Wieskamp,2021-22,-3.9,-2.9,-1.1,205,29,22,bpm_basketball_reference
Joel Ayayi,2021-22,-6,-4.3,-1.7,20,7,21,bpm_basketball_reference
Joel Embiid,2021-22,9.2,7.2,2,2297,68,27,bpm_basketball_reference
John Collins,2021-22,1.5,1.5,0,1663,54,24,bpm_basketball_reference
John Konchar,2021-22,1.5,0.2,1.3,1292,72,25,bpm_basketball_reference
Jon Teske,2021-22,-4.8,-8.5,3.7,8,3,24,bpm_basketball_reference
Jonas Valančiūnas,2021-22,1.9,2,-0.1,2240,74,29,bpm_basketball_reference
Jonathan Kuminga,2021-22,-1.5,-1.3,-0.2,1185,70,19,bpm_basketball_reference
Jordan Bell,2021-22,2.7,-8.1,10.8,2,1,27,bpm_basketball_reference
Jordan Clarkson,2021-22,-0.6,0.5,-1.2,2141,79,29,bpm_basketball_reference
Jordan Goodwin,2021-22,-34.1,-24.7,-9.4,6,2,23,bpm_basketball_reference
Jordan McLaughlin,2021-22,0.4,-1.2,1.6,902,62,25,bpm_basketball_reference
Jordan Nwora,2021-22,-4.1,-2.7,-1.5,1185,62,23,bpm_basketball_reference
Jordan Poole,2021-22,1,1.3,-0.3,2283,76,22,bpm_basketball_reference
Jordan Schakel,2021-22,-13,-8.6,-4.3,30,4,23,bpm_basketball_reference
Jose Alvarado,2021-22,1.9,-0.5,2.4,834,54,23,bpm_basketball_reference
Josh Christopher,2021-22,-3.5,-2.2,-1.3,1334,74,20,bpm_basketball_reference
Josh Giddey,2021-22,-0.9,-1.2,0.3,1700,54,19,bpm_basketball_reference
Josh Green,2021-22,-1,-2.4,1.4,1039,67,21,bpm_basketball_reference
Josh Hart,2021-22,0.9,0.5,0.5,1791,54,26,bpm_basketball_reference
Josh Jackson,2021-22,-4.5,-4.1,-0.4,830,51,24,bpm_basketball_reference
Josh Okogie,2021-22,-2.7,-3.7,0.9,516,49,23,bpm_basketball_reference
Josh Richardson,2021-22,0.1,-0.6,0.7,1600,65,28,bpm_basketball_reference
Joshua Primo,2021-22,-5,-3.8,-1.1,965,50,19,bpm_basketball_reference
Jrue Holiday,2021-22,3.2,2.9,0.3,2208,67,31,bpm_basketball_reference
Juan Toscano-Anderson,2021-22,-0.8,-3.3,2.4,994,73,28,bpm_basketball_reference
Juancho Hernangómez,2021-22,-0.6,-0.7,0.1,445,40,26,bpm_basketball_reference
Julius Randle,2021-22,0.5,0.4,0.2,2544,72,27,bpm_basketball_reference
Justin Anderson,2021-22,-3.2,-1.9,-1.3,316,16,28,bpm_basketball_reference
Justin Champagnie,2021-22,-2,-1.3,-0.7,281,36,20,bpm_basketball_reference
Justin Holiday,2021-22,-2.2,-1.4,-0.8,2057,74,32,bpm_basketball_reference
Justin Jackson,2021-22,-3.3,-2.2,-1.1,37,7,26,bpm_basketball_reference
Justin Robinson,2021-22,-7.6,-6.4,-1.3,304,25,24,bpm_basketball_reference
Justise Winslow,2021-22,-1.7,-2.7,1,775,48,25,bpm_basketball_reference
Jusuf Nurkić,2021-22,0.3,0.1,0.2,1579,56,27,bpm_basketball_reference
Juwan Morgan,2021-22,-7.1,-3.3,-3.9,31,2,24,bpm_basketball_reference
KJ Martin,2021-22,-1.2,0,-1.2,1656,79,21,bpm_basketball_reference
KZ Okpala,2021-22,-2.8,-3.2,0.4,244,21,22,bpm_basketball_reference
Kai Jones,2021-22,-6.6,-5.2,-1.4,63,21,21,bpm_basketball_reference
Karl-Anthony Towns,2021-22,5,4.5,0.5,2476,74,26,bpm_basketball_reference
Keifer Sykes,2021-22,-6.9,-4.4,-2.4,566,32,28,bpm_basketball_reference
Keita Bates-Diop,2021-22,-2.6,-2.1,-0.5,957,59,26,bpm_basketball_reference
Kelan Martin,2021-22,-3.6,-2.6,-1,450,30,26,bpm_basketball_reference
Keldon Johnson,2021-22,-0.5,0.7,-1.2,2392,75,22,bpm_basketball_reference
Keljin Blevins,2021-22,-8.5,-5.6,-2.9,349,31,26,bpm_basketball_reference
Kelly Olynyk,2021-22,1.6,0.5,1,764,40,30,bpm_basketball_reference
Kelly Oubre Jr.,2021-22,-1.4,0.2,-1.6,1999,76,26,bpm_basketball_reference
Kemba Walker,2021-22,0.4,0.7,-0.2,948,37,31,bpm_basketball_reference
Kenrich Williams,2021-22,-0.3,-1.3,1.1,1072,49,27,bpm_basketball_reference
Kent Bazemore,2021-22,-4.3,-5.1,0.8,545,39,32,bpm_basketball_reference
Kentavious Caldwell-Pope,2021-22,-1.5,-0.9,-0.6,2329,77,28,bpm_basketball_reference
Keon Johnson,2021-22,-5.9,-4,-2,697,37,19,bpm_basketball_reference
Kessler Edwards,2021-22,-3.8,-3.1,-0.8,987,48,21,bpm_basketball_reference
Kevin Durant,2021-22,7.2,6.4,0.7,2047,55,33,bpm_basketball_reference
Kevin Huerter,2021-22,-1.2,-0.5,-0.7,2188,74,23,bpm_basketball_reference
Kevin Knox,2021-22,-4.1,-1.9,-2.2,222,30,22,bpm_basketball_reference
Kevin Love,2021-22,4.5,4.4,0.1,1665,74,33,bpm_basketball_reference
Kevin Pangos,2021-22,-6.1,-4.7,-1.4,166,24,29,bpm_basketball_reference
Kevin Porter Jr.,2021-22,-1.6,-0.1,-1.6,1907,61,21,bpm_basketball_reference
Kevon Looney,2021-22,0.9,-0.9,1.7,1732,82,25,bpm_basketball_reference
Khem Birch,2021-22,-1.3,-1.7,0.4,991,55,29,bpm_basketball_reference
Khris Middleton,2021-22,1.6,1.9,-0.3,2141,66,30,bpm_basketball_reference
Killian Hayes,2021-22,-3.5,-4.3,0.8,1647,66,20,bpm_basketball_reference
Killian Tillie,2021-22,-2.7,-3.8,1.1,461,36,23,bpm_basketball_reference
Kira Lewis Jr.,2021-22,-4,-2.8,-1.2,341,24,20,bpm_basketball_reference
Klay Thompson,2021-22,1.1,2.6,-1.6,941,32,31,bpm_basketball_reference
Kris Dunn,2021-22,-5.4,-4.6,-0.8,336,14,27,bpm_basketball_reference
Kristaps Porziņģis,2021-22,3.9,3.3,0.6,1481,51,26,bpm_basketball_reference
Kyle Anderson,2021-22,1.2,-0.9,2.1,1484,69,28,bpm_basketball_reference
Kyle Guy,2021-22,-3.4,-3.1,-0.3,186,19,24,bpm_basketball_reference
Kyle Kuzma,2021-22,-0.2,0.2,-0.4,2204,66,26,bpm_basketball_reference
Kyle Lowry,2021-22,2,1.1,0.8,2133,63,35,bpm_basketball_reference
Kyrie Irving,2021-22,3,4.2,-1.2,1091,29,29,bpm_basketball_reference
LaMarcus Aldridge,2021-22,0.7,1.3,-0.6,1050,47,36,bpm_basketball_reference
LaMelo Ball,2021-22,3.4,3.3,0.1,2422,75,20,bpm_basketball_reference
Lamar Stevens,2021-22,-2.9,-3.2,0.3,1015,63,24,bpm_basketball_reference
Lance Stephenson,2021-22,-3.2,-1.6,-1.6,814,46,31,bpm_basketball_reference
Landry Shamet,2021-22,-1.2,-0.9,-0.4,1437,69,24,bpm_basketball_reference
Langston Galloway,2021-22,-9.8,-8,-1.8,107,7,30,bpm_basketball_reference
Larry Nance Jr.,2021-22,-0.1,-0.4,0.3,1040,46,29,bpm_basketball_reference
Lauri Markkanen,2021-22,0.4,0.4,-0.1,1878,61,24,bpm_basketball_reference
LeBron James,2021-22,7.7,6.9,0.8,2084,56,37,bpm_basketball_reference
Leandro Bolmaro,2021-22,-5.8,-5.1,-0.7,241,35,21,bpm_basketball_reference
Lindell Wigginton,2021-22,-5,-3.2,-1.9,199,19,23,bpm_basketball_reference
Lindy Waters III,2021-22,-1.6,-0.8,-0.8,465,25,24,bpm_basketball_reference
Lonnie Walker IV,2021-22,-2.5,-1.2,-1.3,1612,70,23,bpm_basketball_reference
Lonzo Ball,2021-22,2.5,0.9,1.6,1212,35,24,bpm_basketball_reference
Lou Williams,2021-22,-3.4,-2,-1.4,799,56,35,bpm_basketball_reference
Louis King,2021-22,-4.6,-3,-1.6,104,10,22,bpm_basketball_reference
Luguentz Dort,2021-22,-2.3,-1.5,-0.7,1665,51,22,bpm_basketball_reference
Luka Dončić,2021-22,8.2,6.4,1.8,2301,65,22,bpm_basketball_reference
Luka Garza,2021-22,-2.5,-0.5,-2,389,32,23,bpm_basketball_reference
Luke Kennard,2021-22,0.5,0.8,-0.3,1919,70,25,bpm_basketball_reference
Luke Kornet,2021-22,-0.5,-0.9,0.4,103,15,26,bpm_basketball_reference
M.J. Walker,2021-22,-9.6,-15.8,6.2,8,2,23,bpm_basketball_reference
Mac McClung,2021-22,-9.6,-8.4,-1.2,25,2,23,bpm_basketball_reference
Malachi Flynn,2021-22,-1.5,-1.8,0.4,537,44,23,bpm_basketball_reference
Malcolm Brogdon,2021-22,2.3,2.8,-0.5,1206,36,29,bpm_basketball_reference
Malcolm Hill,2021-22,-1.6,-1.1,-0.5,212,19,26,bpm_basketball_reference
Malik Beasley,2021-22,-0.7,0.7,-1.5,1976,79,25,bpm_basketball_reference
Malik Fitts,2021-22,-1.1,-0.6,-0.5,63,15,24,bpm_basketball_reference
Malik Monk,2021-22,-0.5,0.5,-1,2139,76,23,bpm_basketball_reference
Malik Newman,2021-22,6.4,6.3,0.1,8,1,24,bpm_basketball_reference
Mamadi Diakite,2021-22,-5,-5.9,0.9,188,13,25,bpm_basketball_reference
Marcus Garrett,2021-22,-5.4,-6.4,1,128,12,23,bpm_basketball_reference
Marcus Morris,2021-22,-1.4,-0.3,-1,1564,54,32,bpm_basketball_reference
Marcus Smart,2021-22,0.5,-1.2,1.7,2296,71,27,bpm_basketball_reference
Markelle Fultz,2021-22,0.2,-0.1,0.4,360,18,23,bpm_basketball_reference
Markieff Morris,2021-22,-1.9,-1.5,-0.4,298,17,32,bpm_basketball_reference
Marko Simonovic,2021-22,-11.1,-6.1,-5,35,9,22,bpm_basketball_reference
Markus Howard,2021-22,-1.2,0.8,-2,176,31,22,bpm_basketball_reference
Marquese Chriss,2021-22,-3.8,-3.8,0,346,34,24,bpm_basketball_reference
Marvin Bagley III,2021-22,-2.3,-0.5,-1.8,1153,48,22,bpm_basketball_reference
Mason Jones,2021-22,-0.9,-1.2,0.3,51,4,23,bpm_basketball_reference
Mason Plumlee,2021-22,0,-1.5,1.5,1793,73,31,bpm_basketball_reference
Matisse Thybulle,2021-22,1.1,-2.2,3.3,1685,66,24,bpm_basketball_reference
Matt Mooney,2021-22,-22.3,-33.9,11.5,2,1,25,bpm_basketball_reference
Matt Ryan,2021-22,-13.7,-9.9,-3.8,5,1,24,bpm_basketball_reference
Matt Thomas,2021-22,-2.6,-1.2,-1.5,459,40,27,bpm_basketball_reference
Maurice Harkless,2021-22,-3.3,-3.7,0.4,863,47,28,bpm_basketball_reference
Max Strus,2021-22,0.9,1.4,-0.4,1587,68,25,bpm_basketball_reference
Maxi Kleber,2021-22,-0.4,-1.6,1.2,1450,59,30,bpm_basketball_reference
McKinley Wright IV,2021-22,-4.2,-1.4,-2.8,19,5,23,bpm_basketball_reference
Melvin Frazier,2021-22,-16.4,-9.7,-6.7,120,3,25,bpm_basketball_reference
Micah Potter,2021-22,-7.1,-4,-3,31,3,23,bpm_basketball_reference
Michael Porter Jr.,2021-22,-3.5,-3.9,0.5,265,9,23,bpm_basketball_reference
Mikal Bridges,2021-22,1.6,0.5,1.1,2854,82,25,bpm_basketball_reference
Mike Conley,2021-22,3.1,2.4,0.7,2058,72,34,bpm_basketball_reference
Mike Muscala,2021-22,5,3.8,1.2,592,43,30,bpm_basketball_reference
Miles Bridges,2021-22,1.5,1.8,-0.3,2837,80,23,bpm_basketball_reference
Miles McBride,2021-22,-4.5,-5.5,1,372,40,21,bpm_basketball_reference
Mitchell Robinson,2021-22,2.2,1,1.2,1848,72,23,bpm_basketball_reference
Miye Oni,2021-22,-7.9,-7.6,-0.3,44,16,24,bpm_basketball_reference
Mo Bamba,2021-22,0.7,-0.2,0.9,1824,71,23,bpm_basketball_reference
Monte Morris,2021-22,0,0.8,-0.8,2239,75,26,bpm_basketball_reference
Montrezl Harrell,2021-22,3.9,3.7,0.1,1641,71,28,bpm_basketball_reference
Moritz Wagner,2021-22,1.6,1.5,0.1,960,63,24,bpm_basketball_reference
Moses Brown,2021-22,-3.3,-2.4,-0.9,345,40,22,bpm_basketball_reference
Moses Moody,2021-22,-2.5,-1.4,-1.1,607,52,19,bpm_basketball_reference
Moses Wright,2021-22,1.4,1.1,0.4,14,4,23,bpm_basketball_reference
Mychal Mulder,2021-22,-7.7,-5.9,-1.8,239,17,27,bpm_basketball_reference
Myles Powell,2021-22,-12.7,-10.5,-2.2,52,11,24,bpm_basketball_reference
Myles Turner,2021-22,1.4,0.1,1.4,1235,42,25,bpm_basketball_reference
Naji Marshall,2021-22,-3.2,-2.7,-0.5,735,55,24,bpm_basketball_reference
Nassir Little,2021-22,-1.4,-0.9,-0.6,1088,42,21,bpm_basketball_reference
Nate Hinton,2021-22,-42.6,-28.1,-14.5,2,2,22,bpm_basketball_reference
Nathan Knight,2021-22,-0.6,-0.7,0.1,267,37,24,bpm_basketball_reference
Naz Reid,2021-22,0,-0.5,0.5,1215,77,22,bpm_basketball_reference
Neemias Queta,2021-22,-5.1,-4.1,-1,120,15,22,bpm_basketball_reference
Nemanja Bjelica,2021-22,1.4,-0.9,2.3,1143,71,33,bpm_basketball_reference
Nerlens Noel,2021-22,0.3,-3.1,3.3,562,25,27,bpm_basketball_reference
Nic Claxton,2021-22,0.5,0.3,0.2,974,47,22,bpm_basketball_reference
Nick Richards,2021-22,-2.8,-2.6,-0.2,367,50,24,bpm_basketball_reference
Nickeil Alexander-Walker,2021-22,-2.9,-1.8,-1.1,1466,65,23,bpm_basketball_reference
Nicolas Batum,2021-22,2.3,0.5,1.9,1463,59,33,bpm_basketball_reference
Nik Stauskas,2021-22,-3.6,-0.9,-2.7,39,8,28,bpm_basketball_reference
Nikola Jokić,2021-22,13.7,9.2,4.5,2476,74,26,bpm_basketball_reference
Nikola Vučević,2021-22,0.9,0.8,0.1,2418,73,31,bpm_basketball_reference
Norman Powell,2021-22,-0.3,1.2,-1.5,1458,45,28,bpm_basketball_reference
Norvel Pelle,2021-22,-7.1,-3,-4.1,19,3,28,bpm_basketball_reference
OG Anunoby,2021-22,0.5,0.4,0.1,1728,48,24,bpm_basketball_reference
Obi Toppin,2021-22,2,1.7,0.3,1230,72,23,bpm_basketball_reference
Olivier Sarr,2021-22,-4,-2.7,-1.3,421,22,22,bpm_basketball_reference
Omer Yurtseven,2021-22,-1,-1.4,0.4,706,56,23,bpm_basketball_reference
Onyeka Okongwu,2021-22,0.8,0,0.8,992,48,21,bpm_basketball_reference
Oshae Brissett,2021-22,-2.2,-0.5,-1.7,1564,67,23,bpm_basketball_reference
Otto Porter Jr.,2021-22,3.1,1,2.1,1396,63,28,bpm_basketball_reference
P.J. Tucker,2021-22,0.6,-0.8,1.4,1981,71,36,bpm_basketball_reference
P.J. Washington,2021-22,-0.1,-0.2,0.2,1768,65,23,bpm_basketball_reference
PJ Dozier,2021-22,-2,-3,1,340,18,25,bpm_basketball_reference
Paris Bass,2021-22,-12.4,-11.2,-1.2,7,2,26,bpm_basketball_reference
Pascal Siakam,2021-22,3.5,2.7,0.8,2578,68,27,bpm_basketball_reference
Pat Connaughton,2021-22,1.2,0.8,0.3,1691,65,29,bpm_basketball_reference
Patrick Beverley,2021-22,2.7,0.6,2.1,1476,58,33,bpm_basketball_reference
Patrick Williams,2021-22,-1.5,-0.9,-0.7,422,17,20,bpm_basketball_reference
Patty Mills,2021-22,-1.7,-0.3,-1.4,2346,81,33,bpm_basketball_reference
Paul George,2021-22,3.7,1.8,1.9,1077,31,31,bpm_basketball_reference
Paul Millsap,2021-22,-3.5,-3.7,0.2,376,33,36,bpm_basketball_reference
Paul Reed,2021-22,2.1,-0.8,2.9,302,38,22,bpm_basketball_reference
Paul Watson,2021-22,-5.4,-4.8,-0.6,156,9,27,bpm_basketball_reference
Payton Pritchard,2021-22,1.8,1.7,0.1,1001,71,24,bpm_basketball_reference
Petr Cornelie,2021-22,-8.8,-6.1,-2.7,38,13,26,bpm_basketball_reference
Precious Achiuwa,2021-22,-2.6,-2,-0.6,1725,73,22,bpm_basketball_reference
Quentin Grimes,2021-22,-0.3,-1.2,0.9,786,46,21,bpm_basketball_reference
Quinndary Weatherspoon,2021-22,-4.4,-4.5,0.1,73,11,25,bpm_basketball_reference
R.J. Hampton,2021-22,-4.1,-4,-0.1,1402,64,20,bpm_basketball_reference
RJ Barrett,2021-22,-1.6,-0.3,-1.3,2417,70,21,bpm_basketball_reference
RJ Nembhard Jr.,2021-22,-6,-4.4,-1.5,63,14,22,bpm_basketball_reference
Rajon Rondo,2021-22,-1.7,-2.4,0.7,698,39,35,bpm_basketball_reference
Raul Neto,2021-22,-2.9,-2.5,-0.5,1372,70,29,bpm_basketball_reference
Rayjon Tucker,2021-22,3.5,2.3,1.2,71,5,24,bpm_basketball_reference
Reggie Bullock,2021-22,-1.4,-1.4,0,1902,68,30,bpm_basketball_reference
Reggie Jackson,2021-22,-3,-1.4,-1.6,2337,75,31,bpm_basketball_reference
Reggie Perry,2021-22,-4.1,-3.1,-1,187,10,21,bpm_basketball_reference
Richaun Holmes,2021-22,-0.5,-0.4,-0.1,1074,45,28,bpm_basketball_reference
Ricky Rubio,2021-22,0.2,-1,1.2,970,34,31,bpm_basketball_reference
Rob Edwards,2021-22,-11.2,-8.3,-2.9,11,2,25,bpm_basketball_reference
Robert Covington,2021-22,0.2,-1.6,1.7,1940,71,31,bpm_basketball_reference
Robert Williams,2021-22,5.5,2.4,3.1,1804,61,24,bpm_basketball_reference
Robert Woodard II,2021-22,-10.4,-6.8,-3.6,42,12,22,bpm_basketball_reference
Robin Lopez,2021-22,-3.8,-2.4,-1.4,612,36,33,bpm_basketball_reference
Rodney Hood,2021-22,-3.3,-3,-0.3,709,52,29,bpm_basketball_reference
Rodney McGruder,2021-22,-1.4,-0.7,-0.7,754,51,30,bpm_basketball_reference
Romeo Langford,2021-22,-1.4,-2.3,1,771,48,22,bpm_basketball_reference
Royce O'Neale,2021-22,0.8,-0.8,1.7,2406,77,28,bpm_basketball_reference
Rudy Gay,2021-22,-1,-0.7,-0.3,1038,55,35,bpm_basketball_reference
Rudy Gobert,2021-22,4.6,2.9,1.7,2120,66,29,bpm_basketball_reference
Rui Hachimura,2021-22,-1.4,0.2,-1.7,943,42,23,bpm_basketball_reference
Russell Westbrook,2021-22,-1.6,-0.7,-0.9,2678,78,33,bpm_basketball_reference
Ryan Arcidiacono,2021-22,-4.6,-4.6,0,76,10,27,bpm_basketball_reference
Saben Lee,2021-22,-0.4,-1.9,1.5,604,37,22,bpm_basketball_reference
Saddiq Bey,2021-22,-0.3,0.9,-1.2,2704,82,22,bpm_basketball_reference
Sam Dekker,2021-22,-9.6,-6.2,-3.4,1,1,27,bpm_basketball_reference
Sam Hauser,2021-22,2.3,2.7,-0.3,158,26,24,bpm_basketball_reference
Sam Merrill,2021-22,-5.6,-2.2,-3.4,58,6,25,bpm_basketball_reference
Sandro Mamukelashvili,2021-22,-0.3,0.6,-1,407,41,22,bpm_basketball_reference
Santi Aldama,2021-22,-5.7,-4.2,-1.5,360,32,21,bpm_basketball_reference
Scottie Barnes,2021-22,0.9,0.5,0.4,2617,74,20,bpm_basketball_reference
Scottie Lewis,2021-22,6,0,5.9,7,2,21,bpm_basketball_reference
Scotty Hopson,2021-22,-11.6,-8.7,-2.9,18,1,32,bpm_basketball_reference
Sekou Doumbouya,2021-22,18.8,8.8,10,16,2,21,bpm_basketball_reference
Semi Ojeleye,2021-22,-5.7,-4.1,-1.6,406,30,27,bpm_basketball_reference
Serge Ibaka,2021-22,-1.5,-1.3,-0.2,877,54,32,bpm_basketball_reference
Seth Curry,2021-22,-0.6,0.3,-0.9,2135,64,31,bpm_basketball_reference
Shai Gilgeous-Alexander,2021-22,3.4,2.9,0.5,1942,56,23,bpm_basketball_reference
Shake Milton,2021-22,-2.2,-1.6,-0.6,1179,55,25,bpm_basketball_reference
Shaq Buchanan,2021-22,-10.7,-11,0.3,10,2,25,bpm_basketball_reference
Shaquille Harrison,2021-22,-8.3,-9,0.6,23,2,28,bpm_basketball_reference
Sharife Cooper,2021-22,-16.3,-11.3,-5,39,13,20,bpm_basketball_reference
Skylar Mays,2021-22,-2,-1.2,-0.8,220,28,24,bpm_basketball_reference
Solomon Hill,2021-22,-4,-5.2,1.2,139,13,30,bpm_basketball_reference
Spencer Dinwiddie,2021-22,0.3,0.8,-0.4,1980,67,28,bpm_basketball_reference
Stanley Johnson,2021-22,-2.7,-2.8,0.1,1094,48,25,bpm_basketball_reference
Stephen Curry,2021-22,5.8,5.4,0.4,2211,64,33,bpm_basketball_reference
Sterling Brown,2021-22,-2.9,-3.4,0.5,628,49,26,bpm_basketball_reference
Steven Adams,2021-22,2,1,1,1999,76,28,bpm_basketball_reference
Svi Mykhailiuk,2021-22,-2.9,-2.7,-0.2,716,56,24,bpm_basketball_reference
T.J. McConnell,2021-22,0.9,-0.4,1.4,652,27,29,bpm_basketball_reference
Tacko Fall,2021-22,-3.4,-4.1,0.8,59,11,26,bpm_basketball_reference
Taj Gibson,2021-22,-2,-3,1,946,52,36,bpm_basketball_reference
Talen Horton-Tucker,2021-22,-3.3,-3.2,-0.2,1511,60,21,bpm_basketball_reference
Taurean Prince,2021-22,-0.9,-1,0,1177,69,27,bpm_basketball_reference
Terance Mann,2021-22,-0.6,-0.8,0.2,2317,81,25,bpm_basketball_reference
Terence Davis,2021-22,-0.9,-0.6,-0.4,536,30,24,bpm_basketball_reference
Terrence Ross,2021-22,-3.7,-2.5,-1.1,1448,63,30,bpm_basketball_reference
Terry Rozier,2021-22,1.7,2.4,-0.7,2458,73,27,bpm_basketball_reference
Terry Taylor,2021-22,-0.6,2.1,-2.8,714,33,22,bpm_basketball_reference
Thaddeus Young,2021-22,2.2,0.1,2.1,845,52,33,bpm_basketball_reference
Thanasis Antetokounmpo,2021-22,-3.5,-3.5,-0.1,473,48,29,bpm_basketball_reference
Theo Pinson,2021-22,-0.5,-1.5,1,148,19,26,bpm_basketball_reference
Thomas Bryant,2021-22,-1,-0.4,-0.7,439,27,24,bpm_basketball_reference
Théo Maledon,2021-22,-4.4,-3.7,-0.7,908,51,20,bpm_basketball_reference
Tim Frazier,2021-22,-8.6,-6.8,-1.8,208,12,31,bpm_basketball_reference
Tim Hardaway Jr.,2021-22,-0.2,-0.4,0.2,1245,42,29,bpm_basketball_reference
Timothé Luwawu-Cabarrot,2021-22,-3.3,-2.3,-1,685,52,26,bpm_basketball_reference
Tobias Harris,2021-22,0,0.6,-0.6,2543,73,29,bpm_basketball_reference
Tomáš Satoranský,2021-22,-3.7,-3.3,-0.3,906,55,30,bpm_basketball_reference
Tony Bradley,2021-22,-1.8,-2,0.2,549,55,24,bpm_basketball_reference
Tony Snell,2021-22,-4.2,-3.4,-0.8,823,53,30,bpm_basketball_reference
Torrey Craig,2021-22,-1.8,-1.7,-0.1,1596,78,31,bpm_basketball_reference
Trae Young,2021-22,5.2,7.1,-2,2652,76,23,bpm_basketball_reference
Trayvon Palmer,2021-22,-15,-13.1,-1.8,17,1,27,bpm_basketball_reference
Tre Jones,2021-22,-0.5,-0.9,0.4,1148,69,22,bpm_basketball_reference
Tre Mann,2021-22,-4.4,-3.3,-1.1,1367,60,20,bpm_basketball_reference
Tre Scott,2021-22,-3,-4.8,1.8,11,2,25,bpm_basketball_reference
Tremont Waters,2021-22,-7.7,-7.8,0.1,50,3,24,bpm_basketball_reference
Trendon Watford,2021-22,-1.7,-1.4,-0.4,869,48,21,bpm_basketball_reference
Trent Forrest,2021-22,-1,-2.3,1.2,765,60,23,bpm_basketball_reference
Trevelin Queen,2021-22,1.9,2.7,-0.8,74,10,24,bpm_basketball_reference
Trevor Ariza,2021-22,-3.4,-3.3,-0.2,462,24,36,bpm_basketball_reference
Trey Burke,2021-22,-5,-3.6,-1.4,441,42,29,bpm_basketball_reference
Trey Lyles,2021-22,-0.3,0.5,-0.8,1537,75,26,bpm_basketball_reference
Trey Murphy III,2021-22,-1.2,0.2,-1.4,864,62,21,bpm_basketball_reference
Tristan Thompson,2021-22,-3.1,-1.6,-1.5,897,57,30,bpm_basketball_reference
Troy Brown Jr.,2021-22,-1.8,-1.7,-0.2,1055,66,22,bpm_basketball_reference
Ty Jerome,2021-22,-2.3,-2.2,-0.2,801,48,24,bpm_basketball_reference
Tyler Cook,2021-22,-4.1,-3,-1.1,200,20,24,bpm_basketball_reference
Tyler Hall,2021-22,-8.5,-8.1,-0.5,2,1,24,bpm_basketball_reference
Tyler Herro,2021-22,0.7,1.6,-0.9,2151,66,22,bpm_basketball_reference
Tyler Johnson,2021-22,-3,-3.9,0.8,91,6,29,bpm_basketball_reference
Tyrell Terry,2021-22,-1,-3.4,2.5,3,2,21,bpm_basketball_reference
Tyrese Haliburton,2021-22,2.6,2.7,-0.1,2695,77,21,bpm_basketball_reference
Tyrese Maxey,2021-22,0.6,1.3,-0.7,2650,75,21,bpm_basketball_reference
Tyrone Wallace,2021-22,-8.2,-7.7,-0.6,75,6,27,bpm_basketball_reference
Tyus Jones,2021-22,1.7,1.2,0.5,1549,73,25,bpm_basketball_reference
Udoka Azubuike,2021-22,-1.4,-1.8,0.4,195,17,22,bpm_basketball_reference
Udonis Haslem,2021-22,-7.1,-6.4,-0.7,83,13,41,bpm_basketball_reference
Usman Garuba,2021-22,-0.9,-1.8,0.9,240,24,19,bpm_basketball_reference
Vernon Carey Jr.,2021-22,-7.5,-3,-4.5,44,7,20,bpm_basketball_reference
Victor Oladipo,2021-22,1.3,1.8,-0.5,173,8,29,bpm_basketball_reference
Vlatko Čančar,2021-22,-1.7,-0.9,-0.9,176,15,24,bpm_basketball_reference
Vít Krejčí,2021-22,-5.3,-4.3,-1,690,30,21,bpm_basketball_reference
Wayne Ellington,2021-22,-1.4,-0.7,-0.6,810,43,34,bpm_basketball_reference
Wayne Selden,2021-22,-5.9,-4.3,-1.6,19,3,27,bpm_basketball_reference
Wendell Carter Jr.,2021-22,1.6,1,0.6,1852,62,22,bpm_basketball_reference
Wenyen Gabriel,2021-22,-5.9,-3.7,-2.1,358,26,24,bpm_basketball_reference
Wes Iwundu,2021-22,-6.8,-4.1,-2.7,82,3,27,bpm_basketball_reference
Wesley Matthews,2021-22,-3.3,-3,-0.3,1002,49,35,bpm_basketball_reference
Will Barton,2021-22,-0.5,0.4,-0.9,2277,71,31,bpm_basketball_reference
Willie Cauley-Stein,2021-22,-3,-4.1,1.1,183,20,28,bpm_basketball_reference
Willy Hernangómez,2021-22,0.2,1.8,-1.5,839,50,27,bpm_basketball_reference
Xavier Moon,2021-22,-0.1,-1.1,1,137,10,27,bpm_basketball_reference
Xavier Sneed,2021-22,-10.6,-6.9,-3.7,39,9,24,bpm_basketball_reference
Xavier Tillman Sr.,2021-22,0.7,-1.1,1.8,701,53,23,bpm_basketball_reference
Yuta Watanabe,2021-22,-2,-1.9,0,445,38,27,bpm_basketball_reference
Yves Pons,2021-22,-6.6,-4.9,-1.7,71,12,22,bpm_basketball_reference
Zach Collins,2021-22,-0.2,-1.2,1,502,28,24,bpm_basketball_reference
Zach LaVine,2021-22,2.4,3.9,-1.5,2328,67,26,bpm_basketball_reference
Zavier Simpson,2021-22,-7.9,-6,-1.9,174,4,24,bpm_basketball_reference
Zeke Nnaji,2021-22,-2.2,-0.7,-1.6,698,41,21,bpm_basketball_reference
Ziaire Williams,2021-22,-3,-2.4,-0.6,1346,62,20,bpm_basketball_reference
Zylan Cheatham,2021-22,-30.6,-19.3,-11.3,5,1,26,bpm_basketball_reference
A.J. Green,2022-23,-0.9,-0.3,-0.6,345,35,23,bpm_basketball_reference
A.J. Lawson,2022-23,-4.4,-1.5,-2.9,108,15,22,bpm_basketball_reference
AJ Griffin,2022-23,-0.8,-0.3,-0.5,1401,72,19,bpm_basketball_reference
Aaron Gordon,2022-23,2.1,2.4,-0.3,2055,68,27,bpm_basketball_reference
Aaron Holiday,2022-23,-2,-2.9,0.9,845,63,26,bpm_basketball_reference
Aaron Nesmith,2022-23,-3,-2.3,-0.7,1816,73,23,bpm_basketball_reference
Aaron Wiggins,2022-23,-2.1,-1.5,-0.5,1297,70,24,bpm_basketball_reference
Admiral Schofield,2022-23,-2.9,-2.2,-0.7,451,37,25,bpm_basketball_reference
Al Horford,2022-23,3.3,1.6,1.7,1922,63,36,bpm_basketball_reference
Alec Burks,2022-23,1.2,1.8,-0.5,1122,51,31,bpm_basketball_reference
Aleksej Pokusevski,2022-23,0,-1,1,701,34,21,bpm_basketball_reference
Alex Caruso,2022-23,1.1,-2.2,3.3,1575,67,28,bpm_basketball_reference
Alex Len,2022-23,-4,-4.9,0.9,161,26,29,bpm_basketball_reference
Alize Johnson,2022-23,-9.1,-7.4,-1.7,30,4,26,bpm_basketball_reference
Alondes Williams,2022-23,-26.5,-21.3,-5.2,5,1,23,bpm_basketball_reference
Alperen Şengün,2022-23,1.4,1.1,0.4,2171,75,20,bpm_basketball_reference
Amir Coffey,2022-23,-5,-4.3,-0.7,625,50,25,bpm_basketball_reference
Andre Drummond,2022-23,-0.8,-1.2,0.5,849,67,29,bpm_basketball_reference
Andre Iguodala,2022-23,-2.5,-4.3,1.7,113,8,39,bpm_basketball_reference
Andrew Nembhard,2022-23,-3.2,-2.4,-0.8,2073,75,23,bpm_basketball_reference
Andrew Wiggins,2022-23,-0.5,-0.1,-0.4,1190,37,27,bpm_basketball_reference
Anfernee Simons,2022-23,-1.1,1.3,-2.5,2171,62,23,bpm_basketball_reference
Anthony Davis,2022-23,6.3,4.6,1.7,1904,56,29,bpm_basketball_reference
Anthony Edwards,2022-23,1,1,0,2842,79,21,bpm_basketball_reference
Anthony Gill,2022-23,-3.3,-2.4,-0.9,624,59,30,bpm_basketball_reference
Anthony Lamb,2022-23,-1.1,-1.6,0.4,1195,62,25,bpm_basketball_reference
Austin Reaves,2022-23,0.7,0.6,0.1,1843,64,24,bpm_basketball_reference
Austin Rivers,2022-23,-2.8,-3.3,0.5,1016,52,30,bpm_basketball_reference
Ayo Dosunmu,2022-23,-2.5,-3,0.6,2098,80,23,bpm_basketball_reference
Bam Adebayo,2022-23,1.5,0.8,0.8,2598,75,25,bpm_basketball_reference
Ben Simmons,2022-23,0.4,-2.2,2.6,1105,42,26,bpm_basketball_reference
Bennedict Mathurin,2022-23,-3.7,-1.2,-2.5,2222,78,20,bpm_basketball_reference
Bismack Biyombo,2022-23,-0.9,-3.4,2.5,874,61,30,bpm_basketball_reference
Blake Griffin,2022-23,0.1,-1.4,1.5,569,41,33,bpm_basketball_reference
Blake Wesley,2022-23,-9.6,-7.9,-1.8,669,37,19,bpm_basketball_reference
Boban Marjanović,2022-23,1.6,3,-1.5,171,31,34,bpm_basketball_reference
Bobby Portis,2022-23,0.7,1.2,-0.6,1818,70,27,bpm_basketball_reference
Bogdan Bogdanović,2022-23,0.5,1.1,-0.7,1508,54,30,bpm_basketball_reference
Bojan Bogdanović,2022-23,0.8,2.6,-1.8,1893,59,33,bpm_basketball_reference
Bol Bol,2022-23,-0.9,-1.8,0.9,1505,70,23,bpm_basketball_reference
Bones Hyland,2022-23,-0.8,0.4,-1.2,1085,56,22,bpm_basketball_reference
Bradley Beal,2022-23,1.8,2.9,-1.2,1673,50,29,bpm_basketball_reference
Brandon Boston Jr.,2022-23,-2.2,-1.5,-0.7,248,22,21,bpm_basketball_reference
Brandon Clarke,2022-23,2.5,0.8,1.8,1090,56,26,bpm_basketball_reference
Brandon Ingram,2022-23,1.7,2.2,-0.4,1538,45,25,bpm_basketball_reference
Braxton Key,2022-23,2.9,2.1,0.8,9,3,25,bpm_basketball_reference
Brook Lopez,2022-23,2.1,0.8,1.3,2373,78,34,bpm_basketball_reference
Bruce Brown,2022-23,-0.5,-1.1,0.6,2280,80,26,bpm_basketball_reference
Bruno Fernando,2022-23,-2,-2.8,0.7,405,39,24,bpm_basketball_reference
Bryce McGowens,2022-23,-6,-4.6,-1.4,787,46,20,bpm_basketball_reference
Bryn Forbes,2022-23,-6.3,-4.8,-1.5,268,25,29,bpm_basketball_reference
Buddy Boeheim,2022-23,-9.5,-7.5,-2,90,10,23,bpm_basketball_reference
Buddy Hield,2022-23,1.9,2.5,-0.6,2482,80,30,bpm_basketball_reference
CJ McCollum,2022-23,0.8,1.5,-0.7,2649,75,31,bpm_basketball_reference
Cade Cunningham,2022-23,-0.7,-0.1,-0.6,400,12,21,bpm_basketball_reference
Caleb Houstan,2022-23,-4,-3.1,-0.9,812,51,20,bpm_basketball_reference
Caleb Martin,2022-23,-1.2,-1.8,0.5,2077,71,27,bpm_basketball_reference
Cam Reddish,2022-23,-3.4,-2.6,-0.8,990,40,23,bpm_basketball_reference
Cam Thomas,2022-23,-2.7,-0.7,-2,948,57,21,bpm_basketball_reference
Cameron Johnson,2022-23,2.6,2,0.6,1199,42,26,bpm_basketball_reference
Cameron Payne,2022-23,-1.2,-0.5,-0.7,968,48,28,bpm_basketball_reference
Caris LeVert,2022-23,-0.2,-1,0.8,2237,74,28,bpm_basketball_reference
Carlik Jones,2022-23,-2.5,-2.8,0.4,56,7,25,bpm_basketball_reference
Cedi Osman,2022-23,-0.7,-0.8,0.2,1548,77,27,bpm_basketball_reference
Chance Comanche,2022-23,-7.5,-2.6,-4.9,21,1,26,bpm_basketball_reference
Charles Bassey,2022-23,0.7,-0.6,1.3,508,35,22,bpm_basketball_reference
Chima Moneke,2022-23,-20.7,-12.7,-8,8,2,27,bpm_basketball_reference
Chimezie Metu,2022-23,-0.1,-0.3,0.2,689,66,25,bpm_basketball_reference
Chris Boucher,2022-23,-0.1,0.7,-0.8,1523,76,30,bpm_basketball_reference
Chris Duarte,2022-23,-4.5,-2.9,-1.6,897,46,25,bpm_basketball_reference
Chris Paul,2022-23,3.2,2,1.2,1889,59,37,bpm_basketball_reference
Chris Silva,2022-23,-22.6,-22.5,-0.1,3,1,26,bpm_basketball_reference
Christian Braun,2022-23,-2.4,-2.5,0.1,1181,76,21,bpm_basketball_reference
Christian Koloko,2022-23,-3.5,-4.3,0.8,802,58,22,bpm_basketball_reference
Christian Wood,2022-23,1.7,1.9,-0.3,1738,67,27,bpm_basketball_reference
Chuma Okeke,2022-23,-1.6,-2.4,0.8,518,27,24,bpm_basketball_reference
Clint Capela,2022-23,2.2,2.3,-0.1,1730,65,28,bpm_basketball_reference
Coby White,2022-23,-0.8,-1,0.2,1730,74,22,bpm_basketball_reference
Cody Martin,2022-23,-4.6,-3.8,-0.8,134,7,27,bpm_basketball_reference
Cody Zeller,2022-23,-2.8,-2,-0.7,217,15,30,bpm_basketball_reference
Cole Anthony,2022-23,1.3,0.7,0.5,1552,60,22,bpm_basketball_reference
Cole Swider,2022-23,-3.4,-2.9,-0.5,41,7,23,bpm_basketball_reference
Collin Sexton,2022-23,-1.3,0.1,-1.5,1145,48,24,bpm_basketball_reference
Corey Kispert,2022-23,-1.5,-0.1,-1.4,2093,74,23,bpm_basketball_reference
Cory Joseph,2022-23,-1.5,-0.7,-0.8,1227,62,31,bpm_basketball_reference
D'Angelo Russell,2022-23,1.5,2.1,-0.7,2304,71,26,bpm_basketball_reference
Daishen Nix,2022-23,-6.5,-5,-1.5,914,57,20,bpm_basketball_reference
Dalano Banton,2022-23,-0.5,-1.1,0.6,279,31,23,bpm_basketball_reference
Dalen Terry,2022-23,0,-1.7,1.7,214,38,20,bpm_basketball_reference
Damian Jones,2022-23,-1.7,-2,0.3,477,41,27,bpm_basketball_reference
Damian Lillard,2022-23,7.1,8.3,-1.2,2107,58,32,bpm_basketball_reference
Damion Lee,2022-23,-1.7,-1.3,-0.4,1506,74,30,bpm_basketball_reference
Daniel Gafford,2022-23,1,0.4,0.6,1604,78,24,bpm_basketball_reference
Daniel Theis,2022-23,-1.4,-0.9,-0.5,109,7,30,bpm_basketball_reference
Danny Green,2022-23,-1.9,-2.1,0.2,138,11,35,bpm_basketball_reference
Danuel House Jr.,2022-23,-3,-2.5,-0.5,807,56,29,bpm_basketball_reference
Dario Šarić,2022-23,-1.4,-1.5,0.1,806,57,28,bpm_basketball_reference
Darius Bazley,2022-23,-1,-2,1,616,43,22,bpm_basketball_reference
Darius Days,2022-23,3.5,4.7,-1.2,25,4,23,bpm_basketball_reference
Darius Garland,2022-23,2.4,3.2,-0.7,2447,69,23,bpm_basketball_reference
David Duke Jr.,2022-23,-7.3,-6.3,-1,228,23,23,bpm_basketball_reference
David Roddy,2022-23,-3.9,-3.2,-0.7,1258,70,21,bpm_basketball_reference
Davion Mitchell,2022-23,-2.8,-2.4,-0.4,1447,80,24,bpm_basketball_reference
Davon Reed,2022-23,-5.3,-5.4,0,342,43,27,bpm_basketball_reference
Day'Ron Sharpe,2022-23,-2.3,-1.8,-0.6,552,48,21,bpm_basketball_reference
De'Aaron Fox,2022-23,2.5,3.4,-0.9,2435,73,25,bpm_basketball_reference
De'Andre Hunter,2022-23,-3.3,-1.9,-1.4,2126,67,25,bpm_basketball_reference
De'Anthony Melton,2022-23,0.9,-0.7,1.6,2150,77,24,bpm_basketball_reference
DeAndre Jordan,2022-23,-1.8,-2.4,0.7,586,39,34,bpm_basketball_reference
DeMar DeRozan,2022-23,2,1.7,0.3,2682,74,33,bpm_basketball_reference
Dean Wade,2022-23,-0.7,-2.9,2.1,891,44,26,bpm_basketball_reference
Deandre Ayton,2022-23,0.9,0.9,0,2035,67,24,bpm_basketball_reference
Dejounte Murray,2022-23,1,1.1,0,2693,74,26,bpm_basketball_reference
Delon Wright,2022-23,3.4,0.4,3.1,1221,50,30,bpm_basketball_reference
Deni Avdija,2022-23,-2.3,-2.8,0.5,2020,76,22,bpm_basketball_reference
Dennis Schröder,2022-23,-2.9,-2.4,-0.5,1986,66,29,bpm_basketball_reference
Dennis Smith Jr.,2022-23,-2.2,-3.5,1.2,1390,54,25,bpm_basketball_reference
Deonte Burton,2022-23,-24.2,-13.9,-10.4,6,2,29,bpm_basketball_reference
Dereon Seabron,2022-23,-11.3,-6.6,-4.7,12,5,22,bpm_basketball_reference
Derrick Jones Jr.,2022-23,-0.4,-1.2,0.8,893,64,25,bpm_basketball_reference
Derrick Rose,2022-23,-3.7,-2.2,-1.5,338,27,34,bpm_basketball_reference
Derrick White,2022-23,2.4,1.1,1.3,2319,82,28,bpm_basketball_reference
Desmond Bane,2022-23,3.5,3.3,0.1,1841,58,24,bpm_basketball_reference
Devin Booker,2022-23,4.2,4.5,-0.3,1835,53,26,bpm_basketball_reference
Devin Vassell,2022-23,0.4,1.3,-0.9,1178,38,22,bpm_basketball_reference
Devon Dotson,2022-23,-5.3,-7,1.8,53,6,23,bpm_basketball_reference
Devonte' Graham,2022-23,-0.1,0.1,-0.2,1338,73,27,bpm_basketball_reference
Dewayne Dedmon,2022-23,-1.6,-2.6,1,426,38,33,bpm_basketball_reference
Dillon Brooks,2022-23,-3.9,-3.4,-0.5,2214,73,27,bpm_basketball_reference
Domantas Sabonis,2022-23,5.8,4.1,1.8,2736,79,26,bpm_basketball_reference
Dominick Barlow,2022-23,-4.6,-3.7,-0.9,408,28,19,bpm_basketball_reference
Donovan Mitchell,2022-23,6.3,5.6,0.6,2432,68,26,bpm_basketball_reference
Donovan Williams,2022-23,-15.2,-9.1,-6.1,4,2,21,bpm_basketball_reference
Donte DiVincenzo,2022-23,0.7,-0.6,1.3,1894,72,26,bpm_basketball_reference
Dorian Finney-Smith,2022-23,-2,-1.7,-0.3,2009,66,29,bpm_basketball_reference
Doug McDermott,2022-23,-3.2,-0.7,-2.5,1314,64,31,bpm_basketball_reference
Draymond Green,2022-23,0.8,-1.8,2.6,2297,73,32,bpm_basketball_reference
Drew Eubanks,2022-23,0.1,-0.9,0.9,1584,78,25,bpm_basketball_reference
Dru Smith,2022-23,-0.9,-3.8,2.9,158,15,25,bpm_basketball_reference
Duane Washington Jr.,2022-23,-4.6,-1.8,-2.8,394,31,22,bpm_basketball_reference
Duncan Robinson,2022-23,-5,-3.5,-1.5,691,42,28,bpm_basketball_reference
Dwight Powell,2022-23,-1.2,-1.2,0,1458,76,31,bpm_basketball_reference
Dylan Windler,2022-23,6.7,3.2,3.5,10,3,26,bpm_basketball_reference
Dyson Daniels,2022-23,-1.8,-3.4,1.6,1042,59,19,bpm_basketball_reference
Dāvis Bertāns,2022-23,-1.2,0,-1.3,492,45,30,bpm_basketball_reference
Edmond Sumner,2022-23,-2.6,-2.4,-0.2,736,53,27,bpm_basketball_reference
Eric Gordon,2022-23,-1.9,-0.5,-1.4,1965,69,34,bpm_basketball_reference
Eugene Omoruyi,2022-23,-4.4,-3.5,-0.9,645,40,25,bpm_basketball_reference
Evan Fournier,2022-23,-4,-4,0,459,27,30,bpm_basketball_reference
Evan Mobley,2022-23,1.7,0,1.6,2715,79,21,bpm_basketball_reference
Facundo Campazzo,2022-23,-1.2,-4.8,3.6,52,8,31,bpm_basketball_reference
Frank Jackson,2022-23,-22.2,-12.5,-9.8,5,1,24,bpm_basketball_reference
Frank Kaminsky,2022-23,2.8,1.2,1.7,235,36,29,bpm_basketball_reference
Frank Ntilikina,2022-23,-6.7,-6.1,-0.7,607,47,24,bpm_basketball_reference
Franz Wagner,2022-23,-0.1,0.4,-0.5,2609,80,21,bpm_basketball_reference
Fred VanVleet,2022-23,2.5,2,0.5,2535,69,28,bpm_basketball_reference
Furkan Korkmaz,2022-23,-4.4,-3.3,-1,353,37,25,bpm_basketball_reference
Gabe Vincent,2022-23,-3.4,-3.1,-0.3,1759,68,26,bpm_basketball_reference
Gabe York,2022-23,-3.5,-1.7,-1.8,56,3,29,bpm_basketball_reference
Garrett Temple,2022-23,-1,-2.5,1.6,162,25,36,bpm_basketball_reference
Garrison Mathews,2022-23,-2.4,-2,-0.4,686,54,26,bpm_basketball_reference
Gary Harris,2022-23,-0.7,-1.4,0.7,1184,48,28,bpm_basketball_reference
Gary Payton II,2022-23,0.3,-1.2,1.5,367,22,30,bpm_basketball_reference
Gary Trent Jr.,2022-23,0.2,0.2,0,2118,66,24,bpm_basketball_reference
George Hill,2022-23,-1.5,-2.4,0.9,834,46,36,bpm_basketball_reference
Georges Niang,2022-23,-1.4,-0.4,-1,1512,78,29,bpm_basketball_reference
Giannis Antetokounmpo,2022-23,8.5,5.8,2.7,2024,63,28,bpm_basketball_reference
Goga Bitadze,2022-23,0.3,-0.8,1.1,457,38,23,bpm_basketball_reference
Goran Dragić,2022-23,-3.9,-2.1,-1.8,870,58,36,bpm_basketball_reference
Gordon Hayward,2022-23,-1.4,-1.1,-0.3,1577,50,32,bpm_basketball_reference
Gorgui Dieng,2022-23,-3.9,-4,0.1,358,31,33,bpm_basketball_reference
Grant Williams,2022-23,-1.1,-1.8,0.7,2045,79,24,bpm_basketball_reference
Grayson Allen,2022-23,0.1,-0.6,0.7,1972,72,27,bpm_basketball_reference
Greg Brown III,2022-23,-8.5,-8.5,0,93,16,21,bpm_basketball_reference
Hamidou Diallo,2022-23,-1.4,-1.8,0.4,996,56,24,bpm_basketball_reference
Harrison Barnes,2022-23,-1,0.5,-1.5,2662,82,30,bpm_basketball_reference
Haywood Highsmith,2022-23,-3.1,-3.7,0.7,969,54,26,bpm_basketball_reference
Herbert Jones,2022-23,-0.3,-1.9,1.7,1951,66,24,bpm_basketball_reference
Immanuel Quickley,2022-23,1.7,1.3,0.4,2344,81,23,bpm_basketball_reference
Isaac Okoro,2022-23,-0.3,-1.9,1.6,1652,76,22,bpm_basketball_reference
Isaiah Hartenstein,2022-23,-0.3,-1.5,1.2,1626,82,24,bpm_basketball_reference
Isaiah Jackson,2022-23,-0.8,-1.7,0.9,1042,63,21,bpm_basketball_reference
Isaiah Joe,2022-23,0.9,1.3,-0.4,1395,73,23,bpm_basketball_reference
Isaiah Livers,2022-23,-2.4,-2.1,-0.3,1199,52,24,bpm_basketball_reference
Isaiah Mobley,2022-23,-1.4,-2.5,1.1,84,12,23,bpm_basketball_reference
Isaiah Roby,2022-23,-4.6,-4,-0.6,474,42,24,bpm_basketball_reference
Isaiah Stewart,2022-23,-2.1,-1,-1.1,1414,50,21,bpm_basketball_reference
Isaiah Todd,2022-23,-14.2,-10.3,-3.9,61,6,21,bpm_basketball_reference
Ish Smith,2022-23,-6.6,-5.5,-1.1,398,43,34,bpm_basketball_reference
Ish Wainright,2022-23,-1.2,-2.7,1.5,915,60,28,bpm_basketball_reference
Ivica Zubac,2022-23,-0.9,-1.1,0.2,2170,76,25,bpm_basketball_reference
JD Davison,2022-23,-4.2,-4.5,0.4,66,12,20,bpm_basketball_reference
JT Thor,2022-23,-4.7,-4.3,-0.4,969,69,20,bpm_basketball_reference
Ja Morant,2022-23,5.7,5.2,0.5,1948,61,23,bpm_basketball_reference
JaMychal Green,2022-23,-0.5,-0.7,0.2,797,57,32,bpm_basketball_reference
JaVale McGee,2022-23,-3.7,-3.6,-0.1,355,42,35,bpm_basketball_reference
Jabari Smith Jr.,2022-23,-3.7,-2.3,-1.3,2451,79,19,bpm_basketball_reference
Jabari Walker,2022-23,-6.1,-3.9,-2.1,619,56,20,bpm_basketball_reference
Jack White,2022-23,-1.9,-2.6,0.7,66,17,25,bpm_basketball_reference
Jacob Gilyard,2022-23,-6.1,-7.8,1.7,41,1,24,bpm_basketball_reference
Jaden Hardy,2022-23,-2.3,-0.4,-1.9,708,48,20,bpm_basketball_reference
Jaden Ivey,2022-23,-3.3,-1.4,-1.9,2304,74,20,bpm_basketball_reference
Jaden McDaniels,2022-23,-1.2,-1.7,0.5,2416,79,22,bpm_basketball_reference
Jaden Springer,2022-23,0.3,-2.6,2.9,89,16,20,bpm_basketball_reference
Jae Crowder,2022-23,1.2,0.1,1.1,340,18,32,bpm_basketball_reference
Jae'Sean Tate,2022-23,-3.5,-2.8,-0.7,677,31,27,bpm_basketball_reference
Jake LaRavia,2022-23,-3.5,-3.9,0.4,414,35,21,bpm_basketball_reference
Jakob Poeltl,2022-23,1.9,1.1,0.8,1906,72,27,bpm_basketball_reference
Jalen Brunson,2022-23,3.9,4.4,-0.5,2379,68,26,bpm_basketball_reference
Jalen Duren,2022-23,-0.8,-0.4,-0.4,1670,67,19,bpm_basketball_reference
Jalen Green,2022-23,-2.1,0.5,-2.6,2602,76,20,bpm_basketball_reference
Jalen Johnson,2022-23,0.3,-1.2,1.5,1042,70,21,bpm_basketball_reference
Jalen McDaniels,2022-23,-2.1,-2.7,0.6,1913,80,25,bpm_basketball_reference
Jalen Smith,2022-23,-2.1,-0.9,-1.1,1279,68,22,bpm_basketball_reference
Jalen Suggs,2022-23,-1,-1.8,0.8,1246,53,21,bpm_basketball_reference
Jalen Williams,2022-23,0.3,-0.4,0.7,2276,75,21,bpm_basketball_reference
Jamal Cain,2022-23,0.8,-0.5,1.3,240,18,23,bpm_basketball_reference
Jamal Murray,2022-23,1.3,2.6,-1.3,2133,65,25,bpm_basketball_reference
Jamaree Bouyea,2022-23,-4.2,-5.8,1.6,71,5,23,bpm_basketball_reference
James Bouknight,2022-23,-6.5,-5.4,-1.1,515,34,22,bpm_basketball_reference
James Harden,2022-23,5.4,5.1,0.3,2135,58,33,bpm_basketball_reference
James Johnson,2022-23,-4.4,-5.7,1.2,162,18,35,bpm_basketball_reference
James Wiseman,2022-23,-3.5,-2.1,-1.4,867,45,21,bpm_basketball_reference
Jared Butler,2022-23,-2.6,-2.2,-0.4,77,6,22,bpm_basketball_reference
Jared Rhoden,2022-23,-6.1,-5,-1.1,198,14,23,bpm_basketball_reference
Jaren Jackson Jr.,2022-23,2.8,0.7,2,1787,63,23,bpm_basketball_reference
Jarred Vanderbilt,2022-23,1.1,-0.6,1.6,1879,78,23,bpm_basketball_reference
Jarrell Brantley,2022-23,3.5,3.1,0.4,39,4,26,bpm_basketball_reference
Jarrett Allen,2022-23,2.4,1.3,1,2220,68,24,bpm_basketball_reference
Jarrett Culver,2022-23,-4.2,-4.8,0.6,137,10,23,bpm_basketball_reference
Jason Preston,2022-23,-2.6,-2.1,-0.5,124,14,23,bpm_basketball_reference
Javonte Green,2022-23,1.4,-1.1,2.5,480,32,29,bpm_basketball_reference
Jaxson Hayes,2022-23,-1.2,-2.2,1,610,47,22,bpm_basketball_reference
Jay Huff,2022-23,4,2.8,1.2,95,7,24,bpm_basketball_reference
Jay Scrubb,2022-23,-1.9,-2.9,1,30,2,22,bpm_basketball_reference
Jaylen Brown,2022-23,1.3,1.5,-0.2,2405,67,26,bpm_basketball_reference
Jaylen Nowell,2022-23,-2.5,-1.5,-1,1252,65,23,bpm_basketball_reference
Jaylin Williams,2022-23,-1.7,-2.3,0.6,914,49,20,bpm_basketball_reference
Jayson Tatum,2022-23,5.5,4.8,0.7,2732,74,24,bpm_basketball_reference
Jeff Dowtin Jr.,2022-23,-1.9,-2.8,0.9,259,25,25,bpm_basketball_reference
Jeff Green,2022-23,-3.4,-2.4,-1,1091,56,36,bpm_basketball_reference
Jerami Grant,2022-23,-0.2,1.2,-1.4,2246,63,28,bpm_basketball_reference
Jeremiah Robinson-Earl,2022-23,-1.5,-0.8,-0.7,814,43,22,bpm_basketball_reference
Jeremy Sochan,2022-23,-4,-2.8,-1.2,1458,56,19,bpm_basketball_reference
Jericho Sims,2022-23,-0.5,-1,0.5,812,52,24,bpm_basketball_reference
Jevon Carter,2022-23,-0.6,-1.9,1.2,1810,81,27,bpm_basketball_reference
Jimmy Butler,2022-23,8.7,6.7,2,2138,64,33,bpm_basketball_reference
Jock Landale,2022-23,-1.1,-0.7,-0.4,979,69,27,bpm_basketball_reference
Joe Harris,2022-23,-1.1,-0.6,-0.6,1527,74,31,bpm_basketball_reference
Joe Ingles,2022-23,-0.7,-1.6,0.8,1044,46,35,bpm_basketball_reference
Joe Wieskamp,2022-23,-10.6,-7,-3.6,50,9,23,bpm_basketball_reference
Joel Embiid,2022-23,9.2,6.8,2.3,2284,66,28,bpm_basketball_reference
John Butler,2022-23,-6.2,-5.4,-0.8,221,19,20,bpm_basketball_reference
John Collins,2022-23,-1.3,-1.4,0.2,2130,71,25,bpm_basketball_reference
John Konchar,2022-23,0.5,-1.9,2.4,1494,72,26,bpm_basketball_reference
John Wall,2022-23,-1.2,-0.8,-0.4,755,34,32,bpm_basketball_reference
Johnny Davis,2022-23,-7.4,-5.8,-1.7,423,28,20,bpm_basketball_reference
Johnny Juzang,2022-23,-6.5,-4.3,-2.2,232,18,21,bpm_basketball_reference
Jonas Valančiūnas,2022-23,-0.4,0,-0.4,1968,79,30,bpm_basketball_reference
Jonathan Isaac,2022-23,4,1,3,124,11,25,bpm_basketball_reference
Jonathan Kuminga,2022-23,-1.7,-1.7,-0.1,1394,67,20,bpm_basketball_reference
Jordan Clarkson,2022-23,-1.4,1,-2.4,1988,61,30,bpm_basketball_reference
Jordan Goodwin,2022-23,0.7,-0.7,1.4,1106,62,24,bpm_basketball_reference
Jordan Hall,2022-23,-7.6,-4.7,-2.9,83,9,21,bpm_basketball_reference
Jordan McLaughlin,2022-23,-0.7,-1.3,0.6,678,43,26,bpm_basketball_reference
Jordan Nwora,2022-23,-2.1,-0.8,-1.3,1188,62,24,bpm_basketball_reference
Jordan Poole,2022-23,-1.9,-0.1,-1.8,2458,82,23,bpm_basketball_reference
Jordan Schakel,2022-23,17,7.7,9.3,6,2,24,bpm_basketball_reference
Jose Alvarado,2022-23,-1.2,-2,0.7,1310,61,24,bpm_basketball_reference
Josh Christopher,2022-23,-4.3,-3,-1.4,786,64,21,bpm_basketball_reference
Josh Giddey,2022-23,1.2,1.5,-0.3,2367,76,20,bpm_basketball_reference
Josh Green,2022-23,-2.4,-1.9,-0.6,1539,60,22,bpm_basketball_reference
Josh Hart,2022-23,0.9,-0.2,1.1,2454,76,27,bpm_basketball_reference
Josh Minott,2022-23,-1.6,-1.9,0.4,96,15,20,bpm_basketball_reference
Josh Okogie,2022-23,-0.2,-0.8,0.5,1350,72,24,bpm_basketball_reference
Josh Richardson,2022-23,-1.2,-1,-0.1,1530,65,29,bpm_basketball_reference
Joshua Primo,2022-23,-6.3,-4.7,-1.6,93,4,20,bpm_basketball_reference
Jrue Holiday,2022-23,3.1,3,0.1,2183,67,32,bpm_basketball_reference
Juan Toscano-Anderson,2022-23,-3.8,-4.6,0.8,700,52,29,bpm_basketball_reference
Juancho Hernangómez,2022-23,-3.3,-3.5,0.2,614,42,27,bpm_basketball_reference
Julian Champagnie,2022-23,-3.3,-0.6,-2.7,320,17,21,bpm_basketball_reference
Julius Randle,2022-23,3.7,3.9,-0.2,2737,77,28,bpm_basketball_reference
Justin Champagnie,2022-23,-7.9,-5.1,-2.8,34,5,21,bpm_basketball_reference
Justin Holiday,2022-23,-3.9,-3.7,-0.1,706,46,33,bpm_basketball_reference
Justin Jackson,2022-23,-2.6,-4.2,1.6,107,23,27,bpm_basketball_reference
Justin Minaya,2022-23,-9,-7.2,-1.9,89,4,23,bpm_basketball_reference
Justise Winslow,2022-23,-2.8,-3.4,0.6,776,29,26,bpm_basketball_reference
Jusuf Nurkić,2022-23,0.1,-0.6,0.7,1391,52,28,bpm_basketball_reference
KJ Martin,2022-23,-0.7,0.6,-1.3,2292,82,22,bpm_basketball_reference
KZ Okpala,2022-23,-3.2,-4.3,1.1,248,35,23,bpm_basketball_reference
Kai Jones,2022-23,-4,-4.8,0.8,550,46,22,bpm_basketball_reference
Karl-Anthony Towns,2022-23,3,2.1,0.9,957,29,27,bpm_basketball_reference
Kawhi Leonard,2022-23,6.1,5.1,0.9,1748,52,31,bpm_basketball_reference
Keegan Murray,2022-23,-0.6,0.4,-1,2382,80,22,bpm_basketball_reference
Keita Bates-Diop,2022-23,-0.6,0.3,-0.9,1452,67,27,bpm_basketball_reference
Keldon Johnson,2022-23,-1.8,0.7,-2.5,2063,63,23,bpm_basketball_reference
Kelly Olynyk,2022-23,0.4,-0.4,0.9,1942,68,31,bpm_basketball_reference
Kelly Oubre Jr.,2022-23,-1.1,-0.4,-0.7,1548,48,27,bpm_basketball_reference
Kemba Walker,2022-23,-0.3,0.3,-0.6,144,9,32,bpm_basketball_reference
Kendall Brown,2022-23,-2.9,-7,4,40,6,19,bpm_basketball_reference
Kendrick Nunn,2022-23,-3.5,-2,-1.5,964,70,27,bpm_basketball_reference
Kennedy Chandler,2022-23,-2.7,-3.3,0.6,281,36,20,bpm_basketball_reference
Kenneth Lofton Jr.,2022-23,-0.4,0.7,-1.1,176,24,20,bpm_basketball_reference
Kenrich Williams,2022-23,0.5,0.1,0.4,1206,53,28,bpm_basketball_reference
Kentavious Caldwell-Pope,2022-23,-1,-1.6,0.6,2381,76,29,bpm_basketball_reference
Keon Ellis,2022-23,1.3,-0.1,1.4,71,16,23,bpm_basketball_reference
Keon Johnson,2022-23,-5.4,-3.8,-1.6,416,40,20,bpm_basketball_reference
Kessler Edwards,2022-23,-3.9,-3.2,-0.7,385,36,22,bpm_basketball_reference
Kevin Durant,2022-23,7.1,6,1.2,1672,47,34,bpm_basketball_reference
Kevin Huerter,2022-23,1,1.4,-0.3,2203,75,24,bpm_basketball_reference
Kevin Knox,2022-23,-3.5,-2.1,-1.4,952,63,23,bpm_basketball_reference
Kevin Love,2022-23,0.6,0.2,0.4,1240,62,34,bpm_basketball_reference
Kevin Porter Jr.,2022-23,0.6,1.4,-0.8,2024,59,22,bpm_basketball_reference
Kevon Harris,2022-23,-3.6,-3.5,-0.1,457,34,25,bpm_basketball_reference
Kevon Looney,2022-23,2.1,0.9,1.3,1958,82,26,bpm_basketball_reference
Khem Birch,2022-23,-3.5,-4.6,1.1,162,20,30,bpm_basketball_reference
Khris Middleton,2022-23,0.8,1,-0.3,801,33,31,bpm_basketball_reference
Killian Hayes,2022-23,-3.8,-3.3,-0.5,2154,76,21,bpm_basketball_reference
Kira Lewis Jr.,2022-23,-0.3,-0.8,0.5,235,25,21,bpm_basketball_reference
Klay Thompson,2022-23,-0.3,1.5,-1.7,2279,69,32,bpm_basketball_reference
Kobi Simmons,2022-23,-0.9,-1,0.1,28,5,25,bpm_basketball_reference
Kris Dunn,2022-23,2.4,0.7,1.7,568,22,28,bpm_basketball_reference
Kristaps Porziņģis,2022-23,4.3,3.8,0.5,2120,65,27,bpm_basketball_reference
Kyle Anderson,2022-23,2.5,0.2,2.3,1957,69,29,bpm_basketball_reference
Kyle Kuzma,2022-23,-1.7,-0.2,-1.5,2239,64,27,bpm_basketball_reference
Kyle Lowry,2022-23,0.2,-0.7,0.8,1718,55,36,bpm_basketball_reference
Kyrie Irving,2022-23,4.1,4.8,-0.7,2241,60,30,bpm_basketball_reference
LaMelo Ball,2022-23,2.4,3.2,-0.8,1268,36,21,bpm_basketball_reference
Lamar Stevens,2022-23,-2.8,-3,0.2,1120,62,25,bpm_basketball_reference
Landry Shamet,2022-23,-1.4,-1.1,-0.3,807,40,25,bpm_basketball_reference
Larry Nance Jr.,2022-23,2,0,2,1381,65,30,bpm_basketball_reference
Lauri Markkanen,2022-23,3.8,4.9,-1,2273,66,25,bpm_basketball_reference
LeBron James,2022-23,6.1,5.5,0.6,1954,55,38,bpm_basketball_reference
Leandro Bolmaro,2022-23,-14.7,-12.4,-2.3,68,14,22,bpm_basketball_reference
Lester Quiñones,2022-23,-10.2,-6.4,-3.7,18,4,22,bpm_basketball_reference
Lindell Wigginton,2022-23,-6.7,-3.1,-3.6,87,7,24,bpm_basketball_reference
Lindy Waters III,2022-23,0.1,0.5,-0.4,531,41,25,bpm_basketball_reference
Lonnie Walker IV,2022-23,-1.4,-0.9,-0.5,1297,56,24,bpm_basketball_reference
Louis King,2022-23,2.3,3.3,-1,29,1,23,bpm_basketball_reference
Luguentz Dort,2022-23,-3,-2,-1,2272,74,23,bpm_basketball_reference
Luka Dončić,2022-23,8.9,7.6,1.4,2391,66,23,bpm_basketball_reference
Luka Garza,2022-23,-0.4,2.2,-2.6,243,28,24,bpm_basketball_reference
Luka Šamanić,2022-23,-2.1,-3.2,1.1,161,7,23,bpm_basketball_reference
Luke Kennard,2022-23,0.5,0.6,-0.1,1315,59,26,bpm_basketball_reference
Luke Kornet,2022-23,1,-0.4,1.3,804,69,27,bpm_basketball_reference
Mac McClung,2022-23,0.5,2.2,-1.7,41,2,24,bpm_basketball_reference
Malachi Flynn,2022-23,-4.1,-3.3,-0.8,691,53,24,bpm_basketball_reference
Malaki Branham,2022-23,-5.2,-3,-2.1,1550,66,19,bpm_basketball_reference
Malcolm Brogdon,2022-23,2.8,2.3,0.6,1744,67,30,bpm_basketball_reference
Malcolm Hill,2022-23,2.4,1.6,0.8,9,5,27,bpm_basketball_reference
Malik Beasley,2022-23,-2,-0.9,-1,2093,81,26,bpm_basketball_reference
Malik Monk,2022-23,0.3,1.6,-1.4,1719,77,24,bpm_basketball_reference
Mamadi Diakite,2022-23,-3.4,-4.9,1.6,176,22,26,bpm_basketball_reference
MarJon Beauchamp,2022-23,-4.8,-4.1,-0.6,701,52,22,bpm_basketball_reference
Marcus Morris,2022-23,-1.9,-1.8,-0.2,1825,65,33,bpm_basketball_reference
Marcus Smart,2022-23,-1,-1.8,0.8,1957,61,28,bpm_basketball_reference
Mark Williams,2022-23,0.1,-0.5,0.6,828,43,21,bpm_basketball_reference
Markelle Fultz,2022-23,0.5,-0.1,0.7,1778,60,24,bpm_basketball_reference
Markieff Morris,2022-23,-2.7,-2.3,-0.4,355,35,33,bpm_basketball_reference
Marko Simonovic,2022-23,-14.4,-10.5,-3.8,20,7,23,bpm_basketball_reference
Marvin Bagley III,2022-23,-0.9,0.3,-1.2,990,42,23,bpm_basketball_reference
Mason Plumlee,2022-23,2.2,1.2,1,2054,79,32,bpm_basketball_reference
Matisse Thybulle,2022-23,-0.5,-2.7,2.2,1200,71,25,bpm_basketball_reference
Matt Ryan,2022-23,-3.4,-1.9,-1.5,310,34,25,bpm_basketball_reference
Matthew Dellavedova,2022-23,-5.2,-4.4,-0.8,213,32,32,bpm_basketball_reference
Max Christie,2022-23,-3.1,-3.2,0,512,41,19,bpm_basketball_reference
Max Strus,2022-23,-1.7,-0.8,-0.9,2272,80,26,bpm_basketball_reference
Maxi Kleber,2022-23,-2.2,-2.2,0,930,37,31,bpm_basketball_reference
McKinley Wright IV,2022-23,-2.7,-1.9,-0.8,335,27,24,bpm_basketball_reference
Meyers Leonard,2022-23,-5,-2.8,-2.2,114,9,30,bpm_basketball_reference
Mfiondu Kabengele,2022-23,-8.9,-6.6,-2.4,36,4,25,bpm_basketball_reference
Micah Potter,2022-23,3.5,2.4,1.2,52,7,24,bpm_basketball_reference
Michael Carter-Williams,2022-23,-6.3,-5.1,-1.2,44,4,31,bpm_basketball_reference
Michael Foster Jr.,2022-23,-9.2,-7.2,-1.9,1,1,20,bpm_basketball_reference
Michael Porter Jr.,2022-23,0.2,2,-1.8,1798,62,24,bpm_basketball_reference
Mikal Bridges,2022-23,1.7,1.5,0.2,2963,83,26,bpm_basketball_reference
Mike Conley,2022-23,0.9,1,-0.1,2029,67,35,bpm_basketball_reference
Mike Muscala,2022-23,-0.4,-0.3,-0.1,945,63,31,bpm_basketball_reference
Miles McBride,2022-23,-2.3,-3.6,1.4,760,64,22,bpm_basketball_reference
Mitchell Robinson,2022-23,2.4,1,1.4,1591,59,24,bpm_basketball_reference
Mo Bamba,2022-23,0.5,-0.2,0.7,769,49,24,bpm_basketball_reference
Monte Morris,2022-23,0.5,0.8,-0.4,1695,62,27,bpm_basketball_reference
Montrezl Harrell,2022-23,-1.3,-0.9,-0.4,681,57,29,bpm_basketball_reference
Moritz Wagner,2022-23,0.6,0.4,0.2,1109,57,25,bpm_basketball_reference
Moses Brown,2022-23,-0.6,0.6,-1.2,294,36,23,bpm_basketball_reference
Moses Moody,2022-23,-2.6,-1.7,-0.9,817,63,20,bpm_basketball_reference
Moussa Diabaté,2022-23,-2.8,-1.9,-0.8,195,22,21,bpm_basketball_reference
Myles Turner,2022-23,2.1,1.4,0.7,1825,62,26,bpm_basketball_reference
Naji Marshall,2022-23,-1.9,-1.9,0,1792,77,25,bpm_basketball_reference
Nassir Little,2022-23,-3,-1.6,-1.4,976,54,22,bpm_basketball_reference
Nate Williams,2022-23,-3,-1,-2.1,127,5,23,bpm_basketball_reference
Nathan Knight,2022-23,-3.2,-2.4,-0.8,291,38,25,bpm_basketball_reference
Naz Reid,2022-23,1,0.3,0.8,1251,68,23,bpm_basketball_reference
Neemias Queta,2022-23,-3.4,-2.6,-0.8,29,5,23,bpm_basketball_reference
Nerlens Noel,2022-23,-3.8,-6.5,2.6,195,17,28,bpm_basketball_reference
Nic Claxton,2022-23,3.1,0.9,2.2,2271,76,23,bpm_basketball_reference
Nick Richards,2022-23,-1.3,-1,-0.2,1217,65,25,bpm_basketball_reference
Nickeil Alexander-Walker,2022-23,-0.9,-1.4,0.4,884,59,24,bpm_basketball_reference
Nicolas Batum,2022-23,0.5,-0.8,1.2,1709,78,34,bpm_basketball_reference
Nikola Jokić,2022-23,13,8.5,4.5,2323,69,27,bpm_basketball_reference
Nikola Jović,2022-23,-3.4,-3.4,0,204,15,19,bpm_basketball_reference
Nikola Vučević,2022-23,2.7,1.9,0.7,2746,82,32,bpm_basketball_reference
Noah Vonleh,2022-23,-6.3,-7,0.7,171,23,27,bpm_basketball_reference
Norman Powell,2022-23,0.3,0.9,-0.7,1567,60,29,bpm_basketball_reference
OG Anunoby,2022-23,0.4,-0.3,0.7,2386,67,25,bpm_basketball_reference
Obi Toppin,2022-23,-0.5,0.3,-0.8,1050,67,24,bpm_basketball_reference
Ochai Agbaji,2022-23,-3,-1.7,-1.4,1209,59,22,bpm_basketball_reference
Olivier Sarr,2022-23,-4.9,-4.2,-0.7,114,9,23,bpm_basketball_reference
Omer Yurtseven,2022-23,-3.9,-2.5,-1.5,83,9,24,bpm_basketball_reference
Onyeka Okongwu,2022-23,0.8,0,0.8,1849,80,22,bpm_basketball_reference
Orlando Robinson,2022-23,-2.1,-2.7,0.7,425,31,22,bpm_basketball_reference
Oshae Brissett,2022-23,-3.2,-2,-1.2,1083,65,24,bpm_basketball_reference
Otto Porter Jr.,2022-23,0.7,-1.3,2,146,8,29,bpm_basketball_reference
Ousmane Dieng,2022-23,-3.6,-3.1,-0.5,569,39,19,bpm_basketball_reference
P.J. Tucker,2022-23,-3,-3.2,0.2,1920,75,37,bpm_basketball_reference
P.J. Washington,2022-23,-1.3,-1,-0.3,2380,73,24,bpm_basketball_reference
PJ Dozier,2022-23,-7.8,-8.6,0.7,79,16,26,bpm_basketball_reference
Paolo Banchero,2022-23,-1.5,-0.7,-0.7,2430,72,20,bpm_basketball_reference
Pascal Siakam,2022-23,3.1,3.3,-0.1,2652,71,28,bpm_basketball_reference
Pat Connaughton,2022-23,-1,-1.3,0.3,1443,61,30,bpm_basketball_reference
Patrick Baldwin Jr.,2022-23,-2.1,-0.7,-1.4,226,31,20,bpm_basketball_reference
Patrick Beverley,2022-23,-1.2,-2.9,1.7,1816,67,34,bpm_basketball_reference
Patrick Williams,2022-23,-1.3,-1.7,0.4,2323,82,21,bpm_basketball_reference
Patty Mills,2022-23,-3.1,-1.4,-1.7,567,40,34,bpm_basketball_reference
Paul George,2022-23,2.8,2.4,0.3,1939,56,32,bpm_basketball_reference
Paul Reed,2022-23,-0.1,-1.6,1.5,755,69,23,bpm_basketball_reference
Payton Pritchard,2022-23,-3.4,-2.1,-1.2,643,48,25,bpm_basketball_reference
Peyton Watson,2022-23,-2.8,-2.7,-0.1,186,23,20,bpm_basketball_reference
Precious Achiuwa,2022-23,-2.3,-1.4,-0.8,1140,55,23,bpm_basketball_reference
Quentin Grimes,2022-23,-0.1,-0.3,0.1,2121,71,22,bpm_basketball_reference
Quenton Jackson,2022-23,-5.1,-3.7,-1.5,135,9,24,bpm_basketball_reference
R.J. Hampton,2022-23,-2.9,-2.3,-0.6,750,47,21,bpm_basketball_reference
RJ Barrett,2022-23,-3.1,-1.2,-1.9,2475,73,22,bpm_basketball_reference
RaiQuan Gray,2022-23,-2,-0.6,-1.4,35,1,23,bpm_basketball_reference
Raul Neto,2022-23,-0.2,-1.7,1.5,505,48,30,bpm_basketball_reference
Reggie Bullock,2022-23,-2.6,-2.3,-0.3,2364,78,31,bpm_basketball_reference
Reggie Jackson,2022-23,-3.9,-2.9,-1.1,1657,68,32,bpm_basketball_reference
Richaun Holmes,2022-23,-2.9,-2,-0.9,348,42,29,bpm_basketball_reference
Ricky Rubio,2022-23,-2.8,-3.8,1.1,566,33,32,bpm_basketball_reference
Robert Covington,2022-23,1.7,-0.5,2.1,779,48,32,bpm_basketball_reference
Robert Williams,2022-23,3.3,1,2.4,824,35,25,bpm_basketball_reference
Robin Lopez,2022-23,-3,-3.4,0.3,299,37,34,bpm_basketball_reference
Rodney McGruder,2022-23,-1.5,-0.8,-0.7,524,32,31,bpm_basketball_reference
Romeo Langford,2022-23,-4.2,-2.6,-1.5,844,43,23,bpm_basketball_reference
Ron Harper Jr.,2022-23,1.2,2.4,-1.2,48,9,22,bpm_basketball_reference
Royce O'Neale,2022-23,-1.1,-1.7,0.6,2409,76,29,bpm_basketball_reference
Rudy Gay,2022-23,-4,-3.6,-0.4,816,56,36,bpm_basketball_reference
Rudy Gobert,2022-23,0.7,0,0.7,2148,70,30,bpm_basketball_reference
Rui Hachimura,2022-23,-2.2,-1.3,-1,1466,63,24,bpm_basketball_reference
Russell Westbrook,2022-23,0.2,0.3,-0.1,2126,73,34,bpm_basketball_reference
Ryan Arcidiacono,2022-23,-8.8,-7.3,-1.5,172,20,28,bpm_basketball_reference
Ryan Rollins,2022-23,-15,-11.3,-3.7,62,12,20,bpm_basketball_reference
Saben Lee,2022-23,-1.8,-2.7,0.9,373,25,23,bpm_basketball_reference
Saddiq Bey,2022-23,-0.3,0.9,-1.2,2129,77,23,bpm_basketball_reference
Sam Hauser,2022-23,1,0.6,0.4,1290,80,25,bpm_basketball_reference
Sam Merrill,2022-23,1.2,-1.2,2.5,59,5,26,bpm_basketball_reference
Sandro Mamukelashvili,2022-23,-2.4,-1.1,-1.3,660,43,23,bpm_basketball_reference
Santi Aldama,2022-23,0.5,-0.3,0.8,1682,77,22,bpm_basketball_reference
Scottie Barnes,2022-23,0.4,0.5,-0.1,2678,77,21,bpm_basketball_reference
Scotty Pippen Jr.,2022-23,-5.9,-5.1,-0.8,32,6,22,bpm_basketball_reference
Serge Ibaka,2022-23,-4.5,-4.6,0,185,16,33,bpm_basketball_reference
Seth Curry,2022-23,-2.1,-1.2,-0.9,1211,61,32,bpm_basketball_reference
Shaedon Sharpe,2022-23,-3.3,-1.3,-2,1779,80,19,bpm_basketball_reference
Shai Gilgeous-Alexander,2022-23,7.3,5.7,1.5,2416,68,24,bpm_basketball_reference
Shake Milton,2022-23,-2,-1,-0.9,1567,76,26,bpm_basketball_reference
Shaquille Harrison,2022-23,0.1,-2.5,2.6,120,5,29,bpm_basketball_reference
Simone Fontecchio,2022-23,-5.2,-3,-2.1,766,52,27,bpm_basketball_reference
Skylar Mays,2022-23,0,2.1,-2.1,189,6,25,bpm_basketball_reference
Spencer Dinwiddie,2022-23,0.7,1.6,-0.9,2725,79,29,bpm_basketball_reference
Stanley Johnson,2022-23,-1,-0.8,-0.2,469,30,26,bpm_basketball_reference
Stanley Umude,2022-23,48.6,15.9,32.7,2,1,23,bpm_basketball_reference
Stephen Curry,2022-23,7.5,7.5,0.1,1941,56,34,bpm_basketball_reference
Sterling Brown,2022-23,-3.3,-7.7,4.3,24,4,27,bpm_basketball_reference
Steven Adams,2022-23,0.6,-0.3,0.9,1133,42,29,bpm_basketball_reference
Svi Mykhailiuk,2022-23,-0.1,0.5,-0.7,468,32,25,bpm_basketball_reference
T.J. McConnell,2022-23,0.5,0.4,0.1,1526,75,30,bpm_basketball_reference
T.J. Warren,2022-23,-2,-1.7,-0.2,687,42,29,bpm_basketball_reference
Taj Gibson,2022-23,-3.2,-3.6,0.5,480,49,37,bpm_basketball_reference
Talen Horton-Tucker,2022-23,-1.6,-1.1,-0.5,1313,65,22,bpm_basketball_reference
Tari Eason,2022-23,-1.7,-1.3,-0.4,1767,82,21,bpm_basketball_reference
Taurean Prince,2022-23,-3.3,-2.6,-0.6,1192,54,28,bpm_basketball_reference
Terance Mann,2022-23,-0.2,-0.3,0.1,1872,81,26,bpm_basketball_reference
Terence Davis,2022-23,-1.5,-1.3,-0.3,841,64,25,bpm_basketball_reference
Terrence Ross,2022-23,-2.1,-1.8,-0.3,1330,63,31,bpm_basketball_reference
Terry Rozier,2022-23,-0.6,0.6,-1.1,2221,63,28,bpm_basketball_reference
Terry Taylor,2022-23,-4.1,-2.3,-1.8,264,31,23,bpm_basketball_reference
Thaddeus Young,2022-23,0.1,-1.8,1.9,795,54,34,bpm_basketball_reference
Thanasis Antetokounmpo,2022-23,-7.6,-6.5,-1.1,206,37,30,bpm_basketball_reference
Theo Pinson,2022-23,-3.4,-2.5,-0.9,323,40,27,bpm_basketball_reference
Thomas Bryant,2022-23,0.6,1.1,-0.5,1081,59,25,bpm_basketball_reference
Théo Maledon,2022-23,-2.5,-3,0.5,854,44,21,bpm_basketball_reference
Tim Hardaway Jr.,2022-23,-1.8,-0.3,-1.5,2152,71,30,bpm_basketball_reference
Tobias Harris,2022-23,0.7,0.6,0.1,2436,74,30,bpm_basketball_reference
Tony Bradley,2022-23,4.9,4.4,0.5,33,12,25,bpm_basketball_reference
Torrey Craig,2022-23,-0.6,-1.3,0.7,1948,79,32,bpm_basketball_reference
Trae Young,2022-23,3.3,5.3,-2,2541,73,24,bpm_basketball_reference
Tre Jones,2022-23,-1,-0.2,-0.8,1984,68,23,bpm_basketball_reference
Tre Mann,2022-23,-3.9,-3,-1,1183,67,21,bpm_basketball_reference
Trendon Watford,2022-23,-1.8,-1.4,-0.4,1182,62,22,bpm_basketball_reference
Trent Forrest,2022-23,-5.1,-5.3,0.2,277,23,24,bpm_basketball_reference
Trevelin Queen,2022-23,-7.2,-5.6,-1.5,70,7,25,bpm_basketball_reference
Trevor Hudgins,2022-23,-8.4,-3.8,-4.7,28,5,23,bpm_basketball_reference
Trevor Keels,2022-23,-13,-7.4,-5.6,8,3,19,bpm_basketball_reference
Trey Lyles,2022-23,-1,0,-0.9,1247,74,27,bpm_basketball_reference
Trey Murphy III,2022-23,1.8,1.4,0.4,2448,79,22,bpm_basketball_reference
Troy Brown Jr.,2022-23,-1,-1.8,0.8,1860,76,23,bpm_basketball_reference
Ty Jerome,2022-23,-0.8,-1.1,0.3,816,45,25,bpm_basketball_reference
TyTy Washington Jr.,2022-23,-6.3,-5,-1.3,433,31,21,bpm_basketball_reference
Tyler Dorsey,2022-23,17.8,17,0.8,8,3,26,bpm_basketball_reference
Tyler Herro,2022-23,0.6,1.5,-0.8,2337,67,23,bpm_basketball_reference
Tyrese Haliburton,2022-23,7.2,7,0.2,1883,56,22,bpm_basketball_reference
Tyrese Martin,2022-23,-7.4,-4.2,-3.1,66,16,23,bpm_basketball_reference
Tyrese Maxey,2022-23,0.6,1.9,-1.2,2016,60,22,bpm_basketball_reference
Tyus Jones,2022-23,1.6,1.2,0.3,1940,80,26,bpm_basketball_reference
Udoka Azubuike,2022-23,-0.6,-1.2,0.5,359,36,23,bpm_basketball_reference
Udonis Haslem,2022-23,-12.1,-8.2,-3.9,71,7,42,bpm_basketball_reference
Usman Garuba,2022-23,-1.4,-2,0.6,970,75,20,bpm_basketball_reference
Vernon Carey Jr.,2022-23,-5,-7.1,2.1,28,11,21,bpm_basketball_reference
Victor Oladipo,2022-23,-2.1,-2.9,0.8,1106,42,30,bpm_basketball_reference
Vince Williams Jr.,2022-23,-8.5,-8.3,-0.2,105,15,22,bpm_basketball_reference
Vlatko Čančar,2022-23,-1.8,-1.7,-0.1,889,60,25,bpm_basketball_reference
Vít Krejčí,2022-23,-3.6,-4.2,0.6,165,29,22,bpm_basketball_reference
Walker Kessler,2022-23,2.9,1.4,1.5,1703,74,21,bpm_basketball_reference
Wendell Carter Jr.,2022-23,1,0.9,0.1,1690,57,23,bpm_basketball_reference
Wendell Moore Jr.,2022-23,-2.4,-3.8,1.3,153,29,21,bpm_basketball_reference
Wenyen Gabriel,2022-23,-2.2,-2.3,0.1,1024,68,25,bpm_basketball_reference
Wesley Matthews,2022-23,-2.7,-3.4,0.8,820,52,36,bpm_basketball_reference
Will Barton,2022-23,-2.6,-2,-0.6,993,56,32,bpm_basketball_reference
Willy Hernangómez,2022-23,0.3,-0.2,0.5,458,38,28,bpm_basketball_reference
Xavier Cooks,2022-23,-3.6,-3.2,-0.4,126,10,27,bpm_basketball_reference
Xavier Moon,2022-23,-5.1,-4.1,-1,20,4,28,bpm_basketball_reference
Xavier Sneed,2022-23,-3.6,-3.1,-0.4,48,4,25,bpm_basketball_reference
Xavier Tillman Sr.,2022-23,1.9,0.3,1.7,1180,61,24,bpm_basketball_reference
Yuta Watanabe,2022-23,-0.6,-0.4,-0.2,928,58,28,bpm_basketball_reference
Zach Collins,2022-23,-0.2,-0.5,0.3,1441,63,25,bpm_basketball_reference
Zach LaVine,2022-23,1.9,2.7,-0.7,2768,77,27,bpm_basketball_reference
Zeke Nnaji,2022-23,-3.7,-2.7,-0.9,728,53,22,bpm_basketball_reference
Ziaire Williams,2022-23,-5.6,-4.7,-0.8,561,37,21,bpm_basketball_reference
Zion Williamson,2022-23,5.8,4.8,1,956,29,22,bpm_basketball_reference
A.J. Green,2023-24,-2.1,-0.4,-1.7,614,56,24,bpm_basketball_reference
A.J. Lawson,2023-24,-4.6,-3.1,-1.5,311,42,23,bpm_basketball_reference
AJ Griffin,2023-24,-9.6,-6,-3.5,171,20,20,bpm_basketball_reference
Aaron Gordon,2023-24,1.3,1.2,0.1,2297,73,28,bpm_basketball_reference
Aaron Holiday,2023-24,-1.5,-1.8,0.3,1269,78,27,bpm_basketball_reference
Aaron Nesmith,2023-24,-0.5,-0.3,-0.2,1995,72,24,bpm_basketball_reference
Aaron Wiggins,2023-24,0.7,0.4,0.4,1228,78,25,bpm_basketball_reference
Adam Flagler,2023-24,-10.6,-6.7,-3.9,14,2,24,bpm_basketball_reference
Adama Sanogo,2023-24,-6.7,-0.4,-6.3,66,9,21,bpm_basketball_reference
Admiral Schofield,2023-24,-4.9,-4.1,-0.8,84,23,26,bpm_basketball_reference
Al Horford,2023-24,3.6,1.7,2,1740,65,37,bpm_basketball_reference
Alec Burks,2023-24,-2.3,-0.3,-2,1212,66,32,bpm_basketball_reference
Aleksej Pokusevski,2023-24,-1.9,-1.8,-0.1,405,28,22,bpm_basketball_reference
Alex Caruso,2023-24,2.5,0.2,2.3,2040,71,29,bpm_basketball_reference
Alex Fudge,2023-24,-5.2,-3.7,-1.5,40,6,20,bpm_basketball_reference
Alex Len,2023-24,0.2,-2.7,2.9,444,48,30,bpm_basketball_reference
Alondes Williams,2023-24,-23.2,-17.8,-5.4,16,7,24,bpm_basketball_reference
Alperen Şengün,2023-24,4.9,3.1,1.7,2046,63,21,bpm_basketball_reference
Amari Bailey,2023-24,-8.3,-5.2,-3.1,65,10,19,bpm_basketball_reference
Amen Thompson,2023-24,1.8,-0.1,1.9,1388,62,21,bpm_basketball_reference
Amir Coffey,2023-24,-2.2,-1.9,-0.3,1460,70,26,bpm_basketball_reference
Andre Drummond,2023-24,0.1,0.8,-0.7,1351,79,30,bpm_basketball_reference
Andre Jackson Jr.,2023-24,-3.6,-3.6,0,572,57,22,bpm_basketball_reference
Andrew Funk,2023-24,-14.4,-12.4,-2,13,5,24,bpm_basketball_reference
Andrew Nembhard,2023-24,-2.2,-1.6,-0.5,1697,68,24,bpm_basketball_reference
Andrew Wiggins,2023-24,-2.5,-1.4,-1.2,1920,71,28,bpm_basketball_reference
Anfernee Simons,2023-24,0.2,2.7,-2.5,1582,46,24,bpm_basketball_reference
Anthony Black,2023-24,-3,-3.8,0.8,1164,69,20,bpm_basketball_reference
Anthony Davis,2023-24,5.1,3.5,1.7,2700,76,30,bpm_basketball_reference
Anthony Edwards,2023-24,3.3,2.7,0.5,2770,79,22,bpm_basketball_reference
Anthony Gill,2023-24,-4.1,-2.6,-1.5,466,50,31,bpm_basketball_reference
Armoni Brooks,2023-24,-5.8,-2.2,-3.7,104,10,25,bpm_basketball_reference
Ashton Hagans,2023-24,-3.5,-4.4,0.9,316,19,24,bpm_basketball_reference
Ausar Thompson,2023-24,-2.2,-2.8,0.6,1583,63,21,bpm_basketball_reference
Austin Reaves,2023-24,0.4,0.9,-0.4,2629,82,25,bpm_basketball_reference
Ayo Dosunmu,2023-24,-0.8,-0.6,-0.2,2212,76,24,bpm_basketball_reference
Bam Adebayo,2023-24,2.4,0.8,1.7,2416,71,26,bpm_basketball_reference
Ben Sheppard,2023-24,-3.4,-3.3,-0.1,814,57,22,bpm_basketball_reference
Ben Simmons,2023-24,2.4,-0.5,2.9,359,15,27,bpm_basketball_reference
Bennedict Mathurin,2023-24,-3.4,-1.2,-2.3,1538,59,21,bpm_basketball_reference
Bilal Coulibaly,2023-24,-4.2,-3.6,-0.5,1715,63,19,bpm_basketball_reference
Bismack Biyombo,2023-24,-3.4,-4.8,1.4,791,40,31,bpm_basketball_reference
Blake Wesley,2023-24,-4,-4,0.1,876,61,20,bpm_basketball_reference
Boban Marjanović,2023-24,-0.3,0.2,-0.5,71,14,35,bpm_basketball_reference
Bobby Portis,2023-24,-0.8,0,-0.8,2008,82,28,bpm_basketball_reference
Bogdan Bogdanović,2023-24,0.2,0.9,-0.7,2401,79,31,bpm_basketball_reference
Bojan Bogdanović,2023-24,-3.2,-0.7,-2.5,1478,57,34,bpm_basketball_reference
Bol Bol,2023-24,2.1,1.4,0.8,469,43,24,bpm_basketball_reference
Bones Hyland,2023-24,-3.6,-2.8,-0.8,540,37,23,bpm_basketball_reference
Bradley Beal,2023-24,0.4,0.9,-0.6,1767,53,30,bpm_basketball_reference
Brandin Podziemski,2023-24,-0.1,-0.5,0.4,1968,74,20,bpm_basketball_reference
Brandon Boston Jr.,2023-24,-9,-6.2,-2.7,345,32,22,bpm_basketball_reference
Brandon Clarke,2023-24,1,0.7,0.3,134,6,27,bpm_basketball_reference
Brandon Ingram,2023-24,1.2,1.4,-0.3,2103,64,26,bpm_basketball_reference
Brandon Miller,2023-24,-2.6,-0.9,-1.6,2383,74,21,bpm_basketball_reference
Brandon Williams,2023-24,-5.5,-2.7,-2.8,113,17,24,bpm_basketball_reference
Braxton Key,2023-24,2.1,0.5,1.6,60,20,26,bpm_basketball_reference
Brice Sensabaugh,2023-24,-5.5,-3.3,-2.1,584,32,20,bpm_basketball_reference
Brook Lopez,2023-24,1,0.2,0.8,2411,79,35,bpm_basketball_reference
Bruce Brown,2023-24,-3.3,-2.4,-1,1866,67,27,bpm_basketball_reference
Bruno Fernando,2023-24,-2.3,-3.1,0.9,682,45,25,bpm_basketball_reference
Bryce McGowens,2023-24,-4.9,-3.7,-1.1,882,59,21,bpm_basketball_reference
Buddy Boeheim,2023-24,-3.5,-0.7,-2.8,84,10,24,bpm_basketball_reference
Buddy Hield,2023-24,0.4,1,-0.6,2160,84,31,bpm_basketball_reference
CJ McCollum,2023-24,3.1,3.3,-0.3,2159,66,32,bpm_basketball_reference
Cade Cunningham,2023-24,0.3,2,-1.6,2074,62,22,bpm_basketball_reference
Caleb Houstan,2023-24,-1.9,-1.4,-0.5,815,59,21,bpm_basketball_reference
Caleb Martin,2023-24,-2,-2.2,0.2,1756,64,28,bpm_basketball_reference
Cam Reddish,2023-24,-3.2,-4,0.8,984,48,24,bpm_basketball_reference
Cam Thomas,2023-24,-1.2,0.7,-1.9,2075,66,22,bpm_basketball_reference
Cam Whitmore,2023-24,0.1,1,-0.9,880,47,19,bpm_basketball_reference
Cameron Johnson,2023-24,0.4,0.9,-0.5,1599,58,27,bpm_basketball_reference
Cameron Payne,2023-24,-1.1,-0.5,-0.6,1304,78,29,bpm_basketball_reference
Caris LeVert,2023-24,0.2,-0.6,0.8,1958,68,29,bpm_basketball_reference
Cason Wallace,2023-24,0.1,-0.9,1,1692,82,20,bpm_basketball_reference
Cedi Osman,2023-24,-2.1,-1.7,-0.3,1269,72,28,bpm_basketball_reference
Charles Bassey,2023-24,1.3,-1.8,3.1,205,19,23,bpm_basketball_reference
Charlie Brown Jr.,2023-24,-13.6,-10.2,-3.4,37,8,26,bpm_basketball_reference
Chet Holmgren,2023-24,3.4,1.8,1.5,2413,82,21,bpm_basketball_reference
Chimezie Metu,2023-24,-1.3,-2.1,0.8,859,51,26,bpm_basketball_reference
Chris Boucher,2023-24,-1.7,-0.3,-1.4,705,50,31,bpm_basketball_reference
Chris Duarte,2023-24,-3.4,-3.5,0.1,719,59,26,bpm_basketball_reference
Chris Livingston,2023-24,-8,-7,-1,90,21,20,bpm_basketball_reference
Chris Paul,2023-24,1,-0.2,1.2,1531,58,38,bpm_basketball_reference
Christian Braun,2023-24,-1.9,-1.7,-0.2,1655,82,22,bpm_basketball_reference
Christian Wood,2023-24,-2.8,-2.6,-0.2,872,50,28,bpm_basketball_reference
Chuma Okeke,2023-24,-3.4,-3.2,-0.2,432,47,25,bpm_basketball_reference
Clint Capela,2023-24,0.1,1,-1,1883,73,29,bpm_basketball_reference
Coby White,2023-24,-0.7,0.7,-1.3,2881,79,23,bpm_basketball_reference
Cody Martin,2023-24,-3.5,-4.1,0.6,753,28,28,bpm_basketball_reference
Cody Zeller,2023-24,-2.6,-2.9,0.3,320,43,31,bpm_basketball_reference
Colby Jones,2023-24,-5,-5.4,0.4,192,30,21,bpm_basketball_reference
Cole Anthony,2023-24,0.1,-0.6,0.7,1817,81,23,bpm_basketball_reference
Cole Swider,2023-24,-4.5,-2.1,-2.4,87,18,24,bpm_basketball_reference
Colin Castleton,2023-24,-5.2,-3.9,-1.4,59,16,23,bpm_basketball_reference
Collin Gillespie,2023-24,-2.7,-3.7,0.9,225,24,24,bpm_basketball_reference
Collin Sexton,2023-24,1.9,3.8,-1.9,2075,78,25,bpm_basketball_reference
Corey Kispert,2023-24,-2.1,-0.2,-2,2067,80,24,bpm_basketball_reference
Cory Joseph,2023-24,-4.7,-4,-0.7,296,26,32,bpm_basketball_reference
Craig Porter Jr.,2023-24,0.5,-0.6,1.1,649,51,23,bpm_basketball_reference
D'Angelo Russell,2023-24,0.9,1.7,-0.8,2484,76,27,bpm_basketball_reference
D'Moi Hodge,2023-24,-6.3,-3.7,-2.6,41,7,25,bpm_basketball_reference
D.J. Carton,2023-24,-5.3,-4.2,-1.1,36,4,23,bpm_basketball_reference
D.J. Wilson,2023-24,22.4,15.5,7,15,2,27,bpm_basketball_reference
DaQuan Jeffries,2023-24,-8.1,-5.6,-2.5,46,17,26,bpm_basketball_reference
Daishen Nix,2023-24,-1.4,-2.8,1.4,50,15,21,bpm_basketball_reference
Dalano Banton,2023-24,-1.3,-0.7,-0.6,1047,54,24,bpm_basketball_reference
Dalen Terry,2023-24,-2.3,-3.4,1.1,681,59,21,bpm_basketball_reference
Damian Jones,2023-24,-0.5,-1.7,1.2,270,39,28,bpm_basketball_reference
Damian Lillard,2023-24,2.1,3.4,-1.3,2579,73,33,bpm_basketball_reference
Daniel Gafford,2023-24,2.6,0.7,1.9,1815,74,25,bpm_basketball_reference
Daniel Theis,2023-24,-1.6,-1.7,0.1,1015,60,31,bpm_basketball_reference
Danilo Gallinari,2023-24,-1.9,-0.8,-1,630,49,35,bpm_basketball_reference
Danny Green,2023-24,-6.6,-7.4,0.8,18,2,36,bpm_basketball_reference
Danté Exum,2023-24,-0.6,-0.3,-0.3,1088,55,28,bpm_basketball_reference
Danuel House Jr.,2023-24,-4,-3.4,-0.5,509,34,30,bpm_basketball_reference
Dario Šarić,2023-24,1,0.6,0.4,1098,64,29,bpm_basketball_reference
Dariq Whitehead,2023-24,-7.9,-5.5,-2.4,24,2,19,bpm_basketball_reference
Darius Bazley,2023-24,-0.4,-0.9,0.5,152,9,23,bpm_basketball_reference
Darius Garland,2023-24,-1,0.2,-1.2,1901,57,24,bpm_basketball_reference
David Duke Jr.,2023-24,1.4,-0.1,1.4,51,4,24,bpm_basketball_reference
David Roddy,2023-24,-5,-4,-1,1177,65,22,bpm_basketball_reference
Davion Mitchell,2023-24,-3.4,-2.4,-1,1101,72,25,bpm_basketball_reference
Day'Ron Sharpe,2023-24,0,-0.4,0.4,921,61,22,bpm_basketball_reference
De'Aaron Fox,2023-24,2.7,2.6,0.1,2659,74,26,bpm_basketball_reference
De'Andre Hunter,2023-24,-2.4,-0.9,-1.5,1681,57,26,bpm_basketball_reference
De'Anthony Melton,2023-24,0.5,-0.7,1.2,1023,38,25,bpm_basketball_reference
DeAndre Jordan,2023-24,-1.7,-1.7,-0.1,396,36,35,bpm_basketball_reference
DeJon Jarreau,2023-24,-4,-4.6,0.7,150,9,26,bpm_basketball_reference
DeMar DeRozan,2023-24,1.8,2.1,-0.3,2989,79,34,bpm_basketball_reference
Dean Wade,2023-24,0.1,-1.7,1.8,1108,54,27,bpm_basketball_reference
Deandre Ayton,2023-24,0.3,0.5,-0.2,1784,55,25,bpm_basketball_reference
Dejounte Murray,2023-24,1.7,2.3,-0.6,2783,78,27,bpm_basketball_reference
Delon Wright,2023-24,0.4,-2,2.5,742,47,31,bpm_basketball_reference
Deni Avdija,2023-24,-0.9,-0.7,-0.2,2257,75,23,bpm_basketball_reference
Dennis Schröder,2023-24,-1.8,-0.5,-1.3,2486,80,30,bpm_basketball_reference
Dennis Smith Jr.,2023-24,-0.8,-2.6,1.8,1059,56,26,bpm_basketball_reference
Dereck Lively II,2023-24,0.5,-0.3,0.8,1294,55,19,bpm_basketball_reference
Dereon Seabron,2023-24,-1.5,-2.7,1.2,55,6,23,bpm_basketball_reference
Derrick Jones Jr.,2023-24,-1.5,-1.3,-0.3,1783,76,26,bpm_basketball_reference
Derrick Rose,2023-24,-2.8,-1.3,-1.5,399,24,35,bpm_basketball_reference
Derrick White,2023-24,3.8,2.4,1.4,2381,73,29,bpm_basketball_reference
Desmond Bane,2023-24,2.8,3.1,-0.3,1443,42,25,bpm_basketball_reference
Devin Booker,2023-24,3,4,-1,2447,68,27,bpm_basketball_reference
Devin Vassell,2023-24,0,0.9,-0.9,2248,68,23,bpm_basketball_reference
Devonte' Graham,2023-24,-3.9,-3,-0.9,313,23,28,bpm_basketball_reference
Dexter Dennis,2023-24,1.7,1.7,-0.1,30,4,24,bpm_basketball_reference
Dillon Brooks,2023-24,-3.6,-3.3,-0.3,2227,72,28,bpm_basketball_reference
Dmytro Skapintsev,2023-24,-25.9,-16,-9.8,2,2,25,bpm_basketball_reference
Domantas Sabonis,2023-24,6.5,4,2.4,2928,82,27,bpm_basketball_reference
Dominick Barlow,2023-24,-1.7,-1.7,0,420,33,20,bpm_basketball_reference
Donovan Mitchell,2023-24,5.8,4.6,1.2,1942,55,27,bpm_basketball_reference
Donte DiVincenzo,2023-24,3.4,2.5,0.9,2360,81,27,bpm_basketball_reference
Dorian Finney-Smith,2023-24,-2,-2,-0.1,1934,68,30,bpm_basketball_reference
Doug McDermott,2023-24,-3.4,-1.5,-1.9,904,64,32,bpm_basketball_reference
Draymond Green,2023-24,2.4,-0.6,3,1490,55,33,bpm_basketball_reference
Drew Eubanks,2023-24,-1.2,-2,0.8,1169,75,26,bpm_basketball_reference
Drew Peterson,2023-24,5.3,3.8,1.6,23,3,24,bpm_basketball_reference
Dru Smith,2023-24,1.4,-1.8,3.2,131,9,26,bpm_basketball_reference
Duncan Robinson,2023-24,-0.9,-0.5,-0.4,1905,68,29,bpm_basketball_reference
Duop Reath,2023-24,-0.9,-0.2,-0.7,1214,68,27,bpm_basketball_reference
Dwight Powell,2023-24,-0.3,-1.1,0.8,836,63,32,bpm_basketball_reference
Dylan Windler,2023-24,0.7,1.7,-1,108,17,27,bpm_basketball_reference
Dyson Daniels,2023-24,0.6,-1.9,2.5,1358,61,20,bpm_basketball_reference
Dāvis Bertāns,2023-24,-1.4,-0.8,-0.6,674,43,31,bpm_basketball_reference
E.J. Liddell,2023-24,-4.7,-8.7,4,23,8,23,bpm_basketball_reference
Emoni Bates,2023-24,-9.2,-6.2,-3,133,15,20,bpm_basketball_reference
Eric Gordon,2023-24,-1.7,-1.3,-0.5,1893,68,35,bpm_basketball_reference
Eugene Omoruyi,2023-24,-2.3,-1.9,-0.4,393,43,26,bpm_basketball_reference
Evan Fournier,2023-24,-4.3,-4.7,0.3,580,32,31,bpm_basketball_reference
Evan Mobley,2023-24,2.9,0.9,2,1532,50,22,bpm_basketball_reference
Filip Petrušev,2023-24,-8,-4.7,-3.3,10,3,23,bpm_basketball_reference
Frank Ntilikina,2023-24,-13.4,-10,-3.4,43,5,25,bpm_basketball_reference
Franz Wagner,2023-24,1.2,0.9,0.3,2337,72,22,bpm_basketball_reference
Fred VanVleet,2023-24,3.4,2.6,0.8,2684,73,29,bpm_basketball_reference
Furkan Korkmaz,2023-24,-2.7,-3.2,0.4,300,35,26,bpm_basketball_reference
GG Jackson II,2023-24,-2,-0.2,-1.8,1233,48,19,bpm_basketball_reference
Gabe Vincent,2023-24,-6.5,-6.9,0.4,218,11,27,bpm_basketball_reference
Garrett Temple,2023-24,-4.7,-3.4,-1.2,289,27,37,bpm_basketball_reference
Garrison Mathews,2023-24,-3,-2.1,-0.9,992,66,27,bpm_basketball_reference
Gary Harris,2023-24,-1.2,-2.3,1.1,1297,54,29,bpm_basketball_reference
Gary Payton II,2023-24,0.9,-1.3,2.2,680,44,31,bpm_basketball_reference
Gary Trent Jr.,2023-24,-2.6,-1.2,-1.4,1994,71,25,bpm_basketball_reference
Georges Niang,2023-24,-2.9,-2.5,-0.4,1831,82,30,bpm_basketball_reference
Giannis Antetokounmpo,2023-24,9,6.7,2.4,2567,73,29,bpm_basketball_reference
Goga Bitadze,2023-24,2.1,-0.7,2.8,957,62,24,bpm_basketball_reference
Gordon Hayward,2023-24,-2.1,-1.6,-0.5,1245,51,33,bpm_basketball_reference
Gradey Dick,2023-24,-5.4,-3.2,-2.2,1268,60,20,bpm_basketball_reference
Grant Williams,2023-24,-2.6,-1.9,-0.7,2130,76,25,bpm_basketball_reference
Grayson Allen,2023-24,1.3,1.1,0.1,2513,75,28,bpm_basketball_reference
Greg Brown III,2023-24,-4.4,-5,0.6,40,6,22,bpm_basketball_reference
Gui Santos,2023-24,-0.5,0,-0.5,192,23,21,bpm_basketball_reference
Hamidou Diallo,2023-24,18.7,2.7,16,5,2,25,bpm_basketball_reference
Harrison Barnes,2023-24,-1.8,-0.6,-1.2,2381,82,31,bpm_basketball_reference
Harry Giles,2023-24,-4.8,-2.7,-2,100,23,25,bpm_basketball_reference
Haywood Highsmith,2023-24,-0.7,-1.8,1.1,1366,66,27,bpm_basketball_reference
Henri Drell,2023-24,-4.9,-5.1,0.2,30,4,23,bpm_basketball_reference
Herbert Jones,2023-24,0.6,-0.9,1.5,2321,76,25,bpm_basketball_reference
Hunter Tyson,2023-24,-8.9,-6.8,-2.1,48,18,23,bpm_basketball_reference
Ibou Badji,2023-24,-5.8,-7.7,1.9,226,22,21,bpm_basketball_reference
Immanuel Quickley,2023-24,1.3,2.2,-0.9,1985,68,24,bpm_basketball_reference
Isaac Okoro,2023-24,-1.1,-1.8,0.7,1887,69,23,bpm_basketball_reference
Isaiah Hartenstein,2023-24,3.5,0.7,2.8,1896,75,25,bpm_basketball_reference
Isaiah Jackson,2023-24,1.7,0.3,1.4,771,59,22,bpm_basketball_reference
Isaiah Joe,2023-24,0.9,1.1,-0.3,1445,78,24,bpm_basketball_reference
Isaiah Livers,2023-24,-6.5,-5,-1.5,469,23,25,bpm_basketball_reference
Isaiah Mobley,2023-24,-6.6,-4.5,-2.1,72,10,24,bpm_basketball_reference
Isaiah Stewart,2023-24,-2.3,-1.6,-0.7,1423,46,22,bpm_basketball_reference
Isaiah Thomas,2023-24,-6.9,-1.6,-5.2,19,6,34,bpm_basketball_reference
Isaiah Wong,2023-24,-19,-11.3,-7.7,4,1,23,bpm_basketball_reference
Ish Smith,2023-24,-6.8,-5.6,-1.2,741,43,35,bpm_basketball_reference
Ish Wainright,2023-24,-2.4,-2.9,0.5,62,11,29,bpm_basketball_reference
Ivica Zubac,2023-24,0.8,0.8,0,1794,68,26,bpm_basketball_reference
Izaiah Brockington,2023-24,-17.8,-9.2,-8.5,3,1,24,bpm_basketball_reference
JD Davison,2023-24,3.3,1.8,1.4,39,8,21,bpm_basketball_reference
JT Thor,2023-24,-4.5,-3.5,-1.1,781,63,21,bpm_basketball_reference
Ja Morant,2023-24,3.1,2.7,0.4,318,9,24,bpm_basketball_reference
JaVale McGee,2023-24,-1.3,-1.9,0.6,339,46,36,bpm_basketball_reference
Jabari Smith Jr.,2023-24,-0.4,-0.5,0.1,2424,76,20,bpm_basketball_reference
Jabari Walker,2023-24,-3.3,-2.4,-0.9,1700,72,21,bpm_basketball_reference
Jack White,2023-24,-10.3,-9.1,-1.2,64,4,26,bpm_basketball_reference
Jacob Gilyard,2023-24,-1.4,-2,0.6,699,41,25,bpm_basketball_reference
Jacob Toppin,2023-24,-0.7,0.6,-1.3,38,9,23,bpm_basketball_reference
Jaden Hardy,2023-24,-4.1,-2,-2.1,989,73,21,bpm_basketball_reference
Jaden Ivey,2023-24,-3.1,-1.4,-1.7,2217,77,21,bpm_basketball_reference
Jaden McDaniels,2023-24,-2.6,-3.3,0.7,2105,72,23,bpm_basketball_reference
Jaden Springer,2023-24,-3.4,-4.9,1.5,507,49,21,bpm_basketball_reference
Jae Crowder,2023-24,-2.6,-2.6,0,1156,50,33,bpm_basketball_reference
Jae'Sean Tate,2023-24,-2.3,-3.7,1.5,1031,65,28,bpm_basketball_reference
Jahmi'us Ramsey,2023-24,-4.4,-3.9,-0.5,121,7,22,bpm_basketball_reference
Jaime Jaquez Jr.,2023-24,-1.9,-2.2,0.3,2113,75,22,bpm_basketball_reference
Jake LaRavia,2023-24,-2.5,-1.4,-1,806,35,22,bpm_basketball_reference
Jakob Poeltl,2023-24,0.7,-0.3,1,1319,50,28,bpm_basketball_reference
Jalen Brunson,2023-24,5.8,6.3,-0.4,2726,77,27,bpm_basketball_reference
Jalen Crutcher,2023-24,-26.2,-18.5,-7.8,3,1,24,bpm_basketball_reference
Jalen Duren,2023-24,-0.1,-0.2,0.1,1777,61,20,bpm_basketball_reference
Jalen Green,2023-24,-0.5,0.4,-0.9,2601,82,21,bpm_basketball_reference
Jalen Hood-Schifino,2023-24,-16.1,-12.4,-3.7,109,21,20,bpm_basketball_reference
Jalen Johnson,2023-24,1.2,0.4,0.8,1889,56,22,bpm_basketball_reference
Jalen McDaniels,2023-24,-9,-7.2,-1.8,538,50,26,bpm_basketball_reference
Jalen Pickett,2023-24,-3.3,-2.7,-0.5,122,27,24,bpm_basketball_reference
Jalen Slawson,2023-24,-6.4,-7.5,1.1,37,12,24,bpm_basketball_reference
Jalen Smith,2023-24,2.4,3.2,-0.8,1047,61,23,bpm_basketball_reference
Jalen Suggs,2023-24,1,-0.6,1.6,2025,75,22,bpm_basketball_reference
Jalen Williams,2023-24,2.3,2,0.3,2223,71,22,bpm_basketball_reference
Jalen Wilson,2023-24,-2.9,-1.8,-1.1,664,43,23,bpm_basketball_reference
Jamal Cain,2023-24,-2.3,-2.5,0.2,259,26,24,bpm_basketball_reference
Jamal Murray,2023-24,4.1,4.5,-0.4,1861,59,26,bpm_basketball_reference
Jamaree Bouyea,2023-24,-12.3,-10.2,-2,95,9,24,bpm_basketball_reference
James Bouknight,2023-24,2.2,4.4,-2.2,81,14,23,bpm_basketball_reference
James Harden,2023-24,4.1,3.8,0.3,2470,72,34,bpm_basketball_reference
James Johnson,2023-24,-5.8,-8,2.2,47,9,36,bpm_basketball_reference
James Wiseman,2023-24,-3.5,-2.6,-0.9,1091,63,22,bpm_basketball_reference
Jarace Walker,2023-24,0.2,-0.5,0.7,340,33,20,bpm_basketball_reference
Jared Butler,2023-24,-2.1,-1.5,-0.5,566,40,23,bpm_basketball_reference
Jared Rhoden,2023-24,-2.5,-2.9,0.4,245,17,24,bpm_basketball_reference
Jaren Jackson Jr.,2023-24,0.4,0,0.4,2124,66,24,bpm_basketball_reference
Jarred Vanderbilt,2023-24,-1.6,-2.9,1.3,581,29,24,bpm_basketball_reference
Jarrett Allen,2023-24,3,2.1,0.9,2442,77,25,bpm_basketball_reference
Jason Preston,2023-24,-2.6,-2.5,-0.1,71,7,24,bpm_basketball_reference
Javon Freeman-Liberty,2023-24,-5.2,-3.1,-2,403,22,24,bpm_basketball_reference
Javonte Green,2023-24,2,1.9,0.1,230,9,30,bpm_basketball_reference
Javonte Smart,2023-24,-8.3,-6.2,-2.1,1,1,24,bpm_basketball_reference
Jaxson Hayes,2023-24,-1.9,-2.8,0.9,877,70,23,bpm_basketball_reference
Jay Huff,2023-24,1.3,-0.3,1.6,49,20,25,bpm_basketball_reference
Jaylen Brown,2023-24,0.7,0.9,-0.1,2343,70,27,bpm_basketball_reference
Jaylen Nowell,2023-24,-5.4,-4.1,-1.4,214,13,24,bpm_basketball_reference
Jaylin Williams,2023-24,1.1,-0.8,1.9,897,69,21,bpm_basketball_reference
Jayson Tatum,2023-24,5.1,4.5,0.6,2645,74,25,bpm_basketball_reference
Jeff Dowtin Jr.,2023-24,3.3,2,1.3,142,12,26,bpm_basketball_reference
Jeff Green,2023-24,-2.1,-1.6,-0.4,1307,78,37,bpm_basketball_reference
Jerami Grant,2023-24,-0.1,1,-1.1,1830,54,29,bpm_basketball_reference
Jeremiah Robinson-Earl,2023-24,-2.2,-1.9,-0.3,334,39,23,bpm_basketball_reference
Jeremy Sochan,2023-24,-3.4,-2.8,-0.6,2193,74,20,bpm_basketball_reference
Jericho Sims,2023-24,-1.8,-2.4,0.7,585,45,25,bpm_basketball_reference
Jermaine Samuels,2023-24,0.8,-0.3,1.1,60,14,25,bpm_basketball_reference
Jerome Robinson,2023-24,-8.3,-6.1,-2.2,81,22,26,bpm_basketball_reference
Jett Howard,2023-24,-1.8,-1.4,-0.3,67,18,20,bpm_basketball_reference
Jevon Carter,2023-24,-4,-3.3,-0.7,1004,72,28,bpm_basketball_reference
Jimmy Butler,2023-24,4.6,3.9,0.7,2042,60,34,bpm_basketball_reference
Jock Landale,2023-24,-0.1,-0.5,0.4,763,56,28,bpm_basketball_reference
Joe Harris,2023-24,-5.9,-4.7,-1.1,170,16,32,bpm_basketball_reference
Joe Ingles,2023-24,-0.5,-1.7,1.2,1169,68,36,bpm_basketball_reference
Joel Embiid,2023-24,11.6,8.5,3.1,1309,39,29,bpm_basketball_reference
John Collins,2023-24,-0.9,0.5,-1.4,1901,68,26,bpm_basketball_reference
John Konchar,2023-24,-0.4,-2.6,2.2,1173,55,27,bpm_basketball_reference
Johnny Davis,2023-24,-6.6,-5.5,-1.1,613,50,21,bpm_basketball_reference
Johnny Juzang,2023-24,-3.7,-1.5,-2.2,372,20,22,bpm_basketball_reference
Jonas Valančiūnas,2023-24,1.2,0.7,0.5,1925,82,31,bpm_basketball_reference
Jonathan Isaac,2023-24,3.8,1.4,2.4,914,58,26,bpm_basketball_reference
Jonathan Kuminga,2023-24,-0.4,0,-0.4,1949,74,21,bpm_basketball_reference
Jontay Porter,2023-24,1.7,-0.3,1.9,360,26,24,bpm_basketball_reference
Jordan Clarkson,2023-24,-4.5,-1.3,-3.2,1682,55,31,bpm_basketball_reference
Jordan Ford,2023-24,2.2,3.3,-1.1,22,6,25,bpm_basketball_reference
Jordan Goodwin,2023-24,-1,-1.5,0.5,1055,57,25,bpm_basketball_reference
Jordan Hawkins,2023-24,-3.1,-1.3,-1.7,1160,67,21,bpm_basketball_reference
Jordan McLaughlin,2023-24,4.2,1.4,2.9,626,56,27,bpm_basketball_reference
Jordan Miller,2023-24,-3.8,0.4,-4.2,28,8,24,bpm_basketball_reference
Jordan Nwora,2023-24,-2.5,-1.1,-1.5,712,52,25,bpm_basketball_reference
Jordan Poole,2023-24,-3.9,-2,-1.9,2346,78,24,bpm_basketball_reference
Jordan Walsh,2023-24,-3.8,-5.6,1.8,83,9,19,bpm_basketball_reference
Jose Alvarado,2023-24,-0.1,-1.5,1.5,1028,56,25,bpm_basketball_reference
Josh Giddey,2023-24,1.5,1,0.4,2011,80,21,bpm_basketball_reference
Josh Green,2023-24,-2.7,-2.4,-0.3,1505,57,23,bpm_basketball_reference
Josh Hart,2023-24,0,-1.3,1.4,2707,81,28,bpm_basketball_reference
Josh Minott,2023-24,5.1,1.8,3.3,91,32,21,bpm_basketball_reference
Josh Okogie,2023-24,-0.5,-1.3,0.8,960,60,25,bpm_basketball_reference
Josh Richardson,2023-24,-1.3,-1.3,0,1103,43,30,bpm_basketball_reference
Joshua Primo,2023-24,-25,-16.8,-8.2,10,2,21,bpm_basketball_reference
Jrue Holiday,2023-24,2.1,1,1.1,2263,69,33,bpm_basketball_reference
Juan Toscano-Anderson,2023-24,-9.4,-8.7,-0.6,53,11,30,bpm_basketball_reference
Jules Bernard,2023-24,-3,-0.6,-2.5,149,19,24,bpm_basketball_reference
Julian Champagnie,2023-24,-1.9,-1.8,-0.1,1468,74,22,bpm_basketball_reference
Julian Phillips,2023-24,-5.3,-4.7,-0.6,323,40,20,bpm_basketball_reference
Julian Strawther,2023-24,-6,-4.6,-1.4,545,50,21,bpm_basketball_reference
Julius Randle,2023-24,1.9,2.2,-0.3,1630,46,29,bpm_basketball_reference
Justin Champagnie,2023-24,-1.8,-1.1,-0.8,235,15,22,bpm_basketball_reference
Justin Holiday,2023-24,-1.6,-2.5,0.9,862,58,34,bpm_basketball_reference
Justin Jackson,2023-24,-7.5,-6.3,-1.2,1,2,28,bpm_basketball_reference
Justin Minaya,2023-24,-5.6,-5.1,-0.5,381,34,24,bpm_basketball_reference
Jusuf Nurkić,2023-24,1.1,-1,2.1,2078,76,29,bpm_basketball_reference
KJ Martin,2023-24,-4.1,-4,-0.1,746,60,23,bpm_basketball_reference
Kaiser Gates,2023-24,-28.8,-18.6,-10.1,7,1,27,bpm_basketball_reference
Karl-Anthony Towns,2023-24,2.5,1.6,0.9,2026,62,28,bpm_basketball_reference
Kawhi Leonard,2023-24,5.5,4.8,0.6,2330,68,32,bpm_basketball_reference
Keegan Murray,2023-24,-0.9,-0.4,-0.5,2588,77,23,bpm_basketball_reference
Keita Bates-Diop,2023-24,-1,-1.5,0.4,665,53,28,bpm_basketball_reference
Keldon Johnson,2023-24,-1.7,-0.3,-1.4,2038,69,24,bpm_basketball_reference
Kelly Olynyk,2023-24,1.8,0.7,1.1,1759,78,32,bpm_basketball_reference
Kelly Oubre Jr.,2023-24,-2.3,-1.5,-0.7,2055,68,28,bpm_basketball_reference
Kendall Brown,2023-24,-6.8,-4.2,-2.6,63,15,20,bpm_basketball_reference
Kenneth Lofton Jr.,2023-24,-0.3,-0.6,0.3,199,21,21,bpm_basketball_reference
Kenrich Williams,2023-24,-0.8,-1.1,0.3,1029,69,29,bpm_basketball_reference
Kentavious Caldwell-Pope,2023-24,-1.4,-2.1,0.7,2402,76,30,bpm_basketball_reference
Keon Ellis,2023-24,1.2,-0.9,2.1,978,57,24,bpm_basketball_reference
Keon Johnson,2023-24,-2.7,-1.6,-1.1,61,5,21,bpm_basketball_reference
Kessler Edwards,2023-24,-1.5,-1.6,0.1,275,54,23,bpm_basketball_reference
Kevin Durant,2023-24,4,4,0.1,2791,75,35,bpm_basketball_reference
Kevin Huerter,2023-24,-0.8,-0.5,-0.4,1562,64,25,bpm_basketball_reference
Kevin Knox,2023-24,-4.6,-2.8,-1.8,560,31,24,bpm_basketball_reference
Kevin Love,2023-24,3.6,2.7,1,924,55,35,bpm_basketball_reference
Kevon Harris,2023-24,-15.8,-15.5,-0.3,6,2,26,bpm_basketball_reference
Kevon Looney,2023-24,0.6,-0.8,1.4,1195,74,27,bpm_basketball_reference
Keyontae Johnson,2023-24,-9.8,-7.5,-2.2,66,9,23,bpm_basketball_reference
Keyonte George,2023-24,-4.4,-1.5,-2.9,2023,75,20,bpm_basketball_reference
Khris Middleton,2023-24,1.1,1.1,0,1487,55,32,bpm_basketball_reference
Killian Hayes,2023-24,-2.7,-2.9,0.2,1008,42,22,bpm_basketball_reference
Kira Lewis Jr.,2023-24,-5.8,-4.4,-1.4,265,28,22,bpm_basketball_reference
Klay Thompson,2023-24,-0.4,1.1,-1.5,2284,77,33,bpm_basketball_reference
Kobe Brown,2023-24,-3.8,-4,0.2,394,44,24,bpm_basketball_reference
Kobe Bufkin,2023-24,-4.5,-4.3,-0.2,196,17,20,bpm_basketball_reference
Kobi Simmons,2023-24,-1,-2.6,1.6,67,4,26,bpm_basketball_reference
Kris Dunn,2023-24,-0.1,-1.5,1.4,1249,66,29,bpm_basketball_reference
Kris Murray,2023-24,-3.6,-3.5,-0.2,1348,62,23,bpm_basketball_reference
Kristaps Porziņģis,2023-24,5.1,3.5,1.6,1690,57,28,bpm_basketball_reference
Kyle Anderson,2023-24,1.1,-1.6,2.7,1782,79,30,bpm_basketball_reference
Kyle Kuzma,2023-24,-1.1,0.5,-1.6,2281,70,28,bpm_basketball_reference
Kyle Lowry,2023-24,-1,-1.9,0.9,1690,60,37,bpm_basketball_reference
Kyrie Irving,2023-24,4.9,4.8,0.1,2030,58,31,bpm_basketball_reference
LaMelo Ball,2023-24,3.3,3.8,-0.5,711,22,22,bpm_basketball_reference
Lamar Stevens,2023-24,-2.2,-2.2,-0.1,559,38,26,bpm_basketball_reference
Landry Shamet,2023-24,-4,-2.7,-1.3,726,46,26,bpm_basketball_reference
Larry Nance Jr.,2023-24,2,-0.2,2.2,1216,61,31,bpm_basketball_reference
Lauri Markkanen,2023-24,3.6,5.1,-1.5,1820,55,26,bpm_basketball_reference
LeBron James,2023-24,6.5,5.5,0.9,2504,71,39,bpm_basketball_reference
Leaky Black,2023-24,-2.4,-2.6,0.3,284,26,24,bpm_basketball_reference
Leonard Miller,2023-24,9.6,5.9,3.7,52,17,20,bpm_basketball_reference
Lester Quiñones,2023-24,-3.3,-2,-1.3,394,37,23,bpm_basketball_reference
Lindell Wigginton,2023-24,-23.9,-14.6,-9.2,8,3,25,bpm_basketball_reference
Lindy Waters III,2023-24,1.9,2.4,-0.5,280,38,26,bpm_basketball_reference
Lonnie Walker IV,2023-24,-1.4,-0.4,-1,1011,58,25,bpm_basketball_reference
Luguentz Dort,2023-24,-1.6,-1.4,-0.2,2246,79,24,bpm_basketball_reference
Luka Dončić,2023-24,9.9,8.3,1.7,2624,70,24,bpm_basketball_reference
Luka Garza,2023-24,-2.1,0.6,-2.7,122,25,25,bpm_basketball_reference
Luka Šamanić,2023-24,-7.8,-4.9,-2.9,404,43,24,bpm_basketball_reference
Luke Kennard,2023-24,-0.3,0.6,-0.9,999,39,27,bpm_basketball_reference
Luke Kornet,2023-24,3.4,1.6,1.8,983,63,28,bpm_basketball_reference
Malachi Flynn,2023-24,-2.2,-2,-0.2,876,69,25,bpm_basketball_reference
Malaki Branham,2023-24,-5.6,-3.4,-2.2,1594,75,20,bpm_basketball_reference
Malcolm Brogdon,2023-24,2,2.7,-0.7,1121,39,31,bpm_basketball_reference
Malcolm Cazalon,2023-24,-9.1,-6,-3.2,3,1,22,bpm_basketball_reference
Malik Beasley,2023-24,-1.8,-1,-0.8,2337,79,27,bpm_basketball_reference
Malik Monk,2023-24,0.6,1.5,-1,1872,72,25,bpm_basketball_reference
Malik Williams,2023-24,-11.5,-7.8,-3.7,107,7,25,bpm_basketball_reference
Mamadi Diakite,2023-24,3.5,0.8,2.7,24,6,27,bpm_basketball_reference
MarJon Beauchamp,2023-24,-3.2,-2.3,-0.9,608,48,23,bpm_basketball_reference
Marcus Morris,2023-24,-3.8,-2.5,-1.3,817,49,34,bpm_basketball_reference
Marcus Sasser,2023-24,-2.6,-1.5,-1.1,1351,71,23,bpm_basketball_reference
Marcus Smart,2023-24,-2.4,-3.3,0.9,605,20,29,bpm_basketball_reference
Mark Williams,2023-24,0.8,1.6,-0.8,508,19,22,bpm_basketball_reference
Markelle Fultz,2023-24,-1.4,-2.6,1.2,910,43,25,bpm_basketball_reference
Markieff Morris,2023-24,-5.3,-4,-1.3,216,26,34,bpm_basketball_reference
Markquis Nowell,2023-24,43.3,29.1,14.2,4,1,24,bpm_basketball_reference
Marques Bolden,2023-24,-2.7,-2.1,-0.5,121,11,25,bpm_basketball_reference
Marvin Bagley III,2023-24,-0.4,1,-1.4,1053,50,24,bpm_basketball_reference
Mason Jones,2023-24,-5.5,-5.4,0,28,5,25,bpm_basketball_reference
Mason Plumlee,2023-24,-0.8,-1.1,0.4,674,46,33,bpm_basketball_reference
Matisse Thybulle,2023-24,0.6,-2.8,3.4,1487,65,26,bpm_basketball_reference
Matt Ryan,2023-24,-2.7,-1.4,-1.3,390,28,26,bpm_basketball_reference
Matthew Hurt,2023-24,-3.7,-3,-0.7,113,8,23,bpm_basketball_reference
Max Christie,2023-24,-3.6,-3.2,-0.4,944,67,20,bpm_basketball_reference
Max Strus,2023-24,-0.6,-1.1,0.5,2239,70,27,bpm_basketball_reference
Maxi Kleber,2023-24,-1.3,-2.3,1,871,43,32,bpm_basketball_reference
Maxwell Lewis,2023-24,-13.5,-10.3,-3.2,103,34,21,bpm_basketball_reference
Micah Potter,2023-24,-2.3,-1.4,-0.9,186,16,25,bpm_basketball_reference
Michael Porter Jr.,2023-24,0.1,1.2,-1.2,2565,81,25,bpm_basketball_reference
Mikal Bridges,2023-24,-0.4,0.7,-1,2854,82,27,bpm_basketball_reference
Mike Conley,2023-24,3.4,2,1.4,2193,76,36,bpm_basketball_reference
Mike Muscala,2023-24,-5.3,-3.9,-1.4,600,53,32,bpm_basketball_reference
Miles Bridges,2023-24,-1.1,0.2,-1.3,2581,69,25,bpm_basketball_reference
Miles McBride,2023-24,-0.1,-0.4,0.4,1328,68,23,bpm_basketball_reference
Mitchell Robinson,2023-24,0,-0.3,0.4,768,31,25,bpm_basketball_reference
Mo Bamba,2023-24,-1,-2.3,1.4,740,57,25,bpm_basketball_reference
Monte Morris,2023-24,0.7,-0.8,1.5,476,33,28,bpm_basketball_reference
Moritz Wagner,2023-24,2,1.7,0.3,1415,80,26,bpm_basketball_reference
Moses Brown,2023-24,-6.5,-4.1,-2.4,200,22,24,bpm_basketball_reference
Moses Moody,2023-24,-0.1,-0.2,0.1,1156,66,21,bpm_basketball_reference
Mouhamadou Gueye,2023-24,-11.9,-11,-0.9,120,11,25,bpm_basketball_reference
Mouhamed Gueye,2023-24,-1.5,-2.1,0.6,73,6,21,bpm_basketball_reference
Moussa Diabaté,2023-24,3.5,4,-0.5,64,11,22,bpm_basketball_reference
Myles Turner,2023-24,0.9,1,-0.1,2076,77,27,bpm_basketball_reference
Mãozinha Pereira,2023-24,-0.5,-1.2,0.7,122,7,23,bpm_basketball_reference
Naji Marshall,2023-24,-0.7,-1.3,0.5,1257,66,26,bpm_basketball_reference
Nassir Little,2023-24,-3,-2.4,-0.6,458,45,23,bpm_basketball_reference
Nate Hinton,2023-24,3.6,1.9,1.7,75,15,24,bpm_basketball_reference
Nate Williams,2023-24,-1.6,-0.8,-0.8,129,22,24,bpm_basketball_reference
Nathan Mensah,2023-24,-8.8,-8.7,-0.1,307,25,25,bpm_basketball_reference
Naz Reid,2023-24,1.5,0.4,1.1,1964,81,24,bpm_basketball_reference
Neemias Queta,2023-24,1.5,0.4,1.1,333,28,24,bpm_basketball_reference
Nic Claxton,2023-24,1.2,-0.3,1.5,2116,71,24,bpm_basketball_reference
Nick Richards,2023-24,-2.3,-1.6,-0.7,1759,67,26,bpm_basketball_reference
Nick Smith Jr.,2023-24,-5.9,-3.1,-2.8,729,51,19,bpm_basketball_reference
Nickeil Alexander-Walker,2023-24,0.2,-1.1,1.3,1921,82,25,bpm_basketball_reference
Nicolas Batum,2023-24,-0.4,-1.3,0.8,1529,60,35,bpm_basketball_reference
Nikola Jokić,2023-24,13.2,9,4.2,2737,79,28,bpm_basketball_reference
Nikola Jović,2023-24,0.3,-0.9,1.3,896,46,20,bpm_basketball_reference
Nikola Vučević,2023-24,0.1,0.8,-0.7,2610,76,33,bpm_basketball_reference
Noah Clowney,2023-24,-0.7,-0.8,0.1,370,23,19,bpm_basketball_reference
Norman Powell,2023-24,-0.8,0.4,-1.2,1990,76,30,bpm_basketball_reference
OG Anunoby,2023-24,-0.6,-1,0.5,1702,50,26,bpm_basketball_reference
Obi Toppin,2023-24,1.5,1.8,-0.3,1730,82,25,bpm_basketball_reference
Ochai Agbaji,2023-24,-4.4,-3.5,-0.9,1641,78,23,bpm_basketball_reference
Olivier Sarr,2023-24,-2.6,-2.6,-0.1,98,15,24,bpm_basketball_reference
Olivier-Maxence Prosper,2023-24,-2.9,-1.7,-1.3,336,40,21,bpm_basketball_reference
Omer Yurtseven,2023-24,-3,-1.6,-1.5,545,48,25,bpm_basketball_reference
Onuralp Bitim,2023-24,-7.4,-5.4,-2,268,23,24,bpm_basketball_reference
Onyeka Okongwu,2023-24,-0.4,0,-0.5,1405,55,23,bpm_basketball_reference
Orlando Robinson,2023-24,-1.1,-1.9,0.8,304,36,23,bpm_basketball_reference
Oscar Tshiebwe,2023-24,2.2,4.5,-2.3,42,8,24,bpm_basketball_reference
Oshae Brissett,2023-24,-1.8,-2,0.2,630,55,25,bpm_basketball_reference
Otto Porter Jr.,2023-24,-3.2,-3.5,0.3,174,15,30,bpm_basketball_reference
Ousmane Dieng,2023-24,-3,-2.3,-0.7,365,33,20,bpm_basketball_reference
P.J. Tucker,2023-24,-3.6,-4,0.4,486,31,38,bpm_basketball_reference
P.J. Washington,2023-24,-2.1,-1.7,-0.4,2221,73,25,bpm_basketball_reference
Paolo Banchero,2023-24,1.3,1.3,0,2799,80,21,bpm_basketball_reference
Pascal Siakam,2023-24,1.9,2.6,-0.7,2657,80,29,bpm_basketball_reference
Pat Connaughton,2023-24,-1.6,-1.6,0,1676,76,31,bpm_basketball_reference
Pat Spencer,2023-24,-6.4,-3.4,-3.1,26,6,27,bpm_basketball_reference
Patrick Baldwin Jr.,2023-24,-4.6,-4,-0.6,493,38,21,bpm_basketball_reference
Patrick Beverley,2023-24,-1.1,-1.5,0.5,1462,73,35,bpm_basketball_reference
Patrick Williams,2023-24,-2.3,-2.1,-0.1,1174,43,22,bpm_basketball_reference
Patty Mills,2023-24,-4.6,-5,0.4,415,32,35,bpm_basketball_reference
Paul George,2023-24,3.2,2.9,0.2,2502,74,33,bpm_basketball_reference
Paul Reed,2023-24,0.4,-0.6,1,1590,82,24,bpm_basketball_reference
Payton Pritchard,2023-24,1,1.3,-0.2,1825,82,26,bpm_basketball_reference
Pete Nance,2023-24,-15.2,-11.9,-3.2,27,8,23,bpm_basketball_reference
Peyton Watson,2023-24,-2.2,-3,0.8,1488,80,21,bpm_basketball_reference
Precious Achiuwa,2023-24,-1.4,-1.7,0.3,1624,74,24,bpm_basketball_reference
Quentin Grimes,2023-24,-2.2,-2.6,0.4,1025,51,23,bpm_basketball_reference
Quenton Jackson,2023-24,3.3,-3.5,6.8,11,3,25,bpm_basketball_reference
R.J. Hampton,2023-24,-9.5,-8.1,-1.4,76,8,22,bpm_basketball_reference
RJ Barrett,2023-24,-0.8,0.7,-1.5,1838,58,23,bpm_basketball_reference
RaiQuan Gray,2023-24,7.4,5.6,1.8,39,3,24,bpm_basketball_reference
Rayan Rupert,2023-24,-6.7,-5.6,-1.2,633,39,19,bpm_basketball_reference
Reggie Bullock,2023-24,-2.4,-2.9,0.5,417,44,32,bpm_basketball_reference
Reggie Jackson,2023-24,-3.2,-1.8,-1.5,1817,82,33,bpm_basketball_reference
Richaun Holmes,2023-24,-3.3,-2.4,-0.8,555,40,30,bpm_basketball_reference
Ricky Council IV,2023-24,1.3,2.1,-0.8,289,32,22,bpm_basketball_reference
Robert Covington,2023-24,2.2,-1.1,3.2,488,29,33,bpm_basketball_reference
Robert Williams,2023-24,0.7,-2.2,2.9,119,6,26,bpm_basketball_reference
Robin Lopez,2023-24,-6.1,-4.7,-1.4,65,16,35,bpm_basketball_reference
Ron Harper Jr.,2023-24,-8.8,-11.7,2.8,4,1,23,bpm_basketball_reference
Royce O'Neale,2023-24,0,-1,1,1954,79,30,bpm_basketball_reference
Rudy Gobert,2023-24,1.8,0.1,1.7,2593,76,31,bpm_basketball_reference
Rui Hachimura,2023-24,-0.9,0,-0.9,1826,68,25,bpm_basketball_reference
Russell Westbrook,2023-24,0.5,-0.2,0.7,1529,68,35,bpm_basketball_reference
Ryan Arcidiacono,2023-24,-9.6,-11.5,1.9,45,20,29,bpm_basketball_reference
Ryan Rollins,2023-24,5.7,0.6,5.1,78,13,21,bpm_basketball_reference
Saben Lee,2023-24,-1.4,-2,0.6,185,24,24,bpm_basketball_reference
Saddiq Bey,2023-24,-1.8,0.1,-2,2062,63,24,bpm_basketball_reference
Sam Hauser,2023-24,1.2,1.2,0,1741,79,26,bpm_basketball_reference
Sam Merrill,2023-24,0.5,1.3,-0.8,1069,61,27,bpm_basketball_reference
Sandro Mamukelashvili,2023-24,-0.5,-0.1,-0.4,451,46,24,bpm_basketball_reference
Santi Aldama,2023-24,-0.2,-0.7,0.4,1618,61,23,bpm_basketball_reference
Sasha Vezenkov,2023-24,-0.9,-0.2,-0.7,511,42,28,bpm_basketball_reference
Scoot Henderson,2023-24,-5.8,-3.5,-2.3,1765,62,19,bpm_basketball_reference
Scottie Barnes,2023-24,3.7,2.9,0.8,2094,60,22,bpm_basketball_reference
Scotty Pippen Jr.,2023-24,1.3,-0.1,1.4,527,21,23,bpm_basketball_reference
Seth Curry,2023-24,-3.3,-2.6,-0.6,616,44,33,bpm_basketball_reference
Seth Lundy,2023-24,-12.7,-7.7,-5,52,9,23,bpm_basketball_reference
Shaedon Sharpe,2023-24,-2.8,-1.9,-0.9,1059,32,20,bpm_basketball_reference
Shai Gilgeous-Alexander,2023-24,9,6.7,2.3,2553,75,25,bpm_basketball_reference
Shake Milton,2023-24,-3.7,-4.3,0.6,581,48,27,bpm_basketball_reference
Shaquille Harrison,2023-24,4.6,-0.7,5.2,6,3,30,bpm_basketball_reference
Sidy Cissoko,2023-24,-2.7,-4,1.4,141,12,19,bpm_basketball_reference
Simone Fontecchio,2023-24,-1,0,-1,1644,66,28,bpm_basketball_reference
Skylar Mays,2023-24,-2,-2.1,0.1,433,38,26,bpm_basketball_reference
Spencer Dinwiddie,2023-24,-1.9,-1.3,-0.6,2152,76,30,bpm_basketball_reference
Stanley Umude,2023-24,-1.6,-1.5,-0.1,307,24,24,bpm_basketball_reference
Stephen Curry,2023-24,5.2,6.3,-1.1,2421,74,35,bpm_basketball_reference
Svi Mykhailiuk,2023-24,-1.8,-0.9,-0.9,413,41,26,bpm_basketball_reference
T.J. McConnell,2023-24,3,2.9,0.1,1291,71,31,bpm_basketball_reference
T.J. Warren,2023-24,-4.5,-5,0.5,125,11,30,bpm_basketball_reference
Taj Gibson,2023-24,-5.3,-5.3,0.1,204,20,38,bpm_basketball_reference
Talen Horton-Tucker,2023-24,-1.2,-0.9,-0.4,1009,51,23,bpm_basketball_reference
Tari Eason,2023-24,1.6,-0.4,2,480,22,22,bpm_basketball_reference
Taurean Prince,2023-24,-2.8,-2.6,-0.2,2108,78,29,bpm_basketball_reference
Taylor Hendricks,2023-24,-1.6,-1.3,-0.4,856,40,20,bpm_basketball_reference
Taze Moore,2023-24,-3.1,-2.5,-0.6,40,4,25,bpm_basketball_reference
Terance Mann,2023-24,-1.5,-0.8,-0.7,1873,75,27,bpm_basketball_reference
Terquavion Smith,2023-24,0.8,0.3,0.5,84,16,21,bpm_basketball_reference
Terry Rozier,2023-24,1.5,2.2,-0.7,2040,61,29,bpm_basketball_reference
Terry Taylor,2023-24,-3.2,-3.1,-0.1,188,31,24,bpm_basketball_reference
Thaddeus Young,2023-24,0.3,-0.5,0.8,439,33,35,bpm_basketball_reference
Thanasis Antetokounmpo,2023-24,-6.4,-6.7,0.3,155,34,31,bpm_basketball_reference
Thomas Bryant,2023-24,-0.4,-0.6,0.2,441,38,26,bpm_basketball_reference
Théo Maledon,2023-24,-10.3,-8.3,-2.1,213,17,22,bpm_basketball_reference
Tim Hardaway Jr.,2023-24,-2.9,-0.8,-2.1,2120,79,31,bpm_basketball_reference
Timmy Allen,2023-24,-11.1,-10.3,-0.7,125,5,24,bpm_basketball_reference
Tobias Harris,2023-24,0.9,1,-0.1,2368,70,31,bpm_basketball_reference
Torrey Craig,2023-24,-2,-1.8,-0.2,1049,53,33,bpm_basketball_reference
Tosan Evbuomwan,2023-24,-3,-2.4,-0.7,367,17,22,bpm_basketball_reference
Toumani Camara,2023-24,-3.1,-3.1,0,1739,70,23,bpm_basketball_reference
Trae Young,2023-24,2.6,4.9,-2.3,1942,54,25,bpm_basketball_reference
Trayce Jackson-Davis,2023-24,2.8,1.5,1.2,1130,68,23,bpm_basketball_reference
Tre Jones,2023-24,-0.4,-0.4,0.1,2138,77,24,bpm_basketball_reference
Tre Mann,2023-24,-1.3,-1.7,0.4,987,41,22,bpm_basketball_reference
Trendon Watford,2023-24,-0.5,-0.9,0.4,856,63,23,bpm_basketball_reference
Trent Forrest,2023-24,-4.4,-3.8,-0.7,414,38,25,bpm_basketball_reference
Trevelin Queen,2023-24,-3.4,-4.7,1.4,165,14,26,bpm_basketball_reference
Trey Jemison,2023-24,-5.1,-4.7,-0.4,573,25,24,bpm_basketball_reference
Trey Lyles,2023-24,-1.1,-0.4,-0.7,1158,58,28,bpm_basketball_reference
Trey Murphy III,2023-24,2.5,2.5,0,1690,57,23,bpm_basketball_reference
Tristan Thompson,2023-24,-1.4,-2.1,0.6,549,49,32,bpm_basketball_reference
Tristan Vukcevic,2023-24,-3.6,-3.5,-0.1,153,10,20,bpm_basketball_reference
Troy Brown Jr.,2023-24,-2.6,-2.8,0.2,827,59,24,bpm_basketball_reference
Ty Jerome,2023-24,-4.9,-4.1,-0.8,15,2,26,bpm_basketball_reference
TyTy Washington Jr.,2023-24,-8.2,-7.1,-1,56,11,22,bpm_basketball_reference
Tyler Herro,2023-24,0.8,1.5,-0.7,1407,42,24,bpm_basketball_reference
Tyrese Haliburton,2023-24,6.9,7.3,-0.4,2224,69,23,bpm_basketball_reference
Tyrese Maxey,2023-24,3.1,4.1,-1,2626,70,23,bpm_basketball_reference
Tyus Jones,2023-24,0.7,1.5,-0.9,1933,66,27,bpm_basketball_reference
Udoka Azubuike,2023-24,-3.2,-3,-0.1,113,16,24,bpm_basketball_reference
Usman Garuba,2023-24,-10.9,-10.8,-0.1,18,6,21,bpm_basketball_reference
Vasilije Micić,2023-24,-4.6,-2.5,-2.2,1176,60,30,bpm_basketball_reference
Victor Wembanyama,2023-24,5.2,1.9,3.3,2106,71,20,bpm_basketball_reference
Vince Williams Jr.,2023-24,-0.7,-1.7,1,1436,52,23,bpm_basketball_reference
Vít Krejčí,2023-24,-3.7,-3.3,-0.4,541,22,23,bpm_basketball_reference
Walker Kessler,2023-24,0.9,-0.4,1.3,1493,64,22,bpm_basketball_reference
Wendell Carter Jr.,2023-24,0.9,0.5,0.4,1406,55,24,bpm_basketball_reference
Wendell Moore Jr.,2023-24,-2.8,-6.1,3.3,75,25,22,bpm_basketball_reference
Wenyen Gabriel,2023-24,-12.5,-10.6,-1.9,81,5,26,bpm_basketball_reference
Wesley Matthews,2023-24,-2.8,-3.1,0.3,413,36,37,bpm_basketball_reference
Xavier Moon,2023-24,-6.1,-4.7,-1.4,119,14,29,bpm_basketball_reference
Xavier Tillman Sr.,2023-24,-1.2,-3.1,1.9,974,54,25,bpm_basketball_reference
Yuta Watanabe,2023-24,-6.4,-5.3,-1.1,464,34,29,bpm_basketball_reference
Zach Collins,2023-24,-2,-2,-0.1,1526,69,26,bpm_basketball_reference
Zach LaVine,2023-24,0.1,0.8,-0.7,872,25,28,bpm_basketball_reference
Zavier Simpson,2023-24,-5.9,-6.2,0.3,161,7,26,bpm_basketball_reference
Zeke Nnaji,2023-24,-3.7,-3.8,0.1,576,58,23,bpm_basketball_reference
Ziaire Williams,2023-24,-4.5,-4,-0.4,1038,51,22,bpm_basketball_reference
Zion Williamson,2023-24,3.8,3.3,0.6,2207,70,23,bpm_basketball_reference
A.J. Green,2024-25,-2.2,-1.7,-0.4,1659,73,25,bpm_basketball_reference
A.J. Lawson,2024-25,-2.5,-1.5,-1,486,26,24,bpm_basketball_reference
AJ Johnson,2024-25,-8.1,-5.6,-2.5,639,29,20,bpm_basketball_reference
Aaron Gordon,2024-25,1.2,2.7,-1.5,1447,51,29,bpm_basketball_reference
Aaron Holiday,2024-25,-0.2,-0.4,0.1,792,62,28,bpm_basketball_reference
Aaron Nesmith,2024-25,-0.5,0,-0.5,1122,45,25,bpm_basketball_reference
Aaron Wiggins,2024-25,1.1,1.3,-0.2,1744,76,26,bpm_basketball_reference
Adam Flagler,2024-25,-10.3,-8.1,-2.3,203,37,25,bpm_basketball_reference
Adama Sanogo,2024-25,-2.6,0.7,-3.4,21,4,22,bpm_basketball_reference
Adem Bona,2024-25,-2.7,-2.9,0.2,905,58,21,bpm_basketball_reference
Ajay Mitchell,2024-25,-1.6,-2.5,0.9,597,36,22,bpm_basketball_reference
Al Horford,2024-25,1.2,0.1,1.1,1659,60,38,bpm_basketball_reference
Alec Burks,2024-25,0.3,0,0.3,863,49,33,bpm_basketball_reference
Alex Caruso,2024-25,4,0.1,3.9,1041,54,30,bpm_basketball_reference
Alex Ducas,2024-25,-2,-2.1,0.1,125,21,24,bpm_basketball_reference
Alex Len,2024-25,-2.6,-3.9,1.2,380,46,31,bpm_basketball_reference
Alex Reese,2024-25,-1.2,-0.9,-0.3,216,15,25,bpm_basketball_reference
Alex Sarr,2024-25,-3.3,-2.2,-1,1814,67,19,bpm_basketball_reference
Alondes Williams,2024-25,44.1,37.9,6.2,4,1,25,bpm_basketball_reference
Alperen Şengün,2024-25,4.4,2.6,1.8,2395,76,22,bpm_basketball_reference
Amen Thompson,2024-25,4.1,1.4,2.6,2225,69,22,bpm_basketball_reference
Amir Coffey,2024-25,-1.7,-1.5,-0.2,1748,72,27,bpm_basketball_reference
Andre Drummond,2024-25,-3.2,-2.4,-0.8,751,40,31,bpm_basketball_reference
Andre Jackson Jr.,2024-25,-3.4,-3.6,0.2,980,67,23,bpm_basketball_reference
Andrew Nembhard,2024-25,-2.3,-2.6,0.3,1881,65,25,bpm_basketball_reference
Andrew Wiggins,2024-25,0.9,1.2,-0.3,1842,60,29,bpm_basketball_reference
Anfernee Simons,2024-25,-0.1,1.5,-1.5,2292,70,25,bpm_basketball_reference
Anthony Black,2024-25,-1.9,-3.1,1.2,1887,78,21,bpm_basketball_reference
Anthony Davis,2024-25,5.4,3.9,1.5,1706,51,31,bpm_basketball_reference
Anthony Edwards,2024-25,4.3,4.4,0,2871,79,23,bpm_basketball_reference
Anthony Gill,2024-25,-4.5,-3,-1.5,397,51,32,bpm_basketball_reference
Anton Watson,2024-25,-10.1,-8.3,-1.8,22,9,24,bpm_basketball_reference
Antonio Reeves,2024-25,-3.2,-1.2,-2,660,44,24,bpm_basketball_reference
Ariel Hukporti,2024-25,-5.6,-6.5,0.9,217,25,22,bpm_basketball_reference
Armel Traoré,2024-25,-9.8,-9.5,-0.4,67,9,22,bpm_basketball_reference
Ausar Thompson,2024-25,1.7,-0.8,2.5,1328,59,22,bpm_basketball_reference
Austin Reaves,2024-25,1.9,2.4,-0.5,2550,73,26,bpm_basketball_reference
Ayo Dosunmu,2024-25,-1.6,-1.4,-0.2,1394,46,25,bpm_basketball_reference
Bam Adebayo,2024-25,2,1,1,2674,78,27,bpm_basketball_reference
Baylor Scheierman,2024-25,-1.7,-2.5,0.8,384,31,24,bpm_basketball_reference
Ben Sheppard,2024-25,-2,-2.2,0.2,1229,63,23,bpm_basketball_reference
Ben Simmons,2024-25,-0.5,-2.3,1.8,1120,51,28,bpm_basketball_reference
Bennedict Mathurin,2024-25,-2.9,-1.3,-1.5,2149,72,22,bpm_basketball_reference
Bilal Coulibaly,2024-25,-3.7,-3,-0.7,1948,59,20,bpm_basketball_reference
Bismack Biyombo,2024-25,-3.6,-3.6,0,528,28,32,bpm_basketball_reference
Blake Wesley,2024-25,-4.2,-3.9,-0.3,683,58,21,bpm_basketball_reference
Bobby Portis,2024-25,0.2,0.6,-0.4,1244,49,29,bpm_basketball_reference
Bobi Klintman,2024-25,1,-1,1.9,42,8,21,bpm_basketball_reference
Bogdan Bogdanović,2024-25,-2,-1.8,-0.2,1348,54,32,bpm_basketball_reference
Bol Bol,2024-25,0.8,1.7,-0.9,448,36,25,bpm_basketball_reference
Bones Hyland,2024-25,2.7,0.9,1.8,239,24,24,bpm_basketball_reference
Bradley Beal,2024-25,-1.1,-0.1,-1,1702,53,31,bpm_basketball_reference
Branden Carlson,2024-25,1.3,0.5,0.8,246,32,25,bpm_basketball_reference
Brandin Podziemski,2024-25,0.7,-0.1,0.8,1716,64,21,bpm_basketball_reference
Brandon Boston Jr.,2024-25,-2.5,-2.3,-0.2,993,42,23,bpm_basketball_reference
Brandon Clarke,2024-25,0.8,0,0.8,1207,64,28,bpm_basketball_reference
Brandon Ingram,2024-25,-0.3,1.4,-1.7,595,18,27,bpm_basketball_reference
Brandon Miller,2024-25,0,0.8,-0.8,924,27,22,bpm_basketball_reference
Brandon Williams,2024-25,1,1,-0.1,487,33,25,bpm_basketball_reference
Braxton Key,2024-25,-13.6,-13.9,0.3,11,3,27,bpm_basketball_reference
Brice Sensabaugh,2024-25,-1.2,0.4,-1.6,1432,71,21,bpm_basketball_reference
Bronny James,2024-25,-7.2,-5.9,-1.3,181,27,20,bpm_basketball_reference
Brook Lopez,2024-25,0.8,0.4,0.4,2546,80,36,bpm_basketball_reference
Bruce Brown,2024-25,-3.8,-3.2,-0.6,922,41,28,bpm_basketball_reference
Bruno Fernando,2024-25,-0.7,-3,2.3,147,17,26,bpm_basketball_reference
Bryce McGowens,2024-25,-13.6,-9.9,-3.8,32,13,22,bpm_basketball_reference
Bub Carrington,2024-25,-4.6,-3.3,-1.3,2458,82,19,bpm_basketball_reference
Buddy Hield,2024-25,-1,-0.7,-0.3,1863,82,32,bpm_basketball_reference
CJ McCollum,2024-25,-1.4,1.2,-2.6,1832,56,33,bpm_basketball_reference
Cade Cunningham,2024-25,3.9,3.8,0.1,2452,70,23,bpm_basketball_reference
Caleb Houstan,2024-25,-2.2,-2.4,0.2,788,58,22,bpm_basketball_reference
Caleb Martin,2024-25,-3.2,-2.9,-0.2,1218,45,29,bpm_basketball_reference
Cam Christie,2024-25,-2.5,-5.5,3,59,13,19,bpm_basketball_reference
Cam Reddish,2024-25,-2.7,-4.4,1.6,589,33,25,bpm_basketball_reference
Cam Spencer,2024-25,0.5,0.3,0.2,252,25,24,bpm_basketball_reference
Cam Thomas,2024-25,0.3,2.8,-2.6,781,25,23,bpm_basketball_reference
Cam Whitmore,2024-25,0.3,0.7,-0.4,827,51,20,bpm_basketball_reference
Cameron Johnson,2024-25,3.1,3.5,-0.4,1800,57,28,bpm_basketball_reference
Cameron Payne,2024-25,-0.2,-0.1,-0.2,1090,72,30,bpm_basketball_reference
Caris LeVert,2024-25,0.9,0.8,0.1,1596,64,30,bpm_basketball_reference
Cason Wallace,2024-25,1,-1.5,2.6,1876,68,21,bpm_basketball_reference
Charles Bassey,2024-25,-1.1,-1.7,0.6,376,36,24,bpm_basketball_reference
Chet Holmgren,2024-25,2.4,0.5,1.9,877,32,22,bpm_basketball_reference
Chris Boucher,2024-25,2.3,2.9,-0.6,862,50,32,bpm_basketball_reference
Chris Duarte,2024-25,1.2,2.2,-1,74,17,27,bpm_basketball_reference
Chris Livingston,2024-25,-6.1,-5,-1.1,106,21,21,bpm_basketball_reference
Chris Paul,2024-25,0.8,0.3,0.5,2292,82,39,bpm_basketball_reference
Christian Braun,2024-25,0.3,0.8,-0.5,2675,79,23,bpm_basketball_reference
Christian Koloko,2024-25,-2.8,-3,0.2,342,37,24,bpm_basketball_reference
Chuma Okeke,2024-25,-0.2,1.6,-1.8,196,9,26,bpm_basketball_reference
Clint Capela,2024-25,-1,-0.6,-0.4,1176,55,30,bpm_basketball_reference
Coby White,2024-25,-0.9,0.5,-1.4,2450,74,24,bpm_basketball_reference
Cody Martin,2024-25,-1.7,-2.8,1.1,1173,53,29,bpm_basketball_reference
Cody Williams,2024-25,-7.3,-6.1,-1.2,1060,50,20,bpm_basketball_reference
Colby Jones,2024-25,-2.8,-3.3,0.4,515,39,22,bpm_basketball_reference
Cole Anthony,2024-25,0.1,-0.8,0.9,1234,67,24,bpm_basketball_reference
Cole Swider,2024-25,-7.3,-4.9,-2.4,169,10,25,bpm_basketball_reference
Colin Castleton,2024-25,-5,-4,-1,432,26,24,bpm_basketball_reference
Collin Gillespie,2024-25,2.5,2.3,0.2,461,33,25,bpm_basketball_reference
Collin Sexton,2024-25,-0.6,1.7,-2.3,1758,63,26,bpm_basketball_reference
Corey Kispert,2024-25,-3.7,-1.4,-2.2,1602,61,25,bpm_basketball_reference
Cory Joseph,2024-25,-0.8,-2.3,1.4,612,50,33,bpm_basketball_reference
Craig Porter Jr.,2024-25,1.1,0.1,1,513,51,24,bpm_basketball_reference
Cui Yongxi,2024-25,-24.9,-16.8,-8.2,10,5,21,bpm_basketball_reference
D'Angelo Russell,2024-25,-0.4,0,-0.4,1480,58,28,bpm_basketball_reference
D.J. Carton,2024-25,-11.1,-10.4,-0.7,33,4,24,bpm_basketball_reference
DaQuan Jeffries,2024-25,-4.7,-4,-0.7,1071,47,27,bpm_basketball_reference
Daeqwon Plowden,2024-25,-0.1,1.5,-1.5,72,6,26,bpm_basketball_reference
Daishen Nix,2024-25,-16.2,-14.9,-1.2,13,3,22,bpm_basketball_reference
Dalano Banton,2024-25,-0.8,-0.6,-0.2,1120,67,25,bpm_basketball_reference
Dalen Terry,2024-25,-3.8,-4,0.2,987,73,22,bpm_basketball_reference
Dalton Knecht,2024-25,-1.8,-0.1,-1.7,1494,78,23,bpm_basketball_reference
Damian Lillard,2024-25,4,4.7,-0.6,2093,58,34,bpm_basketball_reference
Damion Baugh,2024-25,-7.1,-5.9,-1.2,370,15,24,bpm_basketball_reference
Damion Lee,2024-25,-5.1,-2.9,-2.1,144,25,32,bpm_basketball_reference
Daniel Gafford,2024-25,3.8,2.7,1.1,1226,57,26,bpm_basketball_reference
Daniel Theis,2024-25,-3.3,-3.3,0,621,38,32,bpm_basketball_reference
Daniss Jenkins,2024-25,-15.8,-10.2,-5.7,23,7,23,bpm_basketball_reference
Danté Exum,2024-25,-2.3,-1.2,-1.1,372,20,29,bpm_basketball_reference
Dario Šarić,2024-25,-4.8,-4.4,-0.4,210,16,30,bpm_basketball_reference
Dariq Whitehead,2024-25,-3.7,-1.5,-2.2,246,20,20,bpm_basketball_reference
Darius Garland,2024-25,3.1,3.9,-0.8,2301,75,25,bpm_basketball_reference
David Duke Jr.,2024-25,-1.5,-0.1,-1.4,34,6,25,bpm_basketball_reference
David Roddy,2024-25,-1.5,-1.6,0.1,410,33,23,bpm_basketball_reference
Davion Mitchell,2024-25,-2.6,-2.8,0.2,2027,74,26,bpm_basketball_reference
Day'Ron Sharpe,2024-25,0.9,0,0.9,908,50,23,bpm_basketball_reference
De'Aaron Fox,2024-25,0.4,1.3,-1,2241,62,27,bpm_basketball_reference
De'Andre Hunter,2024-25,0.4,1.2,-0.8,1740,64,27,bpm_basketball_reference
De'Anthony Melton,2024-25,-0.8,-1.6,0.8,121,6,26,bpm_basketball_reference
DeAndre Jordan,2024-25,-1.2,-1.4,0.2,691,56,36,bpm_basketball_reference
DeMar DeRozan,2024-25,-0.1,1.2,-1.2,2768,77,35,bpm_basketball_reference
Dean Wade,2024-25,0.3,-1,1.2,1252,59,28,bpm_basketball_reference
Deandre Ayton,2024-25,-0.7,-0.3,-0.4,1206,40,26,bpm_basketball_reference
Dejounte Murray,2024-25,-1.6,-1.3,-0.3,1012,31,28,bpm_basketball_reference
Delon Wright,2024-25,-1.4,-2.8,1.4,635,40,32,bpm_basketball_reference
Deni Avdija,2024-25,2.1,1.5,0.6,2161,72,24,bpm_basketball_reference
Dennis Schröder,2024-25,-2.2,-1.3,-0.9,2105,75,31,bpm_basketball_reference
Dereck Lively II,2024-25,3.3,1.1,2.2,833,36,20,bpm_basketball_reference
Derrick Jones Jr.,2024-25,-0.3,-1,0.7,1873,77,27,bpm_basketball_reference
Derrick White,2024-25,3.5,2.7,0.8,2574,76,30,bpm_basketball_reference
Desmond Bane,2024-25,3.2,2.6,0.6,2205,69,26,bpm_basketball_reference
Devin Booker,2024-25,0.4,2.8,-2.4,2795,75,28,bpm_basketball_reference
Devin Carter,2024-25,-3.2,-3.5,0.3,396,36,22,bpm_basketball_reference
Devin Vassell,2024-25,-1.1,-0.3,-0.8,1983,64,24,bpm_basketball_reference
Dillon Brooks,2024-25,-1.4,-1.4,0,2388,75,29,bpm_basketball_reference
Dillon Jones,2024-25,-4,-4.3,0.3,552,54,23,bpm_basketball_reference
Domantas Sabonis,2024-25,5.2,4.2,1.1,2429,70,28,bpm_basketball_reference
Dominick Barlow,2024-25,-2.2,-1.4,-0.8,375,35,21,bpm_basketball_reference
Donovan Clingan,2024-25,-0.3,-1.7,1.4,1324,67,20,bpm_basketball_reference
Donovan Mitchell,2024-25,3.7,3.8,-0.2,2232,71,28,bpm_basketball_reference
Donte DiVincenzo,2024-25,1.9,0.8,1.1,1606,62,28,bpm_basketball_reference
Dorian Finney-Smith,2024-25,-1,-1.1,0.1,1818,63,31,bpm_basketball_reference
Doug McDermott,2024-25,-3.2,-0.8,-2.4,342,42,33,bpm_basketball_reference
Draymond Green,2024-25,0.5,-2.3,2.8,1983,68,34,bpm_basketball_reference
Drew Eubanks,2024-25,-0.7,-1.2,0.6,746,61,27,bpm_basketball_reference
Drew Peterson,2024-25,-0.8,-1.8,1,186,25,25,bpm_basketball_reference
Drew Timme,2024-25,-6.7,-3.9,-2.8,254,9,24,bpm_basketball_reference
Dru Smith,2024-25,2.1,-1.3,3.4,268,14,27,bpm_basketball_reference
Duncan Robinson,2024-25,-1.7,-0.7,-1.1,1786,74,30,bpm_basketball_reference
Duop Reath,2024-25,-0.3,0.2,-0.5,469,46,28,bpm_basketball_reference
Dwight Powell,2024-25,0,-1.5,1.5,551,55,33,bpm_basketball_reference
Dyson Daniels,2024-25,1.5,-1.1,2.6,2571,76,21,bpm_basketball_reference
E.J. Liddell,2024-25,-4.1,-2.7,-1.4,53,12,24,bpm_basketball_reference
Elfrid Payton,2024-25,-6.4,-5.1,-1.3,511,24,30,bpm_basketball_reference
Elijah Harkless,2024-25,-3.8,-5.2,1.5,138,10,24,bpm_basketball_reference
Emanuel Miller,2024-25,-1.8,-0.9,-0.9,25,6,24,bpm_basketball_reference
Emoni Bates,2024-25,-1.5,-0.5,-1,75,10,21,bpm_basketball_reference
Enrique Freeman,2024-25,-6.3,-4.9,-1.4,181,22,24,bpm_basketball_reference
Eric Gordon,2024-25,-1.6,-0.8,-0.8,768,39,36,bpm_basketball_reference
Evan Mobley,2024-25,4.6,3.1,1.5,2167,71,23,bpm_basketball_reference
Franz Wagner,2024-25,3.1,2.6,0.5,2023,60,23,bpm_basketball_reference
Fred VanVleet,2024-25,0.9,-0.4,1.3,2111,60,30,bpm_basketball_reference
GG Jackson II,2024-25,-5.3,-3.3,-2,459,29,20,bpm_basketball_reference
Gabe Vincent,2024-25,-4,-3.8,-0.1,1527,72,28,bpm_basketball_reference
Garrett Temple,2024-25,-3.6,-5.7,2.1,227,28,38,bpm_basketball_reference
Garrison Mathews,2024-25,-1.6,-1.1,-0.5,830,47,28,bpm_basketball_reference
Gary Harris,2024-25,-2.7,-3.9,1.2,711,48,30,bpm_basketball_reference
Gary Payton II,2024-25,1.4,-0.5,2,927,62,32,bpm_basketball_reference
Gary Trent Jr.,2024-25,-1.6,-1.2,-0.4,1893,74,26,bpm_basketball_reference
Georges Niang,2024-25,-2.3,-1.1,-1.2,1697,79,31,bpm_basketball_reference
Giannis Antetokounmpo,2024-25,9.5,6.9,2.5,2289,67,30,bpm_basketball_reference
Goga Bitadze,2024-25,2.5,-0.3,2.8,1430,70,25,bpm_basketball_reference
Gradey Dick,2024-25,-3.2,-1.9,-1.3,1587,54,21,bpm_basketball_reference
Grant Williams,2024-25,-1.6,-2.3,0.7,479,16,26,bpm_basketball_reference
Grayson Allen,2024-25,-0.3,0.7,-1,1544,64,29,bpm_basketball_reference
Guerschon Yabusele,2024-25,-1,0.1,-1.1,1895,70,29,bpm_basketball_reference
Gui Santos,2024-25,-1.7,-2.2,0.5,762,56,22,bpm_basketball_reference
Harrison Barnes,2024-25,0,1.7,-1.7,2230,82,32,bpm_basketball_reference
Harrison Ingram,2024-25,-1.2,-3.6,2.4,35,5,22,bpm_basketball_reference
Haywood Highsmith,2024-25,-1.9,-2.7,0.9,1818,74,28,bpm_basketball_reference
Herbert Jones,2024-25,-3.6,-3.9,0.2,648,20,26,bpm_basketball_reference
Hunter Tyson,2024-25,-4.8,-3.3,-1.5,400,51,24,bpm_basketball_reference
Immanuel Quickley,2024-25,2.2,3.2,-1,918,33,25,bpm_basketball_reference
Isaac Jones,2024-25,-1.7,-0.9,-0.8,304,40,24,bpm_basketball_reference
Isaac Okoro,2024-25,-0.5,-1.1,0.6,1053,55,24,bpm_basketball_reference
Isaiah Collier,2024-25,-5.3,-3.8,-1.5,1839,71,20,bpm_basketball_reference
Isaiah Crawford,2024-25,-4.1,-3.4,-0.7,46,15,23,bpm_basketball_reference
Isaiah Hartenstein,2024-25,3.2,0.6,2.6,1590,57,26,bpm_basketball_reference
Isaiah Jackson,2024-25,0.8,-1,1.8,84,5,23,bpm_basketball_reference
Isaiah Joe,2024-25,1.3,1.4,-0.1,1604,74,25,bpm_basketball_reference
Isaiah Mobley,2024-25,4.7,0,4.8,17,1,25,bpm_basketball_reference
Isaiah Stevens,2024-25,-11.8,-19.5,7.7,6,3,24,bpm_basketball_reference
Isaiah Stewart,2024-25,0.6,-1.6,2.1,1434,72,23,bpm_basketball_reference
Isaiah Wong,2024-25,-4,-2.9,-1,265,20,24,bpm_basketball_reference
Ivica Zubac,2024-25,3.1,2.3,0.8,2624,80,27,bpm_basketball_reference
JD Davison,2024-25,-6.2,-5.9,-0.3,93,16,22,bpm_basketball_reference
JT Thor,2024-25,-5.4,-4.3,-1.1,249,20,22,bpm_basketball_reference
Ja Morant,2024-25,2.4,3.1,-0.7,1519,50,25,bpm_basketball_reference
Ja'Kobe Walter,2024-25,-3,-2.3,-0.6,1103,52,20,bpm_basketball_reference
Jabari Smith Jr.,2024-25,-0.7,-0.8,0.1,1716,57,21,bpm_basketball_reference
Jabari Walker,2024-25,-0.8,-1.2,0.5,749,60,22,bpm_basketball_reference
Jack McVeigh,2024-25,-7.7,-4.8,-3,43,9,28,bpm_basketball_reference
Jackson Rowe,2024-25,1,-0.5,1.5,52,6,28,bpm_basketball_reference
Jacob Toppin,2024-25,-2.6,-1.8,-0.8,76,17,24,bpm_basketball_reference
Jaden Hardy,2024-25,-4.7,-2.8,-1.9,907,57,22,bpm_basketball_reference
Jaden Ivey,2024-25,0,0.8,-0.8,898,30,22,bpm_basketball_reference
Jaden McDaniels,2024-25,0,-1.4,1.4,2614,82,24,bpm_basketball_reference
Jaden Springer,2024-25,-2.7,-4.3,1.6,365,43,22,bpm_basketball_reference
Jae Crowder,2024-25,-4.3,-3.8,-0.5,103,9,34,bpm_basketball_reference
Jae'Sean Tate,2024-25,-0.7,-2.1,1.4,588,52,29,bpm_basketball_reference
Jahlil Okafor,2024-25,7.5,2.5,4.9,3,1,29,bpm_basketball_reference
Jahmir Young,2024-25,0.5,1.2,-0.8,30,6,24,bpm_basketball_reference
Jaime Jaquez Jr.,2024-25,-0.9,-1.4,0.5,1368,66,23,bpm_basketball_reference
Jake LaRavia,2024-25,0.2,-0.8,1.1,1349,66,23,bpm_basketball_reference
Jakob Poeltl,2024-25,2,0.7,1.3,1686,57,29,bpm_basketball_reference
Jalen Bridges,2024-25,-12.5,-7.8,-4.7,30,8,23,bpm_basketball_reference
Jalen Brunson,2024-25,3.3,4.7,-1.3,2301,65,28,bpm_basketball_reference
Jalen Duren,2024-25,3.1,1.6,1.5,2034,78,21,bpm_basketball_reference
Jalen Green,2024-25,0.5,1.1,-0.5,2697,82,22,bpm_basketball_reference
Jalen Hood-Schifino,2024-25,-6.9,-4.4,-2.5,315,15,21,bpm_basketball_reference
Jalen Johnson,2024-25,1.8,0.5,1.4,1284,36,23,bpm_basketball_reference
Jalen McDaniels,2024-25,5.6,-0.5,6,7,4,27,bpm_basketball_reference
Jalen Pickett,2024-25,-1.5,-0.8,-0.7,666,49,25,bpm_basketball_reference
Jalen Smith,2024-25,0.9,1.5,-0.6,962,64,24,bpm_basketball_reference
Jalen Suggs,2024-25,0.4,-0.8,1.3,1002,35,23,bpm_basketball_reference
Jalen Williams,2024-25,4,2.7,1.4,2237,69,23,bpm_basketball_reference
Jalen Wilson,2024-25,-3.9,-2.6,-1.3,2031,79,24,bpm_basketball_reference
Jamal Cain,2024-25,-3.4,-2.5,-0.8,502,37,25,bpm_basketball_reference
Jamal Murray,2024-25,0.8,1.8,-1,2418,67,27,bpm_basketball_reference
Jamal Shead,2024-25,-4.1,-3.2,-0.9,1467,75,22,bpm_basketball_reference
Jamaree Bouyea,2024-25,-5.4,-4.6,-0.9,62,5,25,bpm_basketball_reference
James Harden,2024-25,4.3,3.5,0.8,2789,79,35,bpm_basketball_reference
James Johnson,2024-25,-9.7,-9.6,-0.2,37,12,37,bpm_basketball_reference
James Wiseman,2024-25,1.6,6,-4.4,5,1,23,bpm_basketball_reference
Jamison Battle,2024-25,-2.3,-0.9,-1.3,1042,59,23,bpm_basketball_reference
Jarace Walker,2024-25,-0.9,-1.8,0.8,1187,75,21,bpm_basketball_reference
Jared Butler,2024-25,-1,0.5,-1.5,1044,60,24,bpm_basketball_reference
Jared McCain,2024-25,0.2,1.8,-1.6,592,23,20,bpm_basketball_reference
Jared Rhoden,2024-25,-0.5,-0.5,0,227,14,25,bpm_basketball_reference
Jaren Jackson Jr.,2024-25,2.3,1.6,0.8,2207,74,25,bpm_basketball_reference
Jarred Vanderbilt,2024-25,-1,-2.3,1.3,581,36,25,bpm_basketball_reference
Jarrett Allen,2024-25,4.2,3,1.2,2296,82,26,bpm_basketball_reference
Javonte Green,2024-25,-2.3,-2.8,0.5,1258,68,31,bpm_basketball_reference
Jaxson Hayes,2024-25,-0.3,-1.6,1.3,1093,56,24,bpm_basketball_reference
Jay Huff,2024-25,3.5,2.5,1,748,64,26,bpm_basketball_reference
Jaylen Brown,2024-25,0,0.4,-0.4,2158,63,28,bpm_basketball_reference
Jaylen Clark,2024-25,-0.2,-2.9,2.7,522,40,23,bpm_basketball_reference
Jaylen Martin,2024-25,-6.3,-4.5,-1.9,239,16,21,bpm_basketball_reference
Jaylen Nowell,2024-25,-5.7,-3.2,-2.5,168,8,25,bpm_basketball_reference
Jaylen Sims,2024-25,-4.1,-2.8,-1.3,112,6,26,bpm_basketball_reference
Jaylen Wells,2024-25,-2.2,-1.2,-1,2043,79,21,bpm_basketball_reference
Jaylin Williams,2024-25,4.3,1.5,2.7,784,47,22,bpm_basketball_reference
Jaylon Tyson,2024-25,-2.7,-2.4,-0.2,453,47,22,bpm_basketball_reference
Jayson Tatum,2024-25,5.2,4.4,0.8,2624,72,26,bpm_basketball_reference
Jazian Gortman,2024-25,-6.3,-5.5,-0.8,57,16,21,bpm_basketball_reference
Jeff Dowtin Jr.,2024-25,0.2,0.7,-0.5,621,41,27,bpm_basketball_reference
Jeff Green,2024-25,0.4,0.3,0,396,32,38,bpm_basketball_reference
Jerami Grant,2024-25,-1.6,-1.4,-0.3,1524,47,30,bpm_basketball_reference
Jeremiah Robinson-Earl,2024-25,-2.5,-0.9,-1.6,1239,66,24,bpm_basketball_reference
Jeremy Sochan,2024-25,-1.2,-0.8,-0.4,1364,54,21,bpm_basketball_reference
Jericho Sims,2024-25,-3,-3.1,0.1,632,53,26,bpm_basketball_reference
Jesse Edwards,2024-25,-4,-8.8,4.7,5,2,24,bpm_basketball_reference
Jett Howard,2024-25,-5.3,-4.1,-1.2,701,60,21,bpm_basketball_reference
Jevon Carter,2024-25,-2.1,-1,-1.1,321,36,29,bpm_basketball_reference
Jimmy Butler,2024-25,4.9,4,1,1746,55,35,bpm_basketball_reference
Jock Landale,2024-25,0.4,0,0.4,500,42,29,bpm_basketball_reference
Joe Ingles,2024-25,-7,-6.9,-0.1,114,19,37,bpm_basketball_reference
Joel Embiid,2024-25,3.5,3.7,-0.3,574,19,30,bpm_basketball_reference
John Collins,2024-25,1,1.4,-0.4,1220,40,27,bpm_basketball_reference
John Konchar,2024-25,1.7,-0.7,2.3,558,46,28,bpm_basketball_reference
Johnny Davis,2024-25,-2.8,-3.5,0.7,242,34,22,bpm_basketball_reference
Johnny Furphy,2024-25,-2.5,-3,0.6,379,50,20,bpm_basketball_reference
Johnny Juzang,2024-25,-2.3,-0.9,-1.4,1270,64,23,bpm_basketball_reference
Jonas Valančiūnas,2024-25,0.6,0.8,-0.1,1524,81,32,bpm_basketball_reference
Jonathan Isaac,2024-25,0.7,-1.1,1.8,1090,71,27,bpm_basketball_reference
Jonathan Kuminga,2024-25,-0.6,-0.5,-0.1,1144,47,22,bpm_basketball_reference
Jonathan Mogbo,2024-25,-1.9,-2.9,1,1286,63,23,bpm_basketball_reference
Jordan Clarkson,2024-25,-1.5,0.6,-2.1,962,37,32,bpm_basketball_reference
Jordan Goodwin,2024-25,-0.8,-1.7,0.8,543,29,26,bpm_basketball_reference
Jordan Hawkins,2024-25,-5.4,-2.4,-3,1321,56,22,bpm_basketball_reference
Jordan McLaughlin,2024-25,-1.6,-1.6,0,314,46,28,bpm_basketball_reference
Jordan Miller,2024-25,-2.8,-3,0.2,420,37,25,bpm_basketball_reference
Jordan Poole,2024-25,0.4,2,-1.6,2001,68,25,bpm_basketball_reference
Jordan Walsh,2024-25,-3.9,-4.4,0.5,403,52,20,bpm_basketball_reference
Jose Alvarado,2024-25,-1.4,-0.6,-0.8,1366,56,26,bpm_basketball_reference
Josh Christopher,2024-25,-7.9,-7.5,-0.4,69,14,23,bpm_basketball_reference
Josh Giddey,2024-25,3,1.9,1.1,2117,70,22,bpm_basketball_reference
Josh Green,2024-25,-4.3,-4.5,0.2,1887,68,24,bpm_basketball_reference
Josh Hart,2024-25,2.8,1.1,1.8,2897,77,29,bpm_basketball_reference
Josh Minott,2024-25,2.2,-0.7,2.9,276,46,22,bpm_basketball_reference
Josh Okogie,2024-25,1.5,-0.1,1.6,625,40,26,bpm_basketball_reference
Josh Richardson,2024-25,-6.7,-7.3,0.6,150,8,31,bpm_basketball_reference
Jrue Holiday,2024-25,0.7,-0.3,1,1896,62,34,bpm_basketball_reference
Julian Champagnie,2024-25,-1.3,-0.3,-0.9,1932,82,23,bpm_basketball_reference
Julian Phillips,2024-25,-3,-2.6,-0.4,1123,79,21,bpm_basketball_reference
Julian Strawther,2024-25,-4.5,-3.1,-1.4,1384,65,22,bpm_basketball_reference
Julius Randle,2024-25,1.3,1.5,-0.2,2226,69,30,bpm_basketball_reference
Justin Champagnie,2024-25,-0.5,-0.3,-0.2,1340,62,23,bpm_basketball_reference
Justin Edwards,2024-25,-3.7,-2.1,-1.6,1155,44,21,bpm_basketball_reference
Justin Minaya,2024-25,-5.4,-7.1,1.7,101,19,25,bpm_basketball_reference
Jusuf Nurkić,2024-25,-1.3,-2.2,0.9,1063,51,30,bpm_basketball_reference
KJ Martin,2024-25,-3.6,-3.2,-0.3,912,43,24,bpm_basketball_reference
KJ Simpson,2024-25,-5.4,-4.5,-0.9,842,36,22,bpm_basketball_reference
Kai Jones,2024-25,2.9,1.4,1.5,468,40,24,bpm_basketball_reference
Karl-Anthony Towns,2024-25,3.6,3.5,0.1,2517,72,29,bpm_basketball_reference
Karlo Matković,2024-25,-2,-1.9,-0.2,791,42,23,bpm_basketball_reference
Kawhi Leonard,2024-25,3.1,2.5,0.6,1180,37,33,bpm_basketball_reference
Keaton Wallace,2024-25,-2.3,-3.3,1,501,31,25,bpm_basketball_reference
Keegan Murray,2024-25,-1.6,-0.8,-0.8,2610,76,24,bpm_basketball_reference
Keion Brooks Jr.,2024-25,-3.5,-2.2,-1.3,332,14,24,bpm_basketball_reference
Kel'el Ware,2024-25,-0.1,-0.7,0.6,1422,64,20,bpm_basketball_reference
Keldon Johnson,2024-25,-1.6,0,-1.6,1838,77,25,bpm_basketball_reference
Kelly Olynyk,2024-25,-0.7,-1.1,0.4,891,44,33,bpm_basketball_reference
Kelly Oubre Jr.,2024-25,-2.3,-1.7,-0.6,2078,60,29,bpm_basketball_reference
Kenrich Williams,2024-25,0.6,-0.4,0.9,1132,69,30,bpm_basketball_reference
Kentavious Caldwell-Pope,2024-25,-1.4,-3,1.6,2279,77,31,bpm_basketball_reference
Keon Ellis,2024-25,1.9,-0.1,2,1948,80,25,bpm_basketball_reference
Keon Johnson,2024-25,-3.3,-3.1,-0.1,1925,79,22,bpm_basketball_reference
Keshad Johnson,2024-25,-0.1,-1,0.9,98,16,23,bpm_basketball_reference
Kessler Edwards,2024-25,-1.4,-2,0.6,608,40,24,bpm_basketball_reference
Kevin Durant,2024-25,3.2,3.9,-0.7,2265,62,36,bpm_basketball_reference
Kevin Huerter,2024-25,-2,-1.8,-0.2,1679,69,26,bpm_basketball_reference
Kevin Knox,2024-25,-1.3,-0.7,-0.6,84,14,25,bpm_basketball_reference
Kevin Love,2024-25,0.4,-0.3,0.7,251,23,36,bpm_basketball_reference
Kevin McCullar Jr.,2024-25,-7.2,-8.5,1.3,29,4,23,bpm_basketball_reference
Kevin Porter Jr.,2024-25,-0.6,-1.6,0.9,1482,75,24,bpm_basketball_reference
Kevon Looney,2024-25,0.3,-1,1.3,1142,76,28,bpm_basketball_reference
Keyonte George,2024-25,-2.7,-0.2,-2.5,2109,67,21,bpm_basketball_reference
Khris Middleton,2024-25,0.7,0.4,0.3,843,37,33,bpm_basketball_reference
Killian Hayes,2024-25,-0.6,-0.5,-0.1,162,6,23,bpm_basketball_reference
Klay Thompson,2024-25,-1,0.7,-1.6,1965,72,34,bpm_basketball_reference
Kobe Brown,2024-25,-2.1,-2.5,0.4,272,40,25,bpm_basketball_reference
Kobe Bufkin,2024-25,-4,-3.4,-0.5,124,10,21,bpm_basketball_reference
Kris Dunn,2024-25,0.6,-2.8,3.4,1783,74,30,bpm_basketball_reference
Kris Murray,2024-25,-3,-3.1,0.1,1040,69,24,bpm_basketball_reference
Kristaps Porziņģis,2024-25,4.7,3.5,1.2,1210,42,29,bpm_basketball_reference
Kyle Anderson,2024-25,1.5,-0.6,2.2,1002,61,31,bpm_basketball_reference
Kyle Filipowski,2024-25,-1,-0.6,-0.3,1522,72,21,bpm_basketball_reference
Kyle Kuzma,2024-25,-4.9,-2.9,-2,1936,65,29,bpm_basketball_reference
Kyle Lowry,2024-25,-1.3,-2.8,1.5,659,35,38,bpm_basketball_reference
Kylor Kelley,2024-25,-5.4,-3.5,-1.9,126,11,27,bpm_basketball_reference
Kyrie Irving,2024-25,3.4,3.9,-0.5,1804,50,32,bpm_basketball_reference
Kyshawn George,2024-25,-4.1,-3.8,-0.3,1802,68,21,bpm_basketball_reference
LaMelo Ball,2024-25,3.2,4.1,-0.9,1505,47,23,bpm_basketball_reference
Lamar Stevens,2024-25,-4.2,-3.6,-0.6,155,17,27,bpm_basketball_reference
Landry Shamet,2024-25,-2.4,-1.9,-0.6,762,50,27,bpm_basketball_reference
Larry Nance Jr.,2024-25,1.8,1.1,0.7,463,24,32,bpm_basketball_reference
Lauri Markkanen,2024-25,-0.3,1.8,-2.1,1476,47,27,bpm_basketball_reference
LeBron James,2024-25,5.6,4.9,0.7,2444,70,40,bpm_basketball_reference
Leonard Miller,2024-25,-3.7,-3.4,-0.3,32,13,21,bpm_basketball_reference
Lester Quiñones,2024-25,-6.1,-3.2,-2.9,183,13,24,bpm_basketball_reference
Liam Robbins,2024-25,-10.5,-9.2,-1.3,57,13,25,bpm_basketball_reference
Lindy Waters III,2024-25,-2.8,-3,0.2,778,52,27,bpm_basketball_reference
Lonnie Walker IV,2024-25,-2.4,0,-2.4,477,20,26,bpm_basketball_reference
Lonzo Ball,2024-25,0.2,-1.5,1.7,777,35,27,bpm_basketball_reference
Luguentz Dort,2024-25,0.2,-0.6,0.8,2073,71,25,bpm_basketball_reference
Luka Dončić,2024-25,6.7,5.5,1.2,1769,50,25,bpm_basketball_reference
Luka Garza,2024-25,-2.3,-0.4,-1.9,219,39,26,bpm_basketball_reference
Luke Kennard,2024-25,1.1,0.9,0.2,1472,65,28,bpm_basketball_reference
Luke Kornet,2024-25,3.3,1.6,1.7,1361,73,29,bpm_basketball_reference
Luke Travers,2024-25,-9.7,-7.8,-1.9,88,12,23,bpm_basketball_reference
Mac McClung,2024-25,-11,-10.2,-0.8,10,2,26,bpm_basketball_reference
Malachi Flynn,2024-25,-2.8,-4.4,1.5,44,4,26,bpm_basketball_reference
Malaki Branham,2024-25,-3.2,-1.2,-1.9,427,47,21,bpm_basketball_reference
Malcolm Brogdon,2024-25,-1.5,-0.1,-1.5,564,24,32,bpm_basketball_reference
Malevy Leons,2024-25,-12.4,-10.4,-1.9,21,6,25,bpm_basketball_reference
Malik Beasley,2024-25,0.8,2,-1.2,2283,82,28,bpm_basketball_reference
Malik Monk,2024-25,-0.8,0.3,-1.1,2054,65,26,bpm_basketball_reference
MarJon Beauchamp,2024-25,-4.3,-2.7,-1.6,156,35,24,bpm_basketball_reference
Marcus Bagley,2024-25,-4.3,-3.4,-0.9,253,10,23,bpm_basketball_reference
Marcus Garrett,2024-25,-7.6,-5.4,-2.2,79,4,26,bpm_basketball_reference
Marcus Sasser,2024-25,-0.6,-0.4,-0.2,811,57,24,bpm_basketball_reference
Marcus Smart,2024-25,-1.5,-1.6,0.1,680,34,30,bpm_basketball_reference
Mark Williams,2024-25,3.5,2.5,0.9,1171,44,23,bpm_basketball_reference
Markelle Fultz,2024-25,-4.7,-4.5,-0.2,184,21,26,bpm_basketball_reference
Markieff Morris,2024-25,-7.6,-5.2,-2.5,165,15,35,bpm_basketball_reference
Marvin Bagley III,2024-25,-1.2,0.4,-1.6,265,31,25,bpm_basketball_reference
Mason Jones,2024-25,2.9,3.5,-0.6,45,10,26,bpm_basketball_reference
Mason Plumlee,2024-25,-0.6,-1.5,1,1300,74,34,bpm_basketball_reference
Matas Buzelis,2024-25,-2.5,-2,-0.5,1511,80,20,bpm_basketball_reference
Matisse Thybulle,2024-25,5,0,5.1,312,15,27,bpm_basketball_reference
Matt Ryan,2024-25,-7.5,-5.1,-2.3,68,19,27,bpm_basketball_reference
Max Christie,2024-25,-2.5,-2.1,-0.5,2127,78,21,bpm_basketball_reference
Max Strus,2024-25,1.3,1.1,0.2,1273,50,28,bpm_basketball_reference
Maxi Kleber,2024-25,-3.8,-4.2,0.4,637,34,33,bpm_basketball_reference
Maxwell Lewis,2024-25,-4.4,-3.2,-1.1,327,28,22,bpm_basketball_reference
Micah Potter,2024-25,-3.5,-2.9,-0.6,705,38,26,bpm_basketball_reference
Michael Porter Jr.,2024-25,-0.1,1.6,-1.7,2593,77,26,bpm_basketball_reference
Mikal Bridges,2024-25,-0.5,0.4,-0.9,3036,82,28,bpm_basketball_reference
Mike Conley,2024-25,1.2,-0.1,1.3,1756,71,37,bpm_basketball_reference
Miles Bridges,2024-25,1.8,2.3,-0.5,2029,64,26,bpm_basketball_reference
Miles McBride,2024-25,0,-0.4,0.4,1593,64,24,bpm_basketball_reference
Miles Norris,2024-25,-1.9,-2.3,0.4,35,3,24,bpm_basketball_reference
Mitchell Robinson,2024-25,3.3,1.5,1.8,290,17,26,bpm_basketball_reference
Mo Bamba,2024-25,-0.9,-2.7,1.9,413,32,26,bpm_basketball_reference
Monte Morris,2024-25,-1.8,-1,-0.8,571,45,29,bpm_basketball_reference
Moritz Wagner,2024-25,4,2.6,1.4,564,30,27,bpm_basketball_reference
Moses Brown,2024-25,0.1,-0.3,0.5,119,13,25,bpm_basketball_reference
Moses Moody,2024-25,-0.9,-0.9,0,1649,74,22,bpm_basketball_reference
Mouhamed Gueye,2024-25,-0.6,-1.6,1,533,33,22,bpm_basketball_reference
Moussa Diabaté,2024-25,-1.9,-1.4,-0.4,1241,71,23,bpm_basketball_reference
Myles Turner,2024-25,0.4,0,0.4,2174,72,28,bpm_basketball_reference
N'Faly Dante,2024-25,2.4,0.7,1.7,51,4,23,bpm_basketball_reference
Nae'Qwan Tomlin,2024-25,-5.5,-3,-2.4,63,5,24,bpm_basketball_reference
Naji Marshall,2024-25,-0.8,-0.3,-0.5,1919,69,27,bpm_basketball_reference
Nate Williams,2024-25,-5.7,-5.5,-0.2,147,20,25,bpm_basketball_reference
Naz Reid,2024-25,1.6,0.8,0.8,2200,80,25,bpm_basketball_reference
Neemias Queta,2024-25,-0.7,-1.7,1,863,62,25,bpm_basketball_reference
Nic Claxton,2024-25,0.4,-1.1,1.5,1882,70,25,bpm_basketball_reference
Nick Richards,2024-25,-3.3,-2,-1.3,1256,57,27,bpm_basketball_reference
Nick Smith Jr.,2024-25,-5.7,-3.2,-2.6,1369,60,20,bpm_basketball_reference
Nickeil Alexander-Walker,2024-25,-0.4,-0.8,0.4,2073,82,26,bpm_basketball_reference
Nicolas Batum,2024-25,0.8,-1.2,2,1367,78,36,bpm_basketball_reference
Nikola Jokić,2024-25,13.3,9.9,3.3,2571,70,29,bpm_basketball_reference
Nikola Jović,2024-25,0.3,-0.3,0.6,1156,46,21,bpm_basketball_reference
Nikola Vučević,2024-25,2.6,2.5,0.1,2278,73,34,bpm_basketball_reference
Noah Clowney,2024-25,-4.1,-3.1,-1,1042,46,20,bpm_basketball_reference
Norman Powell,2024-25,1.5,1.7,-0.2,1958,60,31,bpm_basketball_reference
OG Anunoby,2024-25,0.7,0.7,0.1,2706,74,27,bpm_basketball_reference
Obi Toppin,2024-25,1.7,1.8,-0.1,1545,79,26,bpm_basketball_reference
Ochai Agbaji,2024-25,-0.7,-0.9,0.2,1739,64,24,bpm_basketball_reference
Olivier-Maxence Prosper,2024-25,-2.1,-1.6,-0.5,584,52,22,bpm_basketball_reference
Onyeka Okongwu,2024-25,1.3,1.2,0.2,2064,74,24,bpm_basketball_reference
Orlando Robinson,2024-25,-3.4,-3,-0.4,770,44,24,bpm_basketball_reference
Oscar Tshiebwe,2024-25,-1.4,0.6,-2,255,14,25,bpm_basketball_reference
Oshae Brissett,2024-25,-6.3,-3.7,-2.6,142,6,26,bpm_basketball_reference
Oso Ighodaro,2024-25,-2.6,-2.9,0.3,1045,61,22,bpm_basketball_reference
Ousmane Dieng,2024-25,-0.9,-2,1.1,405,37,21,bpm_basketball_reference
P.J. Tucker,2024-25,-7.2,-4.8,-2.4,58,3,39,bpm_basketball_reference
P.J. Washington,2024-25,-0.9,-1.1,0.2,1835,57,26,bpm_basketball_reference
PJ Dozier,2024-25,0.7,-2,2.7,35,9,28,bpm_basketball_reference
PJ Hall,2024-25,-1.3,-0.7,-0.6,66,19,22,bpm_basketball_reference
Pacôme Dadiet,2024-25,-6.5,-4.9,-1.5,111,18,19,bpm_basketball_reference
Paolo Banchero,2024-25,3.5,3.4,0.2,1582,46,22,bpm_basketball_reference
Pascal Siakam,2024-25,1.7,2.2,-0.5,2548,78,30,bpm_basketball_reference
Pat Connaughton,2024-25,-2.3,-1.4,-0.8,603,41,32,bpm_basketball_reference
Pat Spencer,2024-25,-1.6,-3,1.4,250,39,28,bpm_basketball_reference
Patrick Baldwin Jr.,2024-25,1.5,2.4,-0.9,107,24,22,bpm_basketball_reference
Patrick Williams,2024-25,-3.7,-3,-0.7,1576,63,23,bpm_basketball_reference
Patty Mills,2024-25,-3.2,-3.2,0,321,29,36,bpm_basketball_reference
Paul George,2024-25,-0.4,-0.5,0.1,1334,41,34,bpm_basketball_reference
Paul Reed,2024-25,2.9,-1.2,4,438,45,25,bpm_basketball_reference
Payton Pritchard,2024-25,3.5,3.4,0.2,2271,80,27,bpm_basketball_reference
Pelle Larsson,2024-25,-3.1,-3.8,0.7,782,55,23,bpm_basketball_reference
Pete Nance,2024-25,-4.9,-3.1,-1.7,138,13,24,bpm_basketball_reference
Peyton Watson,2024-25,-1.8,-2.1,0.3,1656,68,22,bpm_basketball_reference
Phillip Wheeler,2024-25,-18.2,-12,-6.2,44,5,22,bpm_basketball_reference
Precious Achiuwa,2024-25,-1.9,-2.1,0.2,1170,57,25,bpm_basketball_reference
Quentin Grimes,2024-25,0.4,1.3,-0.9,2013,75,24,bpm_basketball_reference
Quenton Jackson,2024-25,-0.3,-1.2,0.8,381,28,26,bpm_basketball_reference
Quincy Olivari,2024-25,-18.6,-10.1,-8.5,10,2,23,bpm_basketball_reference
Quinten Post,2024-25,0.1,0.1,0,686,42,24,bpm_basketball_reference
RJ Barrett,2024-25,0.6,1.2,-0.7,1869,58,24,bpm_basketball_reference
RayJ Dennis,2024-25,0.7,-2.2,3,70,11,23,bpm_basketball_reference
Rayan Rupert,2024-25,-4.7,-4.1,-0.6,460,52,20,bpm_basketball_reference
Reece Beekman,2024-25,-5.4,-6.7,1.3,469,36,23,bpm_basketball_reference
Reed Sheppard,2024-25,-1.7,-3,1.3,654,52,20,bpm_basketball_reference
Reggie Jackson,2024-25,-4,-3.2,-0.8,384,31,34,bpm_basketball_reference
Richaun Holmes,2024-25,1.1,1.2,0,534,31,31,bpm_basketball_reference
Ricky Council IV,2024-25,-4.3,-2,-2.3,1250,73,23,bpm_basketball_reference
Riley Minix,2024-25,-11.8,-8.5,-3.3,7,1,24,bpm_basketball_reference
Rob Dillingham,2024-25,-4.2,-3.3,-0.9,516,49,20,bpm_basketball_reference
Robert Williams,2024-25,3,-0.1,3.2,351,20,27,bpm_basketball_reference
Ron Harper Jr.,2024-25,-14.7,-5.5,-9.2,17,1,24,bpm_basketball_reference
Ron Holland,2024-25,-3,-3.3,0.3,1266,81,19,bpm_basketball_reference
Royce O'Neale,2024-25,0.1,0.2,-0.1,1837,75,31,bpm_basketball_reference
Rudy Gobert,2024-25,1.9,0.6,1.3,2389,72,32,bpm_basketball_reference
Rui Hachimura,2024-25,-0.7,-0.1,-0.6,1869,59,26,bpm_basketball_reference
Russell Westbrook,2024-25,-1.1,-0.9,-0.2,2092,75,36,bpm_basketball_reference
Ryan Dunn,2024-25,-4.1,-2.9,-1.2,1410,74,22,bpm_basketball_reference
Ryan Rollins,2024-25,-0.5,-1.4,0.9,820,56,22,bpm_basketball_reference
Sam Hauser,2024-25,0.8,0.9,-0.1,1541,71,27,bpm_basketball_reference
Sam Merrill,2024-25,0.3,-0.4,0.7,1401,71,28,bpm_basketball_reference
Sandro Mamukelashvili,2024-25,2.3,3.3,-1,681,61,25,bpm_basketball_reference
Santi Aldama,2024-25,3.2,2.5,0.7,1660,65,24,bpm_basketball_reference
Scoot Henderson,2024-25,-2.2,-1.4,-0.8,1759,66,20,bpm_basketball_reference
Scottie Barnes,2024-25,2.4,1.5,0.9,2134,65,23,bpm_basketball_reference
Scotty Pippen Jr.,2024-25,1.9,0,1.8,1683,79,24,bpm_basketball_reference
Seth Curry,2024-25,-1.7,-0.8,-0.9,1062,68,34,bpm_basketball_reference
Shaedon Sharpe,2024-25,-1.3,0,-1.3,2252,72,21,bpm_basketball_reference
Shai Gilgeous-Alexander,2024-25,11.5,8.9,2.6,2598,76,26,bpm_basketball_reference
Shake Milton,2024-25,-2.2,-1.7,-0.5,837,57,28,bpm_basketball_reference
Sidy Cissoko,2024-25,-5.1,-4.8,-0.3,114,22,20,bpm_basketball_reference
Simone Fontecchio,2024-25,-2.9,-2.2,-0.7,1237,75,29,bpm_basketball_reference
Skal Labissière,2024-25,2.1,3.3,-1.3,12,4,28,bpm_basketball_reference
Spencer Dinwiddie,2024-25,-1.6,-0.9,-0.7,2136,79,31,bpm_basketball_reference
Spencer Jones,2024-25,-8.5,-7.7,-0.8,125,20,23,bpm_basketball_reference
Stanley Umude,2024-25,-8.1,-7.5,-0.7,86,22,25,bpm_basketball_reference
Stephen Curry,2024-25,6.3,6.4,0,2252,70,36,bpm_basketball_reference
Stephon Castle,2024-25,-3.2,-1.5,-1.7,2162,81,20,bpm_basketball_reference
Steven Adams,2024-25,0.3,0,0.3,794,58,31,bpm_basketball_reference
Svi Mykhailiuk,2024-25,-3.5,-1.4,-2.1,760,38,27,bpm_basketball_reference
T.J. McConnell,2024-25,1.2,0.6,0.6,1415,79,32,bpm_basketball_reference
Taj Gibson,2024-25,-5.3,-5.2,-0.1,409,37,39,bpm_basketball_reference
Talen Horton-Tucker,2024-25,-2.4,-1.4,-1.1,724,58,24,bpm_basketball_reference
Tari Eason,2024-25,3.6,1,2.6,1420,57,23,bpm_basketball_reference
Taurean Prince,2024-25,-1.7,-2,0.3,2166,80,30,bpm_basketball_reference
Taylor Hendricks,2024-25,-3.5,-4.8,1.3,75,3,21,bpm_basketball_reference
Taze Moore,2024-25,-4.3,-3.9,-0.4,20,2,26,bpm_basketball_reference
Terance Mann,2024-25,-1.3,-1.4,0,1414,67,28,bpm_basketball_reference
Terence Davis,2024-25,-16.9,-12.8,-4.1,8,1,27,bpm_basketball_reference
Terrence Shannon Jr.,2024-25,-2.1,-2.1,0,339,32,24,bpm_basketball_reference
Terry Rozier,2024-25,-3.7,-2.6,-1,1658,64,30,bpm_basketball_reference
Terry Taylor,2024-25,3.3,3.2,0.1,6,3,25,bpm_basketball_reference
Thomas Bryant,2024-25,0.6,0.7,0,963,66,27,bpm_basketball_reference
Tidjane Salaün,2024-25,-5.2,-4.3,-0.8,1244,60,19,bpm_basketball_reference
Tim Hardaway Jr.,2024-25,-2.1,-1.1,-0.9,2153,77,32,bpm_basketball_reference
Tobias Harris,2024-25,0.1,-0.5,0.6,2306,73,32,bpm_basketball_reference
Tolu Smith,2024-25,-8.9,-2.4,-6.5,22,1,24,bpm_basketball_reference
Tony Bradley,2024-25,1.2,1.5,-0.3,113,14,27,bpm_basketball_reference
Torrey Craig,2024-25,-0.9,-1,0.1,314,26,34,bpm_basketball_reference
Tosan Evbuomwan,2024-25,-3.2,-3,-0.3,665,28,23,bpm_basketball_reference
Toumani Camara,2024-25,-0.1,-0.9,0.8,2548,78,24,bpm_basketball_reference
Trae Young,2024-25,0.5,3.3,-2.7,2739,76,26,bpm_basketball_reference
Trayce Jackson-Davis,2024-25,1.2,0.3,0.9,967,62,24,bpm_basketball_reference
Tre Jones,2024-25,1.5,0.5,1,905,46,25,bpm_basketball_reference
Tre Mann,2024-25,-2.4,-0.6,-1.9,319,13,23,bpm_basketball_reference
Trendon Watford,2024-25,-3.1,-2.3,-0.8,913,44,24,bpm_basketball_reference
Trentyn Flowers,2024-25,-8.3,-7.1,-1.3,27,6,19,bpm_basketball_reference
Trevelin Queen,2024-25,-0.3,-2.6,2.3,430,31,27,bpm_basketball_reference
Trey Alexander,2024-25,-9.7,-7.9,-1.8,117,24,21,bpm_basketball_reference
Trey Jemison,2024-25,-6.8,-6.3,-0.5,392,38,25,bpm_basketball_reference
Trey Lyles,2024-25,-0.7,-0.4,-0.3,1349,69,29,bpm_basketball_reference
Trey Murphy III,2024-25,0.8,2.1,-1.4,1854,53,24,bpm_basketball_reference
Tristan Da Silva,2024-25,-2.6,-2.3,-0.3,1629,74,23,bpm_basketball_reference
Tristan Thompson,2024-25,-4.6,-4.9,0.3,328,40,33,bpm_basketball_reference
Tristan Vukcevic,2024-25,-0.5,0.4,-0.9,513,35,21,bpm_basketball_reference
Tristen Newton,2024-25,-20.7,-16.7,-4,16,8,23,bpm_basketball_reference
Ty Jerome,2024-25,4.3,3.5,0.8,1393,70,27,bpm_basketball_reference
TyTy Washington Jr.,2024-25,-8,-5.6,-2.5,118,16,23,bpm_basketball_reference
Tyler Herro,2024-25,3.1,3.8,-0.7,2725,77,25,bpm_basketball_reference
Tyler Kolek,2024-25,-2.8,-2.6,-0.3,296,41,23,bpm_basketball_reference
Tyler Smith,2024-25,-0.9,0.4,-1.2,122,23,20,bpm_basketball_reference
Tyrese Haliburton,2024-25,5.8,5.7,0.2,2451,73,24,bpm_basketball_reference
Tyrese Martin,2024-25,-2.6,-1.4,-1.2,1315,60,25,bpm_basketball_reference
Tyrese Maxey,2024-25,2,3.2,-1.1,1960,52,24,bpm_basketball_reference
Tyson Etienne,2024-25,-8.8,-5.7,-3.1,151,7,25,bpm_basketball_reference
Tyus Jones,2024-25,0.1,1.4,-1.3,2174,81,28,bpm_basketball_reference
Ulrich Chomche,2024-25,-7.4,-6.1,-1.3,32,7,19,bpm_basketball_reference
Vasilije Micić,2024-25,-7,-4.6,-2.4,785,41,31,bpm_basketball_reference
Victor Wembanyama,2024-25,6.5,3.6,2.9,1527,46,21,bpm_basketball_reference
Vince Williams Jr.,2024-25,-2.8,-2.5,-0.3,499,27,24,bpm_basketball_reference
Vlatko Čančar,2024-25,-7.1,-6.5,-0.6,136,13,27,bpm_basketball_reference
Vít Krejčí,2024-25,0.7,0,0.7,1153,57,24,bpm_basketball_reference
Walker Kessler,2024-25,1.8,1.1,0.7,1740,58,23,bpm_basketball_reference
Wendell Carter Jr.,2024-25,-1.2,-2.2,0.9,1758,68,25,bpm_basketball_reference
Wendell Moore Jr.,2024-25,-2.7,-2.6,-0.1,499,36,23,bpm_basketball_reference
Xavier Tillman Sr.,2024-25,-8.1,-8.4,0.3,231,33,26,bpm_basketball_reference
Yuki Kawamura,2024-25,-2.8,-2.6,-0.2,93,22,23,bpm_basketball_reference
Yuri Collins,2024-25,0.3,-6.2,6.5,16,2,23,bpm_basketball_reference
Yves Missi,2024-25,-3,-1.6,-1.4,1956,73,20,bpm_basketball_reference
Zaccharie Risacher,2024-25,-3.5,-1.7,-1.8,1843,75,19,bpm_basketball_reference
Zach Collins,2024-25,0,-0.8,0.8,977,64,27,bpm_basketball_reference
Zach Edey,2024-25,-0.1,-0.2,0.1,1416,66,22,bpm_basketball_reference
Zach LaVine,2024-25,0.7,2.3,-1.6,2602,74,29,bpm_basketball_reference
Zeke Nnaji,2024-25,-1.3,-2.1,0.7,608,57,24,bpm_basketball_reference
Ziaire Williams,2024-25,-2.3,-2.2,-0.1,1541,63,23,bpm_basketball_reference
Zion Williamson,2024-25,7,5.9,1,857,30,24,bpm_basketball_reference
Zyon Pullin,2024-25,-22.7,-15,-7.7,3,3,23,bpm_basketball_reference
A.J. Green,2025-26,-3.3,-1.5,-1.8,2270,78,26,bpm_basketball_reference
A.J. Lawson,2025-26,-1,-1.3,0.4,226,24,25,bpm_basketball_reference
AJ Johnson,2025-26,-8.9,-6.4,-2.5,454,48,21,bpm_basketball_reference
Aaron Gordon,2025-26,1.7,2.9,-1.2,1005,36,30,bpm_basketball_reference
Aaron Holiday,2025-26,-2.4,-2.2,-0.2,781,57,29,bpm_basketball_reference
Aaron Nesmith,2025-26,-3.4,-1.7,-1.6,1335,45,26,bpm_basketball_reference
Aaron Wiggins,2025-26,-0.9,-1.7,0.7,1414,65,27,bpm_basketball_reference
Ace Bailey,2025-26,-4.4,-1.9,-2.5,1988,72,19,bpm_basketball_reference
Adama-Alpha Bal,2025-26,-5.4,-3.6,-1.8,241,8,22,bpm_basketball_reference
Adem Bona,2025-26,-2.9,-3.2,0.3,1234,71,22,bpm_basketball_reference
Adou Thiero,2025-26,-4.4,-4.2,-0.2,149,25,21,bpm_basketball_reference
Ajay Mitchell,2025-26,1.9,0.3,1.6,1473,57,23,bpm_basketball_reference
Al Horford,2025-26,1.6,0.3,1.3,969,45,39,bpm_basketball_reference
Alex Antetokounmpo,2025-26,5.4,7.3,-1.9,21,6,24,bpm_basketball_reference
Alex Caruso,2025-26,1.9,-1.4,3.3,1020,56,31,bpm_basketball_reference
Alex Morales,2025-26,-16,-12.2,-3.8,24,4,28,bpm_basketball_reference
Alex Sarr,2025-26,0.7,0.8,-0.1,1305,48,20,bpm_basketball_reference
Alijah Martin,2025-26,-4.3,-4.6,0.2,146,23,24,bpm_basketball_reference
Alondes Williams,2025-26,1.1,1.5,-0.5,101,4,26,bpm_basketball_reference
Alperen Şengün,2025-26,4.2,2.7,1.5,2398,72,23,bpm_basketball_reference
Amari Williams,2025-26,-2.1,-5,2.9,146,22,24,bpm_basketball_reference
Amen Thompson,2025-26,2.6,1.6,1,2953,79,23,bpm_basketball_reference
Amir Coffey,2025-26,-3.1,-2.2,-0.9,490,46,28,bpm_basketball_reference
Andersson Garcia,2025-26,-5.7,-5.2,-0.5,169,5,25,bpm_basketball_reference
Andre Drummond,2025-26,-0.6,-0.4,-0.2,1231,63,32,bpm_basketball_reference
Andre Jackson Jr.,2025-26,-7.1,-5.7,-1.4,408,48,24,bpm_basketball_reference
Andrew Nembhard,2025-26,-0.8,1.1,-1.9,1786,57,26,bpm_basketball_reference
Andrew Wiggins,2025-26,1.2,0.7,0.5,2063,68,30,bpm_basketball_reference
Anfernee Simons,2025-26,-0.1,1.2,-1.3,1372,55,26,bpm_basketball_reference
Anthony Black,2025-26,-0.6,-1.2,0.7,1910,64,22,bpm_basketball_reference
Anthony Davis,2025-26,2.4,1.5,0.9,626,20,32,bpm_basketball_reference
Anthony Edwards,2025-26,4.5,4.7,-0.1,2137,61,24,bpm_basketball_reference
Anthony Gill,2025-26,-2.6,-1.3,-1.3,951,55,33,bpm_basketball_reference
Antonio Reeves,2025-26,1.3,1.2,0.1,68,10,25,bpm_basketball_reference
Ariel Hukporti,2025-26,-2.3,-3.7,1.4,498,54,23,bpm_basketball_reference
Asa Newell,2025-26,-1.5,-1,-0.5,500,44,20,bpm_basketball_reference
Ausar Thompson,2025-26,3.1,-0.6,3.6,1896,73,23,bpm_basketball_reference
Austin Reaves,2025-26,2.8,3.4,-0.6,1762,51,27,bpm_basketball_reference
Ayo Dosunmu,2025-26,1,1.3,-0.3,1881,69,26,bpm_basketball_reference
Bam Adebayo,2025-26,2,1.5,0.4,2365,73,28,bpm_basketball_reference
Baylor Scheierman,2025-26,0.6,-0.7,1.3,1429,77,25,bpm_basketball_reference
Ben Saraf,2025-26,-7.3,-5.6,-1.7,916,44,19,bpm_basketball_reference
Ben Sheppard,2025-26,-3,-2.4,-0.6,1390,65,24,bpm_basketball_reference
Bennedict Mathurin,2025-26,-2.5,-1.1,-1.4,1620,54,23,bpm_basketball_reference
Bez Mbeng,2025-26,-4.9,-5,0.1,492,15,22,bpm_basketball_reference
Bilal Coulibaly,2025-26,-2.1,-1.7,-0.4,1468,56,21,bpm_basketball_reference
Bismack Biyombo,2025-26,-5.8,-7.2,1.4,141,25,33,bpm_basketball_reference
Blake Hinson,2025-26,-0.6,2.5,-3,285,14,26,bpm_basketball_reference
Blake Wesley,2025-26,-3.6,-3.7,0.1,361,31,22,bpm_basketball_reference
Bobby Portis,2025-26,0,1.5,-1.6,1619,67,30,bpm_basketball_reference
Bobi Klintman,2025-26,-8.7,-7.7,-1,71,12,22,bpm_basketball_reference
Bogdan Bogdanović,2025-26,-3.1,-2.3,-0.8,452,23,33,bpm_basketball_reference
Bones Hyland,2025-26,1.7,1.2,0.5,1177,71,25,bpm_basketball_reference
Bradley Beal,2025-26,-10.6,-6.7,-3.9,121,6,32,bpm_basketball_reference
Branden Carlson,2025-26,0.8,0.5,0.3,488,42,26,bpm_basketball_reference
Brandin Podziemski,2025-26,0.2,0.3,-0.1,2333,82,22,bpm_basketball_reference
Brandon Clarke,2025-26,-4.9,-4.7,-0.2,20,2,29,bpm_basketball_reference
Brandon Ingram,2025-26,0.5,1,-0.5,2604,77,28,bpm_basketball_reference
Brandon Miller,2025-26,1.6,1.7,-0.1,1968,65,23,bpm_basketball_reference
Brandon Williams,2025-26,0.4,0.1,0.3,1463,66,26,bpm_basketball_reference
Brice Sensabaugh,2025-26,-2.6,0.4,-3,1762,75,22,bpm_basketball_reference
Bronny James,2025-26,-4.3,-3.4,-0.9,375,42,21,bpm_basketball_reference
Brook Lopez,2025-26,-0.9,-1.3,0.4,1635,75,37,bpm_basketball_reference
Brooks Barnhizer,2025-26,-3.1,-4.1,1,348,40,23,bpm_basketball_reference
Bruce Brown,2025-26,-2.4,-2.5,0.1,1998,82,29,bpm_basketball_reference
Bryce McGowens,2025-26,-2.8,-2,-0.9,880,42,23,bpm_basketball_reference
Bub Carrington,2025-26,-4.7,-2.2,-2.5,2271,82,20,bpm_basketball_reference
Buddy Boeheim,2025-26,-8.4,-3.8,-4.5,15,4,26,bpm_basketball_reference
Buddy Hield,2025-26,-1,-0.9,-0.1,819,51,33,bpm_basketball_reference
CJ Huntley,2025-26,-4.4,-3.9,-0.5,40,4,24,bpm_basketball_reference
CJ McCollum,2025-26,-0.3,1.4,-1.7,2264,76,34,bpm_basketball_reference
Cade Cunningham,2025-26,6.3,4.8,1.5,2172,64,24,bpm_basketball_reference
Caleb Houstan,2025-26,0.3,1.6,-1.2,75,18,23,bpm_basketball_reference
Caleb Love,2025-26,-3.1,-1.5,-1.6,1013,49,24,bpm_basketball_reference
Caleb Martin,2025-26,-2.2,-4,1.7,856,58,30,bpm_basketball_reference
Cam Christie,2025-26,-4.6,-3.5,-1.1,480,55,20,bpm_basketball_reference
Cam Spencer,2025-26,2.2,3,-0.8,1714,72,25,bpm_basketball_reference
Cam Thomas,2025-26,-5.2,-1.2,-3.9,881,42,24,bpm_basketball_reference
Cam Whitmore,2025-26,-3.3,-1.1,-2.1,354,21,21,bpm_basketball_reference
Cameron Johnson,2025-26,-0.6,0.3,-0.9,1647,54,29,bpm_basketball_reference
Cameron Payne,2025-26,0.3,-0.7,1,374,22,31,bpm_basketball_reference
Caris LeVert,2025-26,-0.4,-1.8,1.5,1154,60,31,bpm_basketball_reference
Carter Bryant,2025-26,-3,-3.1,0.2,818,71,20,bpm_basketball_reference
Cason Wallace,2025-26,1.2,-2.1,3.3,2046,77,22,bpm_basketball_reference
Cedric Coward,2025-26,-0.2,0.4,-0.6,1598,62,22,bpm_basketball_reference
Chaney Johnson,2025-26,0.1,-0.3,0.4,348,17,23,bpm_basketball_reference
Charles Bassey,2025-26,1.9,1.4,0.5,153,13,25,bpm_basketball_reference
Chaz Lanier,2025-26,-5.1,-3.8,-1.3,262,34,24,bpm_basketball_reference
Chet Holmgren,2025-26,4.2,2.4,1.9,1997,69,23,bpm_basketball_reference
Chris Boucher,2025-26,-3.1,-5.9,2.7,94,9,33,bpm_basketball_reference
Chris Livingston,2025-26,-2.7,-4.7,2.1,17,3,22,bpm_basketball_reference
Chris Mañon,2025-26,0.1,-4.6,4.7,46,9,24,bpm_basketball_reference
Chris Paul,2025-26,-4.2,-4,-0.2,228,16,40,bpm_basketball_reference
Chris Youngblood,2025-26,-2.3,-2.2,-0.1,185,34,23,bpm_basketball_reference
Christian Braun,2025-26,-1.2,-0.4,-0.9,1399,44,24,bpm_basketball_reference
Christian Koloko,2025-26,-4.7,-5.9,1.2,357,27,25,bpm_basketball_reference
Chucky Hepburn,2025-26,-23.8,-20.7,-3.1,13,2,22,bpm_basketball_reference
Clint Capela,2025-26,0.4,-0.5,0.9,926,75,31,bpm_basketball_reference
Coby White,2025-26,-1.3,0.6,-1.9,1249,50,25,bpm_basketball_reference
Cody Martin,2025-26,-8,-10.1,2.1,55,4,30,bpm_basketball_reference
Cody Williams,2025-26,-5.5,-3.6,-1.9,1631,67,21,bpm_basketball_reference
Colby Jones,2025-26,2.4,-3.2,5.7,7,1,23,bpm_basketball_reference
Cole Anthony,2025-26,-4.7,-3.9,-0.9,527,35,25,bpm_basketball_reference
Colin Castleton,2025-26,-7.7,-6.1,-1.5,21,4,25,bpm_basketball_reference
Collin Gillespie,2025-26,2.5,1.9,0.6,2282,80,26,bpm_basketball_reference
Collin Murray-Boyles,2025-26,1,-0.5,1.5,1246,57,20,bpm_basketball_reference
Collin Sexton,2025-26,0.6,1.1,-0.5,1614,68,27,bpm_basketball_reference
Cooper Flagg,2025-26,1.4,1,0.4,2344,70,19,bpm_basketball_reference
Corey Kispert,2025-26,-1.9,0.1,-2,1080,58,26,bpm_basketball_reference
Cormac Ryan,2025-26,-0.8,1,-1.8,271,11,27,bpm_basketball_reference
Craig Porter Jr.,2025-26,2,0,1.9,1148,64,25,bpm_basketball_reference
Curtis Jones,2025-26,-3.5,-3,-0.5,88,10,24,bpm_basketball_reference
D'Angelo Russell,2025-26,-2.3,-0.7,-1.6,495,26,29,bpm_basketball_reference
DaQuan Jeffries,2025-26,-0.2,0.9,-1.1,60,3,28,bpm_basketball_reference
DaRon Holmes,2025-26,-0.5,0.7,-1.2,210,25,23,bpm_basketball_reference
Daeqwon Plowden,2025-26,-4.4,-2.1,-2.3,844,32,27,bpm_basketball_reference
Dalano Banton,2025-26,-4,-5.3,1.3,62,6,26,bpm_basketball_reference
Dalen Terry,2025-26,-1.7,-2.4,0.8,551,48,23,bpm_basketball_reference
Dalton Knecht,2025-26,-3.6,-2.1,-1.6,553,54,24,bpm_basketball_reference
Daniel Gafford,2025-26,0.7,-0.5,1.2,1195,55,27,bpm_basketball_reference
Daniss Jenkins,2025-26,-0.7,-0.8,0.1,1455,72,24,bpm_basketball_reference
Danny Wolf,2025-26,-2.5,-2.2,-0.3,1187,57,21,bpm_basketball_reference
Dario Šarić,2025-26,-9,-6.7,-2.3,41,5,31,bpm_basketball_reference
Dariq Whitehead,2025-26,-8,-3.6,-4.4,183,6,21,bpm_basketball_reference
Darius Brown II,2025-26,-18.7,-16.3,-2.4,3,1,26,bpm_basketball_reference
Darius Garland,2025-26,-0.2,2.2,-2.4,1344,45,26,bpm_basketball_reference
David Jones García,2025-26,6.4,2.6,3.8,68,11,24,bpm_basketball_reference
David Roddy,2025-26,0,0.7,-0.7,73,5,24,bpm_basketball_reference
Davion Mitchell,2025-26,-0.9,-1.3,0.4,2000,70,27,bpm_basketball_reference
Day'Ron Sharpe,2025-26,1.4,0.4,1,1160,62,24,bpm_basketball_reference
De'Aaron Fox,2025-26,2.2,1.5,0.6,2231,72,28,bpm_basketball_reference
De'Andre Hunter,2025-26,-3.9,-2.5,-1.5,1176,45,28,bpm_basketball_reference
De'Anthony Melton,2025-26,-2.5,-2.6,0.1,1125,49,27,bpm_basketball_reference
DeAndre Jordan,2025-26,-0.2,-0.4,0.2,199,12,37,bpm_basketball_reference
DeJon Jarreau,2025-26,-5.2,-4.9,-0.3,231,11,28,bpm_basketball_reference
DeMar DeRozan,2025-26,-0.1,0.9,-1,2406,77,36,bpm_basketball_reference
Dean Wade,2025-26,0.2,-0.8,1,1318,59,29,bpm_basketball_reference
Deandre Ayton,2025-26,-0.9,0,-0.9,1958,72,27,bpm_basketball_reference
Dejounte Murray,2025-26,1.4,0.8,0.5,389,14,29,bpm_basketball_reference
Deni Avdija,2025-26,4.3,3.7,0.6,2199,66,25,bpm_basketball_reference
Dennis Schröder,2025-26,-2.2,-0.9,-1.3,1697,70,32,bpm_basketball_reference
Dereck Lively II,2025-26,0.6,-3,3.6,115,7,21,bpm_basketball_reference
Derik Queen,2025-26,-0.8,-1.5,0.7,2023,81,21,bpm_basketball_reference
Derrick Jones Jr.,2025-26,-0.7,-0.6,-0.1,1350,50,28,bpm_basketball_reference
Derrick White,2025-26,3.2,2.2,1,2625,77,31,bpm_basketball_reference
Desmond Bane,2025-26,1.4,1.6,-0.2,2756,82,27,bpm_basketball_reference
Devin Booker,2025-26,2.2,3.2,-1,2146,64,29,bpm_basketball_reference
Devin Carter,2025-26,-2.6,-1.5,-1.2,700,38,23,bpm_basketball_reference
Devin Vassell,2025-26,0.5,0.1,0.3,2044,67,25,bpm_basketball_reference
Dillon Brooks,2025-26,-2.3,-1,-1.3,1702,56,30,bpm_basketball_reference
Dillon Jones,2025-26,-2.6,-5.4,2.8,39,7,24,bpm_basketball_reference
Domantas Sabonis,2025-26,0.6,0.7,-0.2,564,19,29,bpm_basketball_reference
Dominick Barlow,2025-26,-1.1,-1.5,0.4,1689,71,22,bpm_basketball_reference
Donovan Clingan,2025-26,3,2.4,0.6,2094,77,21,bpm_basketball_reference
Donovan Mitchell,2025-26,5.1,5.2,-0.2,2342,70,29,bpm_basketball_reference
Donte DiVincenzo,2025-26,0.8,0,0.7,2494,82,29,bpm_basketball_reference
Dorian Finney-Smith,2025-26,-4.3,-4.3,-0.1,620,37,32,bpm_basketball_reference
Doug McDermott,2025-26,-4.4,-1.4,-3,439,29,34,bpm_basketball_reference
Drake Powell,2025-26,-6,-4.6,-1.3,1320,63,20,bpm_basketball_reference
Draymond Green,2025-26,-1.4,-2.4,1,1869,68,35,bpm_basketball_reference
Drew Eubanks,2025-26,-3.7,-3,-0.7,552,42,28,bpm_basketball_reference
Drew Peterson,2025-26,-9.8,-8.3,-1.5,64,6,26,bpm_basketball_reference
Drew Timme,2025-26,-2.2,-0.8,-1.4,235,27,25,bpm_basketball_reference
Dru Smith,2025-26,2.2,-1.5,3.6,1141,70,28,bpm_basketball_reference
Duncan Robinson,2025-26,0.8,0.8,-0.1,2113,77,31,bpm_basketball_reference
Duop Reath,2025-26,-0.9,-0.9,0,258,32,29,bpm_basketball_reference
Dwight Powell,2025-26,-1.4,-2.9,1.5,904,63,34,bpm_basketball_reference
Dylan Cardwell,2025-26,-1.9,-2.5,0.6,907,44,24,bpm_basketball_reference
Dylan Harper,2025-26,1.4,0.3,1.1,1558,69,19,bpm_basketball_reference
Dyson Daniels,2025-26,1.3,-0.6,1.8,2520,76,22,bpm_basketball_reference
E.J. Liddell,2025-26,-3.3,-2.2,-1.2,349,26,25,bpm_basketball_reference
Egor Dёmin,2025-26,-1.6,-0.9,-0.7,1308,52,19,bpm_basketball_reference
Elijah Harkless,2025-26,-5.6,-4.9,-0.7,545,26,25,bpm_basketball_reference
Emanuel Miller,2025-26,2.5,1.6,0.9,33,5,25,bpm_basketball_reference
Enrique Freeman,2025-26,0,-1.5,1.5,37,4,25,bpm_basketball_reference
Eric Gordon,2025-26,2.4,2.1,0.3,74,6,37,bpm_basketball_reference
Ethan Thompson,2025-26,-4.9,-4.1,-0.8,653,32,26,bpm_basketball_reference
Evan Mobley,2025-26,3,1.8,1.2,2074,65,24,bpm_basketball_reference
Franz Wagner,2025-26,2.5,2.6,-0.2,1019,34,24,bpm_basketball_reference
GG Jackson II,2025-26,-1.2,0,-1.2,1178,55,21,bpm_basketball_reference
Gabe Vincent,2025-26,-4.3,-3.8,-0.5,879,53,29,bpm_basketball_reference
Garrett Temple,2025-26,-4.9,-5.9,1,73,22,39,bpm_basketball_reference
Garrison Mathews,2025-26,-1.3,-1.3,0,196,15,29,bpm_basketball_reference
Gary Harris,2025-26,-2.5,-3.2,0.7,661,48,31,bpm_basketball_reference
Gary Payton II,2025-26,1.9,0.7,1.3,1142,73,33,bpm_basketball_reference
Gary Trent Jr.,2025-26,-5.4,-3.2,-2.2,1377,65,27,bpm_basketball_reference
Giannis Antetokounmpo,2025-26,9.5,7.7,1.8,1039,36,31,bpm_basketball_reference
Goga Bitadze,2025-26,2.8,0.8,2,972,64,26,bpm_basketball_reference
Gradey Dick,2025-26,-3.6,-3.2,-0.4,1067,76,22,bpm_basketball_reference
Grant Nelson,2025-26,2.2,-2.6,4.8,35,4,23,bpm_basketball_reference
Grant Williams,2025-26,1.6,0.6,1,711,36,27,bpm_basketball_reference
Grayson Allen,2025-26,2.1,1.9,0.2,1467,51,30,bpm_basketball_reference
Guerschon Yabusele,2025-26,-2.2,-1.7,-0.5,1007,67,30,bpm_basketball_reference
Gui Santos,2025-26,-0.6,-0.9,0.3,1395,68,23,bpm_basketball_reference
Harrison Barnes,2025-26,-0.1,-0.2,0.1,1986,77,33,bpm_basketball_reference
Harrison Ingram,2025-26,2.3,3.6,-1.4,26,7,23,bpm_basketball_reference
Hayden Gray,2025-26,-5.3,-3.7,-1.6,25,1,22,bpm_basketball_reference
Haywood Highsmith,2025-26,3.8,2.7,1.2,91,7,29,bpm_basketball_reference
Herbert Jones,2025-26,-3.1,-3.7,0.6,1588,56,27,bpm_basketball_reference
Hugo González,2025-26,-1.5,-3.1,1.6,1084,74,19,bpm_basketball_reference
Hunter Dickinson,2025-26,-11.4,-8.4,-2.9,42,5,25,bpm_basketball_reference
Hunter Sallis,2025-26,-10.6,-7.7,-2.9,26,7,22,bpm_basketball_reference
Hunter Tyson,2025-26,-6.8,-5.2,-1.6,162,21,25,bpm_basketball_reference
Immanuel Quickley,2025-26,2.4,1.9,0.6,2231,70,26,bpm_basketball_reference
Isaac Jones,2025-26,-8.1,-5.9,-2.2,36,7,25,bpm_basketball_reference
Isaac Okoro,2025-26,-3.8,-3,-0.8,1695,63,25,bpm_basketball_reference
Isaiah Collier,2025-26,-2.4,-0.7,-1.8,1517,59,21,bpm_basketball_reference
Isaiah Crawford,2025-26,-3,-3,0.1,92,14,24,bpm_basketball_reference
Isaiah Hartenstein,2025-26,4.2,1,3.2,1137,47,27,bpm_basketball_reference
Isaiah Jackson,2025-26,-1.2,-1.9,0.8,908,55,24,bpm_basketball_reference
Isaiah Joe,2025-26,2.5,2,0.5,1507,71,26,bpm_basketball_reference
Isaiah Livers,2025-26,-2.5,-3.7,1.2,347,36,27,bpm_basketball_reference
Isaiah Stevens,2025-26,2.2,-1.2,3.4,43,3,25,bpm_basketball_reference
Isaiah Stewart,2025-26,0,-1.1,1.1,1317,58,24,bpm_basketball_reference
Ivica Zubac,2025-26,-0.3,0.7,-0.9,1446,48,28,bpm_basketball_reference
JD Davison,2025-26,-1.1,-2.4,1.3,218,28,23,bpm_basketball_reference
Ja Morant,2025-26,-1.5,0.5,-2,569,20,26,bpm_basketball_reference
Ja'Kobe Walter,2025-26,-0.3,-1.3,1,1474,72,21,bpm_basketball_reference
Jabari Smith Jr.,2025-26,-0.7,-0.5,-0.2,2705,77,22,bpm_basketball_reference
Jabari Walker,2025-26,-2.7,-2.1,-0.6,762,64,23,bpm_basketball_reference
Jacob Toppin,2025-26,0.5,-0.1,0.6,17,5,25,bpm_basketball_reference
Jaden Hardy,2025-26,-4.8,-1.5,-3.3,898,57,23,bpm_basketball_reference
Jaden Ivey,2025-26,0,-0.2,0.2,670,37,23,bpm_basketball_reference
Jaden McDaniels,2025-26,-0.3,-0.9,0.6,2316,73,25,bpm_basketball_reference
Jae'Sean Tate,2025-26,-3.9,-3.2,-0.7,405,46,30,bpm_basketball_reference
Jahmai Mashack,2025-26,-7,-6.1,-0.9,673,31,23,bpm_basketball_reference
Jahmir Young,2025-26,-6.7,-4.8,-1.9,58,14,25,bpm_basketball_reference
Jahmyl Telfort,2025-26,-13.8,-12.1,-1.7,32,8,24,bpm_basketball_reference
Jaime Jaquez Jr.,2025-26,0.1,0.3,-0.1,2121,75,24,bpm_basketball_reference
Jake LaRavia,2025-26,-1.2,-1.6,0.5,2061,82,24,bpm_basketball_reference
Jakob Poeltl,2025-26,1.6,0.2,1.4,1149,46,30,bpm_basketball_reference
Jalen Brunson,2025-26,3.1,4,-0.9,2590,74,29,bpm_basketball_reference
Jalen Duren,2025-26,5,4.4,0.5,1976,70,22,bpm_basketball_reference
Jalen Green,2025-26,-1.1,-0.2,-0.9,828,32,23,bpm_basketball_reference
Jalen Johnson,2025-26,4.2,2.8,1.4,2532,72,24,bpm_basketball_reference
Jalen Pickett,2025-26,-2.3,-1.1,-1.1,807,50,26,bpm_basketball_reference
Jalen Slawson,2025-26,-0.4,-2.2,1.8,311,13,26,bpm_basketball_reference
Jalen Smith,2025-26,-0.7,0.2,-0.9,1095,53,25,bpm_basketball_reference
Jalen Suggs,2025-26,2.5,0.7,1.8,1574,57,24,bpm_basketball_reference
Jalen Williams,2025-26,2.1,1.1,1,936,33,24,bpm_basketball_reference
Jalen Wilson,2025-26,-5.6,-3.6,-2.1,859,54,25,bpm_basketball_reference
Jamal Cain,2025-26,-1.4,-0.4,-1,486,40,26,bpm_basketball_reference
Jamal Murray,2025-26,4.1,5.5,-1.4,2652,75,28,bpm_basketball_reference
Jamal Shead,2025-26,-2.3,-2.3,0,1852,82,23,bpm_basketball_reference
Jamaree Bouyea,2025-26,-0.4,-1.4,1.1,644,46,26,bpm_basketball_reference
James Harden,2025-26,3.9,4.6,-0.8,2438,70,36,bpm_basketball_reference
James Wiseman,2025-26,-9,-8,-1,58,4,24,bpm_basketball_reference
Jamir Watkins,2025-26,-3.3,-2.9,-0.5,1032,50,24,bpm_basketball_reference
Jamison Battle,2025-26,-2.6,-1.6,-1,517,61,24,bpm_basketball_reference
Jarace Walker,2025-26,-2.4,-1.8,-0.7,1953,76,22,bpm_basketball_reference
Jared McCain,2025-26,-2.4,-1.6,-0.8,1160,67,21,bpm_basketball_reference
Jaren Jackson Jr.,2025-26,-0.6,-1.1,0.5,1454,48,26,bpm_basketball_reference
Jarred Vanderbilt,2025-26,-1.5,-2.4,0.9,1128,65,26,bpm_basketball_reference
Jarrett Allen,2025-26,2.6,2.2,0.4,1519,56,27,bpm_basketball_reference
Jase Richardson,2025-26,-2.5,-1.9,-0.7,587,54,20,bpm_basketball_reference
Javon Small,2025-26,1,1.7,-0.6,830,41,23,bpm_basketball_reference
Javonte Cooke,2025-26,-11.7,-10.5,-1.1,94,19,26,bpm_basketball_reference
Javonte Green,2025-26,2.1,-0.3,2.4,1446,82,32,bpm_basketball_reference
Jaxson Hayes,2025-26,1.2,0.8,0.4,1207,66,25,bpm_basketball_reference
Jay Huff,2025-26,0.4,-0.9,1.3,1719,82,27,bpm_basketball_reference
Jaylen Brown,2025-26,3.3,3.5,-0.1,2443,71,29,bpm_basketball_reference
Jaylen Clark,2025-26,-2.4,-3.2,0.7,888,68,24,bpm_basketball_reference
Jaylen Wells,2025-26,-3.1,-1.8,-1.4,1821,69,22,bpm_basketball_reference
Jaylin Williams,2025-26,2.7,0,2.8,1277,65,23,bpm_basketball_reference
Jaylon Tyson,2025-26,0.1,0.6,-0.5,1777,66,23,bpm_basketball_reference
Jayson Kent,2025-26,4.2,0.6,3.6,22,5,23,bpm_basketball_reference
Jayson Tatum,2025-26,4.8,2.9,1.8,522,16,27,bpm_basketball_reference
Jeff Green,2025-26,-5.6,-3.4,-2.2,175,30,39,bpm_basketball_reference
Jerami Grant,2025-26,0,0.9,-0.9,1695,57,31,bpm_basketball_reference
Jeremiah Fears,2025-26,-2.7,-1.4,-1.3,2112,82,19,bpm_basketball_reference
Jeremiah Robinson-Earl,2025-26,-5.2,-3.5,-1.7,361,22,25,bpm_basketball_reference
Jeremy Sochan,2025-26,-1.2,-2.3,1.1,469,44,22,bpm_basketball_reference
Jericho Sims,2025-26,-3.1,-2.1,-0.9,1318,67,27,bpm_basketball_reference
Jett Howard,2025-26,-1.8,-0.8,-1.1,695,55,22,bpm_basketball_reference
Jevon Carter,2025-26,-1.1,-1.4,0.4,867,53,30,bpm_basketball_reference
Jimmy Butler,2025-26,5.5,5,0.5,1182,38,36,bpm_basketball_reference
Joan Beringer,2025-26,0.4,0.2,0.2,314,40,19,bpm_basketball_reference
Jock Landale,2025-26,-0.1,0.9,-1,1506,68,30,bpm_basketball_reference
Joe Ingles,2025-26,0.2,-1.2,1.4,153,27,38,bpm_basketball_reference
Joel Embiid,2025-26,4.9,5.1,-0.2,1201,38,31,bpm_basketball_reference
John Collins,2025-26,-0.5,0,-0.5,1872,69,28,bpm_basketball_reference
John Konchar,2025-26,0.9,-1.3,2.2,1115,56,29,bpm_basketball_reference
John Poulakidas,2025-26,-2.2,-1,-1.2,253,13,22,bpm_basketball_reference
John Tonje,2025-26,-5.1,-6.3,1.2,42,6,24,bpm_basketball_reference
Johni Broome,2025-26,-16.2,-11.9,-4.4,55,11,23,bpm_basketball_reference
Johnny Furphy,2025-26,-3.7,-3.9,0.2,643,35,21,bpm_basketball_reference
Johnny Juzang,2025-26,-3.3,-1.6,-1.7,88,21,24,bpm_basketball_reference
Jonas Valančiūnas,2025-26,0,0.5,-0.5,871,65,33,bpm_basketball_reference
Jonathan Isaac,2025-26,-1.6,-2.9,1.3,521,52,28,bpm_basketball_reference
Jonathan Kuminga,2025-26,-2,-1.5,-0.5,830,36,23,bpm_basketball_reference
Jonathan Mogbo,2025-26,-0.7,-2.6,1.9,249,40,24,bpm_basketball_reference
Jordan Clarkson,2025-26,-3.3,-1.9,-1.4,1279,72,33,bpm_basketball_reference
Jordan Goodwin,2025-26,1.8,0.3,1.5,1572,70,27,bpm_basketball_reference
Jordan Hawkins,2025-26,-6.2,-3.2,-3,692,51,23,bpm_basketball_reference
Jordan McLaughlin,2025-26,0.6,-1.9,2.5,282,44,29,bpm_basketball_reference
Jordan Miller,2025-26,0.2,0.6,-0.4,1325,60,26,bpm_basketball_reference
Jordan Poole,2025-26,-3.5,-1,-2.6,933,39,26,bpm_basketball_reference
Jordan Walsh,2025-26,0.2,-1.4,1.6,1212,68,21,bpm_basketball_reference
Jose Alvarado,2025-26,-1,-1.3,0.3,1370,69,27,bpm_basketball_reference
Josh Giddey,2025-26,2.7,2.3,0.4,1731,54,23,bpm_basketball_reference
Josh Green,2025-26,-0.7,-1.7,1,908,58,25,bpm_basketball_reference
Josh Hart,2025-26,3,1,2,1994,66,30,bpm_basketball_reference
Josh Minott,2025-26,2.5,1.4,1.1,834,49,23,bpm_basketball_reference
Josh Oduro,2025-26,-7.7,-3.5,-4.3,82,3,25,bpm_basketball_reference
Josh Okogie,2025-26,-1.2,-2.3,1.1,1354,78,27,bpm_basketball_reference
Jrue Holiday,2025-26,1.9,2.4,-0.5,1560,53,35,bpm_basketball_reference
Julian Champagnie,2025-26,1.4,0.5,0.8,2266,82,24,bpm_basketball_reference
Julian Phillips,2025-26,-3.6,-3.3,-0.3,428,48,22,bpm_basketball_reference
Julian Reese,2025-26,-5.1,-2.9,-2.2,402,13,22,bpm_basketball_reference
Julian Strawther,2025-26,-2.3,-1.2,-1.1,861,57,23,bpm_basketball_reference
Julius Randle,2025-26,1.5,1.5,0,2610,79,31,bpm_basketball_reference
Justin Champagnie,2025-26,-0.4,0.6,-1,1377,69,24,bpm_basketball_reference
Justin Edwards,2025-26,-1.3,-1.8,0.6,977,64,22,bpm_basketball_reference
Jusuf Nurkić,2025-26,1.1,-0.5,1.6,1083,41,31,bpm_basketball_reference
KJ Simpson,2025-26,-5.1,-5.4,0.4,257,20,23,bpm_basketball_reference
Kadary Richmond,2025-26,3.6,-0.8,4.4,67,3,24,bpm_basketball_reference
Kam Jones,2025-26,-6.2,-4.2,-1.9,616,37,23,bpm_basketball_reference
Karl-Anthony Towns,2025-26,3.3,2.7,0.6,2322,75,30,bpm_basketball_reference
Karlo Matković,2025-26,0.7,0.2,0.4,912,62,24,bpm_basketball_reference
Kasparas Jakučionis,2025-26,-0.4,-1,0.6,945,53,19,bpm_basketball_reference
Kawhi Leonard,2025-26,8,7.4,0.6,2085,65,34,bpm_basketball_reference
Keaton Wallace,2025-26,-2.7,-3,0.3,536,53,26,bpm_basketball_reference
Keegan Murray,2025-26,-3.1,-2,-1,793,23,25,bpm_basketball_reference
Kel'el Ware,2025-26,2.1,2.1,0.1,1704,77,21,bpm_basketball_reference
Keldon Johnson,2025-26,0.9,1.2,-0.3,1911,82,26,bpm_basketball_reference
Kelly Olynyk,2025-26,-0.1,-1.3,1.3,360,42,34,bpm_basketball_reference
Kelly Oubre Jr.,2025-26,-1.4,-1.3,-0.1,1574,50,30,bpm_basketball_reference
Kennedy Chandler,2025-26,-5.7,-2.5,-3.1,355,11,23,bpm_basketball_reference
Kenrich Williams,2025-26,0.2,-0.1,0.3,855,56,31,bpm_basketball_reference
Kentavious Caldwell-Pope,2025-26,-2.5,-2.3,-0.2,1088,51,32,bpm_basketball_reference
Keon Ellis,2025-26,-0.5,-1.8,1.3,1478,72,26,bpm_basketball_reference
Keshad Johnson,2025-26,-1.3,-1.3,0,280,32,24,bpm_basketball_reference
Keshon Gilbert,2025-26,-4.6,-4.1,-0.4,74,4,22,bpm_basketball_reference
Kevin Durant,2025-26,4.5,4.4,0.1,2840,78,37,bpm_basketball_reference
Kevin Huerter,2025-26,-0.6,-1.1,0.5,1549,69,27,bpm_basketball_reference
Kevin Love,2025-26,0.2,1.1,-0.9,613,37,37,bpm_basketball_reference
Kevin McCullar Jr.,2025-26,-2.8,-3.7,1,155,21,24,bpm_basketball_reference
Kevin Porter Jr.,2025-26,2.1,0.8,1.2,1261,38,25,bpm_basketball_reference
Kevon Looney,2025-26,-1.8,-1.2,-0.6,308,21,29,bpm_basketball_reference
Keyonte George,2025-26,0.9,3,-2.1,1786,54,22,bpm_basketball_reference
Khaman Maluach,2025-26,-3.7,-3.7,0,411,46,19,bpm_basketball_reference
Khris Middleton,2025-26,-4.4,-2.8,-1.5,1439,63,34,bpm_basketball_reference
Killian Hayes,2025-26,-6,-5.1,-0.9,406,23,24,bpm_basketball_reference
Klay Thompson,2025-26,-1.4,0.2,-1.5,1497,69,35,bpm_basketball_reference
Kobe Brown,2025-26,-2.7,-1.2,-1.4,963,61,26,bpm_basketball_reference
Kobe Bufkin,2025-26,-9.4,-6.2,-3.2,119,16,22,bpm_basketball_reference
Kobe Sanders,2025-26,-2.9,-2.7,-0.2,1351,68,23,bpm_basketball_reference
Koby Brea,2025-26,0.2,1.7,-1.4,84,12,23,bpm_basketball_reference
Kon Knueppel,2025-26,2.8,3.1,-0.4,2551,81,20,bpm_basketball_reference
Kris Dunn,2025-26,-0.8,-2.3,1.5,2230,82,31,bpm_basketball_reference
Kris Murray,2025-26,-1.5,-2.3,0.8,1333,57,25,bpm_basketball_reference
Kristaps Porziņģis,2025-26,1.9,1.6,0.3,769,32,30,bpm_basketball_reference
Kyle Anderson,2025-26,0.4,-1.3,1.7,853,43,32,bpm_basketball_reference
Kyle Filipowski,2025-26,-1.1,-0.6,-0.5,1801,77,22,bpm_basketball_reference
Kyle Kuzma,2025-26,-2.3,-1,-1.3,1806,69,30,bpm_basketball_reference
Kyle Lowry,2025-26,-10.4,-8.2,-2.2,118,14,39,bpm_basketball_reference
Kyshawn George,2025-26,-1.2,-0.5,-0.6,1391,48,22,bpm_basketball_reference
LJ Cryer,2025-26,-4.7,-1.8,-2.9,292,18,24,bpm_basketball_reference
LaMelo Ball,2025-26,4.7,4.8,-0.1,2017,72,24,bpm_basketball_reference
Lachlan Olbrich,2025-26,-3.4,-3.3,-0.2,344,37,22,bpm_basketball_reference
Landry Shamet,2025-26,-0.3,-0.4,0.1,1171,51,28,bpm_basketball_reference
Larry Nance Jr.,2025-26,-3.4,-3.9,0.5,449,35,33,bpm_basketball_reference
Lauri Markkanen,2025-26,2.6,4.6,-2,1443,42,28,bpm_basketball_reference
Lawson Lovering,2025-26,-3.6,-3.7,0.1,49,2,22,bpm_basketball_reference
LeBron James,2025-26,3.5,3.3,0.2,1989,60,41,bpm_basketball_reference
Leaky Black,2025-26,-5.3,-4.2,-1.1,433,15,26,bpm_basketball_reference
Leonard Miller,2025-26,-1.3,-0.2,-1.1,719,46,22,bpm_basketball_reference
Liam McNeeley,2025-26,-1.3,-1.3,0,368,31,20,bpm_basketball_reference
Lindy Waters III,2025-26,-3.2,-2.9,-0.3,285,40,28,bpm_basketball_reference
Lonzo Ball,2025-26,-1.1,-2.9,1.8,728,35,28,bpm_basketball_reference
Lucas Williamson,2025-26,-7.6,-5.4,-2.1,224,7,27,bpm_basketball_reference
Luguentz Dort,2025-26,-2,-2.8,0.8,1849,69,26,bpm_basketball_reference
Luka Dončić,2025-26,9.3,8,1.3,2289,64,26,bpm_basketball_reference
Luka Garza,2025-26,2.4,2.2,0.2,1118,69,27,bpm_basketball_reference
Luke Kennard,2025-26,0.1,0.1,0.1,1681,78,29,bpm_basketball_reference
Luke Kornet,2025-26,3.6,1.6,2.1,1430,68,30,bpm_basketball_reference
Luke Travers,2025-26,-3.2,-4.2,1,103,12,24,bpm_basketball_reference
Mac McClung,2025-26,-5.1,-5.6,0.5,135,11,27,bpm_basketball_reference
Malachi Smith,2025-26,-0.8,-0.1,-0.8,359,15,26,bpm_basketball_reference
Malaki Branham,2025-26,-2.2,-0.8,-1.5,275,28,22,bpm_basketball_reference
Malevy Leons,2025-26,-2.8,-3,0.2,276,25,26,bpm_basketball_reference
Malik Monk,2025-26,-1.3,0.8,-2.1,1364,62,27,bpm_basketball_reference
MarJon Beauchamp,2025-26,-1.6,-0.6,-1,196,14,25,bpm_basketball_reference
Marcus Sasser,2025-26,-1.7,-1.6,-0.2,457,38,25,bpm_basketball_reference
Marcus Smart,2025-26,-2.2,-2.9,0.6,1769,62,31,bpm_basketball_reference
Mark Sears,2025-26,-2.2,2.4,-4.6,26,7,23,bpm_basketball_reference
Mark Williams,2025-26,2,1.5,0.5,1416,60,24,bpm_basketball_reference
Markelle Fultz,2025-26,-16.3,-12.3,-4,36,5,27,bpm_basketball_reference
Marvin Bagley III,2025-26,0.8,1.8,-1,1201,60,26,bpm_basketball_reference
Mason Plumlee,2025-26,0.5,-2,2.6,172,20,35,bpm_basketball_reference
Matas Buzelis,2025-26,-1,-0.6,-0.4,2248,77,21,bpm_basketball_reference
Matisse Thybulle,2025-26,4.4,-1.7,6.1,480,30,28,bpm_basketball_reference
Max Christie,2025-26,-1.5,-1,-0.6,2244,77,22,bpm_basketball_reference
Max Shulga,2025-26,-11.5,-10.9,-0.5,36,11,23,bpm_basketball_reference
Max Strus,2025-26,-1.2,0.1,-1.3,288,12,29,bpm_basketball_reference
Maxi Kleber,2025-26,-3.9,-4.2,0.3,461,43,34,bpm_basketball_reference
Maxime Raynaud,2025-26,-2.4,-0.9,-1.6,1964,74,22,bpm_basketball_reference
Micah Peavy,2025-26,-5.2,-4.4,-0.8,913,61,24,bpm_basketball_reference
Micah Potter,2025-26,0.7,1.5,-0.8,908,47,27,bpm_basketball_reference
Michael Porter Jr.,2025-26,3,4.2,-1.2,1689,52,27,bpm_basketball_reference
Mikal Bridges,2025-26,2.7,1.3,1.4,2692,82,29,bpm_basketball_reference
Mike Conley,2025-26,-1.3,-2.3,1,991,54,38,bpm_basketball_reference
Miles Bridges,2025-26,1.1,1.2,-0.1,2387,77,27,bpm_basketball_reference
Miles Kelly,2025-26,-5.1,-4.6,-0.5,134,14,23,bpm_basketball_reference
Miles McBride,2025-26,1.2,1,0.2,1080,41,25,bpm_basketball_reference
Mitchell Robinson,2025-26,3.5,1.9,1.5,1175,60,27,bpm_basketball_reference
Mo Bamba,2025-26,-8,-4.3,-3.6,44,4,27,bpm_basketball_reference
Mohamed Diawara,2025-26,-1.7,-1.8,0.1,634,69,20,bpm_basketball_reference
Monte Morris,2025-26,-5.9,-4.5,-1.4,65,6,30,bpm_basketball_reference
Moritz Wagner,2025-26,-2.2,-1.4,-0.8,427,36,28,bpm_basketball_reference
Moses Moody,2025-26,-0.1,0.2,-0.3,1540,60,23,bpm_basketball_reference
Mouhamadou Gueye,2025-26,-3.9,-2.2,-1.7,45,2,27,bpm_basketball_reference
Mouhamed Gueye,2025-26,-1.3,-2.6,1.3,1179,77,23,bpm_basketball_reference
Moussa Cisse,2025-26,-2.9,-3.6,0.7,530,38,23,bpm_basketball_reference
Moussa Diabaté,2025-26,1.7,0.4,1.2,1899,73,24,bpm_basketball_reference
Myles Turner,2025-26,-0.9,-0.9,0,1912,71,29,bpm_basketball_reference
Myron Gardner,2025-26,0.9,-1.1,1.9,411,45,24,bpm_basketball_reference
N'Faly Dante,2025-26,-4.5,-3.7,-0.8,15,4,24,bpm_basketball_reference
Nae'Qwan Tomlin,2025-26,-2.1,-2.2,0.1,1004,64,25,bpm_basketball_reference
Naji Marshall,2025-26,-0.6,-0.7,0.1,2184,74,28,bpm_basketball_reference
Nate Williams,2025-26,-5,-2.1,-2.9,239,14,26,bpm_basketball_reference
Naz Reid,2025-26,0.9,-0.1,1,2007,77,26,bpm_basketball_reference
Neemias Queta,2025-26,2.8,0.9,2,1926,76,26,bpm_basketball_reference
Nic Claxton,2025-26,0.9,0.3,0.6,1920,69,26,bpm_basketball_reference
Nick Richards,2025-26,-6.1,-4.9,-1.2,701,48,28,bpm_basketball_reference
Nick Smith Jr.,2025-26,-4.7,-2.1,-2.6,375,30,21,bpm_basketball_reference
Nickeil Alexander-Walker,2025-26,1.2,1.6,-0.4,2603,78,27,bpm_basketball_reference
Nicolas Batum,2025-26,-1,-1.7,0.7,1295,74,37,bpm_basketball_reference
Nigel Hayes-Davis,2025-26,-7.3,-6.4,-0.8,195,27,31,bpm_basketball_reference
Nikola Jokić,2025-26,14.2,10.1,4.1,2265,65,30,bpm_basketball_reference
Nikola Jović,2025-26,-3.5,-3.5,-0.1,808,47,22,bpm_basketball_reference
Nikola Topić,2025-26,-8.4,-5.3,-3.2,160,10,20,bpm_basketball_reference
Nikola Vučević,2025-26,1.5,1.4,0.1,1818,64,35,bpm_basketball_reference
Nique Clifford,2025-26,-4.9,-3.7,-1.2,1882,75,23,bpm_basketball_reference
Noa Essengue,2025-26,-23.7,-20.7,-3,6,2,19,bpm_basketball_reference
Noah Clowney,2025-26,-3.4,-2.3,-1.1,1780,66,21,bpm_basketball_reference
Noah Penda,2025-26,-1.5,-2,0.6,757,59,21,bpm_basketball_reference
Nolan Traoré,2025-26,-6.8,-4.8,-2,1243,56,19,bpm_basketball_reference
Norchad Omier,2025-26,6,6.2,-0.1,24,6,24,bpm_basketball_reference
Norman Powell,2025-26,1.6,1.8,-0.3,1717,58,32,bpm_basketball_reference
OG Anunoby,2025-26,2,0.9,1.1,2224,67,28,bpm_basketball_reference
Obi Toppin,2025-26,3,3.4,-0.4,424,24,27,bpm_basketball_reference
Ochai Agbaji,2025-26,-4,-3.5,-0.5,973,62,25,bpm_basketball_reference
Olivier Sarr,2025-26,2.6,-1.7,4.3,39,4,26,bpm_basketball_reference
Olivier-Maxence Prosper,2025-26,-0.1,1.1,-1.2,984,53,23,bpm_basketball_reference
Omer Yurtseven,2025-26,-7.6,-5.6,-2,104,9,27,bpm_basketball_reference
Onyeka Okongwu,2025-26,0.7,-0.1,0.8,2297,74,25,bpm_basketball_reference
Orlando Robinson,2025-26,1.4,0.8,0.6,25,4,25,bpm_basketball_reference
Oscar Tshiebwe,2025-26,-1.8,1,-2.8,448,27,26,bpm_basketball_reference
Oso Ighodaro,2025-26,0.1,-2.2,2.3,1808,82,23,bpm_basketball_reference
Ousmane Dieng,2025-26,-3.8,-2.6,-1.2,1099,57,22,bpm_basketball_reference
P.J. Washington,2025-26,-1.6,-1.7,0.1,1736,56,27,bpm_basketball_reference
PJ Hall,2025-26,-2.3,-1.6,-0.7,214,19,23,bpm_basketball_reference
Pacôme Dadiet,2025-26,-3.3,-3,-0.2,136,29,20,bpm_basketball_reference
Paolo Banchero,2025-26,1.4,1.4,0,2502,72,23,bpm_basketball_reference
Pascal Siakam,2025-26,0.7,1.8,-1,2057,62,31,bpm_basketball_reference
Pat Connaughton,2025-26,0.1,-0.2,0.3,297,42,33,bpm_basketball_reference
Pat Spencer,2025-26,-2.3,-1.7,-0.6,1229,66,29,bpm_basketball_reference
Patrick Baldwin Jr.,2025-26,-4.4,-2.9,-1.5,102,9,23,bpm_basketball_reference
Patrick Williams,2025-26,-4.5,-3.4,-1.1,1474,72,24,bpm_basketball_reference
Paul George,2025-26,1.7,1,0.7,1135,37,35,bpm_basketball_reference
Paul Reed,2025-26,5.3,2.4,2.9,901,65,26,bpm_basketball_reference
Payton Pritchard,2025-26,2.3,2.6,-0.3,2556,79,28,bpm_basketball_reference
Payton Sandfort,2025-26,-5.8,-2.5,-3.3,63,4,23,bpm_basketball_reference
Pelle Larsson,2025-26,-1.2,-1.2,0,1849,70,24,bpm_basketball_reference
Pete Nance,2025-26,-2.3,-1,-1.2,737,47,25,bpm_basketball_reference
Peyton Watson,2025-26,-1.2,-0.8,-0.5,1598,54,23,bpm_basketball_reference
Precious Achiuwa,2025-26,-1.6,-0.5,-1.1,1745,73,26,bpm_basketball_reference
Quentin Grimes,2025-26,-1.6,-0.9,-0.6,2206,75,25,bpm_basketball_reference
Quenton Jackson,2025-26,-1.8,-1.1,-0.8,897,49,27,bpm_basketball_reference
Quinten Post,2025-26,-1.1,-1,-0.1,1159,67,25,bpm_basketball_reference
RJ Barrett,2025-26,0.2,1,-0.7,1726,57,25,bpm_basketball_reference
Rasheer Fleming,2025-26,-3.8,-3,-0.7,673,55,21,bpm_basketball_reference
RayJ Dennis,2025-26,-6,-4.7,-1.3,206,17,24,bpm_basketball_reference
Rayan Rupert,2025-26,-5.1,-5,-0.1,1072,64,21,bpm_basketball_reference
Reed Sheppard,2025-26,2.7,1.2,1.5,2147,82,21,bpm_basketball_reference
Riley Minix,2025-26,1.8,1.9,-0.1,58,9,25,bpm_basketball_reference
Rob Dillingham,2025-26,-7.3,-6.3,-0.9,970,65,21,bpm_basketball_reference
Robert Williams,2025-26,4.5,2,2.4,1008,59,28,bpm_basketball_reference
Rocco Zikarsky,2025-26,2.4,0.7,1.7,36,5,19,bpm_basketball_reference
Ron Harper Jr.,2025-26,1.1,0.2,0.9,318,29,25,bpm_basketball_reference
Ron Holland,2025-26,-2,-3.3,1.4,1551,78,20,bpm_basketball_reference
Royce O'Neale,2025-26,0.7,-0.3,1,2213,78,32,bpm_basketball_reference
Rudy Gobert,2025-26,1,0,0.9,2380,76,33,bpm_basketball_reference
Rui Hachimura,2025-26,-2.2,-0.8,-1.5,1927,68,27,bpm_basketball_reference
Russell Westbrook,2025-26,-0.4,0.6,-1,1853,64,37,bpm_basketball_reference
Ryan Dunn,2025-26,-0.9,-2.1,1.2,1355,70,23,bpm_basketball_reference
Ryan Kalkbrenner,2025-26,1.8,0.5,1.3,1479,69,24,bpm_basketball_reference
Ryan Nembhard,2025-26,-4.1,-2.4,-1.7,1171,60,22,bpm_basketball_reference
Ryan Rollins,2025-26,0.2,0.7,-0.5,2376,74,23,bpm_basketball_reference
Saddiq Bey,2025-26,0.5,2.3,-1.8,2246,72,26,bpm_basketball_reference
Sam Hauser,2025-26,0.6,0.6,0,1934,78,28,bpm_basketball_reference
Sam Merrill,2025-26,0.1,1,-1,1377,52,29,bpm_basketball_reference
Sandro Mamukelashvili,2025-26,2.8,2.1,0.7,1751,80,26,bpm_basketball_reference
Santi Aldama,2025-26,1.7,1.3,0.4,1198,43,25,bpm_basketball_reference
Scoot Henderson,2025-26,-2.2,-1.7,-0.5,748,30,21,bpm_basketball_reference
Scottie Barnes,2025-26,4.2,1.9,2.3,2681,80,24,bpm_basketball_reference
Scotty Pippen Jr.,2025-26,-2.8,-2.5,-0.3,212,10,25,bpm_basketball_reference
Sean Pedulla,2025-26,-11.8,-6.9,-4.9,31,7,23,bpm_basketball_reference
Seth Curry,2025-26,0.2,1.6,-1.3,133,10,35,bpm_basketball_reference
Shaedon Sharpe,2025-26,-1.4,-0.4,-0.9,1471,50,22,bpm_basketball_reference
Shai Gilgeous-Alexander,2025-26,11.7,8.7,3,2259,68,27,bpm_basketball_reference
Sharife Cooper,2025-26,-3.9,-1,-2.9,700,41,24,bpm_basketball_reference
Sidy Cissoko,2025-26,-4,-4.6,0.5,1435,75,21,bpm_basketball_reference
Simone Fontecchio,2025-26,0.5,0.7,-0.2,1173,70,30,bpm_basketball_reference
Sion James,2025-26,-2,-3,1.1,1843,82,23,bpm_basketball_reference
Skal Labissière,2025-26,0.3,-0.1,0.4,38,3,29,bpm_basketball_reference
Spencer Jones,2025-26,-2.4,-2.4,0,1417,64,24,bpm_basketball_reference
Stanley Umude,2025-26,0.4,-6.7,7.1,7,2,26,bpm_basketball_reference
Stephen Curry,2025-26,5.4,6.3,-1,1329,43,37,bpm_basketball_reference
Stephon Castle,2025-26,1.9,1,0.9,2038,68,21,bpm_basketball_reference
Steven Adams,2025-26,-0.5,-0.1,-0.3,730,32,32,bpm_basketball_reference
Svi Mykhailiuk,2025-26,-1.7,0.3,-2,1156,50,28,bpm_basketball_reference
T.J. McConnell,2025-26,2.5,2.1,0.4,963,56,33,bpm_basketball_reference
Taelon Peter,2025-26,-4.6,-4.1,-0.4,492,38,23,bpm_basketball_reference
Taj Gibson,2025-26,-3.5,-1.4,-2.1,97,10,40,bpm_basketball_reference
Tari Eason,2025-26,-1.6,-1.8,0.2,1549,60,24,bpm_basketball_reference
Taurean Prince,2025-26,-3.1,-1.3,-1.8,611,26,31,bpm_basketball_reference
Taylor Hendricks,2025-26,-2.4,-1.5,-0.9,1118,59,22,bpm_basketball_reference
Terance Mann,2025-26,-3.4,-2.7,-0.7,1529,63,29,bpm_basketball_reference
Terrence Shannon Jr.,2025-26,-3.6,-2.5,-1.1,538,43,25,bpm_basketball_reference
Thanasis Antetokounmpo,2025-26,-1.7,-3.5,1.8,148,34,33,bpm_basketball_reference
Thomas Bryant,2025-26,0.1,0.8,-0.7,732,60,28,bpm_basketball_reference
Tidjane Salaün,2025-26,-0.8,-1.2,0.4,575,37,20,bpm_basketball_reference
Tim Hardaway Jr.,2025-26,-0.7,1.3,-1.9,2127,80,33,bpm_basketball_reference
Tobias Harris,2025-26,1.4,0.6,0.8,1746,63,33,bpm_basketball_reference
Toby Okani,2025-26,-10.7,-6.8,-3.9,217,6,24,bpm_basketball_reference
Tolu Smith,2025-26,0,-0.9,0.9,137,15,25,bpm_basketball_reference
Tony Bradley,2025-26,-4.2,-2.5,-1.7,450,41,28,bpm_basketball_reference
Tosan Evbuomwan,2025-26,-11.5,-8.5,-3,8,5,24,bpm_basketball_reference
Toumani Camara,2025-26,-1,-1,0,2731,82,25,bpm_basketball_reference
Trae Young,2025-26,2.8,4.2,-1.4,384,15,27,bpm_basketball_reference
Trayce Jackson-Davis,2025-26,-0.4,-0.8,0.4,496,53,25,bpm_basketball_reference
Tre Johnson,2025-26,-5,-2.1,-2.9,1443,60,19,bpm_basketball_reference
Tre Jones,2025-26,1.3,1.2,0.1,1752,65,26,bpm_basketball_reference
Tre Mann,2025-26,-5.3,-4.5,-0.8,669,53,24,bpm_basketball_reference
Tre Scott,2025-26,-5.3,-4.2,-1.1,182,6,29,bpm_basketball_reference
Trendon Watford,2025-26,-1.9,-2.2,0.2,864,53,25,bpm_basketball_reference
Trentyn Flowers,2025-26,-1,1.7,-2.7,6,2,20,bpm_basketball_reference
Trevor Keels,2025-26,-14.5,-9.4,-5.2,15,8,22,bpm_basketball_reference
Trey Alexander,2025-26,-1.6,-1.5,-0.1,111,9,22,bpm_basketball_reference
Trey Jemison,2025-26,-8.6,-8.3,-0.3,82,13,26,bpm_basketball_reference
Trey Murphy III,2025-26,2.4,3,-0.6,2341,66,25,bpm_basketball_reference
Tristan Da Silva,2025-26,-0.6,-0.7,0.1,1899,77,24,bpm_basketball_reference
Tristan Enaruna,2025-26,-1,-0.5,-0.4,85,9,24,bpm_basketball_reference
Tristan Vukcevic,2025-26,0,0.8,-0.8,671,49,22,bpm_basketball_reference
Tristen Newton,2025-26,8.4,8.5,0,12,1,24,bpm_basketball_reference
Ty Jerome,2025-26,7.7,8.2,-0.6,339,15,28,bpm_basketball_reference
TyTy Washington Jr.,2025-26,1.9,-0.8,2.6,88,16,24,bpm_basketball_reference
Tyler Burton,2025-26,-5.3,-3.4,-1.9,307,12,25,bpm_basketball_reference
Tyler Herro,2025-26,2,2.4,-0.4,1033,33,26,bpm_basketball_reference
Tyler Kolek,2025-26,-0.6,-0.8,0.2,727,62,24,bpm_basketball_reference
Tyler Smith,2025-26,-4.8,-3.3,-1.6,166,12,21,bpm_basketball_reference
Tyrese Martin,2025-26,-3.4,-2,-1.4,777,46,26,bpm_basketball_reference
Tyrese Maxey,2025-26,5.4,5,0.5,2661,70,25,bpm_basketball_reference
Tyrese Proctor,2025-26,-2.8,-2.3,-0.5,545,50,21,bpm_basketball_reference
Tyson Etienne,2025-26,-2.8,-0.8,-2,380,24,26,bpm_basketball_reference
Tyus Jones,2025-26,-2.4,-2.9,0.5,979,67,29,bpm_basketball_reference
VJ Edgecombe,2025-26,-0.5,-0.4,-0.1,2623,75,20,bpm_basketball_reference
Victor Wembanyama,2025-26,10.7,6.5,4.2,1866,64,22,bpm_basketball_reference
Vince Williams Jr.,2025-26,-1,-1.5,0.5,820,40,25,bpm_basketball_reference
Vladislav Goldin,2025-26,-0.5,-5,4.5,24,9,24,bpm_basketball_reference
Vít Krejčí,2025-26,-1.6,-1.5,0,1392,65,25,bpm_basketball_reference
Walker Kessler,2025-26,3.3,1.6,1.7,154,5,24,bpm_basketball_reference
Walter Clayton,2025-26,-4.3,-2.2,-2.1,1410,69,22,bpm_basketball_reference
Wendell Carter Jr.,2025-26,-0.6,-1,0.5,2288,78,26,bpm_basketball_reference
Wendell Moore Jr.,2025-26,-1.3,-3,1.8,60,6,24,bpm_basketball_reference
Will Richard,2025-26,-1.7,-2.5,0.9,1377,69,23,bpm_basketball_reference
Will Riley,2025-26,-4.5,-1.9,-2.6,1633,74,19,bpm_basketball_reference
Xavier Tillman Sr.,2025-26,-1.8,-2.8,1,183,30,27,bpm_basketball_reference
Yang Hansen,2025-26,-9.5,-8.9,-0.6,300,43,20,bpm_basketball_reference
Yanic Konan Niederhäuser,2025-26,-2.2,-2.6,0.4,424,41,22,bpm_basketball_reference
Yuki Kawamura,2025-26,-3.7,-2.7,-1,209,18,24,bpm_basketball_reference
Yves Missi,2025-26,-1.7,-1.4,-0.3,1297,66,21,bpm_basketball_reference
Zaccharie Risacher,2025-26,-2.5,-2.3,-0.2,1503,67,20,bpm_basketball_reference
Zach Collins,2025-26,0.2,1,-0.7,184,10,28,bpm_basketball_reference
Zach Edey,2025-26,0.5,-0.6,1.1,284,11,23,bpm_basketball_reference
Zach LaVine,2025-26,-1.5,0.6,-2.2,1224,39,30,bpm_basketball_reference
Zeke Nnaji,2025-26,-3.5,-3.6,0,626,52,25,bpm_basketball_reference
Ziaire Williams,2025-26,-1.7,-2,0.4,1281,56,24,bpm_basketball_reference
Zion Williamson,2025-26,2.9,3.5,-0.6,1841,62,25,bpm_basketball_reference
Zyon Pullin,2025-26,-1.1,0.2,-1.3,43,5,24,bpm_basketball_reference
