event_id,player_name,contract_start_season,contract_years,treatment_category,contract_type,pre_impact_overall_mw,pre_impact_offense_mw,pre_impact_defense_mw,pre_total_minutes,pre_seasons_valid,post_impact_overall_mw,post_impact_offense_mw,post_impact_defense_mw,post_total_minutes,post_seasons_valid,post_minutes_per_season,mis_overall,mis_offense,mis_defense,mis_data_quality
aaron_brooks_2017_MIN,Aaron Brooks,2017-18,3,new_team,team_change,-3.0912087912087913,-1.7912087912087913,-1.2553446553446552,2002,2,NA,NA,NA,NA,NA,NA,NA,NA,NA,missing_data
aaron_gordon_2017_ORL,Aaron Gordon,2017-18,3,re_signed_standard,roster_continuity,-0.10454217736121124,0.23727469358327327,-0.3418168709444845,4161,2,0.3281750266808965,0.35162372312852574,-0.023448696447629192,6559,3,2186.3333333333335,0.43271720404210773,0.11434902954525247,0.3183681744968553,complete
adreian_payne_2017_ORL,Adreian Payne,2017-18,3,new_team,team_change,NA,NA,NA,NA,NA,NA,NA,NA,NA,NA,NA,NA,NA,NA,missing_data
aj_hammons_2017_MIA,AJ Hammons,2017-18,3,new_team,team_change,NA,NA,NA,NA,NA,NA,NA,NA,NA,NA,NA,NA,NA,NA,missing_data
al_horford_2017_BOS,Al Horford,2017-18,3,re_signed_standard,roster_continuity,3.6181592039800994,2.245460199004975,1.3726990049751244,4824,2,3.9101354581673307,2.3280000000000003,1.6458486055776893,6275,3,2091.6666666666665,0.2919762541872313,0.08253980099502511,0.2731496006025649,complete
al_jefferson_2017_IND,Al Jefferson,2017-18,3,re_signed_standard,roster_continuity,-0.9133695115934879,-0.6244203256043415,-0.28894918598914654,2027,2,NA,NA,NA,NA,NA,NA,NA,NA,NA,missing_data
al-farouq_aminu_2017_POR,Al-Farouq Aminu,2017-18,3,re_signed_standard,roster_continuity,-0.4171609139523579,-0.7171609139523577,0.2861934856587263,4114,2,0.5575618698441797,-0.2798350137488542,0.837396883593034,4364,2,2182,0.9747227837965375,0.4373259002035035,0.5512033979343076,complete
alan_williams_2017_PHX,Alan Williams,2017-18,3,re_signed_standard,roster_continuity,-1.3,-0.7999999999999999,-0.6,708,1,NA,NA,NA,NA,NA,NA,NA,NA,NA,missing_data
alec_burks_2017_UTA,Alec Burks,2017-18,3,re_signed_standard,roster_continuity,-1.255655172413793,-0.8808275862068966,-0.32979310344827584,1450,2,-0.4121537726838586,-0.02313753581661899,-0.42184813753581657,4188,3,1396,0.8435013997299343,0.8576900503902776,-0.09205503408754073,complete
alex_abrines_2017_OKC,Alex Abrines,2017-18,3,re_signed_standard,roster_continuity,-1.6,-1.3,-0.4,1055,1,-2.114634146341463,-2.5146341463414634,0.4,1722,2,861,-0.514634146341463,-1.2146341463414634,0.8,complete
alex_len_2017_PHX,Alex Len,2017-18,3,re_signed_standard,roster_continuity,-3.377196095829636,-2.9924578527062997,-0.3847382431233363,3381,2,-0.5406242005628038,0.0900486057815298,-0.6949859299053466,3909,3,1303,2.836571895266832,3.0825064584878294,-0.31024768678201026,complete
allen_crabbe_2017_BKN,Allen Crabbe,2017-18,3,new_team,team_change,-1.1551273227804544,-0.7965817848130305,-0.35854553796742367,4359,2,-2.051518955561135,-1.2893045443133315,-0.745819733868943,3983,3,1327.6666666666667,-0.8963916327806805,-0.492722759500301,-0.3872741959015193,complete
amir_johnson_2017_PHI,Amir Johnson,2017-18,3,new_team,team_change,0.9169014084507042,-0.5415492957746478,1.458450704225352,3408,2,-0.026882352941176364,-1.729,1.7021176470588237,1700,2,850,-0.9437837613918806,-1.1874507042253524,0.24366694283347168,complete
andre_drummond_2017_DET,Andre Drummond,2017-18,3,re_signed_standard,roster_continuity,1.0525320197044337,0.4677241379310345,0.5373399014778325,5075,2,2.188477136064886,1.0055516710949517,1.2092015102782827,7151,3,2383.6666666666665,1.1359451163604521,0.5378275331639172,0.6718616088004502,complete
andre_iguodala_2017_GSW,Andre Iguodala,2017-18,3,re_signed_standard,roster_continuity,1.8499195710455762,0.335656836461126,1.5142627345844504,3730,2,0.7355625,-0.50825,1.2438125,3200,2,1600,-1.1143570710455761,-0.843906836461126,-0.2704502345844504,complete
andre_roberson_2017_OKC,Andre Roberson,2017-18,3,re_signed_standard,roster_continuity,-0.4071010435225248,-1.78852125222703,1.3604734029015015,3929,2,-0.1,-1.9,1.8,1037,1,1037,0.30710104352252476,-0.11147874777296995,0.4395265970984985,complete
andrew_bogut_2017_LAL,Andrew Bogut,2017-18,3,new_team,team_change,0.9668633235004918,-2.132497541789577,3.028023598820059,2034,2,NA,NA,NA,NA,NA,NA,NA,NA,NA,missing_data
andrew_harrison_2017_MEM,Andrew Harrison,2017-18,3,re_signed_standard,roster_continuity,-3.3999999999999995,-4,0.6,1474,1,-1.5,-1,-0.5,1326,1,1326,1.8999999999999995,3,-1.1,complete
andrew_wiggins_2017_MIN,Andrew Wiggins,2017-18,3,re_signed_standard,roster_continuity,-1.5068895299507887,0.7965552350246056,-2.303444764975395,5893,2,-2.078048780487805,-0.4594850948509485,-1.658929539295393,7380,3,2460,-0.5711592505370162,-1.256040329875554,0.6445152256800017,complete
anthony_davis_2017_NOP,Anthony Davis,2017-18,3,re_signed_standard,roster_continuity,5.011658456486043,4.044663382594417,0.9558292282430214,4872,2,7.857617769827073,5.828190220632081,2.029427549194991,6708,3,2236,2.8459593133410293,1.7835268380376634,1.0735983209519695,complete
anthony_tolliver_2017_DET,Anthony Tolliver,2017-18,3,new_team,team_change,-0.3337828246983676,-0.1,-0.18136976579134143,2818,2,-1.024460625674218,-0.5610302049622439,-0.46343042071197416,3708,3,1236,-0.6906778009758503,-0.4610302049622439,-0.2820606549206327,complete
aron_baynes_2017_BOS,Aron Baynes,2017-18,3,new_team,team_change,-1.4134808013355593,-1.810559265442404,0.3970784641068447,2396,2,-1.997530864197531,-2.1637654320987654,0.16623456790123453,3240,3,1080,-0.5840500628619716,-0.3532061666563613,-0.2308438962056102,complete
arron_afflalo_2017_ORL,Arron Afflalo,2017-18,3,new_team,team_change,-3.1799291318653506,-1.619919007846115,-1.5600101240192357,3951,2,-5.4,-3.8,-1.5,682,1,682,-2.2200708681346497,-2.1800809921538846,0.06001012401923567,complete
austin_rivers_2017_LAC,Austin Rivers,2017-18,3,re_signed_standard,roster_continuity,-2.4080727686185335,-1.6161455372370666,-0.7919272313814667,3518,2,-2.6719140693784116,-1.8765451664025357,-0.7953689029758759,5679,3,1893,-0.2638413007598781,-0.2603996291654691,-0.0034416715944092235,complete
avery_bradley_2017_LAC,Avery Bradley,2017-18,3,new_team,team_change,-0.30990619995424384,-0.23207504003660492,-0.03584991992679022,4371,2,-3.4804376657824934,-2.9157824933687,-0.5646551724137931,4524,3,1508,-3.1705314658282493,-2.6837074533320955,-0.5288052524870029,complete
ben_mclemore_2017_MEM,Ben McLemore,2017-18,3,new_team,team_change,-3.9796105383734246,-2.8305841924398627,-1.1490263459335626,2619,2,-1.8687822878228781,-1.107749077490775,-0.7610332103321034,2710,2,1355,2.1108282505505462,1.7228351149490877,0.3879931356014592,complete
bismack_biyombo_2017_ORL,Bismack Biyombo,2017-18,3,re_signed_standard,roster_continuity,-1.6937517356289922,-2.3456262149402947,0.6518744793113025,3601,2,-2.4547928636226186,-2.3037193831267007,-0.12739643181130933,3307,3,1102.3333333333333,-0.7610411279936264,0.041906831813594,-0.7792709111226118,complete
blake_griffin_2017_DET,Blake Griffin,2017-18,3,new_team,team_change,4.627911275415896,3.911645101663586,0.7162661737523105,3246,2,3.500901253918495,3.736167711598746,-0.2352664576802508,5104,3,1701.3333333333333,-1.1270100214974015,-0.17547739006483987,-0.9515326314325613,complete
boban_marjanovic_2017_LAC,Boban Marjanovic,2017-18,3,new_team,team_change,4.3,3.9,0.4,508,1,3.2000000000000006,2.8,0.3,681,1,681,-1.0999999999999992,-1.1,-0.10000000000000003,complete
bobby_brown_2017_HOU,Bobby Brown,2017-18,3,re_signed_standard,roster_continuity,NA,NA,NA,NA,NA,NA,NA,NA,NA,NA,NA,NA,NA,NA,missing_data
bobby_portis_2017_CHI,Bobby Portis,2017-18,3,re_signed_standard,roster_continuity,-2.4436726926736445,-1.0718363463368221,-1.3718363463368222,2102,2,-0.769434832756632,0.7738869665513265,-1.5353863898500575,4335,3,1445,1.6742378599170125,1.8457233128881487,-0.16355004351323532,complete
bojan_bogdanovic_2017_IND,Bojan Bogdanovic,2017-18,3,new_team,team_change,-2.854954740352549,-0.5534302048594569,-2.351905669366365,4198,2,0.039971910112359545,1.1109129213483147,-1.070941011235955,7120,3,2373.3333333333335,2.8949266504649085,1.6643431262077715,1.28096465813041,complete
bradley_beal_2017_WAS,Bradley Beal,2017-18,3,re_signed_standard,roster_continuity,2.133333333333333,3.0333333333333337,-0.961111111111111,4392,2,2.64138744105237,3.849664929262844,-1.1706999255398363,8058,3,2686,0.5080541077190373,0.8163315959295105,-0.20958881442872523,complete
brandon_ingram_2017_LAL,Brandon Ingram,2017-18,3,re_signed_standard,roster_continuity,-4.4,-3,-1.4,2279,1,-0.2520294570988182,0.20457270080493234,-0.45660215790375064,5839,3,1946.3333333333333,4.147970542901183,3.2045727008049325,0.9433978420962492,complete
brandon_jennings_2017_MIL,Brandon Jennings,2017-18,3,new_team,team_change,-1.749812734082397,-0.744868913857678,-1.0374531835205993,2670,2,NA,NA,NA,NA,NA,NA,NA,NA,NA,missing_data
brandon_rush_2017_POR,Brandon Rush,2017-18,3,new_team,team_change,-1.6398081534772182,-1.2916067146282975,-0.34820143884892085,2085,2,NA,NA,NA,NA,NA,NA,NA,NA,NA,missing_data
brook_lopez_2017_LAL,Brook Lopez,2017-18,3,new_team,team_change,1.7748877965377214,2.3748877965377218,-0.5474887796537722,4679,2,1.7541538985359213,0.24114742934967653,1.543939393939394,5874,3,1958,-0.020733898001800144,-2.1337403671880453,2.091428173593166,complete
bryn_forbes_2017_SAS,Bryn Forbes,2017-18,3,re_signed_standard,roster_continuity,NA,NA,NA,NA,NA,-2.174355167934682,-1.0071998515494527,-1.1671553163852293,5389,3,1796.3333333333333,NA,NA,NA,missing_data
buddy_hield_2017_SAC,Buddy Hield,2017-18,3,re_signed_standard,roster_continuity,-2,-0.6,-1.4,1888,1,1.4519474835886215,2.6157403355215174,-1.1342669584245075,6855,3,2285,3.4519474835886212,3.2157403355215175,0.2657330415754924,complete
caris_levert_2017_BKN,Caris LeVert,2017-18,3,re_signed_standard,roster_continuity,-1.1,-1.3,0.3,1237,1,-0.3940803382663848,-0.23774958891237963,-0.15633074935400518,4257,3,1419,0.7059196617336153,1.0622504110876205,-0.4563307493540052,complete
carmelo_anthony_2017_OKC,Carmelo Anthony,2017-18,3,new_team,team_change,1.9979479084451461,3.0488161010260457,-1.0508681925808998,5068,2,-2.634362934362934,-1.1183738360208948,-1.5159890983420394,4403,2,2201.5,-4.63231084280808,-4.16718993704694,-0.4651209057611396,complete
chandler_parsons_2017_MEM,Chandler Parsons,2017-18,3,re_signed_standard,roster_continuity,0.4175424413904608,0.3266774454324981,0.09086499595796282,2474,2,0.8,1.2,-0.4,691,1,691,0.38245755860953923,0.8733225545675019,-0.49086499595796285,complete
channing_frye_2017_LAL,Channing Frye,2017-18,3,new_team,team_change,0.9076212471131639,0.8919168591224018,0.015704387990762108,2598,2,-0.5,-0.5,0,695,1,695,-1.407621247113164,-1.3919168591224018,-0.015704387990762108,complete
cheick_diallo_2017_NOP,Cheick Diallo,2017-18,3,re_signed_standard,roster_continuity,NA,NA,NA,NA,NA,-1.0180094786729856,-1.1786729857819906,0.1,1477,2,738.5,NA,NA,NA,missing_data
chris_paul_2017_HOU,Chris Paul,2017-18,3,new_team,team_change,8.254019811103431,6.077009905551716,2.221262381939645,4341,2,5.0864682002706365,3.5930818673883627,1.430734100135318,5912,3,1970.6666666666667,-3.1675516108327946,-2.483928038163353,-0.7905282818043271,complete
cj_mccollum_2017_POR,CJ McCollum,2017-18,3,re_signed_standard,roster_continuity,1.6510043041606888,2.8515781922525103,-1.200573888091822,5576,2,0.9117137764196588,2.0534377387318563,-1.0742678889737711,7854,3,2618,-0.73929052774103,-0.798140453520654,0.12630599911805085,complete
cj_miles_2017_TOR,CJ Miles,2017-18,3,new_team,team_change,0.5,0.9288888888888889,-0.4288888888888889,3240,2,-0.9490652074783402,-0.32713178294573647,-0.6219334245326038,2193,2,1096.5,-1.4490652074783403,-1.2560206718346254,-0.19304453564371493,complete
clint_capela_2017_HOU,Clint Capela,2017-18,3,re_signed_standard,roster_continuity,0.42117802779616137,0.5211780277961615,-0.10000000000000002,3022,2,2.778353110391945,2.4419813016900394,0.3363718087019058,5562,3,1854,2.357175082595784,1.9208032738938778,0.43637180870190584,complete
cody_zeller_2017_CHA,Cody Zeller,2017-18,3,re_signed_standard,roster_continuity,0.04789939982852243,-1.0014004001143184,1.0492997999428408,3499,2,-0.4461849890999689,-0.3830582373092494,-0.06312675179071942,3211,3,1070.3333333333333,-0.4940843889284913,0.6183421628050689,-1.1124265517335603,complete
cole_aldrich_2017_MIN,Cole Aldrich,2017-18,3,re_signed_standard,roster_continuity,1.123365890308039,-1.458527422990233,2.6419984973703983,1331,2,NA,NA,NA,NA,NA,NA,NA,NA,NA,missing_data
corey_brewer_2017_OKC,Corey Brewer,2017-18,3,new_team,team_change,-2.813152542372881,-3.0473898305084743,0.1776610169491525,2950,2,-1.3,-3.2,1.9,1208,1,1208,1.5131525423728809,-0.15261016949152584,1.7223389830508473,complete
cory_joseph_2017_IND,Cory Joseph,2017-18,3,new_team,team_change,-1.2494690046925168,-1.0010619906149667,-0.24840701407755003,4049,2,-1.2695954907161804,-1.990086206896552,0.7204907161803713,6032,3,2010.6666666666667,-0.020126486023663626,-0.9890242162815852,0.9688977302579214,complete
courtney_lee_2017_NYK,Courtney Lee,2017-18,3,re_signed_standard,roster_continuity,-0.948696015021907,-0.9921760901314417,0.04348007510953472,4793,2,-0.3,-0.1,-0.2,2310,1,2310,0.648696015021907,0.8921760901314417,-0.24348007510953473,complete
cristiano_felicio_2017_CHI,Cristiano Felicio,2017-18,3,re_signed_standard,roster_continuity,-0.7,-0.6,-0.1,1040,1,-3.9865931514799766,-2.453627394080093,-1.532965757399884,1723,2,861.5,-3.286593151479977,-1.853627394080093,-1.432965757399884,complete
damian_lillard_2017_POR,Damian Lillard,2017-18,3,re_signed_standard,roster_continuity,4.701005586592179,5.900670391061452,-1.199664804469274,5370,2,7.008544224505136,7.26071160110248,-0.2852668504134302,7982,3,2660.6666666666665,2.307538637912957,1.360041210041028,0.9143979540558438,complete
dangelo_russell_2017_BKN,D'Angelo Russell,2017-18,3,new_team,team_change,-1.6325552825552825,-0.07705159705159709,-1.5555036855036855,4070,2,1.8701207635372028,3.174289053369692,-1.3041682898324891,5134,3,1711.3333333333333,3.5026760460924855,3.251340650421289,0.25133539567119634,complete
danilo_gallinari_2017_LAC,Danilo Gallinari,2017-18,3,new_team,team_change,2.001736722879436,3.0777246413289703,-1.0759879184495342,3973,2,3.192462751971954,3.91693689745837,-0.7195442594215601,4564,3,1521.3333333333333,1.190726029092518,0.8392122561293998,0.35644365902797415,complete
danny_green_2017_SAS,Danny Green,2017-18,3,re_signed_standard,roster_continuity,0.9598862755233911,-1,2.0065908503489274,3869,2,1.0523182297154898,-0.2123463294696171,1.1961187214611873,5694,3,1898,0.09243195419209871,0.7876536705303829,-0.8104721288877401,complete
dante_cunningham_2017_BKN,Dante Cunningham,2017-18,3,new_team,team_change,-2.253370165745856,-2.117790055248619,-0.13558011049723756,3620,2,-1.2900401606425702,-1.4254618473895582,0.09815261044176704,2490,2,1245,0.9633300051032858,0.6923282078590607,0.2337327209390046,complete
dante_exum_2017_UTA,Dante Exum,2017-18,3,re_signed_standard,roster_continuity,-3.3,-3.2,-0.1,1228,1,-2.1,-2,-0.1,664,1,664,1.1999999999999997,1.2000000000000002,0,complete
dario_saric_2017_PHI,Dario Saric,2017-18,3,re_signed_standard,roster_continuity,-2.3,-1.3,-0.9,2129,1,-0.14863369656328587,0.5679631181894385,-0.7165968147527242,5965,3,1988.3333333333333,2.151366303436714,1.8679631181894385,0.18340318524727584,complete
darrell_arthur_2017_DEN,Darrell Arthur,2017-18,3,re_signed_standard,roster_continuity,-0.5924361948955916,-0.8848723897911832,0.2924361948955917,2155,2,NA,NA,NA,NA,NA,NA,NA,NA,NA,missing_data
darren_collison_2017_IND,Darren Collison,2017-18,3,new_team,team_change,-0.38178421298458665,0.610929472209248,-0.9927136851938347,4282,2,2.236481614996395,1.575967315549147,0.6605142994472483,4161,2,2080.5,2.6182658279809816,0.965037843339899,1.6532279846410831,complete
darrun_hilliard_2017_SAS,Darrun Hilliard,2017-18,3,new_team,team_change,NA,NA,NA,NA,NA,NA,NA,NA,NA,NA,NA,NA,NA,NA,missing_data
david_west_2017_GSW,David West,2017-18,3,re_signed_standard,roster_continuity,2.8621789193976968,-0.07821080602302921,2.9403897254207263,2258,2,3.1,0.7,2.5,999,1,999,0.23782108060230334,0.7782108060230292,-0.4403897254207263,complete
davis_bertans_2017_SAS,Davis Bertans,2017-18,3,re_signed_standard,roster_continuity,1.3,0.5,0.8000000000000002,808,1,1.2285282492443617,1.6636363636363636,-0.43510811439200187,4301,3,1433.6666666666667,-0.07147175075563839,1.1636363636363636,-1.235108114392002,complete
deandre_bembry_2017_ATL,DeAndre' Bembry,2017-18,3,re_signed_standard,roster_continuity,NA,NA,NA,NA,NA,-2.4321503865073786,-3.364300773014757,0.8964511595221364,2846,2,1423,NA,NA,NA,missing_data
deandre_jordan_2017_LAC,DeAndre Jordan,2017-18,3,re_signed_standard,roster_continuity,3.048645510835913,1.9972910216718267,1.1010835913312693,5168,2,1.997248028045574,1.2689219982471518,0.7283260297984225,5705,3,1901.6666666666667,-1.0513974827903392,-0.7283690234246749,-0.3727575615328468,complete
deandre_liggins_2017_NOP,DeAndre Liggins,2017-18,3,new_team,team_change,-2.2,-4.5,2.4,777,1,-2.5,-4.3,1.8,724,1,724,-0.2999999999999998,0.20000000000000018,-0.5999999999999999,complete
dejounte_murray_2017_SAS,Dejounte Murray,2017-18,3,re_signed_standard,roster_continuity,NA,NA,NA,NA,NA,0.4508163265306123,-1.2557142857142858,1.7573469387755105,3430,2,1715,NA,NA,NA,missing_data
delon_wright_2017_TOR,Delon Wright,2017-18,3,re_signed_standard,roster_continuity,NA,NA,NA,NA,NA,2.1821352615908123,0.46280306252658443,1.688855806039983,4702,3,1567.3333333333333,NA,NA,NA,missing_data
demar_derozan_2017_TOR,DeMar DeRozan,2017-18,3,re_signed_standard,roster_continuity,2.741519174041298,3.6347345132743363,-0.8449115044247788,5424,2,1.9375243033052496,2.1984575502268306,-0.2960725858716785,7715,3,2571.6666666666665,-0.8039948707360485,-1.4362769630475056,0.5488389185531003,complete
demarcus_cousins_2017_NOP,DeMarcus Cousins,2017-18,3,re_signed_standard,roster_continuity,5.131352154531946,3.903459987263851,1.227892167268096,4711,2,4.177392344497608,1.854425837320574,2.3229665071770333,2508,2,1254,-0.9539598100343376,-2.049034149943277,1.0950743399089373,complete
demarre_carroll_2017_BKN,DeMarre Carroll,2017-18,3,new_team,team_change,0.08838080959520239,-0.5178410794602699,0.6062218890554723,2668,2,-0.5455833118722637,-0.1140097862477466,-0.48771568374967805,3883,2,1941.5,-0.6339641214674661,0.4038312932125233,-1.0939375728051504,complete
dennis_schroder_2017_ATL,Dennis Schroder,2017-18,3,re_signed_standard,roster_continuity,-0.3158304919629811,0.5472966390647832,-0.7631271310277643,4106,2,-0.9505085276169614,0.26354248161477073,-1.2152871225160382,6391,3,2130.3333333333335,-0.6346780356539803,-0.2837541574500125,-0.4521599914882739,complete
denzel_valentine_2017_CHI,Denzel Valentine,2017-18,3,re_signed_standard,roster_continuity,-3.3,-3.5,0.1,976,1,-1,-1,0,2095,1,2095,2.3,2.5,-0.1,complete
derrick_favors_2017_UTA,Derrick Favors,2017-18,3,re_signed_standard,roster_continuity,2.0275481224360994,0.8649731776585675,1.2,3169,2,1.9954087562960092,1.1597442851607904,0.8773731111972104,5162,3,1720.6666666666667,-0.032139366140090164,0.2947711075022229,-0.32262688880278956,complete
derrick_jones_2017_MIA,Derrick Jones Jr.,2017-18,3,new_team,team_change,-2.3,-1.6,-0.7,545,1,0.15268987341772147,-0.8473101265822784,1.0543908227848102,2528,2,1264,2.452689873417721,0.7526898734177216,1.7543908227848102,complete
derrick_rose_2017_MIN,Derrick Rose,2017-18,3,new_team,team_change,-1.752692031586504,0.19712849964106244,-1.9498205312275663,4179,2,1.786022304832714,3.5377695167286247,-1.7,2690,2,1345,3.538714336419218,3.3406410170875622,0.2498205312275663,complete
derrick_williams_2017_LAL,Derrick Williams,2017-18,3,new_team,team_change,-0.849084412684234,0.2790978115230014,-1.1281822242072355,2239,2,NA,NA,NA,NA,NA,NA,NA,NA,NA,missing_data
devin_booker_2017_PHX,Devin Booker,2017-18,3,re_signed_standard,roster_continuity,-2.292145514675486,-0.3535758577924762,-2.038569656883009,4838,2,1.4272397643148513,3.2252455053633478,-1.8359570932164977,6619,3,2206.3333333333335,3.7193852789903374,3.578821363155824,0.20261256366651148,complete
devin_harris_2017_DEN,Devin Harris,2017-18,3,new_team,team_change,-0.1296155471060414,-1.216307562315167,1.1326151246303338,2367,2,-1.9776856076316884,-1.9886354209871424,0.010949813355454183,2411,2,1205.5,-1.848070060525647,-0.7723278586719755,-1.1216653112748796,complete
dewayne_dedmon_2017_ATL,Dewayne Dedmon,2017-18,3,new_team,team_change,0.08034398034398034,-1.4692874692874693,1.5496314496314496,2035,2,-0.8994904458598726,-1.423872611464968,0.5243821656050955,3925,3,1308.3333333333333,-0.979834426203853,0.04541485782250132,-1.025249284026354,complete
deyonta_davis_2017_MEM,Deyonta Davis,2017-18,3,re_signed_standard,roster_continuity,NA,NA,NA,NA,NA,-1.5,-0.9,-0.6,943,1,943,NA,NA,NA,missing_data
dion_waiters_2017_MIA,Dion Waiters,2017-18,3,re_signed_standard,roster_continuity,-1.7432126696832577,-1.343212669683258,-0.4,3536,2,-2.1715953307393,-1.2143968871595332,-0.9571984435797665,2056,2,1028,-0.42838266105604217,0.12881578252372483,-0.5571984435797664,complete
dirk_nowitzki_2017_DAL,Dirk Nowitzki,2017-18,3,re_signed_standard,roster_continuity,1.8609292502639916,1.798521647307286,0.1,3788,2,0.4710575139146568,0.4020408163265306,0.06901669758812616,2695,2,1347.5,-1.3898717363493347,-1.3964808309807555,-0.030983302411873845,complete
dj_augustin_2017_ORL,D.J. Augustin,2017-18,3,re_signed_standard,roster_continuity,-1.8723122238586156,-0.41929307805596466,-1.4963917525773196,2716,2,-0.27335290879060375,0.7028629106258029,-1.017856487428886,5449,3,1816.3333333333333,1.598959315068012,1.1221559886817676,0.4785352651484336,complete
domantas_sabonis_2017_IND,Domantas Sabonis,2017-18,3,new_team,team_change,-4.5,-4.5,-0.1,1632,1,1.8280695712071637,1.1579473049767521,0.7017737213707594,5807,3,1935.6666666666667,6.3280695712071635,5.657947304976752,0.8017737213707594,complete
dorian_finney-smith_2017_DAL,Dorian Finney-Smith,2017-18,3,re_signed_standard,roster_continuity,-2.6,-3.3,0.6,1642,1,-0.7802679658952497,-0.8187576126674787,0.03848964677222899,4105,2,2052.5,1.8197320341047503,2.481242387332521,-0.561510353227771,complete
doug_mcdermott_2017_DAL,Doug McDermott,2017-18,3,new_team,team_change,-2.6314336598397148,-0.9552389433066191,-1.6761947165330957,3369,2,-1.2869642857142858,-0.11544642857142857,-1.1803571428571429,4480,3,1493.3333333333333,1.344469374125429,0.8397925147351905,0.4958375736759528,complete
dragan_bender_2017_PHX,Dragan Bender,2017-18,3,re_signed_standard,roster_continuity,-5.1,-4.3,-0.7,574,1,-3.8141278065630395,-3.0426597582037997,-0.8,2895,2,1447.5,1.2858721934369601,1.2573402417962,-0.10000000000000009,complete
draymond_green_2017_GSW,Draymond Green,2017-18,3,re_signed_standard,roster_continuity,5.219151354423187,1.8510702784618298,3.368081075961356,5279,2,1.6236454969501253,-0.5727305346250449,2.1963760315751704,5574,3,1858,-3.5955058574730616,-2.4238008130868747,-1.1717050443861856,complete
dwight_howard_2017_CHA,Dwight Howard,2017-18,3,new_team,team_change,0.7382451440053583,0.44728734092431344,0.2909578030810449,4479,2,0.003953303263465104,-0.542557707614752,0.48116211196603875,3769,2,1884.5,-0.7342918407418932,-0.9898450485390654,0.19020430888499384,complete
dwight_powell_2017_DAL,Dwight Powell,2017-18,3,re_signed_standard,roster_continuity,0.616,-0.31333333333333335,0.9293333333333335,2325,2,2.019180887372014,1.0811376564277588,0.9380432309442548,4395,3,1465,1.403180887372014,1.3944709897610923,0.008709897610921336,complete
dwyane_wade_2017_MIA,Dwyane Wade,2017-18,3,new_team,team_change,2.1654814814814816,1.9902716049382716,0.17520987654320985,4050,2,-0.11838643671441099,0.03671441099093829,-0.15510084770534932,3421,2,1710.5,-2.2838679181958925,-1.9535571939473333,-0.3303107242485592,complete
ed_davis_2017_POR,Ed Davis,2017-18,3,re_signed_standard,roster_continuity,-0.014274160938131714,-0.3399919126566924,0.35762232106752934,2473,2,-0.3025711347274597,-0.9025711347274598,0.6495714775454233,2917,2,1458.5,-0.288296973789328,-0.5625792220707674,0.291949156477894,complete
elfrid_payton_2017_PHX,Elfrid Payton,2017-18,3,new_team,team_change,-0.14140882159315335,0.09394338380513499,-0.282422646477946,4557,2,-0.49061338289962825,-0.27709107806691446,-0.21352230483271376,4304,3,1434.6666666666667,-0.3492045613064749,-0.37103446187204947,0.06890034164523226,complete
emmanuel_mudiay_2017_NYK,Emmanuel Mudiay,2017-18,3,new_team,team_change,-3.795279217040875,-2.0166954519286127,-1.7785837651122622,3474,2,-2.616018368449487,-1.20634792004322,-1.409670448406267,3702,3,1234,1.179260848591388,0.8103475318853928,0.36891331670599525,complete
enes_freedom_2017_NYK,Enes Freedom,2017-18,3,new_team,team_change,1.435556238475722,3.1586662569145663,-1.7231100184388446,3254,2,1.6035257130024703,2.6742420839883225,-1.0707163709858523,4453,3,1484.3333333333333,0.16796947452674837,-0.48442417292624373,0.6523936474529923,complete
eric_bledsoe_2017_MIL,Eric Bledsoe,2017-18,3,new_team,team_change,3.501792890262751,3.307171561051005,0.19462132921174652,3235,2,2.5338141025641026,1.7586858974358976,0.8123397435897436,6240,3,2080,-0.9679787876986485,-1.5484856636151074,0.617718414377997,complete
eric_gordon_2017_HOU,Eric Gordon,2017-18,3,re_signed_standard,roster_continuity,-0.09999999999999999,1.1442691903259727,-1.2442691903259726,3804,2,-1.108521021021021,0.6678303303303303,-1.7763513513513514,5328,3,1776,-1.008521021021021,-0.4764388599956424,-0.5320821610253788,complete
ersan_ilyasova_2017_PHI,Ersan Ilyasova,2017-18,3,new_team,team_change,-0.04026845637583893,0.30648769574944074,-0.34675615212527966,4023,2,-0.8804612265585402,-0.9113025848960973,0.05582868727825648,3946,3,1315.3333333333333,-0.8401927701827012,-1.217790280645538,0.4025848394035361,complete
etwaun_moore_2017_NOP,E'Twaun Moore,2017-18,3,re_signed_standard,roster_continuity,-1.7228997729484268,-1.781933181965618,0.05903340901719105,3083,2,-2.0233773919905307,-1.2388242256855395,-0.7335371868218584,5069,3,1689.6666666666667,-0.3004776190421039,0.5431089562800784,-0.7925705958390494,complete
evan_fournier_2017_ORL,Evan Fournier,2017-18,3,re_signed_standard,roster_continuity,-0.7654166666666666,-0.039625,-0.77925,4800,2,-0.7969996906897617,-0.03393133312712663,-0.7630683575626354,6466,3,2155.3333333333335,-0.031583024023095096,0.005693666872873371,0.01618164243736464,complete
evan_turner_2017_POR,Evan Turner,2017-18,3,re_signed_standard,roster_continuity,-1.054975820819547,-1.4907864596589462,0.4780096716721812,3929,2,-1.9707337180544104,-2.414839241549876,0.4441055234954658,3639,2,1819.5,-0.9157578972348634,-0.9240527818909297,-0.03390414817671544,complete
frank_kaminsky_2017_CHA,Frank Kaminsky,2017-18,3,re_signed_standard,roster_continuity,-1.013435281267067,-0.733205898416166,-0.22687056253413432,3662,2,-0.15711315711315713,0.6178497178497179,-0.774962874962875,3367,3,1122.3333333333333,0.85632212415391,1.3510556162658838,-0.5480923124287407,complete
fred_vanvleet_2017_TOR,Fred VanVleet,2017-18,3,re_signed_standard,roster_continuity,NA,NA,NA,NA,NA,1.8689708141321044,1.0250384024577572,0.8439324116743471,5208,3,1736,NA,NA,NA,missing_data
garrett_temple_2017_SAC,Garrett Temple,2017-18,3,re_signed_standard,roster_continuity,-1.489399293286219,-2.030307148681707,0.5878771405273172,3679,2,-2.1638811513463323,-2.359702878365831,0.1958217270194986,5385,3,1795,-0.6744818580601133,-0.3293957296841241,-0.3920554135078186,complete
gary_harris_2017_DEN,Gary Harris,2017-18,3,re_signed_standard,roster_continuity,-0.22452025586353946,0.2865671641791045,-0.49552238805970145,4221,2,-0.9137165822121265,-0.8119517735453434,-0.10176480866678317,5723,3,1907.6666666666667,-0.689196326348587,-1.098518937724448,0.3937575793929183,complete
george_hill_2017_CLE,George Hill,2017-18,3,new_team,team_change,1.876597836774828,1.2006882989183874,0.7379547689282202,4068,2,0.09429874572405929,-0.18303306727480037,0.31865450399087797,4385,3,1461.6666666666667,-1.7822990910507686,-1.3837213661931878,-0.41930026493734224,complete
georges_niang_2017_UTA,Georges Niang,2017-18,3,new_team,team_change,NA,NA,NA,NA,NA,-0.06414176511466296,0.1848505906879778,-0.24899235580264073,1439,2,719.5,NA,NA,NA,missing_data
gerald_green_2017_HOU,Gerald Green,2017-18,3,new_team,team_change,-3.0743198090692125,-1.8175178997613366,-1.1824821002386636,2095,2,-0.9264779350541216,0.26411323896752703,-1.2292672772689426,2402,2,1201,2.147841874015091,2.0816311387288637,-0.04678517703027896,complete
giannis_antetokounmpo_2017_MIL,Giannis Antetokounmpo,2017-18,3,re_signed_standard,roster_continuity,4.710091743119266,3.1069865913902612,1.5532992237120677,5668,2,9.053605461527521,6.207936282178922,2.8456691793485986,7031,3,2343.6666666666665,4.343513718408255,3.100949690788661,1.292369955636531,complete
glenn_robinson_2017_IND,Glenn Robinson III,2017-18,3,re_signed_standard,roster_continuity,-0.5100258397932818,-0.7887855297157623,0.2787596899224807,1935,2,-2.030968280467446,-1.085559265442404,-0.9199499165275459,2396,2,1198,-1.520942440674164,-0.2967737357266417,-1.1987096064500267,complete
goran_dragic_2017_MIA,Goran Dragic,2017-18,3,re_signed_standard,roster_continuity,1.129863127333057,1.4258813770219827,-0.29601824968892576,4822,2,-0.10790937996820354,0.789527027027027,-0.9304848966613672,5032,3,1677.3333333333333,-1.2377725073012606,-0.6363543499949557,-0.6344666469724415,complete
gordon_hayward_2017_BOS,Gordon Hayward,2017-18,3,new_team,team_change,3.716361619523017,3.4233314845627656,0.3395452024403771,5409,2,1.7175686927560365,1.4624479600333056,0.25512073272273106,3603,2,1801.5,-1.9987929267669804,-1.96088352452946,-0.08442446971764606,complete
gorgui_dieng_2017_MIN,Gorgui Dieng,2017-18,3,re_signed_standard,roster_continuity,0.310014364867638,-0.48109993843628157,0.6911143033039195,4873,2,0.2686705202312139,-0.49947976878612715,0.7998265895953758,3460,3,1153.3333333333333,-0.0413438446364241,-0.018379830349845583,0.10871228629145624,complete
greg_monroe_2017_BOS,Greg Monroe,2017-18,3,new_team,team_change,1.9678027556200148,2.0830795262267343,-0.11527677060671981,4137,2,2.2,1.3,1,1040,1,1040,0.23219724437998535,-0.7830795262267343,1.11527677060672,complete
harrison_barnes_2017_DAL,Harrison Barnes,2017-18,3,re_signed_standard,roster_continuity,-1.010732714138287,0.14712074303405573,-1.1578534571723427,4845,2,-1.0576284481631586,0.20925611191005364,-1.2668845600732122,7649,3,2549.6666666666665,-0.04689573402487168,0.06213536887599791,-0.10903110290086948,complete
hassan_whiteside_2017_MIA,Hassan Whiteside,2017-18,3,re_signed_standard,roster_continuity,2.691246226821906,1.2665373005605867,1.3705260888313928,4638,2,2.739239001189061,1.7652397938961553,0.9739992072929053,5046,3,1682,0.047992774367154656,0.4987024933355686,-0.3965268815384875,complete
henry_ellenson_2017_DET,Henry Ellenson,2017-18,3,re_signed_standard,roster_continuity,NA,NA,NA,NA,NA,NA,NA,NA,NA,NA,NA,NA,NA,NA,missing_data
ian_clark_2017_NOP,Ian Clark,2017-18,3,new_team,team_change,-1.6348104956268221,-1.1685131195335277,-0.46629737609329447,1715,2,-4.1411861614497525,-2.9404448105436574,-1.2007413509060956,2428,2,1214,-2.5063756658229304,-1.7719316910101297,-0.7344439748128011,complete
iman_shumpert_2017_SAC,Iman Shumpert,2017-18,3,new_team,team_change,-1.9763602828158622,-2.5831847525361202,0.6259145404242238,3253,2,-1.9000000000000001,-2.4,0.5,1481,1,1481,0.07636028281586205,0.18318475253612032,-0.1259145404242238,complete
isaiah_canaan_2017_PHX,Isaiah Canaan,2017-18,3,new_team,team_change,-2.6082877247849883,-1.4480062548866304,-1.1371383893666929,2558,2,-4.1,-2.7,-1.4,629,1,629,-1.4917122752150114,-1.2519937451133698,-0.26286161063330704,complete
isaiah_thomas_2017_LAL,Isaiah Thomas,2017-18,3,new_team,team_change,5.482735469019758,6.329138691732209,-0.8464032227124497,5213,2,-4.641186345831002,-0.6929490766648014,-3.8999999999999995,1787,2,893.5,-10.12392181485076,-7.02208776839701,-3.0535967772875496,complete
isaiah_whitehead_2017_BKN,Isaiah Whitehead,2017-18,3,re_signed_standard,roster_continuity,-5.1,-4.3,-0.8,1643,1,NA,NA,NA,NA,NA,NA,NA,NA,NA,missing_data
ish_smith_2017_DET,Ish Smith,2017-18,3,re_signed_standard,roster_continuity,-0.7143299952312828,-0.39322842155460175,-0.321101573676681,4194,2,-0.949635898445188,-0.620074788427475,-0.30493997244636883,5081,3,1693.6666666666667,-0.2353059032139052,-0.22684636687287324,0.016161601230312184,complete
ivica_zubac_2017_LAL,Ivica Zubac,2017-18,3,re_signed_standard,roster_continuity,-1.7,-1.2,-0.6,609,1,1.3494505494505493,0.976923076923077,0.4164835164835165,2366,2,1183,3.0494505494505493,2.176923076923077,1.0164835164835164,complete
jabari_parker_2017_MIL,Jabari Parker,2017-18,3,re_signed_standard,roster_continuity,-0.8719535783365571,0.644487427466151,-1.516441005802708,4136,2,-0.8585401891252956,0.0035756501182033166,-0.9130614657210402,3384,3,1128,0.01341338921126145,-0.6409117773479477,0.6033795400816678,complete
jae_crowder_2017_UTA,Jae Crowder,2017-18,3,new_team,team_change,1.5462201163041138,0.9005815205685979,0.6456385957355157,4643,2,-0.7768227042896754,-0.9065894633828087,0.12976675909313323,6131,3,2043.6666666666667,-2.3230428205937894,-1.8071709839514065,-0.5158718366423825,complete
jahlil_okafor_2017_BKN,Jahlil Okafor,2017-18,3,new_team,team_change,-2.383229357798165,-1.0826055045871559,-1.3006238532110093,2725,2,-1.5,-0.6,-0.9,935,1,935,0.8832293577981649,0.4826055045871559,0.40062385321100924,complete
jake_layman_2017_POR,Jake Layman,2017-18,3,re_signed_standard,roster_continuity,NA,NA,NA,NA,NA,-1.3820960698689957,-0.8442685589519651,-0.4653930131004366,1832,2,916,NA,NA,NA,missing_data
jakob_poeltl_2017_TOR,Jakob Poeltl,2017-18,3,re_signed_standard,roster_continuity,-3.1,-3,-0.1,626,1,1.5330393145161292,0.2957661290322581,1.237273185483871,3968,3,1322.6666666666667,4.633039314516129,3.295766129032258,1.337273185483871,complete
jamal_crawford_2017_MIN,Jamal Crawford,2017-18,3,new_team,team_change,-1.7525332710716786,-0.3532570628064441,-1.3992762082652348,4283,2,-2.9765363128491615,-0.4074022346368716,-2.6268505586592177,2864,2,1432,-1.224003041777483,-0.054145171830427496,-1.2275743503939829,complete
jamal_murray_2017_DEN,Jamal Murray,2017-18,3,re_signed_standard,roster_continuity,-2,-0.6,-1.4,1764,1,0.43139097744360905,1.4910063620589935,-1.0596153846153846,6916,3,2305.3333333333335,2.431390977443609,2.0910063620589936,0.3403846153846153,complete
jameer_nelson_2017_DET,Jameer Nelson,2017-18,3,new_team,team_change,-2.336254462836741,-1.2707562479714378,-1.0654982148653036,3081,2,-3.3,-2.9,-0.4,1013,1,1013,-0.9637455371632586,-1.629243752028562,0.6654982148653036,complete
james_ennis_2017_DET,James Ennis III,2017-18,3,new_team,team_change,-1.2,-1.9000000000000001,0.7000000000000001,1501,1,-1.7220785557453038,-1.5294949987801902,-0.22259087582337156,4099,3,1366.3333333333333,-0.5220785557453038,0.3705050012198099,-0.9225908758233716,complete
james_harden_2017_HOU,James Harden,2017-18,3,re_signed_supermax,supermax,7.619219367588932,6.933876811594203,0.6853425559947298,6072,2,10.204872800911277,8.700873307176307,1.5354258954562714,7901,3,2633.6666666666665,2.585653433322345,1.766996495582104,0.8500833394615416,complete
james_johnson_2017_MIA,James Johnson,2017-18,3,re_signed_standard,roster_continuity,1.6313517103952175,0.30039853869146466,1.3309531717037528,3011,2,0.4594739667203436,-0.9325013419216318,1.3773483628556091,3726,3,1242,-1.171877743674874,-1.2328998806130964,0.04639519115185631,complete
james_michael_mcadoo_2017_PHI,James Michael McAdoo,2017-18,3,new_team,team_change,NA,NA,NA,NA,NA,NA,NA,NA,NA,NA,NA,NA,NA,NA,missing_data
james_young_2017_PHI,James Young,2017-18,3,new_team,team_change,NA,NA,NA,NA,NA,NA,NA,NA,NA,NA,NA,NA,NA,NA,missing_data
jamychal_green_2017_MEM,JaMychal Green,2017-18,3,re_signed_standard,roster_continuity,-1.4930363687623345,-1.1446010713278827,-0.28920214265576544,3547,2,-1.5475829383886255,-1.0863270142180095,-0.4612559241706161,4220,3,1406.6666666666667,-0.05454656962629101,0.05827405710987321,-0.17205378151485068,complete
jared_dudley_2017_PHX,Jared Dudley,2017-18,3,re_signed_standard,roster_continuity,-0.4542774566473988,-0.918092485549133,0.4638150289017341,3460,2,-2.051941238195173,-2.9359916054564534,0.8840503672612802,1906,2,953,-1.5976637815477743,-2.0178991199073204,0.4202353383595461,complete
jarell_martin_2017_MEM,Jarell Martin,2017-18,3,re_signed_standard,roster_continuity,-5.8,-5.3,-0.6,558,1,-4,-3.2999999999999994,-0.6999999999999998,1661,1,1661,1.7999999999999998,2.0000000000000004,-0.09999999999999987,complete
jason_smith_2017_WAS,Jason Smith,2017-18,3,re_signed_standard,roster_continuity,-2.0100489106269457,-2.3100489106269455,0.34748777234326367,2249,2,NA,NA,NA,NA,NA,NA,NA,NA,NA,missing_data
jason_terry_2017_MIL,Jason Terry,2017-18,3,re_signed_standard,roster_continuity,-1.235722455203965,-1.0642775447960349,-0.17144491040792986,2623,2,-2,-2.6,0.6,814,1,814,-0.764277544796035,-1.5357224552039652,0.7714449104079298,complete
javale_mcgee_2017_GSW,JaVale McGee,2017-18,3,re_signed_standard,roster_continuity,1.2,1,0.2,739,1,1.451083138173302,0.002283372365339565,1.4977166276346603,3416,3,1138.6666666666667,0.2510831381733021,-0.9977166276346604,1.2977166276346603,complete
jaylen_brown_2017_BOS,Jaylen Brown,2017-18,3,re_signed_standard,roster_continuity,-3.6999999999999997,-3,-0.7999999999999999,1341,1,-0.5911151858643108,-0.4748124687447909,-0.08441406901150192,5999,3,1999.6666666666667,3.108884814135689,2.525187531255209,0.715585930988498,complete
jeff_green_2017_CLE,Jeff Green,2017-18,3,new_team,team_change,-2.529125957222076,-1.4481119619751783,-1.021520992870346,3787,2,-1.2942067553735925,-0.11226202661207778,-1.1819447287615148,4885,3,1628.3333333333333,1.2349192018484834,1.3358499353631006,-0.16042373589116887,complete
jeff_teague_2017_MIN,Jeff Teague,2017-18,3,new_team,team_change,1.7868281758957658,1.9327361563517913,-0.14590798045602607,4912,2,-0.3526890256003175,0.6470529867037111,-0.9997420123040286,5039,3,1679.6666666666667,-2.1395172014960835,-1.2856831696480802,-0.8538340318480026,complete
jeff_withey_2017_DAL,Jeff Withey,2017-18,3,new_team,team_change,1,-1,2,658,1,NA,NA,NA,NA,NA,NA,NA,NA,NA,missing_data
jerami_grant_2017_OKC,Jerami Grant,2017-18,3,re_signed_standard,roster_continuity,-1.5297470113983875,-2.1,0.5702529886016124,3597,2,0.011461550967322378,-0.13909933344171677,0.15056088440903917,6151,3,2050.3333333333335,1.54120856236571,1.9609006665582833,-0.4196921041925733,complete
jeremy_lamb_2017_CHA,Jeremy Lamb,2017-18,3,re_signed_standard,roster_continuity,0.6553164556962024,0.2929113924050633,0.4106329113924051,2370,2,0.9678286129266521,0.6966230936819172,0.25893246187363833,5508,3,1836,0.31251215723044967,0.4037117012768539,-0.15170044951876677,complete
jerian_grant_2017_CHI,Jerian Grant,2017-18,3,re_signed_standard,roster_continuity,-1.6653728739642388,-2.127518534670737,0.462145660706498,2293,2,-1.4073142857142857,-1.6154285714285714,0.1438857142857143,2625,2,1312.5,0.2580585882499531,0.5120899632421654,-0.3182599464207837,complete
jimmy_butler_2017_MIN,Jimmy Butler,2017-18,3,new_team,team_change,5.941945864092372,4.476093128904032,1.46585273518834,5283,2,4.948367152821813,3.9273937856689916,1.0177235256816741,6308,3,2102.6666666666665,-0.9935787112705592,-0.5486993432350404,-0.4481292095066658,complete
jj_barea_2017_DAL,J.J. Barea,2017-18,3,re_signed_standard,roster_continuity,0.4743642329778507,2.042739950779328,-1.5683757178014768,2438,2,0.6252229299363057,2.2210191082802546,-1.5957961783439492,2355,2,1177.5,0.150858696958455,0.17827915750092682,-0.02742046054247238,complete
jj_redick_2017_PHI,JJ Redick,2017-18,3,new_team,team_change,1.2788358556461001,2.430011641443539,-1.151175785797439,4295,2,0.6435319289005925,2.2260204081632655,-1.608508887425938,6076,3,2025.3333333333333,-0.6353039267455076,-0.20399123328027358,-0.45733310162849894,complete
joakim_noah_2017_NYK,Joakim Noah,2017-18,3,re_signed_standard,roster_continuity,0.30818181818181817,-1.1309090909090909,1.4390909090909092,1650,2,2.1,-0.3,2.4,693,1,693,1.791818181818182,0.8309090909090908,0.9609090909090907,complete
jodie_meeks_2017_WAS,Jodie Meeks,2017-18,3,new_team,team_change,-1.8,-1.3,-0.39999999999999997,738,1,-1.1,-0.3,-0.8,1119,1,1119,0.7,1,-0.4000000000000001,complete
joe_harris_2017_BKN,Joe Harris,2017-18,3,re_signed_standard,roster_continuity,-3.5,-2.6,-0.9,1138,1,0.14385855108746676,0.6362228133312471,-0.49236426224378027,6391,3,2130.3333333333335,3.6438585510874666,3.2362228133312474,0.40763573775621975,complete
joe_ingles_2017_UTA,Joe Ingles,2017-18,3,re_signed_standard,roster_continuity,1.0592592592592593,-0.9703703703703703,2.0296296296296297,3213,2,1.5131813812989152,0.48909789921735547,1.053425786077166,7283,3,2427.6666666666665,0.4539221220396559,1.4594682695877257,-0.9762038435524636,complete
joe_johnson_2017_HOU,Joe Johnson,2017-18,3,new_team,team_change,-0.9675538935327761,-0.19458864936207654,-0.7324241091069071,4546,2,-2.9,-2.7,-0.2,1205,1,1205,-1.9324461064672238,-2.5054113506379236,0.5324241091069071,complete
joe_young_2017_IND,Joe Young,2017-18,3,re_signed_standard,roster_continuity,NA,NA,NA,NA,NA,-3.5,-2.3,-1.2,558,1,558,NA,NA,NA,missing_data
joel_bolomboy_2017_MIL,Joel Bolomboy,2017-18,3,new_team,team_change,NA,NA,NA,NA,NA,NA,NA,NA,NA,NA,NA,NA,NA,NA,missing_data
joel_embiid_2017_PHI,Joel Embiid,2017-18,3,re_signed_standard,roster_continuity,4.5,1.9,2.7,786,1,4.296913137114142,3.232627422828428,1.0642857142857143,5572,3,1857.3333333333333,-0.20308686288585776,1.3326274228284283,-1.635714285714286,complete
joffrey_lauvergne_2017_SAS,Joffrey Lauvergne,2017-18,3,new_team,team_change,-1.8909450766947058,-0.8818901533894111,-1.0090549233052943,2021,2,-1,-0.4,-0.6,534,1,534,0.8909450766947058,0.4818901533894111,0.40905492330529436,complete
john_henson_2017_MIL,John Henson,2017-18,3,re_signed_standard,roster_continuity,-0.7704272683629382,-1.7930388862217954,0.9765242438790206,2083,2,-0.47976653696498056,-1.046692607003891,0.5669260700389105,2570,2,1285,0.2906607313979576,0.7463462792179043,-0.4095981738401101,complete
john_wall_2017_WAS,John Wall,2017-18,3,re_signed_supermax,supermax,4.105551601423488,3.8569395017793595,0.24861209964412817,5620,2,2.077804295942721,2.9291169451073986,-0.8952267303102625,2514,2,1257,-2.027747305480767,-0.9278225566719609,-1.1438388299543907,complete
jon_leuer_2017_DET,Jon Leuer,2017-18,3,re_signed_standard,roster_continuity,-0.060768990309471714,-0.20384495154735854,0.1823069709284151,3199,2,NA,NA,NA,NA,NA,NA,NA,NA,NA,missing_data
jonas_jerebko_2017_UTA,Jonas Jerebko,2017-18,3,new_team,team_change,-2.2046511627906975,-2.1534883720930234,0,2408,2,-0.3142857142857143,-0.3482142857142857,-0.014285714285714296,2352,2,1176,1.8903654485049832,1.8052740863787378,-0.014285714285714296,complete
jonas_valanciunas_2017_TOR,Jonas Valanciunas,2017-18,3,re_signed_standard,roster_continuity,0.901656086116478,1.529754347226056,-0.6710736958321833,3623,2,2.4701908642504824,2.2345056830366716,0.17272142397598114,4663,3,1554.3333333333333,1.5685347781340044,0.7047513358106157,0.8437951198081645,complete
jonathon_simmons_2017_ORL,Jonathon Simmons,2017-18,3,new_team,team_change,-2.6368707482993203,-3.478775510204082,0.8419047619047619,2205,2,-3.478402845134174,-2.456805690268348,-0.9559974135143874,3093,2,1546.5,-0.8415320968348539,1.0219698199357339,-1.7979021754191493,complete
jordan_clarkson_2017_CLE,Jordan Clarkson,2017-18,3,new_team,team_change,-2.0359062436855933,-0.48747221660941603,-1.5484340270761772,4949,2,0.16485276390563117,1.9930084380919582,-1.828155674186327,5807,3,1935.6666666666667,2.2007590075912242,2.480480654701374,-0.2797216471101498,complete
jordan_mickey_2017_MIA,Jordan Mickey,2017-18,3,new_team,team_change,NA,NA,NA,NA,NA,NA,NA,NA,NA,NA,NA,NA,NA,NA,missing_data
jose_calderon_2017_CLE,Jose Calderon,2017-18,3,new_team,team_change,-1.1467811158798282,-1.178540772532189,-0.04721030042918454,2563,2,-2.717593790426908,-2.5446313065976716,-0.17296248382923674,1546,2,773,-1.5708126745470796,-1.3660905340654825,-0.1257521834000522,complete
josh_richardson_2017_MIA,Josh Richardson,2017-18,3,re_signed_standard,roster_continuity,-0.8152149944873209,-1.6338478500551268,0.818632855567806,2721,2,-0.05828637480132932,-0.5388961132784279,0.4806097384770987,6921,3,2307,0.7569286196859916,1.0949517367766988,-0.33802311709070726,complete
jrue_holiday_2017_NOP,Jrue Holiday,2017-18,3,re_signed_standard,roster_continuity,1.6642874906739618,1.7741109176821688,-0.16428749067396167,4021,2,2.108487778673113,1.9659548751007252,0.14253290357238785,7446,3,2482,0.4442002879991511,0.19184395741855642,0.30682039424634955,complete
juancho_hernangomez_2017_DEN,Juancho Hernangomez,2017-18,3,re_signed_standard,roster_continuity,-0.1,0.1,-0.2,842,1,-1.97444089456869,-1.3942492012779553,-0.5421725239616614,2191,2,1095.5,-1.87444089456869,-1.4942492012779554,-0.34217252396166137,complete
julius_randle_2017_LAL,Julius Randle,2017-18,3,re_signed_standard,roster_continuity,-2.0900860117700315,-1.2726573110004527,-0.817428700769579,4418,2,0.6210396800984312,1.1469086434943094,-0.5258689633958782,6502,3,2167.3333333333335,2.711125691868463,2.419565954494762,0.2915597373737008,complete
justin_anderson_2017_PHI,Justin Anderson,2017-18,3,re_signed_standard,roster_continuity,-0.7478933333333334,-0.9690133333333334,0.22111999999999996,1875,2,-0.9,-0.6,-0.3,519,1,519,-0.1521066666666666,0.3690133333333334,-0.5211199999999999,complete
justin_holiday_2017_CHI,Justin Holiday,2017-18,3,new_team,team_change,-1.197346600331675,-1.3973466003316748,0.16795190713101163,2412,2,-0.9886981188414452,-1.5725739026575094,0.5838757838160645,6698,3,2232.6666666666665,0.20864848149022985,-0.1752273023258346,0.41592387668505293,complete
justise_winslow_2017_MIA,Justise Winslow,2017-18,3,re_signed_standard,roster_continuity,-2.8625131256562826,-3.5843892194609723,0.7218760938046901,2857,2,-0.8308326463314097,-1.7154987633965377,0.8308326463314097,3639,2,1819.5,2.031680479324873,1.8688904560644346,0.10895655252671965,complete
jusuf_nurkic_2017_POR,Jusuf Nurkic,2017-18,3,re_signed_standard,roster_continuity,-1.4644994840041279,-2.0209494324045405,0.5564499484004128,1938,2,1.7980797636632202,0.45509601181683906,1.3915805022156573,4062,2,2031,3.262579247667348,2.4760454442213797,0.8351305538152445,complete
karl-anthony_towns_2017_MIN,Karl-Anthony Towns,2017-18,3,re_signed_standard,roster_continuity,3.539048965882977,4.106858759059572,-0.5606858759059572,5657,2,5.926375939849624,5.466195488721804,0.4601804511278195,6650,3,2216.6666666666665,2.387326973966647,1.3593367296622318,1.0208663270337768,complete
kawhi_leonard_2017_SAS,Kawhi Leonard,2017-18,3,re_signed_standard,roster_continuity,9.25290482076638,6.609682735887927,2.592253811289658,4854,2,8.008024691358026,6.290123456790123,1.7179012345679012,3888,2,1944,-1.2448801294083545,-0.31955927909780346,-0.8743525767217568,complete
kay_felder_2017_DET,Kay Felder,2017-18,3,new_team,team_change,NA,NA,NA,NA,NA,NA,NA,NA,NA,NA,NA,NA,NA,NA,missing_data
kelly_olynyk_2017_MIA,Kelly Olynyk,2017-18,3,new_team,team_change,1.0609955676781453,0.41343334469826115,0.6951244459597682,2933,2,1.3617051727663054,0.3260069515436516,1.0356982212226538,4891,3,1630.3333333333333,0.30070960508816014,-0.08742639315460954,0.34057377526288557,complete
kelly_oubre_2017_WAS,Kelly Oubre Jr.,2017-18,3,re_signed_standard,roster_continuity,-3.760149384885765,-3.6127416520210898,-0.14740773286467487,2276,2,-1.1610427939006394,-0.7755369732743073,-0.41719954090834566,6099,3,2033,2.5991065909851256,2.8372046787467826,-0.26979180804367076,complete
kemba_walker_2017_CHA,Kemba Walker,2017-18,3,re_signed_standard,roster_continuity,4.048701991465149,4.181827880512091,-0.13312588904694173,5624,2,4.220378695000681,4.942460155292196,-0.7220814602915134,7341,3,2447,0.17167670353553177,0.7606322747801046,-0.5889555712445718,complete
kenneth_faried_2017_DEN,Kenneth Faried,2017-18,3,re_signed_standard,roster_continuity,0.3,1.6133110367892973,-1.3133110367892977,2990,2,-0.19999999999999998,1.3,-1.5,728,1,728,-0.5,-0.3133110367892973,-0.18668896321070227,complete
kent_bazemore_2017_ATL,Kent Bazemore,2017-18,3,re_signed_standard,roster_continuity,-0.3307217004448838,-1.636653484923381,1.3059317844784972,4046,2,-1.51748046875,-2.06294921875,0.5125,5120,3,1706.6666666666667,-1.1867587683051162,-0.4262957338266191,-0.7934317844784973,complete
kentavious_caldwell-pope_2017_LAL,Kentavious Caldwell-Pope,2017-18,3,new_team,team_change,-0.2524445280180519,-0.8622226400902595,0.6097781120722077,5318,2,-0.27013589128697046,-0.5928217426059154,0.3159232613908873,6255,3,2085,-0.01769136326891857,0.26940089748434415,-0.2938548506813204,complete
kevin_durant_2017_GSW,Kevin Durant,2017-18,3,re_signed_standard,roster_continuity,9.454647160068847,7.642900172117039,1.8672117039586917,4648,2,6.332504475830516,6.001253232544261,0.3312512432862542,5027,2,2513.5,-3.122142684238331,-1.6416469395727775,-1.5359604606724375,complete
kevin_love_2017_CLE,Kevin Love,2017-18,3,re_signed_standard,roster_continuity,2.775052216291483,3.1312369459271294,-0.35618472963564635,4309,2,2.4733432613551747,3.482477041449491,-0.991089600397121,4029,3,1343,-0.30170895493630834,0.3512400955223618,-0.6349048707614746,complete
kevon_looney_2017_GSW,Kevon Looney,2017-18,3,re_signed_standard,roster_continuity,NA,NA,NA,NA,NA,0.23358427436219156,-0.3947720618987871,0.6283563362609788,2391,2,1195.5,NA,NA,NA,missing_data
klay_thompson_2017_GSW,Klay Thompson,2017-18,3,re_signed_standard,roster_continuity,1.301599247412982,2.901599247412982,-1.6,5315,2,-0.34858472276075997,1.3915083365645597,-1.7400930593253199,5158,2,2579,-1.650183970173742,-1.5100909108484224,-0.1400930593253198,complete
kosta_koufos_2017_SAC,Kosta Koufos,2017-18,3,re_signed_standard,roster_continuity,-2.2445708376421925,-1.6913133402275078,-0.502171664943123,2901,2,-1.1955625990491283,-1.1016376122556788,-0.09392498679344954,1893,2,946.5,1.0490082385930641,0.589675727971829,0.4082466781496735,complete
kris_dunn_2017_CHI,Kris Dunn,2017-18,3,new_team,team_change,-2.8,-4.5,1.8,1333,1,-1.552522113315802,-2.9575424336600524,1.4078890748266797,4183,3,1394.3333333333333,1.2474778866841978,1.5424575663399476,-0.39211092517332036,complete
kristaps_porzingis_2017_NYK,Kristaps Porzingis,2017-18,3,re_signed_standard,roster_continuity,0.5916646877226313,0.6513892187128948,-0.008335312277368775,4211,2,1.853875853875854,1.846124146124146,0.00775170775170775,3367,2,1683.5,1.2622111661532227,1.1947349274112513,0.016087020029076526,complete
kyle_anderson_2017_SAS,Kyle Anderson,2017-18,3,re_signed_standard,roster_continuity,1.5801324503311258,-1.5649006622516557,3.1450331125827815,2265,2,1.618217476574417,-1.0537807801263892,2.6719982567008063,4589,3,1529.6666666666667,0.03808502624329124,0.5111198821252665,-0.47303485588197525,complete
kyle_korver_2017_CLE,Kyle Korver,2017-18,3,re_signed_standard,roster_continuity,-0.577997111218103,-0.6559942224362061,0.1357968223399133,4154,2,-0.06623578076525335,0.3925025853154085,-0.41804550155118925,3868,3,1289.3333333333333,0.5117613304528497,1.0484968077516146,-0.5538423238911026,complete
kyle_lowry_2017_TOR,Kyle Lowry,2017-18,3,re_signed_standard,roster_continuity,5.932129538763493,5.184474975466143,0.7916977428851816,5095,2,3.6439671602404338,2.957733470165665,0.6862336900747691,6821,3,2273.6666666666665,-2.2881623785230594,-2.2267415053004784,-0.10546405281041249,complete
kyle_oquinn_2017_NYK,Kyle O'Quinn,2017-18,3,re_signed_standard,roster_continuity,1.324987456096337,-0.2600100351229303,1.5849974912192673,1993,2,3.1,0.4,2.6,1387,1,1387,1.775012543903663,0.6600100351229303,1.0150025087807328,complete
kyle_singler_2017_OKC,Kyle Singler,2017-18,3,re_signed_standard,roster_continuity,-3.2,-3.1,-0.1,977,1,NA,NA,NA,NA,NA,NA,NA,NA,NA,missing_data
kyrie_irving_2017_BOS,Kyrie Irving,2017-18,3,new_team,team_change,2.9625715648854962,4.103506679389313,-1.1011688931297712,4192,2,7.3087028940245675,6.256714553404122,0.9921923797626483,4803,3,1601,4.346131329139071,2.153207874014809,2.0933612728924196,complete
lamarcus_aldridge_2017_SAS,LaMarcus Aldridge,2017-18,3,re_signed_standard,roster_continuity,1.537924281984334,1.3395343777197564,0.1983899042645779,4596,2,2.457165467625899,2.9344892086330936,-0.5025611510791367,6950,3,2316.6666666666665,0.9192411856415652,1.5949548309133372,-0.7009510553437146,complete
lance_thomas_2017_NYK,Lance Thomas,2017-18,3,re_signed_standard,roster_continuity,-3.3273125822007894,-1.997062691801841,-1.330249890398948,2281,2,-4.433146067415731,-3.7865168539325844,-0.6466292134831461,2136,2,1068,-1.1058334852149412,-1.7894541621307434,0.6836206769158019,complete
langston_galloway_2017_DET,Langston Galloway,2017-18,3,new_team,team_change,-1.5508786848072562,-1.615249433106576,0.10674603174603171,3528,2,-0.9032018561484919,-0.4044315545243619,-0.5582830626450116,4310,3,1436.6666666666667,0.6476768286587643,1.2108178785822141,-0.6650290943910433,complete
larry_nance_2017_CLE,Larry Nance Jr.,2017-18,3,new_team,team_change,-0.38175775480059093,-1.1142540620384045,0.7324963072378139,2708,2,2.1802047781569964,1.0952858361774744,1.1163182593856655,4688,3,1562.6666666666667,2.5619625329575872,2.209539898215879,0.38382195214785164,complete
lebron_james_2017_CLE,LeBron James,2017-18,3,re_signed_standard,roster_continuity,8.289187715791385,6.695366163910595,1.593821551880792,5503,2,8.418271740623712,6.837779914823464,1.6071026239868114,7279,3,2426.3333333333335,0.12908402483232706,0.14241375091286912,0.013281072106019254,complete
lou_williams_2017_LAC,Lou Williams,2017-18,3,new_team,team_change,2.6289925660087152,3.5245321712381443,-0.8955396052294283,3901,2,1.8064070741545144,3.6525752404591993,-1.7770865653118213,6446,3,2148.6666666666665,-0.8225854918542008,0.12804306922105502,-0.881546960082393,complete
luc_mbah_a_moute_2017_HOU,Luc Mbah a Moute,2017-18,3,new_team,team_change,-1.198889251878471,-2.265926167918981,1.0086573015354459,3061,2,-0.2,-1.6,1.4,1564,1,1564,0.9988892518784711,0.6659261679189807,0.39134269846455405,complete
lucas_nogueira_2017_TOR,Lucas Nogueira,2017-18,3,re_signed_standard,roster_continuity,2,-1,3,1088,1,NA,NA,NA,NA,NA,NA,NA,NA,NA,missing_data
luke_babbitt_2017_MIA,Luke Babbitt,2017-18,3,re_signed_standard,roster_continuity,-2.2212041884816753,-1.557591623036649,-0.7193717277486911,1910,2,-2.4,-0.9,-1.5,715,1,715,-0.17879581151832458,0.6575916230366491,-0.7806282722513089,complete
luol_deng_2017_LAL,Luol Deng,2017-18,3,re_signed_standard,roster_continuity,-0.3106701030927835,-0.10427835051546396,-0.10639175257731959,3880,2,NA,NA,NA,NA,NA,NA,NA,NA,NA,missing_data
malachi_richardson_2017_TOR,Malachi Richardson,2017-18,3,new_team,team_change,NA,NA,NA,NA,NA,NA,NA,NA,NA,NA,NA,NA,NA,NA,missing_data
malcolm_brogdon_2017_MIL,Malcolm Brogdon,2017-18,3,re_signed_standard,roster_continuity,-0.4,0,-0.4,1982,1,1.0753952168625862,1.4901094446696392,-0.4227401702472639,4934,3,1644.6666666666667,1.4753952168625863,1.4901094446696392,-0.02274017024726388,complete
malcolm_delaney_2017_ATL,Malcolm Delaney,2017-18,3,re_signed_standard,roster_continuity,-5.6,-5.3,-0.3,1248,1,-2.6,-2.2,-0.4,1014,1,1014,2.9999999999999996,3.0999999999999996,-0.10000000000000003,complete
malik_beasley_2017_DEN,Malik Beasley,2017-18,3,re_signed_standard,roster_continuity,NA,NA,NA,NA,NA,-1.2439117406701172,-0.20220648324707163,-1.0417052574230454,3671,3,1223.6666666666667,NA,NA,NA,missing_data
manu_ginobili_2017_SAS,Manu Ginobili,2017-18,3,re_signed_standard,roster_continuity,2.428783505154639,0.282020618556701,2.146762886597938,2425,2,-1.3,-1.5,0.2,1299,1,1299,-3.728783505154639,-1.7820206185567011,-1.946762886597938,complete
marc_gasol_2017_MEM,Marc Gasol,2017-18,3,re_signed_standard,roster_continuity,3.7496298010180475,2.5568255437297545,1.1928042572882922,4322,2,2.4891923397169027,0.7742214820982515,1.714970857618651,6005,3,2001.6666666666667,-1.2604374613011449,-1.782604061631503,0.5221666003303589,complete
marcin_gortat_2017_WAS,Marcin Gortat,2017-18,3,re_signed_standard,roster_continuity,-0.14364089775561104,0.07506234413965088,-0.21870324189526186,4812,2,-0.7860226468506724,-1.039171974522293,0.32657466383581035,2826,2,1413,-0.6423817490950613,-1.114234318661944,0.5452779057310722,complete
marco_belinelli_2017_PHI,Marco Belinelli,2017-18,3,new_team,team_change,-2.4085217391304345,-1.3269565217391304,-1.0815652173913044,3450,2,-1.3871044133476857,-0.1607750269106566,-1.1844133476856835,4645,3,1548.3333333333333,1.0214173257827488,1.1661814948284737,-0.10284813029437911,complete
marcus_morris_2017_BOS,Marcus Morris Sr.,2017-18,3,new_team,team_change,-0.6258439402324296,-0.5365799667957941,-0.08926397343663531,5421,2,-0.40586944596818436,0.10956299140610712,-0.5417992320351068,5469,3,1823,0.21997449426424526,0.6461429582019013,-0.45253525859847155,complete
marcus_smart_2017_BOS,Marcus Smart,2017-18,3,re_signed_standard,roster_continuity,-1.1770044269552387,-2.0229955730447613,0.8459911460895229,4066,2,0.43778126635269493,-1.0517006802721087,1.5176347462061748,5733,3,1911,1.6147856933079336,0.9712948927726526,0.6716436001166519,complete
mario_hezonja_2017_ORL,Mario Hezonja,2017-18,3,re_signed_standard,roster_continuity,-3.8686472819216178,-3.087737041719342,-0.7809102402022755,2373,2,-2.1256561328334227,-2.252919121585431,0.1272629887520086,3734,3,1244.6666666666667,1.742991149088195,0.834817920133911,0.9081732289542841,complete
markieff_morris_2017_WAS,Markieff Morris,2017-18,3,re_signed_standard,roster_continuity,-1.8662503122658007,-1.7662503122658004,-0.1,4003,2,-1.8895819209039548,-1.4759548022598872,-0.36915254237288136,4425,3,1475,-0.02333160863815409,0.29029551000591325,-0.26915254237288133,complete
marquese_chriss_2017_PHX,Marquese Chriss,2017-18,3,re_signed_standard,roster_continuity,-2.2,-2.2,-0.1,1743,1,-1.3066470804260006,-1.7944913698127067,0.4878442893867059,2723,2,1361.5,0.8933529195739995,0.40550863018729344,0.5878442893867059,complete
marreese_speights_2017_ORL,Marreese Speights,2017-18,3,new_team,team_change,-1.0891406987724268,-0.3570349386213408,-0.7713881019830028,2118,2,-1.1,0.2,-1.4,675,1,675,-0.010859301227573281,0.5570349386213408,-0.6286118980169971,complete
marshall_plumlee_2017_MIL,Marshall Plumlee,2017-18,3,new_team,team_change,NA,NA,NA,NA,NA,NA,NA,NA,NA,NA,NA,NA,NA,NA,missing_data
marvin_williams_2017_CHA,Marvin Williams,2017-18,3,re_signed_standard,roster_continuity,1.3625296783941292,1.0102093675804016,0.3018562486509821,4633,2,0.1307327258921792,-0.2763857251328778,0.4095292331055429,5268,3,1756,-1.2317969525019499,-1.2865950927132794,0.1076729844545608,complete
mason_plumlee_2017_DEN,Mason Plumlee,2017-18,3,re_signed_standard,roster_continuity,1.753780718336484,0.3045368620037807,1.4984877126654066,4232,2,1.5303051809794181,-0.47016796782588127,1.9664300922640172,4227,3,1409,-0.22347553735706582,-0.7747048298296619,0.4679423795986106,complete
matthew_dellavedova_2017_MIL,Matthew Dellavedova,2017-18,3,re_signed_standard,roster_continuity,-2.746327536984168,-1.6277965221905009,-1.1700752660264728,3853,2,-4.680085287846482,-2.57773987206823,-2.1369722814498933,2345,3,781.6666666666666,-1.9337577508623136,-0.949943349877729,-0.9668970154234204,complete
maurice_harkless_2017_POR,Maurice Harkless,2017-18,3,re_signed_standard,roster_continuity,-0.5604076086956522,-0.6812228260869565,0.060407608695652176,3680,2,0.4289332683877252,-1.3713589868485143,1.7695080370189964,4106,3,1368.6666666666667,0.9893408770833774,-0.6901361607615578,1.7091004283233442,complete
meyers_leonard_2017_POR,Meyers Leonard,2017-18,3,re_signed_standard,roster_continuity,-2.465244618395303,-1.8174168297455968,-0.6,2555,2,0.3398535564853557,-0.014225941422594167,0.3540794979079498,1912,2,956,2.805098174880659,1.8031908883230026,0.9540794979079498,complete
michael_beasley_2017_NYK,Michael Beasley,2017-18,3,new_team,team_change,-0.8,0,-0.8,935,1,-0.2,0.6,-0.8,1653,1,1653,0.6000000000000001,0.6,0,complete
michael_carter-williams_2017_CHA,Michael Carter-Williams,2017-18,3,new_team,team_change,-1.5476953907815632,-2.4511422845691384,0.8373547094188376,2495,2,-0.7009592326139089,-2.4010791366906474,1.7001199040767387,1668,2,834,0.8467361581676542,0.05006314787849098,0.8627651946579011,complete
michael_kidd-gilchrist_2017_CHA,Michael Kidd-Gilchrist,2017-18,3,re_signed_standard,roster_continuity,-0.7,-1.6,0.8999999999999999,2349,1,-2.216771211620997,-2.177847474413998,-0.03892373720699901,3029,2,1514.5,-1.5167712116209973,-0.5778474744139981,-0.938923737206999,complete
mike_conley_2017_MEM,Mike Conley,2017-18,3,re_signed_standard,roster_continuity,5.148926720947446,4.913767579570688,0.235159141376758,4053,2,3.0813225371120105,3.165263157894737,-0.08394062078272604,3705,2,1852.5,-2.0676041838354355,-1.7485044216759515,-0.31909976215948405,complete
mike_muscala_2017_ATL,Mike Muscala,2017-18,3,re_signed_standard,roster_continuity,0.47291897891231965,-0.7270810210876804,1.1999999999999997,1802,2,-0.40020422055820293,-0.22791014295439072,-0.13621511232130704,2938,3,979.3333333333334,-0.8731231994705226,0.49917087813328964,-1.3362151123213069,complete
miles_plumlee_2017_ATL,Miles Plumlee,2017-18,3,new_team,team_change,-1.5,-0.2,-1.3,870,1,-3.8,-3.7,-0.1,918,1,918,-2.3,-3.5,1.2,complete
mindaugas_kuzminskas_2017_NYK,Mindaugas Kuzminskas,2017-18,3,re_signed_standard,roster_continuity,-1.9,-0.6,-1.4,1016,1,NA,NA,NA,NA,NA,NA,NA,NA,NA,missing_data
mirza_teletovic_2017_MIL,Mirza Teletovic,2017-18,3,re_signed_standard,roster_continuity,-0.7497694217807731,0.991379921958141,-1.6813409010287335,2819,2,NA,NA,NA,NA,NA,NA,NA,NA,NA,missing_data
montrezl_harrell_2017_LAC,Montrezl Harrell,2017-18,3,new_team,team_change,1,0.9,0.1,1064,1,3.165461538461538,2.690692307692308,0.5084038461538462,5200,3,1733.3333333333333,2.165461538461538,1.790692307692308,0.4084038461538462,complete
myles_turner_2017_IND,Myles Turner,2017-18,3,re_signed_standard,roster_continuity,0.1555527123848516,-0.8345701125895599,0.9251023541453429,3908,2,0.8844317592112091,-0.506417574814046,1.354194775990313,5781,3,1927,0.7288790468263575,0.3281525377755139,0.4290924218449701,complete
nemanja_bjelica_2017_MIN,Nemanja Bjelica,2017-18,3,re_signed_standard,roster_continuity,-1.1728476821192053,-1.3728476821192053,0.2,2265,2,1.0379303675048357,0.5785880077369439,0.4204448742746615,5170,3,1723.3333333333333,2.2107780496240412,1.9514356898561491,0.22044487427466147,complete
nene_2017_HOU,Nene,2017-18,3,re_signed_standard,roster_continuity,0.6090750436300174,-0.6205061082024433,1.181849912739965,2292,2,-1.5024539877300613,-2.2280674846625765,0.7256134969325154,1304,2,652,-2.111529031360079,-1.6075613764601333,-0.45623641580744967,complete
nerlens_noel_2017_DAL,Nerlens Noel,2017-18,3,re_signed_standard,roster_continuity,0.7037848605577688,-1.0743027888446215,1.7780876494023905,3012,2,2.6164986251145743,-0.7351512373968836,3.351649862511457,2182,2,1091,1.9127137645568055,0.3391515514477379,1.5735622131090665,complete
nick_collison_2017_OKC,Nick Collison,2017-18,3,re_signed_standard,roster_continuity,-3.1,-3.6,0.5,699,1,NA,NA,NA,NA,NA,NA,NA,NA,NA,missing_data
nick_young_2017_GSW,Nick Young,2017-18,3,new_team,team_change,-1.5363847045191195,0.3833140208574738,-1.9196987253765934,2589,2,-3.5,-1.6,-1.9,1393,1,1393,-1.9636152954808805,-1.983314020857474,0.01969872537659345,complete
nicolas_batum_2017_CHA,Nicolas Batum,2017-18,3,re_signed_standard,roster_continuity,0.9933267522211253,0.8416584402764067,0.15166831194471866,5065,2,-0.18043388429752064,-0.4279545454545455,0.24752066115702478,4840,3,1613.3333333333333,-1.173760636518646,-1.2696129857309522,0.09585234921230612,complete
nicolas_brussino_2017_ATL,Nicolas Brussino,2017-18,3,new_team,team_change,-1.6,-1.7,0.1,521,1,NA,NA,NA,NA,NA,NA,NA,NA,NA,missing_data
nik_stauskas_2017_BKN,Nik Stauskas,2017-18,3,new_team,team_change,-3.2525894420815606,-2.1905178884163123,-1.1168126094570927,3997,2,-2.0360208062418725,-0.9040312093628089,-1.1319895968790636,1538,2,769,1.216568635839688,1.2864866790535034,-0.015176987421970933,complete
nikola_jokic_2017_DEN,Nikola Jokic,2017-18,3,re_signed_standard,roster_continuity,5.737496685229382,4.383452665075577,1.3540440201538055,3771,2,7.816765069339558,5.673582314980091,2.1752574488534946,7283,3,2427.6666666666665,2.0792683841101764,1.2901296499045136,0.821213428699689,complete
nikola_mirotic_2017_NOP,Nikola Mirotic,2017-18,3,new_team,team_change,1.09603007518797,0.5960300751879699,0.4504962406015038,3325,2,1.8818181818181818,2.3181818181818183,-0.4363636363636364,2739,2,1369.5,0.7857881066302119,1.7221517429938484,-0.8868598769651401,complete
nikola_vucevic_2017_ORL,Nikola Vucevic,2017-18,3,re_signed_standard,roster_continuity,1.6425,1.3335,0.309,4200,2,4.7652560167985785,3.683362946212244,1.1224357938943628,6191,3,2063.6666666666665,3.1227560167985784,2.349862946212244,0.8134357938943628,complete
noah_vonleh_2017_CHI,Noah Vonleh,2017-18,3,new_team,team_change,-4.04440344403444,-3.4332103321033203,-0.6111931119311194,2439,2,-0.9021563342318057,-1.1663072776280323,0.2641509433962264,2597,2,1298.5,3.1422471098026348,2.266903054475288,0.8753440553273457,complete
norman_powell_2017_TOR,Norman Powell,2017-18,3,re_signed_standard,roster_continuity,-0.4307214524605829,-0.5653607262302914,0.16927854753941712,2093,2,-0.24815925824924998,-0.71911644395964,0.44199618216525777,3667,3,1222.3333333333333,0.18256219421133293,-0.1537557177293486,0.27271763462584064,complete
okaro_white_2017_MIA,Okaro White,2017-18,3,re_signed_standard,roster_continuity,NA,NA,NA,NA,NA,NA,NA,NA,NA,NA,NA,NA,NA,NA,missing_data
omer_asik_2017_CHI,Omer Asik,2017-18,3,new_team,team_change,-3.8,-2.8,-1,1178,1,NA,NA,NA,NA,NA,NA,NA,NA,NA,missing_data
omri_casspi_2017_GSW,Omri Casspi,2017-18,3,new_team,team_change,-0.7410225921521997,-0.3645659928656361,-0.27645659928656363,2523,2,-0.3634920634920635,-0.6523809523809524,0.28888888888888886,1260,2,630,0.3775305286601362,-0.28781495951531627,0.5653454881754525,complete
otto_porter_2017_WAS,Otto Porter Jr.,2017-18,3,re_signed_standard,roster_continuity,2.2741446424912928,1.4207744314689612,0.8533702110223316,4881,2,2.436622114216282,1.8638153098420414,0.6319076549210207,4115,2,2057.5,0.16247747172498928,0.44304087837308015,-0.22146255610131083,complete
pascal_siakam_2017_TOR,Pascal Siakam,2017-18,3,re_signed_standard,roster_continuity,-2.4,-3,0.7,859,1,1.90877386776077,0.9967019094208617,0.9120719583399085,6337,3,2112.3333333333335,4.30877386776077,3.9967019094208616,0.21207195833990855,complete
pat_connaughton_2017_POR,Pat Connaughton,2017-18,3,re_signed_standard,roster_continuity,NA,NA,NA,NA,NA,-0.10506012024048099,-0.8191382765531062,0.6824899799599199,3992,3,1330.6666666666667,NA,NA,NA,missing_data
patrick_beverley_2017_LAC,Patrick Beverley,2017-18,3,new_team,team_change,0.6518663088558185,-0.10041473530129301,0.7526957794584044,4099,2,1.4014659384880712,-0.3,1.7014659384880713,3479,2,1739.5,0.7495996296322527,-0.19958526469870697,0.9487701590296669,complete
patrick_mccaw_2017_GSW,Patrick McCaw,2017-18,3,re_signed_standard,roster_continuity,-2.4,-2.4,0.1,1074,1,-2.9826110219368647,-3.959925093632959,0.9258962011771,1869,2,934.5,-0.5826110219368648,-1.559925093632959,0.8258962011771,complete
patrick_patterson_2017_OKC,Patrick Patterson,2017-18,3,new_team,team_change,-0.011633047803260568,-0.055816523901630284,0.044183476098369714,3619,2,-0.7477468180254557,-0.9030615755073959,0.18493292053663568,2907,3,969,-0.7361137702221952,-0.8472450516057656,0.14074944443826598,complete
patty_mills_2017_SAS,Patty Mills,2017-18,3,re_signed_standard,roster_continuity,1.5513466042154567,1.10807962529274,0.44326697892271655,3416,2,-0.48716363636363635,0.2329090909090909,-0.7547636363636363,5500,3,1833.3333333333333,-2.038510240579093,-0.8751705343836491,-1.198030615286353,complete
pau_gasol_2017_SAS,Pau Gasol,2017-18,3,re_signed_standard,roster_continuity,4.526263399693722,2.6584737110770806,1.967789688616641,3918,2,3.4,1.5,1.9,1812,1,1812,-1.126263399693722,-1.1584737110770806,-0.06778968861664114,complete
paul_george_2017_OKC,Paul George,2017-18,3,new_team,team_change,4.021241830065359,3.358260711692085,0.6629811183732752,5508,2,5.005202069640609,3.90869808418403,1.0965039854565795,7151,3,2383.6666666666665,0.98396023957525,0.5504373724919454,0.43352286708330423,complete
paul_millsap_2017_DEN,Paul Millsap,2017-18,3,new_team,team_change,3.2139679358717435,1.1713226452905812,2.0426452905811625,4990,2,0.8888966806919121,0.5039036933146329,0.3849929873772791,4278,3,1426,-2.3250712551798314,-0.6674189519759482,-1.6576523032038835,complete
paul_zipser_2017_CHI,Paul Zipser,2017-18,3,re_signed_standard,roster_continuity,-4.4,-4.2,-0.20000000000000004,843,1,-6.1,-5.5,-0.5,824,1,824,-1.6999999999999993,-1.2999999999999998,-0.29999999999999993,complete
pj_tucker_2017_HOU,P.J. Tucker,2017-18,3,new_team,team_change,-0.7786432160804021,-1.5,0.774539363484087,4776,2,-1.175841059602649,-1.9520397350993377,0.8088741721854305,7550,3,2516.6666666666665,-0.39719784352224685,-0.4520397350993377,0.03433480870134342,complete
quincy_acy_2017_BKN,Quincy Acy,2017-18,3,re_signed_standard,roster_continuity,-0.8782426778242677,-0.7058577405857741,-0.1112970711297071,1434,2,-2.5,-2.6,0.1,1359,1,1359,-1.6217573221757324,-1.894142259414226,0.2112970711297071,complete
rajon_rondo_2017_NOP,Rajon Rondo,2017-18,3,new_team,team_change,0.36883561643835616,-0.09401826484018269,0.42077625570776256,4380,2,-0.971562345983243,-0.8644898965007392,-0.12483982257269592,4058,3,1352.6666666666667,-1.3403979624215991,-0.7704716316605564,-0.5456160782804584,complete
ramon_sessions_2017_WAS,Ramon Sessions,2017-18,3,new_team,team_change,-0.9872881355932204,-0.5200161420500403,-0.46727199354318,2478,2,NA,NA,NA,NA,NA,NA,NA,NA,NA,missing_data
rashad_vaughn_2017_ORL,Rashad Vaughn,2017-18,3,new_team,team_change,-5.7,-4.4,-1.3,1001,1,NA,NA,NA,NA,NA,NA,NA,NA,NA,missing_data
raul_neto_2017_UTA,Raul Neto,2017-18,3,re_signed_standard,roster_continuity,-2,-2.3,0.3,1499,1,-1.8,-1.2,-0.6,668,1,668,0.19999999999999996,1.0999999999999999,-0.8999999999999999,complete
raymond_felton_2017_OKC,Raymond Felton,2017-18,3,new_team,team_change,-1.4689619732785202,-1.8310380267214799,0.36207605344295996,3892,2,-0.6,-0.3,-0.3,1365,1,1365,0.8689619732785202,1.5310380267214798,-0.6620760534429599,complete
reggie_bullock_2017_DET,Reggie Bullock,2017-18,3,re_signed_standard,roster_continuity,NA,NA,NA,NA,NA,-0.6767171129220023,-0.469871944121071,-0.2227706635622817,4295,3,1431.6666666666667,NA,NA,NA,missing_data
reggie_jackson_2017_DET,Reggie Jackson,2017-18,3,re_signed_standard,roster_continuity,1.330769230769231,2.28981288981289,-0.896049896049896,3848,2,0.03260099220411056,1.127120245688637,-1.0945192534845263,4233,3,1411,-1.2981682385651203,-1.162692644124253,-0.19846935743463023,complete
richard_jefferson_2017_DEN,Richard Jefferson,2017-18,3,new_team,team_change,-2.243061224489796,-2.094081632653061,-0.10387755102040816,2940,2,NA,NA,NA,NA,NA,NA,NA,NA,NA,missing_data
richaun_holmes_2017_PHI,Richaun Holmes,2017-18,3,re_signed_standard,roster_continuity,0.07387862796833773,-0.09271767810026388,0.16659630606860157,1895,2,0.8742118537200504,0.08423707440100882,0.7899747793190415,3172,3,1057.3333333333333,0.8003332257517126,0.17695475250127268,0.6233784732504399,complete
ricky_rubio_2017_UTA,Ricky Rubio,2017-18,3,new_team,team_change,1.3362896494156928,1.1030467445742904,0.28476627712854763,4792,2,0.520992057059491,-0.3348354676608851,0.8596855243961744,6169,3,2056.3333333333335,-0.8152975923562018,-1.4378822122351755,0.5749192472676268,complete
robert_covington_2017_PHI,Robert Covington,2017-18,3,re_signed_standard,roster_continuity,-0.3204624564893088,-1.1526852312282447,0.7849080059671806,4022,2,0.974591280653951,-0.625391689373297,1.636376021798365,5872,3,1957.3333333333333,1.2950537371432598,0.5272935418549477,0.8514680158311844,complete
robin_lopez_2017_CHI,Robin Lopez,2017-18,3,re_signed_standard,roster_continuity,-1.2115812917594657,-0.5104231625835188,-0.6517371937639198,4490,2,-2.1768218147625764,-1.2596614950634697,-0.9549130230371414,4254,3,1418,-0.9652405230031107,-0.7492383324799509,-0.3031758292732216,complete
rodney_hood_2017_CLE,Rodney Hood,2017-18,3,new_team,team_change,0.08345428156748906,0.19905660377358486,-0.11560232220609579,4134,2,-1.0912548449612403,-0.2970930232558139,-0.7941618217054264,4128,3,1376,-1.1747091265287293,-0.49614962702939874,-0.6785594994993306,complete
rodney_mcgruder_2017_MIA,Rodney McGruder,2017-18,3,re_signed_standard,roster_continuity,-1.9,-1.8,-0.1,1966,1,-2.5518380834365963,-2.739653035935564,0.2237918215613383,2421,2,1210.5,-0.6518380834365964,-0.9396530359355639,0.32379182156133834,complete
ron_baker_2017_NYK,Ron Baker,2017-18,3,re_signed_standard,roster_continuity,-4.7,-4.5,-0.29999999999999993,857,1,NA,NA,NA,NA,NA,NA,NA,NA,NA,missing_data
rondae_hollis-jefferson_2017_BKN,Rondae Hollis-Jefferson,2017-18,3,re_signed_standard,roster_continuity,-0.756439393939394,-1.9929292929292932,1.2364898989898991,2376,2,-0.6267072029934518,-1.3153414405986903,0.6886342376052386,4276,3,1425.3333333333333,0.12973219094594213,0.6775878523306029,-0.5478556613846606,complete
rudy_gobert_2017_UTA,Rudy Gobert,2017-18,3,re_signed_standard,roster_continuity,3.4910179640718564,1.2910179640718564,2.2,4676,2,4.235652691049658,1.9820844484091584,2.2918822479928638,6726,3,2242,0.744634726977802,0.691066484337302,0.0918822479928636,complete
russell_westbrook_2017_OKC,Russell Westbrook,2017-18,3,re_signed_supermax,supermax,9.465453890489913,7.560770893371757,1.9046829971181556,5552,2,4.623692875016462,3.2437244830765177,1.3799683919399448,7593,3,2531,-4.841761015473451,-4.317046410295239,-0.5247146051782108,complete
ryan_anderson_2017_HOU,Ryan Anderson,2017-18,3,re_signed_standard,roster_continuity,-0.3026188166828322,1.9434529582929196,-2.1947623666343357,4124,2,0.1,0.9,-0.8,1725,1,1725,0.40261881668283217,-1.0434529582929195,1.3947623666343356,complete
salah_mejri_2017_DAL,Salah Mejri,2017-18,3,re_signed_standard,roster_continuity,-0.7,-3,2.3,905,1,0.7,-2,2.8,729,1,729,1.4,1,0.5,complete
sam_dekker_2017_LAC,Sam Dekker,2017-18,3,new_team,team_change,-0.2,0.3,-0.6,1419,1,-2.3812687013764213,-1.6869539198084977,-0.6471573907839616,1671,2,835.5,-2.181268701376421,-1.9869539198084978,-0.04715739078396164,complete
sean_kilpatrick_2017_CHI,Sean Kilpatrick,2017-18,3,new_team,team_change,-2.2740084388185653,-0.40616033755274267,-1.841856540084388,2370,2,-2.8,-1.1,-1.7,640,1,640,-0.5259915611814345,-0.6938396624472574,0.14185654008438808,complete
serge_ibaka_2017_TOR,Serge Ibaka,2017-18,3,re_signed_standard,roster_continuity,-0.2555465258025193,-0.10792360828931327,-0.14762291751320603,4922,2,0.06105941302791696,0.06105941302791696,0.03596993557623479,5588,3,1862.6666666666667,0.31660593883043625,0.16898302131723023,0.18359285308944082,complete
seth_curry_2017_DAL,Seth Curry,2017-18,3,re_signed_standard,roster_continuity,0.8439544285189268,0.7745681734656376,0.06938625505328921,2721,2,-0.04645378151260498,0.7124705882352941,-0.8059495798319327,2975,2,1487.5,-0.8904082100315317,-0.06209758523034348,-0.8753358348852219,complete
shabazz_muhammad_2017_MIL,Shabazz Muhammad,2017-18,3,new_team,team_change,-2.452595372107567,0.5525953721075672,-3.005190744215134,3198,2,NA,NA,NA,NA,NA,NA,NA,NA,NA,missing_data
shabazz_napier_2017_POR,Shabazz Napier,2017-18,3,re_signed_standard,roster_continuity,-1.8028776978417265,-1.4474820143884892,-0.30935251798561153,1112,2,0.2772138788192646,-0.29274987053340235,0.5699637493526669,3862,3,1287.3333333333333,2.0800915766609913,1.1547321438550868,0.8793162673382784,complete
shaun_livingston_2017_GSW,Shaun Livingston,2017-18,3,re_signed_standard,roster_continuity,-1.0144851657940663,-1.7797556719022687,0.8183246073298429,2865,2,-2.1311545801526717,-2.2925095419847326,0.10749045801526716,2096,2,1048,-1.1166694143586053,-0.5127538700824639,-0.7108341493145758,complete
sheldon_mac_2017_WAS,Sheldon Mac,2017-18,3,re_signed_standard,roster_continuity,NA,NA,NA,NA,NA,NA,NA,NA,NA,NA,NA,NA,NA,NA,missing_data
shelvin_mack_2017_ORL,Shelvin Mack,2017-18,3,new_team,team_change,-1.97273530711445,-1.89222271321255,-0.08051259390190016,2263,2,-2.163538873994638,-1.9158176943699734,-0.29544235924932977,2611,2,1305.5,-0.19080356688018796,-0.023594981157423423,-0.2149297653474296,complete
skal_labissiere_2017_SAC,Skal Labissiere,2017-18,3,re_signed_standard,roster_continuity,-2.3,-0.9000000000000001,-1.4,612,1,-2.2607083563918096,-1.7744881018262313,-0.4862202545655783,1807,2,903.5,0.03929164360819026,-0.8744881018262312,0.9137797454344216,complete
smith_2017_CLE,JR Smith,2017-18,3,re_signed_standard,roster_continuity,-0.36959706959706967,-0.46892082276697655,0.13276979430825586,3549,2,-3,-2.1,-0.9,2244,1,2244,-2.6304029304029304,-1.6310791772330235,-1.0327697943082559,complete
solomon_hill_2017_NOP,Solomon Hill,2017-18,3,re_signed_standard,roster_continuity,-1.951604938271605,-2.8585185185185185,0.9069135802469136,3240,2,-2.54852492370295,-2.4912512716174975,-0.012614445574771144,1966,2,983,-0.5969199854313452,0.36726724690102097,-0.9195280258216847,complete
spencer_dinwiddie_2017_BKN,Spencer Dinwiddie,2017-18,3,re_signed_standard,roster_continuity,-1,-1.3,0.4,1334,1,0.9850659800450595,1.7800450595429675,-0.7949790794979079,6214,3,2071.3333333333335,1.9850659800450594,3.0800450595429676,-1.1949790794979078,complete
stanley_johnson_2017_DET,Stanley Johnson,2017-18,3,re_signed_standard,roster_continuity,-3.165500327011118,-3.903499018966645,0.7379986919555264,3058,2,-2.6274016763378465,-3.6495164410058023,1.0221147646679563,3102,2,1551,0.5380986506732715,0.2539825779608429,0.2841160727124299,complete
stephen_curry_2017_GSW,Stephen Curry,2017-18,3,re_signed_supermax,supermax,9.429037092544023,8.520906706631699,0.9575496440614462,5338,2,7.052826855123675,7.388162544169611,-0.2941696113074205,3962,2,1981,-2.3762102374203486,-1.132744162462088,-1.2517192553688665,complete
steven_adams_2017_OKC,Steven Adams,2017-18,3,re_signed_standard,roster_continuity,-0.017033840563252328,-0.10851692028162617,0.09148307971837384,4403,2,1.5423639555295494,1.3587185488589817,0.20822118197776482,6836,3,2278.6666666666665,1.5593977960928018,1.4672354691406078,0.11673810225939098,complete
taj_gibson_2017_MIN,Taj Gibson,2017-18,3,new_team,team_change,-0.7601273885350318,-0.7547261146496815,-0.005401273885350301,3925,2,-0.48907485745815704,-0.007651278278462391,-0.5315615228986573,5437,3,1812.3333333333333,0.27105253107687477,0.7470748363712192,-0.526160249013307,complete
tarik_black_2017_HOU,Tarik Black,2017-18,3,new_team,team_change,-3.2,-2.3,-0.9,1091,1,-2.6,-3.7,1.2,536,1,536,0.6000000000000001,-1.4000000000000004,2.1,complete
taurean_prince_2017_ATL,Taurean Prince,2017-18,3,re_signed_standard,roster_continuity,-1.8,-3.5,1.7,981,1,-1.906981099948919,-1.3593734037119019,-0.5476076962370169,5873,3,1957.6666666666667,-0.10698109994891891,2.140626596288098,-2.247607696237017,complete
terrence_ross_2017_ORL,Terrence Ross,2017-18,3,re_signed_standard,roster_continuity,0.03595353862776878,0.1247163695299838,-0.08876283090221503,3702,2,-0.1413235611123087,0.10694115111015305,-0.2482647122224617,4639,3,1546.3333333333333,-0.1772770997400775,-0.01777521841983075,-0.15950188132024667,complete
terry_rozier_2017_BOS,Terry Rozier,2017-18,3,re_signed_standard,roster_continuity,-1.4,-1.6,0.1,1263,1,0.5178482483812054,0.3882948696662793,0.12955337871492614,6023,3,2007.6666666666667,1.9178482483812052,1.9882948696662794,0.029553378714926137,complete
thabo_sefolosha_2017_UTA,Thabo Sefolosha,2017-18,3,new_team,team_change,0.609660107334526,-1.7855098389982111,2.3951699463327367,3354,2,2.183533568904594,-0.5746996466431096,2.7582332155477034,1415,2,707.5,1.5738734615700678,1.2108101923551016,0.3630632692149667,complete
thaddeus_young_2017_IND,Thaddeus Young,2017-18,3,re_signed_standard,roster_continuity,0.24084840654608097,-0.09267872523686477,0.33352713178294574,4644,2,0.35078510542844327,-0.26218034993270517,0.6129654553611484,6687,3,2229,0.1099366988823623,-0.1695016246958404,0.2794383235782027,complete
thon_maker_2017_MIL,Thon Maker,2017-18,3,re_signed_standard,roster_continuity,-2,-1.1,-0.9,562,1,-2.2055592766242462,-2.58861352980576,0.3415941058271935,2986,3,995.3333333333334,-0.20555927662424622,-1.4886135298057601,1.2415941058271935,complete
tim_frazier_2017_WAS,Tim Frazier,2017-18,3,new_team,team_change,-2.4710944395410417,-2.1729920564872023,-0.29810238305383935,2266,2,-1.4148110316649642,-1.9991828396322777,0.5415730337078652,1958,2,979,1.0562834078760774,0.17380921685492456,0.8396754167617047,complete
tim_hardaway_2017_NYK,Tim Hardaway Jr.,2017-18,3,new_team,team_change,0.09920477137176938,0.39880715705765407,-0.22823061630218686,3018,2,-0.9040444223437759,0.538040775733466,-1.510840377921432,6033,3,2011,-1.0032491937155452,0.1392336186758119,-1.2826097616192453,complete
timofey_mozgov_2017_BKN,Timofey Mozgov,2017-18,3,new_team,team_change,-2.7175308641975304,-2.2451851851851847,-0.5177777777777778,2430,2,NA,NA,NA,NA,NA,NA,NA,NA,NA,missing_data
timothe_luwawu-cabarrot_2017_PHI,Timothe Luwawu-Cabarrot,2017-18,3,re_signed_standard,roster_continuity,-4.6,-3.9,-0.7,1190,1,-3.7200944611421214,-2.9111206526406184,-0.8802490339201375,2329,3,776.3333333333334,0.8799055388578783,0.9888793473593815,-0.18024903392013758,complete
tj_mcconnell_2017_PHI,T.J. McConnell,2017-18,3,re_signed_standard,roster_continuity,-1.085905322278684,-1.7852366943032896,0.6993313720246056,3739,2,-0.14660151043980454,-1.2782763216348287,1.1316748111950243,4502,3,1500.6666666666667,0.9393038118388796,0.5069603726684608,0.43234343917041873,complete
tj_warren_2017_PHX,T.J. Warren,2017-18,3,re_signed_standard,roster_continuity,-0.5656831302116742,0.23726747915330337,-0.7686337395766517,3118,2,0.11409537166900428,0.9782608695652174,-0.8631136044880787,5704,3,1901.3333333333333,0.6797785018806785,0.740993390411914,-0.09447986491142701,complete
tobias_harris_2017_LAC,Tobias Harris,2017-18,3,new_team,team_change,1.5505314960629921,1.250531496062992,0.3,5080,2,1.4528557114228458,1.919438877755511,-0.46658316633266533,7984,3,2661.3333333333335,-0.09767578464014637,0.6689073816925188,-0.7665831663326653,complete
tomas_satoransky_2017_WAS,Tomas Satoransky,2017-18,3,re_signed_standard,roster_continuity,-2.4,-3.1,0.7,719,1,-0.3160598065083553,-0.28443271767810024,-0.03576077396657871,5685,3,1895,2.0839401934916446,2.8155672823219,-0.7357607739665787,complete
tony_allen_2017_NOP,Tony Allen,2017-18,3,new_team,team_change,-1,-2.0916808149405774,1.1458404074702886,3534,2,NA,NA,NA,NA,NA,NA,NA,NA,NA,missing_data
tony_parker_2017_SAS,Tony Parker,2017-18,3,re_signed_standard,roster_continuity,-0.9347350714886459,-0.6008410428931876,-0.28940285954583683,3567,2,-2.9614754098360656,-1.3327868852459015,-1.5770491803278688,2074,2,1037,-2.0267403383474196,-0.7319458423527139,-1.287646320782032,complete
tony_snell_2017_MIL,Tony Snell,2017-18,3,re_signed_standard,roster_continuity,-2.5227385207588675,-1.8942810008248556,-0.6284575199340114,3637,2,-1.7183873549419768,-1.2710484193677472,-0.4473389355742297,4998,3,1666,0.8043511658168907,0.6232325814571085,0.18111858435978173,complete
treveon_graham_2017_CHA,Treveon Graham,2017-18,3,re_signed_standard,roster_continuity,NA,NA,NA,NA,NA,-3.965441722345954,-3.625092798812175,-0.3403489235337788,2694,3,898,NA,NA,NA,missing_data
trevor_ariza_2017_HOU,Trevor Ariza,2017-18,3,re_signed_standard,roster_continuity,0.6954190340909091,0.0015269886363636403,0.6938920454545454,5632,2,-0.36195385370643113,-0.6111111111111112,0.24915725740468012,6111,3,2037,-1.0573728877973403,-0.6126380997474749,-0.4447347880498653,complete
trevor_booker_2017_IND,Trevor Booker,2017-18,3,new_team,team_change,-0.3108092144122858,-0.9481984642646192,0.637389249852333,3386,2,-0.6,-0.6,0,1158,1,1158,-0.28919078558771416,0.3481984642646192,-0.637389249852333,complete
trey_burke_2017_NYK,Trey Burke,2017-18,3,new_team,team_change,-1.3494441759304012,0.02044465925567905,-1.4038666022232964,2069,2,0.8111111111111111,2.125514403292181,-1.31440329218107,2430,3,810,2.1605552870415123,2.105069744036502,0.08946331004222641,complete
trey_lyles_2017_DEN,Trey Lyles,2017-18,3,new_team,team_change,-1.9823622047244098,-1.8735433070866145,-0.10881889763779529,2540,2,-0.6358804865150715,0.03450555261766261,-0.7,3782,3,1260.6666666666667,1.3464817182093385,1.908048859704277,-0.5911811023622047,complete
tristan_thompson_2017_CLE,Tristan Thompson,2017-18,3,re_signed_standard,roster_continuity,-0.2565472312703583,0.2463626492942454,-0.5029098805646036,4605,2,-1.5758707090954647,0.06539714357303929,-1.6412678526685043,3991,3,1330.3333333333333,-1.3193234778251064,-0.18096550572120612,-1.1383579721039006,complete
troy_daniels_2017_PHX,Troy Daniels,2017-18,3,new_team,team_change,-1.8,0.2,-1.9,1183,1,-2.9416609471516817,-1.0320521619766645,-1.9096087851750172,2914,3,971.3333333333334,-1.1416609471516816,-1.2320521619766645,-0.009608785175017287,complete
troy_williams_2017_NYK,Troy Williams,2017-18,3,new_team,team_change,-3.8,-4.3,0.6,557,1,NA,NA,NA,NA,NA,NA,NA,NA,NA,missing_data
tyler_ennis_2017_LAL,Tyler Ennis,2017-18,3,re_signed_standard,roster_continuity,-3.779227053140097,-2.7685990338164252,-0.9579710144927538,1242,2,-2.1,-3,0.9,683,1,683,1.6792270531400968,-0.23140096618357475,1.8579710144927537,complete
tyler_johnson_2017_MIA,Tyler Johnson,2017-18,3,re_signed_standard,roster_continuity,1.2013482407102927,0.25810588622163766,0.9148635317329825,3041,2,-0.7653379953379954,-0.8191841491841493,0.05384615384615385,4290,3,1430,-1.9666862360482882,-1.0772900354057868,-0.8610173778868286,complete
tyler_ulis_2017_PHX,Tyler Ulis,2017-18,3,re_signed_standard,roster_continuity,-2.4,-0.9,-1.4,1123,1,-4.4,-3,-1.4,1658,1,1658,-2.0000000000000004,-2.1,0,complete
tyler_zeller_2017_MIL,Tyler Zeller,2017-18,3,new_team,team_change,-2.9174089068825912,-2.14251012145749,-0.7748987854251013,1235,2,-1.4,-0.5,-0.9,1109,1,1109,1.5174089068825913,1.64251012145749,-0.12510121457489876,complete
tyreke_evans_2017_MEM,Tyreke Evans,2017-18,3,new_team,team_change,1.0403734707018675,0.8359304571796523,0.20444301352221506,1553,2,1.1452642073778663,1.498670654702559,-0.40681289464938514,3009,2,1504.5,0.1048907366759988,0.6627401975229067,-0.6112559081716002,complete
tyson_chandler_2017_PHX,Tyson Chandler,2017-18,3,re_signed_standard,roster_continuity,-0.4768175582990398,-0.13230452674897125,-0.2445130315500686,2916,2,-1.7023198420533068,-1.706959526159921,0.0046396841066140065,2026,2,1013,-1.2255022837542668,-1.5746549994109498,0.2491527156566826,complete
tyus_jones_2017_MIN,Tyus Jones,2017-18,3,re_signed_standard,roster_continuity,-0.9060133630289533,-1.1530066815144766,0.18953229398663693,1347,2,0.22934961258511388,-0.4895045785395633,0.7532988964545668,4259,3,1419.6666666666667,1.135362975614067,0.6635021029749133,0.5637666024679299,complete
udonis_haslem_2017_MIA,Udonis Haslem,2017-18,3,re_signed_standard,roster_continuity,NA,NA,NA,NA,NA,NA,NA,NA,NA,NA,NA,NA,NA,NA,missing_data
victor_oladipo_2017_IND,Victor Oladipo,2017-18,3,new_team,team_change,0.6375353184090414,0.3204738100412954,0.41706150836774614,4601,2,3.8763898746155667,2.688951975396262,1.2145729832032173,4227,3,1409,3.238854556206525,2.3684781653549667,0.7975114748354711,complete
vince_carter_2017_SAC,Vince Carter,2017-18,3,new_team,team_change,0.15485021398002854,-0.3358416547788873,0.49069186875891585,2804,2,-1.8344678217821782,-1.6079826732673268,-0.22648514851485152,3232,3,1077.3333333333333,-1.9893180357622067,-1.2721410184884396,-0.7171770172737674,complete
wade_baldwin_2017_POR,Wade Baldwin IV,2017-18,3,new_team,team_change,NA,NA,NA,NA,NA,NA,NA,NA,NA,NA,NA,NA,NA,NA,missing_data
wayne_ellington_2017_MIA,Wayne Ellington,2017-18,3,re_signed_standard,roster_continuity,-1.4998394863563402,-0.3924558587479936,-1.1073836276083466,3115,2,-0.20580082135523614,0.15187371663244353,-0.3576745379876797,3896,3,1298.6666666666667,1.294038665001104,0.5443295753804371,0.749709089620667,complete
wesley_johnson_2017_LAC,Wesley Johnson,2017-18,3,re_signed_standard,roster_continuity,-0.7888529886914378,-2.1579967689822293,1.3691437802907915,2476,2,-1.7838613861386137,-2.975841584158416,1.1184158415841583,2020,2,1010,-0.9950083974471758,-0.8178448151761866,-0.25072793870663324,complete
wesley_matthews_2017_DAL,Wesley Matthews,2017-18,3,re_signed_standard,roster_continuity,-0.9028993967697996,-0.8514496983848998,-0.051449698384899795,5139,2,-1.4725456718456549,-1.5894485231347106,0.05328666552842753,5857,3,1952.3333333333333,-0.5696462750758553,-0.7379988247498108,0.10473636391332733,complete
will_barton_2017_DEN,Will Barton,2017-18,3,re_signed_standard,roster_continuity,0.547905372104485,1.2000000000000002,-0.652094627895515,4058,2,0.5042674498963373,0.9129405666897029,-0.41596406357982035,5788,3,1929.3333333333333,-0.04363792220814766,-0.28705943331029726,0.23613056431569462,complete
willie_cauley-stein_2017_SAC,Willie Cauley-Stein,2017-18,3,re_signed_standard,roster_continuity,-0.9003176844334629,-1.0006353688669256,0.15015884221673137,2833,2,0.5602726933134105,-0.3159133358236832,0.9175196115054164,5354,3,1784.6666666666667,1.4605903777468734,0.6847220330432424,0.767360769288685,complete
willie_reed_2017_DET,Willie Reed,2017-18,3,new_team,team_change,-0.9,-0.9,0,1031,1,NA,NA,NA,NA,NA,NA,NA,NA,NA,missing_data
willy_hernangomez_2017_CHA,Willy Hernangomez,2017-18,3,new_team,team_change,-0.3,0.3,-0.5,1324,1,-0.1,1.1,-1.1,812,1,812,0.19999999999999998,0.8,-0.6000000000000001,complete
wilson_chandler_2017_DEN,Wilson Chandler,2017-18,3,re_signed_standard,roster_continuity,-1,0.5,-1.5,2197,1,-2.396993187690862,-1.8249706365985434,-0.5720225510923186,4257,3,1419,-1.3969931876908621,-2.324970636598543,0.9279774489076814,complete
yogi_ferrell_2017_DAL,Yogi Ferrell,2017-18,3,re_signed_standard,roster_continuity,-1.1,-0.8999999999999999,-0.3,1197,1,-1.4546532611497807,-1.2448053622067543,-0.15101830368651714,3879,3,1293,-0.3546532611497806,-0.3448053622067544,0.14898169631348285,complete
zach_lavine_2017_CHI,Zach LaVine,2017-18,3,new_team,team_change,-0.80784071234232,0.762379421221865,-1.51348008904279,4043,2,1.107593648208469,2.354662052117264,-1.247068403908795,4912,3,1637.3333333333333,1.915434360550789,1.592282630895399,0.26641168513399505,complete
zach_randolph_2017_SAC,Zach Randolph,2017-18,3,new_team,team_change,-0.39395055234087323,1.2120988953182534,-1.6530247238295634,3802,2,-1,0.5,-1.5,1508,1,1508,-0.6060494476591267,-0.7120988953182534,0.15302472382956345,complete
zaza_pachulia_2017_GSW,Zaza Pachulia,2017-18,3,re_signed_standard,roster_continuity,0.11002444987775059,-0.6100244498777506,0.6812958435207824,3272,2,-0.5695135135135134,-1.6966486486486485,1.1271351351351353,1850,2,925,-0.679537963391264,-1.086624198770898,0.4458392916143529,complete
aaron_gordon_2018_ORL,Aaron Gordon,2018-19,3,re_signed_standard,roster_continuity,-0.4101022106013787,0.24452103636795822,-0.6546232469693368,4207,2,0.2847530659595625,0.14335432548889626,0.14139874047066622,6034,3,2011.3333333333333,0.6948552765609413,-0.10116671087906196,0.7960219874400031,complete
abdel_nader_2018_OKC,Abdel Nader,2018-19,3,new_team,team_change,-5.3,-5.5,0.2,522,1,-1.9780909673286355,-2.2670083279948754,0.24445868033311982,1561,2,780.5,3.321909032671364,3.2329916720051246,0.04445868033311981,complete
al_horford_2018_BOS,Al Horford,2018-19,3,re_signed_standard,roster_continuity,3.9093959731543624,2.3509395973154366,1.5584563758389263,4470,2,3.5933263598326355,2.2400418410041842,1.4369246861924687,4780,3,1593.3333333333333,-0.3160696133217269,-0.11089775631125232,-0.12153168964645755,complete
al-farouq_aminu_2018_POR,Al-Farouq Aminu,2018-19,3,re_signed_standard,roster_continuity,-0.2916775032509753,-1.022782834850455,0.777217165149545,3845,2,0.7,0.1,0.6,2292,1,2292,0.9916775032509753,1.1227828348504552,-0.177217165149545,complete
alec_burks_2018_SAC,Alec Burks,2018-19,3,new_team,team_change,-1.4339953271028036,-1.643282710280374,0.2474299065420561,1712,2,0.2530793795620438,0.549566605839416,-0.3278512773722627,4384,3,1461.3333333333333,1.6870747066648475,2.1928493161197897,-0.5752811839143188,complete
alex_abrines_2018_OKC,Alex Abrines,2018-19,3,re_signed_standard,roster_continuity,-1.548195523069895,-1.6108268615806305,0.014435815440840577,2189,2,-3.3,-3.6999999999999997,0.4,588,1,588,-1.7518044769301049,-2.089173138419369,0.3855641845591594,complete
alex_len_2018_ATL,Alex Len,2018-19,3,new_team,team_change,-1.0725888324873094,-0.983756345177665,-0.08883248730964467,2955,2,-0.7528485542513598,-0.4751789292871457,-0.37766962496421413,3493,3,1164.3333333333333,0.31974027823594964,0.5085774158905192,-0.2888371376545695,complete
alex_poythress_2018_ATL,Alex Poythress,2018-19,3,new_team,team_change,NA,NA,NA,NA,NA,NA,NA,NA,NA,NA,NA,NA,NA,NA,missing_data
allen_crabbe_2018_BKN,Allen Crabbe,2018-19,3,re_signed_standard,roster_continuity,-1.0038418332958887,-0.3544821388452033,-0.6493596944506852,4451,2,-3.7140537513997756,-2.875307950727883,-0.8021836506159015,1786,2,893,-2.710211918103887,-2.5208258118826796,-0.15282395616521627,complete
amir_johnson_2018_PHI,Amir Johnson,2018-19,3,re_signed_standard,roster_continuity,0.7685498380712488,-0.9106872975890609,1.6792371356603095,2779,2,-2.3,-2.9,0.6,529,1,529,-3.068549838071249,-1.9893127024109392,-1.0792371356603097,complete
andre_drummond_2018_DET,Andre Drummond,2018-19,3,re_signed_standard,roster_continuity,2.1471990464839092,0.8300357568533968,1.2693087008343265,5034,2,0.998509015256588,0.1979542302357836,0.8331310679611651,5768,3,1922.6666666666667,-1.1486900312273214,-0.6320815266176132,-0.43617763287316136,complete
andre_iguodala_2018_GSW,Andre Iguodala,2018-19,3,re_signed_standard,roster_continuity,1.245414364640884,-0.051325966850828714,1.2967403314917127,3620,2,0.79012684264655475,-0.9557764826876929,1.7459033253342475,2917,2,1458.5,-0.4552875219943292,-0.9044505158368642,0.4491629938425348,complete
andrew_harrison_2018_NOP,Andrew Harrison,2018-19,3,new_team,team_change,-2.5002142857142857,-2.579285714285714,0.07907142857142856,2800,2,NA,NA,NA,NA,NA,NA,NA,NA,NA,missing_data
andrew_wiggins_2018_MIN,Andrew Wiggins,2018-19,3,re_signed_standard,roster_continuity,-2.045993031358885,-0.04141363862618224,-2.054006968641115,6027,2,-1.3498891352549889,-0.14897265336289722,-1.2009164818920917,6765,3,2255,0.6961038961038961,-0.10755901473671498,0.8530904867490234,complete
ante_zizic_2018_CLE,Ante Zizic,2018-19,3,re_signed_standard,roster_continuity,NA,NA,NA,NA,NA,-3.2,-1.1,-2.1,1082,1,1082,NA,NA,NA,missing_data
anthony_davis_2018_NOP,Anthony Davis,2018-19,3,re_signed_standard,roster_continuity,6.3013983440662384,4.851573137074517,1.4,5435,2,7.780594983472681,5.3788839198911145,2.4017110635815673,5143,3,1714.3333333333333,1.4791966394064424,0.5273107828165973,1.0017110635815674,complete
anthony_tolliver_2018_MIN,Anthony Tolliver,2018-19,3,new_team,team_change,0.03225108225108224,0.6062770562770563,-0.5283549783549785,3234,2,-2.7575602255253715,-2.1469502819067143,-0.6106099436186571,1951,2,975.5,-2.789811307776454,-2.7532273381837706,-0.08225496526367859,complete
aron_baynes_2018_BOS,Aron Baynes,2018-19,3,re_signed_standard,roster_continuity,-2.8121601208459217,-3.4243202416918432,0.6121601208459214,2648,2,-2.4042047531992687,-1.8269104204753202,-0.5772943327239488,2735,3,911.6666666666666,0.40795536764665297,1.597409821216523,-1.1894544535698701,complete
austin_rivers_2018_HOU,Austin Rivers,2018-19,3,new_team,team_change,-1.6996351252736561,-0.74967161274629035,-0.9499635125273657,4111,2,-3.203693754197448,-2.663711663308708,-0.5399820908887396,4467,3,1489,-1.5040586289237918,-1.9140400505624178,0.40998142163862605,complete
avery_bradley_2018_MEM,Avery Bradley,2018-19,3,new_team,team_change,-2.0908812729498165,-1.315483476132191,-0.7192472460220318,3268,2,-3.591741131871107,-3.2065529379907933,-0.3851881938803141,3693,3,1231,-1.5008598589212907,-1.8910694618586024,0.3340590521417177,complete
bam_adebayo_2018_MIA,Bam Adebayo,2018-19,3,re_signed_standard,roster_continuity,-0.4,-1.1,0.7,1368,1,3.4237447860342964,1.3646377259385136,2.0591070600957826,6473,3,2157.6666666666665,3.8237447860342964,2.4646377259385135,1.3591070600957826,complete
ben_mclemore_2018_SAC,Ben McLemore,2018-19,3,new_team,team_change,-4.055624172915747,-2.692501102779003,-1.3631230701367445,2267,2,-1.7190966719492868,-0.9039619651347067,-0.8151347068145801,2524,2,1262,2.3365275009664606,1.7885391376442965,0.5479883633221644,complete
ben_simmons_2018_PHI,Ben Simmons,2018-19,3,re_signed_standard,roster_continuity,4.5,2,2.5,2732,1,3.400743099787686,1.4977252047315741,1.8620715802244465,6594,3,2198,-1.099256900212314,-0.5022747952684259,-0.6379284197755535,complete
bismack_biyombo_2018_CHA,Bismack Biyombo,2018-19,3,new_team,team_change,-2.8362530413625304,-3.0362530413625306,0.2,3288,2,-2.713381841189497,-2.6314457450173996,-0.057165453970262556,3161,3,1053.6666666666667,0.12287120017303321,0.404807296345131,-0.2571654539702626,complete
blake_griffin_2018_DET,Blake Griffin,2018-19,3,re_signed_standard,roster_continuity,4.067029164607019,3.907859614434009,0.15916955017301038,4046,2,2.366157407407407,2.552916666666667,-0.18675925925925926,4320,3,1440,-1.7008717571996121,-1.3549429477673423,-0.34592880943226967,complete
boban_marjanovic_2018_PHI,Boban Marjanovic,2018-19,3,new_team,team_change,NA,NA,NA,NA,NA,3.2000000000000006,2.8,0.3,681,1,681,NA,NA,NA,missing_data
bobby_portis_2018_WAS,Bobby Portis,2018-19,3,new_team,team_change,-0.07022323117669312,1.1405978055240258,-1.1486568293605752,2643,2,-0.6377706692913386,0.54375,-1.247244094488189,4064,3,1354.6666666666667,-0.5675474381146455,-0.5968478055240258,-0.09858726512761384,complete
bogdan_bogdanovic_2018_SAC,Bogdan Bogdanovic,2018-19,3,re_signed_standard,roster_continuity,-1.5,-0.6,-0.9,2175,1,0.9145874850538063,1.2417297728178558,-0.3307493025109606,5018,3,1672.6666666666667,2.414587485053806,1.8417297728178559,0.5692506974890394,complete
bojan_bogdanovic_2018_IND,Bojan Bogdanovic,2018-19,3,re_signed_standard,roster_continuity,-1.3871563668352762,0.2251374532658896,-1.6122938201011656,4547,2,0.16341676367869612,1.0362194412107102,-0.9050494761350407,6872,3,2290.6666666666665,1.5505731305139723,0.8110819879448206,0.7072443439661249,complete
bradley_beal_2018_WAS,Bradley Beal,2018-19,3,re_signed_standard,roster_continuity,2.721533298003886,3.5163575340045927,-0.8422363540010598,5661,2,3.048519645821804,4.5230907581627005,-1.43267847260653,7228,3,2409.3333333333335,0.3269863478179178,1.0067332241581077,-0.5904421186054702,complete
brandon_ingram_2018_LAL,Brandon Ingram,2018-19,3,re_signed_standard,roster_continuity,-2.9143394452280207,-2.0250352609308884,-0.8893041842971321,4254,2,0.9237871411784456,1.658368306194393,-0.7345811650159477,5957,3,1985.6666666666667,3.8381265864064664,3.683403567125281,0.15472301928118437,complete
brook_lopez_2018_MIL,Brook Lopez,2018-19,3,new_team,team_change,1.6861511245893352,1.9353803386403843,-0.24922921405104878,3957,2,1.4471776195994044,0.03343817248799868,1.4438172487998677,6041,3,2013.6666666666667,-0.23897350498993086,-1.9019421661523856,1.6930464628509165,complete
bryn_forbes_2018_SAS,Bryn Forbes,2018-19,3,re_signed_standard,roster_continuity,-3.1,-2.5,-0.6,1517,1,-1.6791236127057023,-0.20928052047455029,-1.4698430922311518,5226,3,1742,1.4208763872942978,2.2907194795254497,-0.8698430922311519,complete
buddy_hield_2018_SAC,Buddy Hield,2018-19,3,re_signed_standard,roster_continuity,-0.44785276073619634,0.5382413087934561,-0.9343558282208588,3912,2,0.8905974669603525,2.3575853524229076,-1.4669878854625549,7264,3,2421.3333333333335,1.3384502276965489,1.8193440436294515,-0.532632057241696,complete
caleb_swanigan_2018_SAC,Caleb Swanigan,2018-19,3,new_team,team_change,NA,NA,NA,NA,NA,NA,NA,NA,NA,NA,NA,NA,NA,NA,missing_data
caris_levert_2018_BKN,Caris LeVert,2018-19,3,re_signed_standard,roster_continuity,-0.9196710738471461,-0.9994517897452435,0.11967107384714606,3101,2,0.10518174787316319,0.4682907965970611,-0.36310904872389793,3879,3,1293,1.0248528217203092,1.4677425863423046,-0.48278012257104397,complete
carmelo_anthony_2018_HOU,Carmelo Anthony,2018-19,3,new_team,team_change,-0.5904544552490573,0.8606469537606667,-1.4511014090097243,5039,2,-2.4237750556792874,-0.8590200445434298,-1.5647550111358575,3592,2,1796,-1.83332060043023,-1.7196669983040964,-0.11365360212613318,complete
cedi_osman_2018_CLE,Cedi Osman,2018-19,3,re_signed_standard,roster_continuity,-2.9,-2.1,-0.7,672,1,-3.004570259208731,-1.7294679399727146,-1.2751023192360162,5864,3,1954.6666666666667,-0.1045702592087312,0.37053206002728545,-0.5751023192360163,complete
chandler_parsons_2018_MEM,Chandler Parsons,2018-19,3,re_signed_standard,roster_continuity,-1.4730600292825768,-1.1718887262079065,-0.3011713030746706,1366,2,NA,NA,NA,NA,NA,NA,NA,NA,NA,missing_data
channing_frye_2018_CLE,Channing Frye,2018-19,3,new_team,team_change,0.501911132345915,0.7690874343048255,-0.2671763019589107,2093,2,NA,NA,NA,NA,NA,NA,NA,NA,NA,missing_data
cheick_diallo_2018_NOP,Cheick Diallo,2018-19,3,re_signed_standard,roster_continuity,-1.2,-1.3,0.1,581,1,-0.9,-1.1,0.1,896,1,896,0.29999999999999993,0.19999999999999996,0,complete
chris_paul_2018_HOU,Chris Paul,2018-19,3,re_signed_standard,roster_continuity,7.915711252653926,5.760801486199575,2.1568736730360936,3768,2,4.32198275862069,3.0865900383141764,1.2057471264367816,6264,3,2088,-3.593728494033236,-2.674211447885398,-0.951126546599312,complete
cj_mccollum_2018_POR,CJ McCollum,2018-19,3,re_signed_standard,roster_continuity,1.5911173282042315,2.582234656408463,-0.9400069942297604,5719,2,1.5147756851936915,2.888730669116521,-1.3375899555963866,6531,3,2177,-0.07634164301053992,0.30649601270805826,-0.3975829613666262,complete
cj_miles_2018_MEM,CJ Miles,2018-19,3,new_team,team_change,0.41410215226469643,1.1141021522646963,-0.7,3113,2,-2.9,-2.4,-0.5,856,1,856,-3.3141021522646965,-3.5141021522646962,0.19999999999999996,complete
cj_williams_2018_MIN,C.J. Williams,2018-19,3,new_team,team_change,-2.1,-2.8,0.7,707,1,NA,NA,NA,NA,NA,NA,NA,NA,NA,missing_data
clint_capela_2018_HOU,Clint Capela,2018-19,3,re_signed_standard,roster_continuity,2.4482008368200834,1.9241004184100416,0.5241004184100418,3585,2,2.5179137486177665,2.5479727239218577,-0.030058975304091396,5426,3,1808.6666666666667,0.06971291179768313,0.623872305511816,-0.5541593937141333,complete
cody_zeller_2018_CHA,Cody Zeller,2018-19,3,re_signed_standard,roster_continuity,-0.1732142857142857,-0.9799744897959184,0.8067602040816327,2352,2,-0.3295625522429646,-0.18907773753134574,-0.11248258567846198,3589,3,1196.3333333333333,-0.1563482665286789,0.7908967522645727,-0.9192427897600948,complete
corey_brewer_2018_SAC,Corey Brewer,2018-19,3,new_team,team_change,-2.020530333467256,-3.354399357171555,1.333869023704299,2489,2,NA,NA,NA,NA,NA,NA,NA,NA,NA,missing_data
cory_joseph_2018_IND,Cory Joseph,2018-19,3,re_signed_standard,roster_continuity,-1.404913363399003,-1.3721101352955138,-0.032803228103489214,4213,2,-1.3185269552012149,-2.0176537585421412,0.6991268033409264,5268,3,1756,0.08638640819778809,-0.6455436232466274,0.7319300314444156,complete
courtney_lee_2018_DAL,Courtney Lee,2018-19,3,new_team,team_change,-0.6093730341790732,-0.40937303417907317,-0.19999999999999998,4769,2,NA,NA,NA,NA,NA,NA,NA,NA,NA,missing_data
cristiano_felicio_2018_CHI,Cristiano Felicio,2018-19,3,re_signed_standard,roster_continuity,-2.250024789291026,-1.6656420426375804,-0.5843827466534457,2017,2,-4.1,-2,-2.1,746,1,746,-1.8499752107089735,-0.3343579573624196,-1.5156172533465544,complete
damian_lillard_2018_POR,Damian Lillard,2018-19,3,re_signed_standard,roster_continuity,6.0950782997762865,6.547986577181207,-0.40313199105145414,5364,2,6.721867704280156,7.4254215304798965,-0.8035538261997406,7710,3,2570,0.6267894045038691,0.8774349532986898,-0.40042183514828644,complete
damyean_dotson_2018_NYK,Damyean Dotson,2018-19,3,re_signed_standard,roster_continuity,NA,NA,NA,NA,NA,-2.864798505471043,-1.9330130771283691,-0.8783026421136909,3747,3,1249,NA,NA,NA,missing_data
dangelo_russell_2018_BKN,D'Angelo Russell,2018-19,3,re_signed_standard,roster_continuity,-0.9621018062397374,0.7405254515599342,-1.7026272577996715,3045,2,2.550156985871271,3.7787284144427,-1.2285714285714284,5096,3,1698.6666666666667,3.5122587921110084,3.0382029628827656,0.4740558292282431,complete
daniel_theis_2018_BOS,Daniel Theis,2018-19,3,re_signed_standard,roster_continuity,0.3,-2,2.3,936,1,0.9223067484662576,-0.22269938650306748,1.1672883435582821,4075,3,1358.3333333333333,0.6223067484662577,1.7773006134969325,-1.1327116564417177,complete
danilo_gallinari_2018_LAC,Danilo Gallinari,2018-19,3,re_signed_standard,roster_continuity,0.9454901960784313,2.225882352941176,-1.280392156862745,2805,2,3.176950146627566,3.848660801564028,-0.6673118279569893,5115,3,1705,2.2314599505491346,1.6227784486228516,0.6130803289057557,complete
danny_green_2018_TOR,Danny Green,2018-19,3,new_team,team_change,0.6008893829905503,-1,1.6511117287381876,3598,2,1.5333390440294672,0.23222545828336483,1.2342470447147507,5837,3,1945.6666666666667,0.9324496610389169,1.2322254582833647,-0.4168646840234369,complete
dante_cunningham_2018_SAS,Dante Cunningham,2018-19,3,new_team,team_change,-1.6486452818436625,-1.7054188726253505,0.056773590781687935,3211,2,-0.6,-1.3,0.6,928,1,928,1.0486452818436627,0.4054188726253505,0.543226409218312,complete
dario_saric_2018_MIN,Dario Saric,2018-19,3,new_team,team_change,-0.426605091236765,0.3132011714350078,-0.6918450101374184,4439,2,-1.2442775077330976,-0.4395713654441007,-0.8047061422889968,4526,3,1508.6666666666667,-0.8176724164963327,-0.7527725368791085,-0.11286113215157845,complete
darius_miller_2018_NOP,Darius Miller,2018-19,3,re_signed_standard,roster_continuity,-1.9,-1.1,-0.8,1944,1,-2.9,-2.1,-0.8,1757,1,1757,-1,-1,0,complete
darren_collison_2018_IND,Darren Collison,2018-19,3,re_signed_standard,roster_continuity,0.8801519235481501,1.3384219554030874,-0.4582700318549375,4081,2,1.8,0.8,1,2143,1,2143,0.91984807645185,-0.5384219554030873,1.4582700318549375,complete
david_nwaba_2018_CLE,David Nwaba,2018-19,3,new_team,team_change,-2.5,-2.7000000000000006,0.20000000000000004,1646,1,-1.5692122669873725,-1.6366806975345762,0.06746843054720385,1663,2,831.5,0.9307877330126275,1.0633193024654244,-0.1325315694527962,complete
davis_bertans_2018_SAS,Davis Bertans,2018-19,3,re_signed_standard,roster_continuity,1.4720168954593453,0.7866948257655755,0.6853220696937699,1894,2,0.5076084633468689,1.3910023509296858,-0.883393887582817,4679,3,1559.6666666666667,-0.9644084321124764,0.6043075251641103,-1.568715957276587,complete
deaaron_fox_2018_SAC,De'Aaron Fox,2018-19,3,re_signed_standard,roster_continuity,-4.2,-2.7,-1.5,2026,1,1.6771235521235521,2.1524453024453023,-0.4753217503217504,6216,3,2072,5.877123552123552,4.852445302445302,1.0246782496782496,complete
deandre_bembry_2018_ATL,DeAndre' Bembry,2018-19,3,re_signed_standard,roster_continuity,NA,NA,NA,NA,NA,-2.2966736511262438,-3.3224724986904137,1.0246464117338923,3818,3,1272.6666666666667,NA,NA,NA,missing_data
deandre_jordan_2018_NYK,DeAndre Jordan,2018-19,3,new_team,team_change,2.377773327993592,2.111694032839407,0.317541049259111,4994,2,2.0425668212944554,0.7163684559310802,1.3537221117738016,4527,3,1509,-0.33520650669913676,-1.395325576908327,1.0361810625146908,complete
delon_wright_2018_MEM,Delon Wright,2018-19,3,new_team,team_change,3.3,1.4,1.8,1433,1,1.8690651783934622,0.24291409208690454,1.5913095475383696,5017,3,1672.3333333333333,-1.4309348216065376,-1.1570859079130953,-0.20869045246163043,complete
demar_derozan_2018_SAS,DeMar DeRozan,2018-19,3,new_team,team_change,2.898293003188895,3.69317201275558,-0.7965860063777903,5331,2,1.9448725212464588,2.0671388101983004,-0.12226628895184137,7060,3,2353.3333333333335,-0.9534204819424363,-1.6260332025572795,0.674319717425949,complete
demarcus_cousins_2018_GSW,DeMarcus Cousins,2018-19,3,new_team,team_change,5.931913374583532,3.966563541170871,1.9653498334126605,4202,2,1.750808625336927,-0.36873315363881404,2.119541778975741,1484,2,742,-4.181104749246605,-4.335296694809685,0.1541919455630807,complete
demarre_carroll_2018_BKN,DeMarre Carroll,2018-19,3,re_signed_standard,roster_continuity,0.10733628754308222,0.08301329394387,-0.029345150172328884,4062,2,-1.5,-0.9,-0.6,1703,1,1703,-1.6073362875430823,-0.98301329394387,-0.5706548498276711,complete
dennis_schroder_2018_OKC,Dennis Schroder,2018-19,3,new_team,team_change,-0.273241288625904,1.1455402147709841,-1.409861932938856,4563,2,-1.113335460200989,-0.5347104801403734,-0.5467379167331313,6269,3,2089.6666666666665,-0.840094171575085,-1.6802506949113574,0.8631240162057247,complete
dennis_smith_2018_NYK,Dennis Smith Jr.,2018-19,3,new_team,team_change,-2.4,-1.2,-1.2,2049,1,-3.002885085574572,-2.545330073349634,-0.5312958435207824,2045,2,1022.5,-0.602885085574572,-1.3453300733496338,0.6687041564792175,complete
derrick_favors_2018_UTA,Derrick Favors,2018-19,3,re_signed_standard,roster_continuity,0.9316861335729261,0.1540880503144654,0.8775980832584607,3339,2,2.414081027667984,1.077223320158103,1.3625247035573123,4048,3,1349.3333333333333,1.4823948940950578,0.9231352698436376,0.4849266202988516,complete
derrick_jones_2018_MIA,Derrick Jones Jr.,2018-19,3,re_signed_standard,roster_continuity,-2.3,-1.6,-0.7,545,1,-0.37940717628705145,-1.0367134685387416,0.6930577223088924,3846,3,1282,1.9205928237129484,0.5632865314612585,1.3930577223088925,complete
devin_booker_2018_PHX,Devin Booker,2018-19,3,re_signed_standard,roster_continuity,-0.7635473340587595,1.3552774755168662,-2.1782372143634383,4595,2,1.2029328018223238,2.8186788154897493,-1.651509111617312,7024,3,2341.3333333333335,1.9664801358810833,1.4634013399728831,0.5267281027461264,complete
devin_harris_2018_DAL,Devin Harris,2018-19,3,new_team,team_change,-1.1729707457766791,-1.2760609806345282,0.14787803873094355,2427,2,-2.2,-2.6,0.4,1071,1,1071,-1.027029254223321,-1.3239390193654719,0.2521219612690565,complete
dewayne_dedmon_2018_ATL,Dewayne Dedmon,2018-19,3,re_signed_standard,roster_continuity,0.33154596100278555,-0.8630919220055709,1.1946378830083566,2872,2,-1.5462442299622323,-2.086403692824171,0.5401594628619387,2383,2,1191.5,-1.8777901909650179,-1.2233117708186003,-0.6544784201464179,complete
deyonta_davis_2018_ATL,Deyonta Davis,2018-19,3,new_team,team_change,-1.5,-0.9,-0.6,943,1,NA,NA,NA,NA,NA,NA,NA,NA,NA,missing_data
dillon_brooks_2018_MEM,Dillon Brooks,2018-19,3,re_signed_standard,roster_continuity,-4,-2.9,-1.1,2350,1,-3.905597468970552,-2.651399367242638,-1.2541981017279142,4109,2,2054.5,0.09440253102944807,0.24860063275736177,-0.15419810172791415,complete
dirk_nowitzki_2018_DAL,Dirk Nowitzki,2018-19,3,re_signed_standard,roster_continuity,1.6574007220216607,1.3144404332129964,0.3858002406738869,3324,2,-3.9,-2.7,-1.2,795,1,795,-5.557400722021661,-4.014440433212997,-1.585800240673887,complete
dj_augustin_2018_ORL,D.J. Augustin,2018-19,3,re_signed_standard,roster_continuity,-1.5057610673135233,-0.025955124317768318,-1.4798059429957549,3298,2,-0.7281859692818597,0.2890203403902034,-1.0643005396430054,4818,3,1606,0.7775750980316636,0.3149754647079717,0.41550540335274944,complete
dj_wilson_2018_MIL,D.J. Wilson,2018-19,3,re_signed_standard,roster_continuity,NA,NA,NA,NA,NA,-2.2,-2.4,0.2,882,1,882,NA,NA,NA,missing_data
domantas_sabonis_2018_IND,Domantas Sabonis,2018-19,3,re_signed_standard,roster_continuity,-2.712085996513655,-2.449157466589192,-0.31034282393957,3442,2,3.3854206807964036,2.0779543994861913,1.372800256904303,6228,3,2076,6.097506677310058,4.5271118660753835,1.683143080843873,complete
donovan_mitchell_2018_UTA,Donovan Mitchell,2018-19,3,re_signed_standard,roster_continuity,1.2,0.9000000000000001,0.3,2638,1,2.2997623644734886,2.5156393880885193,-0.2246843903163523,6733,3,2244.3333333333335,1.0997623644734886,1.6156393880885191,-0.5246843903163523,complete
doug_mcdermott_2018_IND,Doug McDermott,2018-19,3,new_team,team_change,-2.246031746031746,-0.9539682539682539,-1.3460317460317461,3276,2,-0.6574463172477487,0.8121450011544677,-1.4379127222350496,4331,3,1443.6666666666667,1.5885854287839973,1.7661132551227217,-0.09188097620330349,complete
dragan_bender_2018_PHX,Dragan Bender,2018-19,3,re_signed_standard,roster_continuity,-4.004048429814605,-3.204048429814604,-0.7782822550132426,2643,2,-4.1,-3.4,-0.8,826,1,826,-0.09595157018539435,-0.19595157018539577,-0.021717744986757492,complete
draymond_green_2018_GSW,Draymond Green,2018-19,3,re_signed_standard,roster_continuity,3.890605296343001,0.951933585540143,2.9386717108028586,4758,2,1.1417726323780604,-1.598386790662365,2.740159423040425,5269,3,1756.3333333333333,-2.748832663964941,-2.550320376202508,-0.19851228776243346,complete
dwayne_bacon_2018_CHA,Dwayne Bacon,2018-19,3,re_signed_standard,roster_continuity,-4.7,-4.8,0.09999999999999999,713,1,-5.131918763261593,-3.790027280994241,-1.3418914822673536,3299,3,1099.6666666666667,-0.43191876326159306,1.0099727190057588,-1.4418914822673536,complete
dwight_howard_2018_WAS,Dwight Howard,2018-19,3,new_team,team_change,0.6075289575289575,0.12451737451737449,0.43018018018018017,4662,2,-0.6126298960831335,-1.5258193445243804,0.913189448441247,2502,2,1251,-1.2201588536120909,-1.6503367190417548,0.4830092682610669,complete
dwight_powell_2018_DAL,Dwight Powell,2018-19,3,re_signed_standard,roster_continuity,1.3338435940099835,0.2894841930116472,1.0443594009983361,3005,2,1.8375440498780158,0.832800216860938,1.0047438330170777,3689,3,1229.6666666666667,0.5037004558680322,0.5433160238492908,-0.039615567981258426,complete
dwyane_wade_2018_MIA,Dwyane Wade,2018-19,3,re_signed_standard,roster_continuity,0.8846153846153846,0.44615384615384623,0.4384615384615384,3328,2,0.6,0.8,-0.2,1885,1,1885,-0.2846153846153846,0.3538461538461538,-0.6384615384615384,complete
ed_davis_2018_BKN,Ed Davis,2018-19,3,new_team,team_change,-1.8219026548672566,-1.8982300884955752,0.11123893805309734,2260,2,0,-0.6,0.7,1446,1,1446,1.8219026548672566,1.298230088495575,0.5887610619469026,complete
ekpe_udoh_2018_UTA,Ekpe Udoh,2018-19,3,re_signed_standard,roster_continuity,3.1,-1.3,4.4,810,1,NA,NA,NA,NA,NA,NA,NA,NA,NA,missing_data
elfrid_payton_2018_NOP,Elfrid Payton,2018-19,3,new_team,team_change,0.37156398104265403,0.5000947867298579,-0.1285308056872038,4220,2,-1.5582914572864321,-1.4263819095477384,-0.13190954773869346,3980,3,1326.6666666666667,-1.9298554383290862,-1.926476696277596,-0.0033787420514896638,complete
emmanuel_mudiay_2018_NYK,Emmanuel Mudiay,2018-19,3,re_signed_standard,roster_continuity,-3.5287438702376464,-1.8348170501697474,-1.693926820067899,2651,2,-1.9654049654049655,-0.7535205535205536,-1.2118844118844119,2457,2,1228.5,1.563338904832681,1.0812964966491938,0.4820424081834871,complete
enes_freedom_2018_POR,Enes Freedom,2018-19,3,new_team,team_change,1.972078501338091,3.1632471008028546,-1.1911685994647638,3363,2,0.951677699155444,2.1824241040858254,-1.1906185802328235,4381,3,1460.3333333333333,-1.020400802182647,-0.9808229967170292,5.50019231940313e-4,complete
eric_bledsoe_2018_MIL,Eric Bledsoe,2018-19,3,re_signed_standard,roster_continuity,3.0321476211649623,2.977278790573588,0.10649177412183193,4498,2,0.9593630784541384,0.5142478022889369,0.4101011776413999,6029,3,2009.6666666666667,-2.072784542710824,-2.4630309882846513,0.303609403519568,complete
eric_gordon_2018_HOU,Eric Gordon,2018-19,3,re_signed_standard,roster_continuity,0.14056287692651329,1.6367880276971185,-1.4962251507706055,4477,2,-1.906838253848095,-0.04983598284128186,-1.857002271006813,3963,3,1321,-2.0474011307746083,-1.6866240105384003,-0.36077712023620756,complete
eric_moreland_2018_TOR,Eric Moreland,2018-19,3,new_team,team_change,0.5,-2.8,3.3,805,1,NA,NA,NA,NA,NA,NA,NA,NA,NA,missing_data
ersan_ilyasova_2018_MIL,Ersan Ilyasova,2018-19,3,new_team,team_change,-0.2126582278481012,0.13200723327305608,-0.3446654611211573,3871,2,-1.099188092016238,-1.4660351826792966,0.4113216057735679,2217,2,1108.5,-0.8865298641681368,-1.5980424159523525,0.7559870668947253,complete
etwaun_moore_2018_NOP,E'Twaun Moore,2018-19,3,re_signed_standard,roster_continuity,-1.6,-1.289151157512483,-0.25215615070358605,4406,2,-2.4643173580346356,-1.4875553765606122,-0.9767619814740234,2483,2,1241.5,-0.8643173580346355,-0.19840421904812922,-0.7246058307704373,complete
evan_fournier_2018_ORL,Evan Fournier,2018-19,3,re_signed_standard,roster_continuity,-0.9841316629820684,0.2512404814541882,-1.2353721444362564,4071,2,-0.452836277173913,0.0338824728260868,-0.48671875000000003,5888,3,1962.6666666666667,0.5312953858081555,-0.2173580086281014,0.7486533944362563,complete
evan_turner_2018_POR,Evan Turner,2018-19,3,re_signed_standard,roster_continuity,-2.5,-2.6305525460455037,0.17546045503791982,3692,2,-1.3,-1.8,0.5,1605,1,1605,1.2,0.8305525460455037,0.32453954496208015,complete
frank_kaminsky_2018_CHA,Frank Kaminsky,2018-19,3,re_signed_standard,roster_continuity,-0.7157033518078648,0.032726313011348644,-0.6968593296384269,3789,2,0.3415665331553182,0.5631063640409435,-0.25336003560302633,2247,3,749,1.057269884963183,0.5303800510295948,0.44349929403540056,complete
frank_mason_2018_SAC,Frank Mason III,2018-19,3,re_signed_standard,roster_continuity,-2.3,-1.3,-1,984,1,NA,NA,NA,NA,NA,NA,NA,NA,NA,missing_data
frank_ntilikina_2018_NYK,Frank Ntilikina,2018-19,3,re_signed_standard,roster_continuity,-5,-4.5,-0.5,1706,1,-4.410521281683405,-4.291726446676232,-0.11879483500717362,2091,2,1045.5,0.5894787183165953,0.2082735533237683,0.38120516499282636,complete
fred_vanvleet_2018_TOR,Fred VanVleet,2018-19,3,re_signed_standard,roster_continuity,2.4,1.4,1,1520,1,1.9389833542151425,1.322391265437623,0.5826024700196886,5587,3,1862.3333333333333,-0.46101664578485746,-0.07760873456237682,-0.41739752998031143,complete
garrett_temple_2018_LAC,Garrett Temple,2018-19,3,new_team,team_change,-1.6212683218665869,-1.8381693090038886,0.26859108585103203,3343,2,-2.302567006417516,-2.6795771989429973,0.37701019252548135,5298,3,1766,-0.6812986845509292,-0.8414078899391086,0.10841910667444932,complete
gary_harris_2018_DEN,Gary Harris,2018-19,3,re_signed_standard,roster_continuity,0.7563876651982379,1.2180616740088106,-0.5052863436123348,4086,2,-2.5802178261835964,-2.217114914425428,-0.3390975772393865,4499,3,1499.6666666666667,-3.3366054913818344,-3.4351765884342385,0.16618876637294833,complete
george_hill_2018_MIL,George Hill,2018-19,3,new_team,team_change,1.3163289630512514,1.2722288438617402,0.09809296781883195,3356,2,0.32563944530046235,-0.3427426810477657,0.668382126348228,3245,3,1081.6666666666667,-0.9906895177507891,-1.6149715249095058,0.5702891585293961,complete
gerald_green_2018_HOU,Gerald Green,2018-19,3,re_signed_standard,roster_continuity,-0.9102249488752556,0.2665303340149966,-1.240081799591002,1467,2,-1.7,-0.2,-1.5,1473,1,1473,-0.7897750511247443,-0.4665303340149966,-0.25991820040899793,complete
giannis_antetokounmpo_2018_MIL,Giannis Antetokounmpo,2018-19,3,re_signed_standard,roster_continuity,6.758739510801642,5.096821996072131,1.6619175147295124,5601,2,10.287166030534351,6.603339694656489,3.6838263358778622,6288,3,2096,3.528426519732709,1.506517698584358,2.02190882114835,complete
goran_dragic_2018_MIA,Goran Dragic,2018-19,3,re_signed_standard,roster_continuity,1.46925780442423,1.8150713252015713,-0.34581352077734134,4837,2,-1.085316963167126,0.09070408418942615,-1.2511901779002756,3991,3,1330.3333333333333,-2.554574767591356,-1.7243672410121451,-0.9053766571229342,complete
gorgui_dieng_2018_MIN,Gorgui Dieng,2018-19,3,re_signed_standard,roster_continuity,-0.4009784244856999,-0.8334420471650779,0.3659056698444556,3986,2,1.5451287793952966,0.17360955580440462,1.391825307950728,2679,3,893,1.9461072038809966,1.0070516029694825,1.0259196381062723,complete
greg_monroe_2018_PHI,Greg Monroe,2018-19,3,new_team,team_change,1.9453021306322038,1.3,0.6816276632902549,2863,2,NA,NA,NA,NA,NA,NA,NA,NA,NA,missing_data
guerschon_yabusele_2018_BOS,Guerschon Yabusele,2018-19,3,re_signed_standard,roster_continuity,NA,NA,NA,NA,NA,NA,NA,NA,NA,NA,NA,NA,NA,NA,missing_data
harrison_barnes_2018_SAC,Harrison Barnes,2018-19,3,new_team,team_change,-0.654662497700938,0.5937833363987494,-1.2484458340996873,5437,2,-0.8925670928762118,0.3718420682871997,-1.2644091611634114,7117,3,2372.3333333333335,-0.23790459517527385,-0.22194126811154968,-0.015963327063724053,complete
hassan_whiteside_2018_MIA,Hassan Whiteside,2018-19,3,re_signed_standard,roster_continuity,1.8870002579313903,1.1110910497807585,0.7110910497807583,3877,2,2.146310312204352,1.3903973509933776,0.7559129612109745,4228,3,1409.3333333333333,0.2593100542729616,0.2793063012126191,0.04482191143021619,complete
henry_ellenson_2018_NYK,Henry Ellenson,2018-19,3,new_team,team_change,NA,NA,NA,NA,NA,NA,NA,NA,NA,NA,NA,NA,NA,NA,missing_data
ian_clark_2018_NOP,Ian Clark,2018-19,3,re_signed_standard,roster_continuity,-2.622685185185185,-1.9542824074074074,-0.6684027777777778,2592,2,-5.1,-3.3,-1.8,973,1,973,-2.4773148148148145,-1.3457175925925924,-1.1315972222222221,complete
ian_mahinmi_2018_WAS,Ian Mahinmi,2018-19,3,re_signed_standard,roster_continuity,-3.4205882352941175,-4.07764705882353,0.6570588235294118,1700,2,-2.7000000000000006,-2.7999999999999994,0,808,1,808,0.7205882352941169,1.2776470588235305,-0.6570588235294118,complete
ish_smith_2018_DET,Ish Smith,2018-19,3,re_signed_standard,roster_continuity,0.1466983491745873,-0.3977988994497249,0.5444972486243121,3998,2,-1.5676678445229684,-1.1302624936900556,-0.42915194346289753,3962,3,1320.6666666666667,-1.7143661936975556,-0.7324635942403307,-0.9736491920872097,complete
ivan_rabb_2018_MEM,Ivan Rabb,2018-19,3,re_signed_standard,roster_continuity,-2,-0.9,-1.2,516,1,-1.4,-1.1,-0.3,721,1,721,0.6000000000000001,-0.20000000000000007,0.8999999999999999,complete
ivica_zubac_2018_LAC,Ivica Zubac,2018-19,3,new_team,team_change,-1.7,-1.2,-0.6,609,1,1.2079999999999997,0.8243522012578617,0.409811320754717,3975,3,1325,2.9079999999999995,2.0243522012578614,1.009811320754717,complete
jae_crowder_2018_UTA,Jae Crowder,2018-19,3,re_signed_standard,roster_continuity,-0.7058757062146893,-0.36971751412429377,-0.3361581920903955,4425,2,0.3999121110915803,-0.1921075760239058,0.592019687115486,5689,3,1896.3333333333333,1.1057878173062696,0.17760993810038797,0.9281778792058815,complete
jahlil_okafor_2018_NOP,Jahlil Okafor,2018-19,3,new_team,team_change,-2.5,-1.9,-0.6,1134,1,-1.5,-0.6,-0.9,935,1,935,1,1.2999999999999998,-0.30000000000000004,complete
jake_layman_2018_POR,Jake Layman,2018-19,3,re_signed_standard,roster_continuity,NA,NA,NA,NA,NA,-1.5651484343228954,-1.1899552663684425,-0.2957299715331435,2459,3,819.6666666666666,NA,NA,NA,missing_data
jakob_poeltl_2018_SAS,Jakob Poeltl,2018-19,3,new_team,team_change,-0.6190697674418605,-1.3696744186046512,0.7506046511627907,2150,2,1.6203077640475636,0.30727442294241086,1.2700163208207043,4289,3,1429.6666666666667,2.239377531489424,1.6769488415470621,0.5194116696579135,complete
jamal_crawford_2018_PHX,Jamal Crawford,2018-19,3,new_team,team_change,-2.186771653543307,-0.4095275590551182,-1.8206299212598427,3810,2,-3.9,-1.1,-2.8,1211,1,1211,-1.713228346456693,-0.6904724409448819,-0.9793700787401571,complete
jamal_murray_2018_DEN,Jamal Murray,2018-19,3,re_signed_standard,roster_continuity,-0.9927234927234927,0.46652806652806655,-1.4592515592515594,4329,2,1.1826589595375723,1.9545169281585466,-0.7718579686209744,6055,3,2018.3333333333333,2.175382452261065,1.48798886163048,0.6873935906305849,complete
james_ennis_2018_PHI,James Ennis III,2018-19,3,new_team,team_change,-1.2,-1.486731078904992,0.28673107890499194,3105,2,-2.0980178109738583,-1.8323470267164608,-0.3010054582016662,3481,3,1160.3333333333333,-0.8980178109738584,-0.34561594781146887,-0.5877365371066581,complete
james_harden_2018_HOU,James Harden,2018-19,3,re_signed_standard,roster_continuity,9.256784285194616,7.963986904328847,1.2927973808657693,5498,2,9.621870958471046,8.196278200890934,1.4612731714326772,6959,3,2319.6666666666665,0.36508667327642996,0.2322912965620869,0.16847579056690787,complete
james_johnson_2018_MIA,James Johnson,2018-19,3,re_signed_standard,roster_continuity,2.2211519364448855,0.5693892750744787,1.6517626613704073,4028,2,-0.9371549893842887,-2.2259731068648265,1.2695329087048832,2826,3,942,-3.1583069258291743,-2.795362381939305,-0.38222975266552406,complete
jamychal_green_2018_LAC,JaMychal Green,2018-19,3,new_team,team_change,-1.4349162777930276,-0.8576722481471315,-0.5195717814987647,3643,2,-1.2280674038967878,-1.029673512374934,-0.1983938915218536,3798,3,1266,0.20684887389623974,-0.1720012642278026,0.3211778899769111,complete
jared_dudley_2018_BKN,Jared Dudley,2018-19,3,new_team,team_change,-1.50244140625,-1.73642578125,0.23398437500000002,2048,2,-1.8,-2.9,1.1,1220,1,1220,-0.29755859375000004,-1.16357421875,0.8660156250000001,complete
jarell_martin_2018_ORL,Jarell Martin,2018-19,3,new_team,team_change,-4.4526363226678685,-3.802929247408742,-0.6748535376295628,2219,2,NA,NA,NA,NA,NA,NA,NA,NA,NA,missing_data
jarrett_allen_2018_BKN,Jarrett Allen,2018-19,3,re_signed_standard,roster_continuity,-0.7999999999999999,-0.9,0.09999999999999999,1441,1,1.6626978664831384,0.9351686166551961,0.7593943565037852,5812,3,1937.3333333333333,2.4626978664831385,1.8351686166551961,0.6593943565037852,complete
jason_smith_2018_NOP,Jason Smith,2018-19,3,new_team,team_change,-1.8,-2.1,0.4,1068,1,NA,NA,NA,NA,NA,NA,NA,NA,NA,missing_data
javale_mcgee_2018_LAL,JaVale McGee,2018-19,3,new_team,team_change,1.3362629246676514,0.6820531757754801,0.6542097488921713,1354,2,0.6724346076458751,-0.6939062949123312,1.414371945961483,3479,3,1159.6666666666667,-0.6638283170217762,-1.3759594706878113,0.7601621970693117,complete
jawun_evans_2018_OKC,Jawun Evans,2018-19,3,new_team,team_change,-5,-5.400000000000001,0.4000000000000001,778,1,NA,NA,NA,NA,NA,NA,NA,NA,NA,missing_data
jaylen_brown_2018_BOS,Jaylen Brown,2018-19,3,re_signed_standard,roster_continuity,-1.728514171199542,-1.644603492699685,-0.12230174634984252,3493,2,0.4323297981525829,0.9014710913445091,-0.43641806363325353,5846,3,1948.6666666666667,2.1608439693521246,2.5460745840441943,-0.314116317283411,complete
jayson_tatum_2018_BOS,Jayson Tatum,2018-19,3,re_signed_standard,roster_continuity,1.2,0,1.2,2443,1,2.4964336661911557,2.36283880171184,0.1659058487874465,7010,3,2336.6666666666665,1.2964336661911557,2.36283880171184,-1.0340941512125534,complete
jeff_green_2018_WAS,Jeff Green,2018-19,3,new_team,team_change,-2.621296847114813,-1.2581796549672815,-1.3631171921475314,3362,2,-0.9198282910874896,0,-0.9573385118560914,4892,3,1630.6666666666667,1.7014685560273235,1.2581796549672815,0.40577868029143993,complete
jeff_teague_2018_MIN,Jeff Teague,2018-19,3,re_signed_standard,roster_continuity,1.3626811594202901,1.7417874396135267,-0.37910628019323667,4968,2,-1.302773246329527,-0.24377379010331698,-1.05899945622621,3678,3,1226,-2.6654544057498173,-1.9855612297168437,-0.6798931760329733,complete
jerami_grant_2018_OKC,Jerami Grant,2018-19,3,re_signed_standard,roster_continuity,-0.4707992448080554,-1.0116740088105727,0.5408747640025172,3178,2,0.25079741039002057,0.4136270330017369,-0.1628296226117164,6333,3,2111,0.7215966551980759,1.4253010418123095,-0.7037043866142336,complete
jeremy_lamb_2018_CHA,Jeremy Lamb,2018-19,3,re_signed_standard,roster_continuity,1.1957234726688104,1.0059807073954983,0.16324758842443732,3110,2,0.7558290757083139,0.42159777055271713,0.36421272642823965,4306,3,1435.3333333333333,-0.4398943969604965,-0.5843829368427811,0.20096513800380233,complete
jerian_grant_2018_ORL,Jerian Grant,2018-19,3,new_team,team_change,-0.7697126013264555,-1.0515106853352985,0.2196757553426676,2714,2,-1.6,-2.9,1.3,939,1,939,-0.8302873986735446,-1.8484893146647015,1.0803242446573325,complete
jerryd_bayless_2018_MIN,Jerryd Bayless,2018-19,3,new_team,team_change,-2.8,-2.7,-0.2,925,1,-4.6,-2.9,-1.6999999999999997,657,1,657,-1.7999999999999998,-0.19999999999999973,-1.4999999999999998,complete
jimmy_butler_2018_PHI,Jimmy Butler,2018-19,3,new_team,team_change,6.647275286547356,5.338910114618942,1.2648501910315706,4973,2,5.450772626931567,3.969604347087791,1.5144336899303787,5889,3,1963,-1.1965026596157893,-1.3693057675311513,0.24958349889880815,complete
jj_barea_2018_DAL,J.J. Barea,2018-19,3,re_signed_standard,roster_continuity,1.2974304970513901,2.79743049705139,-1.5,2374,2,-0.6,1.2,-1.8000000000000003,752,1,752,-1.8974304970513902,-1.5974304970513902,-0.30000000000000027,complete
jj_redick_2018_PHI,JJ Redick,2018-19,3,re_signed_standard,roster_continuity,0.7433472415391749,1.8942976356050072,-1.1509503940658323,4314,2,-0.202434336963485,1.6779628443305572,-1.914157591287636,4683,3,1561,-0.9457815785026599,-0.21633479127445,-0.7632071972218037,complete
jodie_meeks_2018_TOR,Jodie Meeks,2018-19,3,new_team,team_change,-1.3781906300484654,-0.6974151857835218,-0.6410339256865913,1857,2,NA,NA,NA,NA,NA,NA,NA,NA,NA,missing_data
joe_harris_2018_BKN,Joe Harris,2018-19,3,re_signed_standard,roster_continuity,-1.2160295534853838,-0.5063604240282686,-0.7096691294571152,3113,2,0.24070459051395457,0.931706573127955,-0.6910019826140003,6557,3,2185.6666666666665,1.4567341439993384,1.4380669971562237,0.01866714684311499,complete
joe_ingles_2018_UTA,Joe Ingles,2018-19,3,re_signed_standard,roster_continuity,1.9966153846153847,0.26320879120879126,1.7334065934065934,4550,2,1.76895922093731,0.8883597078514912,0.9131162507608034,6572,3,2190.6666666666665,-0.22765616367807473,0.6251509166427,-0.82029034264579,complete
joel_embiid_2018_PHI,Joel Embiid,2018-19,3,re_signed_standard,roster_continuity,3.6495922905856184,1.970867309117865,1.7078576723498888,2698,2,5.6282745471877975,4.608903717826502,1.0193708293612966,5245,3,1748.3333333333333,1.9786822566021791,2.638036408708637,-0.6884868429885922,complete
john_collins_2018_ATL,John Collins,2018-19,3,re_signed_standard,roster_continuity,-0.2,-0.4,0.2,1785,1,2.0082936507936506,2.933392857142857,-0.9250992063492064,5040,3,1680,2.208293650793651,3.333392857142857,-1.1250992063492065,complete
john_henson_2018_MIL,John Henson,2018-19,3,re_signed_standard,roster_continuity,-1.1541545425153572,-1.4720012932428062,0.31784675072744906,3093,2,0.9,-1.2,2.1,600,1,600,2.054154542515357,0.2720012932428062,1.7821532492725511,complete
john_wall_2018_WAS,John Wall,2018-19,3,re_signed_standard,roster_continuity,4.135468676401319,4.234715025906735,-0.09924634950541686,4246,2,0.03846153846153851,1.6615384615384616,-1.669230769230769,2392,2,1196,-4.097007137939781,-2.573176564368273,-1.5699844197253523,complete
jonas_jerebko_2018_GSW,Jonas Jerebko,2018-19,3,new_team,team_change,-1.201775147928994,-1.3893491124260353,0.19171597633136095,2366,2,-0.7,-0.3,-0.4,1218,1,1218,0.501775147928994,1.0893491124260353,-0.591715976331361,complete
jonas_valanciunas_2018_MEM,Jonas Valanciunas,2018-19,3,new_team,team_change,1.2561560769839177,1.6919061428948063,-0.43575006591088855,3793,2,2.694244297591132,2.5347900234491583,0.059454274141974,4691,3,1563.6666666666667,1.4380882206072143,0.8428838805543519,0.49520434005286257,complete
jonathon_simmons_2018_PHI,Jonathon Simmons,2018-19,3,new_team,team_change,-2.8965507161648643,-2.513797135340544,-0.32344343759134764,3421,2,-4.2,-3.8999999999999995,-0.3,1064,1,1064,-1.303449283835136,-1.3862028646594555,0.02344343759134765,complete
jordan_bell_2018_GSW,Jordan Bell,2018-19,3,re_signed_standard,roster_continuity,2.8,0,2.8,809,1,-0.9,-2.2,1.3,788,1,788,-3.6999999999999997,-2.2,-1.4999999999999998,complete
jordan_clarkson_2018_CLE,Jordan Clarkson,2018-19,3,re_signed_standard,roster_continuity,-1.3544224037339556,0.1574562427071178,-1.5118786464410734,4285,2,0.5776015339027366,2.0940909883214225,-1.5164894544186858,5737,3,1912.3333333333333,1.9320239376366923,1.9366347456143047,-0.0046108079776123745,complete
jose_calderon_2018_DET,Jose Calderon,2018-19,3,new_team,team_change,-2.3822436338609774,-1.8451479697178252,-0.5370956641431521,1453,2,-3.8999999999999995,-4.2,0.3,632,1,632,-1.517756366139022,-2.354852030282175,0.8370956641431522,complete
josh_hart_2018_LAL,Josh Hart,2018-19,3,re_signed_standard,roster_continuity,-0.09999999999999999,-0.6,0.5,1461,1,-0.9415231375804108,-1.5270595559244655,0.5855364183440548,4819,3,1606.3333333333333,-0.8415231375804109,-0.9270595559244655,0.08553641834405479,complete
josh_jackson_2018_PHX,Josh Jackson,2018-19,3,re_signed_standard,roster_continuity,-4.2,-2.8,-1.4,1959,1,-3.8965050732807214,-2.9482525366403607,-0.8922209695603156,3548,2,1774,0.3034949267192788,-0.14825253664036087,0.5077790304396843,complete
josh_richardson_2018_MIA,Josh Richardson,2018-19,3,re_signed_standard,roster_continuity,0.02484313269811756,-1.125122007901464,1.1499651405995817,4303,2,-0.884872135503155,-0.7972932580538028,-0.08757887744935239,6022,3,2007.3333333333333,-0.9097152682012726,0.3278287498476613,-1.237544018048934,complete
jrue_holiday_2018_NOP,Jrue Holiday,2018-19,3,re_signed_standard,roster_continuity,1.4716044557357826,1.1716044557357828,0.2572014852452609,5117,2,2.7233737939620295,2.5168067226890756,0.20656707127295365,6426,3,2142,1.251769338226247,1.3452022669532928,-0.050634413972307224,complete
juancho_hernangomez_2018_DEN,Juancho Hernangomez,2018-19,3,re_signed_standard,roster_continuity,-0.1,0.1,-0.2,842,1,-2.2439340019411196,-1.3085732772565513,-0.9084115173083145,3091,3,1030.3333333333333,-2.1439340019411195,-1.4085732772565513,-0.7084115173083145,complete
julius_randle_2018_NOP,Julius Randle,2018-19,3,new_team,team_change,-0.13993521517815824,0.008051827857473381,-0.14798704303563165,4322,2,1.8424702679466973,1.9884653961885657,-0.14599512824186844,6979,3,2326.3333333333335,1.9824054831248556,1.9804135683310924,0.0019919147937632053,complete
justin_anderson_2018_ATL,Justin Anderson,2018-19,3,new_team,team_change,-1.1811677160847167,-0.8108757870635375,-0.3702919290211792,1747,2,NA,NA,NA,NA,NA,NA,NA,NA,NA,missing_data
justin_holiday_2018_MEM,Justin Holiday,2018-19,3,new_team,team_change,-1.2282786885245902,-1.1381915983606556,-0.09008709016393443,3904,2,-0.680441354292624,-1.3412636033857315,0.6608222490931076,6616,3,2205.3333333333335,0.5478373342319662,-0.20307200502507583,0.7509093392570421,complete
justin_jackson_2018_DAL,Justin Jackson,2018-19,3,new_team,team_change,-3.5,-2.4,-1.1,1506,1,-2.520055624227441,-1.4872682323856614,-1.03278739184178,3236,3,1078.6666666666667,0.979944375772559,0.9127317676143385,0.06721260815822006,complete
justise_winslow_2018_MIA,Justise Winslow,2018-19,3,re_signed_standard,roster_continuity,-1.8321041214750542,-2.8507592190889373,1.0186550976138828,2305,2,-1.7102189781021897,-2.307420924574209,0.5177615571776155,2466,2,1233,0.12188514337286449,0.543338294514728,-0.5008935404362673,complete
jusuf_nurkic_2018_POR,Jusuf Nurkic,2018-19,3,re_signed_standard,roster_continuity,-0.359844782983616,-1.2199482609945387,0.8601034780109227,3479,2,3.3299929922915203,1.668325157673441,1.7308339173090397,2854,2,1427,3.6898377752751363,2.8882734186679797,0.870730439298117,complete
karl-anthony_towns_2018_MIN,Karl-Anthony Towns,2018-19,3,re_signed_standard,roster_continuity,4.8962340282447885,5.2056489576328175,-0.25847343644922666,5948,2,5.926784726065302,5.407618520568161,0.5191662054971408,5421,3,1807,1.0305506978205132,0.20196956293534374,0.7776396419463674,complete
kelly_olynyk_2018_MIA,Kelly Olynyk,2018-19,3,re_signed_standard,roster_continuity,1.3726560144709072,0.4508592101296352,0.9217968043412721,3317,2,0.9717752984928558,0.046330005871990605,0.9254452926208652,5109,3,1703,-0.4008807159780514,-0.4045292042576446,0.003648488279593076,complete
kelly_oubre_2018_PHX,Kelly Oubre Jr.,2018-19,3,new_team,team_change,-2.327606882168926,-2.2694473409801876,-0.05815954118873828,3836,2,-1.1690009000900088,-0.6340594059405941,-0.5697389738973897,5555,3,1851.6666666666667,1.1586059820789174,1.6353879350395935,-0.5115794327086515,complete
kemba_walker_2018_CHA,Kemba Walker,2018-19,3,re_signed_standard,roster_continuity,4.0500273972602745,4.800054794520548,-0.7500273972602739,5475,2,3.835403414797456,4.562537663207232,-0.7271342484097756,5974,3,1991.3333333333333,-0.21462398246281866,-0.2375171313133162,0.022893148850498313,complete
kenneth_faried_2018_HOU,Kenneth Faried,2018-19,3,new_team,team_change,0.3,1.5,-1.2,1296,1,-0.19999999999999998,1.3,-1.5,728,1,728,-0.5,-0.19999999999999996,-0.30000000000000004,complete
kent_bazemore_2018_ATL,Kent Bazemore,2018-19,3,re_signed_standard,roster_continuity,-0.23710021321961625,-1.2894189765458424,1.052318763326226,3752,2,-2.2389579759862777,-2.940051457975986,0.664901372212693,4664,3,1554.6666666666667,-2.0018577627666616,-1.6506324814301436,-0.3874173911135331,complete
kentavious_caldwell-pope_2018_LAL,Kentavious Caldwell-Pope,2018-19,3,re_signed_standard,roster_continuity,0.04644074593944254,-0.501423701624223,0.49857629837577705,4987,2,-0.5927531145815056,-1.0121249341989824,0.42170556237936485,5699,3,1899.6666666666667,-0.6391938605209482,-0.5107012325747594,-0.0768707359964122,complete
kevin_durant_2018_GSW,Kevin Durant,2018-19,3,re_signed_standard,roster_continuity,8.05358361774744,6.7,1.3535836177474403,4395,2,6.009691629955947,5.69981860585644,0.3098730240995076,3859,2,1929.5,-2.0438919877914934,-1.00018139414356,-1.0437105936479327,complete
kevin_love_2018_CLE,Kevin Love,2018-19,3,re_signed_standard,roster_continuity,2.6602941176470587,3.860294117647059,-1.2466911764705884,3536,2,1.4848666666666668,2.3870666666666667,-0.8022000000000001,3000,3,1000,-1.175427450980392,-1.4732274509803922,0.4444911764705882,complete
kevon_looney_2018_GSW,Kevon Looney,2018-19,3,re_signed_standard,roster_continuity,-0.2,-1.2,1,910,1,-0.11521574564723698,-0.7349356548069645,0.663663890991673,2642,2,1321,0.08478425435276303,0.4650643451930354,-0.336336109008327,complete
khem_birch_2018_ORL,Khem Birch,2018-19,3,re_signed_standard,roster_continuity,-0.9000000000000001,-0.7,-0.2,578,1,-0.9599870717517776,-1.2183904330963153,0.31683904330963153,3094,3,1031.3333333333333,-0.05998707175177742,-0.5183904330963154,0.5168390433096315,complete
khris_middleton_2018_MIL,Khris Middleton,2018-19,3,re_signed_standard,roster_continuity,-0.06889692585895117,0.5244122965641953,-0.5933092224231464,3871,2,1.9127244819646967,1.816208749040675,0.1313430544896393,6515,3,2171.6666666666665,1.9816214078236478,1.2917964524764798,0.7246522769127857,complete
klay_thompson_2018_GSW,Klay Thompson,2018-19,3,re_signed_standard,roster_continuity,0.2166440349175558,2.059709020368574,-1.8430649854510184,5155,2,-0.3,1.1,-1.4,2652,1,2652,-0.5166440349175558,-0.9597090203685741,0.44306498545101847,complete
kosta_koufos_2018_SAC,Kosta Koufos,2018-19,3,re_signed_standard,roster_continuity,-1.4604626334519573,-1.1594661921708185,-0.3009964412811388,2810,2,-3.4,-3.6,0.2,502,1,502,-1.9395373665480427,-2.4405338078291816,0.5009964412811387,complete
kris_dunn_2018_CHI,Kris Dunn,2018-19,3,re_signed_standard,roster_continuity,-1.9996151154653603,-3.3794611616515047,1.426487053883835,2858,2,-1.6974040632054175,-3.2774266365688485,1.5845372460496614,2658,2,1329,0.3022110522599428,0.1020345250826562,0.1580501921658264,complete
kyle_anderson_2018_MEM,Kyle Anderson,2018-19,3,new_team,team_change,2.525750500333556,-0.7402268178785857,3.2659773182121414,2998,2,1.7600933748332592,-0.31187194308581595,2.071965317919075,4498,3,1499.3333333333333,-0.7656571255002966,0.42835487479276974,-1.1940120002930663,complete
kyle_korver_2018_UTA,Kyle Korver,2018-19,3,new_team,team_change,0.09461977757739706,0.9730988878869853,-0.8311692215208898,3327,2,-0.24891020052310375,-0.36739319965126416,0.11848299912816042,2294,2,1147,-0.3435299781005008,-1.3404920875382493,0.9496522206490502,complete
kyle_kuzma_2018_LAL,Kyle Kuzma,2018-19,3,re_signed_standard,roster_continuity,-0.7,0.3,-1,2401,1,-1.3788056610286503,-0.6361753538142907,-0.77635484984466685,5794,3,1931.3333333333333,-0.6788056610286504,-0.9361753538142907,0.22364515015533315,complete
kyle_lowry_2018_TOR,Kyle Lowry,2018-19,3,re_signed_standard,roster_continuity,5.624821203197308,5.219225915018931,0.45279764408918804,4754,2,2.429820703653586,1.9586772665764547,0.4711434370771312,5912,3,1970.6666666666667,-3.195000499543722,-3.2605486484424757,0.018345792987943144,complete
kyle_oquinn_2018_IND,Kyle O'Quinn,2018-19,3,new_team,team_change,2.5362385321100915,0.306039755351682,2.177178899082569,2616,2,NA,NA,NA,NA,NA,NA,NA,NA,NA,missing_data
kyrie_irving_2018_BOS,Kyrie Irving,2018-19,3,re_signed_standard,roster_continuity,5.090058348294434,5.4366921005385995,-0.34663375224416515,4456,2,6.595292139554435,5.977889869693149,0.5570407734342161,4758,3,1586,1.5052337912600011,0.5411977691545493,0.9036745256783812,complete
lamarcus_aldridge_2018_SAS,LaMarcus Aldridge,2018-19,3,re_signed_standard,roster_continuity,2.405677126341866,2.564657308009909,-0.15898018166804295,4844,2,1.3861192570869991,1.8516520039100686,-0.5130009775171066,5115,3,1705,-1.019557869254867,-0.7130053040998405,-0.35402079584906365,complete
lance_stephenson_2018_LAL,Lance Stephenson,2018-19,3,new_team,team_change,-1.8,-1.5,-0.3,1850,1,-1.5,-1.6,0.1,1123,1,1123,0.30000000000000004,-0.10000000000000009,0.4,complete
lance_thomas_2018_NYK,Lance Thomas,2018-19,3,re_signed_standard,roster_continuity,-3.6165876777251187,-2.866350710900474,-0.7502369668246446,2321,2,-5.7,-4.8,-0.9,783,1,783,-2.0834123222748815,-1.9336492890995256,-0.14976303317535544,complete
langston_galloway_2018_DET,Langston Galloway,2018-19,3,re_signed_standard,roster_continuity,-1.421628498727735,-1.0242154368108567,-0.37061068702290073,2358,2,-1.1543661154627214,-0.4556135770234987,-0.7481288076588338,3447,2,1723.5,0.2672623832650136,0.568601859787358,-0.3775181206359331,complete
larry_nance_2018_CLE,Larry Nance Jr.,2018-19,3,re_signed_standard,roster_continuity,1.4933985330073352,0.14449877750611254,1.3488997555012223,2863,2,1.6628728774667279,0.534281780633318,1.1623680587425425,4358,3,1452.6666666666667,0.1694743444593927,0.3897830031272055,-0.18653169675867987,complete
lauri_markkanen_2018_CHI,Lauri Markkanen,2018-19,3,re_signed_standard,roster_continuity,-0.2,1,-1.2,2020,1,-0.2449120463148519,0.8840347361389446,-1.0914940993097304,4491,3,1497,-0.04491204631485188,-0.11596526386105543,0.10850590069026955,complete
lebron_james_2018_LAL,LeBron James,2018-19,3,new_team,team_change,8.171924398625428,6.867938144329897,1.3039862542955325,5820,2,8.187041862080946,6.34983498349835,1.8969775924960917,5757,3,1919,0.015117463455517566,-0.5181031608315472,0.5929913382005592,complete
lonzo_ball_2018_LAL,Lonzo Ball,2018-19,3,re_signed_standard,roster_continuity,1,-0.7,1.6,1780,1,0.7233878729547641,0.07151106833493735,0.6908565928777671,5195,3,1731.6666666666667,-0.27661212704523586,0.7715110683349373,-0.909143407122233,complete
lou_williams_2018_LAC,Lou Williams,2018-19,3,re_signed_standard,roster_continuity,2.99613790093825,4.374034475234563,-1.321405193104953,4583,2,0.4037689393939395,2.1302462121212122,-1.6911742424242424,5280,3,1760,-2.5923689615443104,-2.2437882631133506,-0.36976904931928933,complete
luc_mbah_a_moute_2018_LAC,Luc Mbah a Moute,2018-19,3,new_team,team_change,-0.2,-1.6,1.3466726350343181,3351,2,NA,NA,NA,NA,NA,NA,NA,NA,NA,missing_data
luke_kennard_2018_DET,Luke Kennard,2018-19,3,re_signed_standard,roster_continuity,-0.8,-0.9,0.1,1463,1,-0.5858256752993595,0.2252854358117516,-0.77109440267335,3591,3,1197,0.21417432470064057,1.1252854358117517,-0.87109440267335,complete
malachi_richardson_2018_TOR,Malachi Richardson,2018-19,3,re_signed_standard,roster_continuity,NA,NA,NA,NA,NA,NA,NA,NA,NA,NA,NA,NA,NA,NA,missing_data
malcolm_brogdon_2018_MIL,Malcolm Brogdon,2018-19,3,re_signed_standard,roster_continuity,-0.7361029842012873,-0.042012873025160914,-0.6520772381509655,3418,2,2.0416728076639648,2.4476418570375826,-0.439719970523213,5428,3,1809.3333333333333,2.777775791865252,2.4896547300627434,0.21235726762775253,complete
malik_beasley_2018_DEN,Malik Beasley,2018-19,3,re_signed_standard,roster_continuity,-3.8000000000000003,-2.4,-1.4,583,1,-0.6029288702928871,0.6042073454207346,-1.2071362157136216,4302,3,1434,3.1970711297071133,3.0042073454207348,0.1928637842863783,complete
malik_monk_2018_CHA,Malik Monk,2018-19,3,re_signed_standard,roster_continuity,-3.4,-1.3,-2,854,1,-2.4336157337367625,-0.8307715582450833,-1.6382148260211802,3305,3,1101.6666666666667,0.9663842662632374,0.46922844175491674,0.3617851739788198,complete
marc_gasol_2018_TOR,Marc Gasol,2018-19,3,new_team,team_change,3.7861105486940674,2.776149018019842,1.0099615306742256,4939,2,2.547516339869281,-0.18183006535947704,2.7293464052287577,4590,3,1530,-1.2385942088247863,-2.957979083379319,1.7193848745545321,complete
marcin_gortat_2018_LAC,Marcin Gortat,2018-19,3,new_team,team_change,-0.7103865255884259,-0.5240336860289355,-0.1415461023537033,4631,2,-1.3,-1.7,0.4,751,1,751,-0.5896134744115742,-1.1759663139710645,0.5415461023537034,complete
marco_belinelli_2018_SAS,Marco Belinelli,2018-19,3,new_team,team_change,-0.7863892617449665,-0.0773154362416107,-0.6568053691275169,3725,2,-2.0272794662713123,-0.5654558932542624,-1.4618235730170497,2698,2,1349,-1.240890204526346,-0.4881404570126517,-0.8050182038895328,complete
marcus_morris_2018_BOS,Marcus Morris Sr.,2018-19,3,re_signed_standard,roster_continuity,-0.7401297728974295,-0.5480908410282006,-0.2280259545794859,4007,2,-0.3753843371314885,0.3789473684210526,-0.7271658527762705,5529,3,1843,0.36474543576594104,0.9270382094492532,-0.4991398981967846,complete
marcus_smart_2018_BOS,Marcus Smart,2018-19,3,re_signed_standard,roster_continuity,-1.2597807126837777,-1.9804385746324447,0.760877149264889,4013,2,0.6968947368421053,-0.5741052631578948,1.2987368421052632,5700,3,1900,1.956675449525883,1.4063333114745498,0.5378596928403742,complete
mario_hezonja_2018_NYK,Mario Hezonja,2018-19,3,new_team,team_change,-2.150745128009171,-2.0738632021398544,-0.07688192586931598,2617,2,-3.4225806451612906,-3.3322580645161293,-0.09032258064516129,2077,2,1038.5,-1.2718355171521196,-1.2583948623762748,-0.013440654775845301,complete
markieff_morris_2018_OKC,Markieff Morris,2018-19,3,new_team,team_change,-1.409350529709811,-1.3546752648549056,-0.009350529709811145,4342,2,-2.4399781241454743,-2.0379272627837026,-0.4020508613617719,3657,3,1219,-1.0306275944356633,-0.683251997928797,-0.3927003316519608,complete
marquese_chriss_2018_CLE,Marquese Chriss,2018-19,3,new_team,team_change,-2.480183486238532,-2.66697247706422,0.1334862385321101,3270,2,0.6,0,0.6,1196,1,1196,3.080183486238532,2.66697247706422,0.46651376146788986,complete
marvin_williams_2018_CHA,Marvin Williams,2018-19,3,re_signed_standard,roster_continuity,0.466403162055336,0.22648221343873515,0.1932806324110672,4301,2,-0.4038320049049663,-0.8153280196198652,0.47688534641324337,3262,2,1631,-0.8702351669603023,-1.0418102330586003,0.2836047140021762,complete
mason_plumlee_2018_DEN,Mason Plumlee,2018-19,3,re_signed_standard,roster_continuity,1.3982436576526345,-0.04187343183718986,1.3999999999999997,3587,2,2.1103102402612555,-0.05798926988570096,2.168299510146956,4287,3,1429,0.712066582608621,-0.0161158380485111,0.7682995101469563,complete
maurice_harkless_2018_POR,Maurice Harkless,2018-19,3,re_signed_standard,roster_continuity,0.12497849154000572,-0.6550043016919989,0.6799827932320046,3487,2,-0.7926950747094632,-2.2298837852794686,1.4371887105700056,3614,3,1204.6666666666667,-0.9176735662494689,-1.5748794835874698,0.757205917338001,complete
maxi_kleber_2018_DAL,Maxi Kleber,2018-19,3,re_signed_standard,roster_continuity,-0.5,-1,0.5,1206,1,0.28666807521656457,-0.2358123811536024,0.5224804563701668,4733,3,1577.6666666666667,0.7866680752165646,0.7641876188463976,0.022480456370166824,complete
meyers_leonard_2018_POR,Meyers Leonard,2018-19,3,re_signed_standard,roster_continuity,-3.3,-2.6,-0.6,1222,1,0.3398535564853557,-0.014225941422594167,0.3540794979079498,1912,2,956,3.6398535564853556,2.585774058577406,0.9540794979079498,complete
michael_beasley_2018_LAL,Michael Beasley,2018-19,3,new_team,team_change,-0.41676970633693966,0.3832302936630603,-0.8,2588,2,NA,NA,NA,NA,NA,NA,NA,NA,NA,missing_data
michael_carter-williams_2018_ORL,Michael Carter-Williams,2018-19,3,new_team,team_change,-2.3555621653777514,-3.903926234384295,1.5483640690065439,1681,2,-2.3004898958971216,-3.018677281077771,0.7181873851806492,1633,2,816.5,0.05507226948062982,0.8852489533065238,-0.8301766838258947,complete
michael_kidd-gilchrist_2018_CHA,Michael Kidd-Gilchrist,2018-19,3,re_signed_standard,roster_continuity,-1.3168135270302452,-1.8202905453679448,0.5034770183376994,4199,2,-2.4,-2.3,-0.1,1179,1,1179,-1.0831864729697547,-0.47970945463205505,-0.6034770183376994,complete
mike_muscala_2018_LAL,Mike Muscala,2018-19,3,new_team,team_change,0.730822812363953,0.08458859381802351,0.6923813670004353,2297,2,-0.6176377328577092,-0.16135552913198573,-0.45628220372572337,2523,3,841,-1.3484605452216623,-0.24594412295000923,-1.1486635707261588,complete
mike_scott_2018_PHI,Mike Scott,2018-19,3,new_team,team_change,-1.7,-0.6,-1.1,1406,1,-2.3293862188766647,-1.8013317892298784,-0.5931094383323683,3454,3,1151.3333333333333,-0.6293862188766648,-1.2013317892298785,0.5068905616676318,complete
miles_plumlee_2018_ATL,Miles Plumlee,2018-19,3,re_signed_standard,roster_continuity,-3.8,-3.7,-0.1,918,1,NA,NA,NA,NA,NA,NA,NA,NA,NA,missing_data
milos_teodosic_2018_LAC,Milos Teodosic,2018-19,3,re_signed_standard,roster_continuity,-1.7,-0.3,-1.5,1134,1,NA,NA,NA,NA,NA,NA,NA,NA,NA,missing_data
montrezl_harrell_2018_LAC,Montrezl Harrell,2018-19,3,re_signed_standard,roster_continuity,2.261731014000848,2.106873143826899,0.15485787017394995,2357,2,3.086112629852378,2.4817386550027334,0.6362493165664297,5487,3,1829,0.82438161585153,0.37486551117583433,0.48139144639247977,complete
myles_turner_2018_IND,Myles Turner,2018-19,3,re_signed_standard,roster_continuity,0.5546949965729954,-0.30973269362577105,0.8063742289239206,4377,2,1.1226111111111112,-0.7692592592592593,1.8526296296296294,5400,3,1800,0.5679161145381159,-0.45952656563348826,1.0462554007057088,complete
nemanja_bjelica_2018_SAC,Nemanja Bjelica,2018-19,3,new_team,team_change,-0.6899258102303788,-0.8899258102303788,0.2,2561,2,0.8921256258534365,0.5223941738734638,0.3239644970414201,4394,3,1464.6666666666667,1.5820514360838152,1.4123199841038425,0.1239644970414201,complete
nene_2018_HOU,Nene,2018-19,3,re_signed_standard,roster_continuity,0.1024539877300614,-0.620040899795501,0.7224948875255623,1956,2,-2.2,-3.1,0.9,546,1,546,-2.3024539877300616,-2.479959100204499,0.17750511247443768,complete
nerlens_noel_2018_OKC,Nerlens Noel,2018-19,3,new_team,team_change,2.4,0.1,2.3,1047,1,2.1118262268704746,-1.425824617860016,3.5376508447304906,3729,3,1243,-0.2881737731295253,-1.525824617860016,1.2376508447304908,complete
nick_young_2018_DEN,Nick Young,2018-19,3,new_team,team_change,-1.7060359443879283,0.14120040691759905,-1.8472363513055272,2949,2,NA,NA,NA,NA,NA,NA,NA,NA,NA,missing_data
nicolas_batum_2018_CHA,Nicolas Batum,2018-19,3,re_signed_standard,roster_continuity,0.6276642018268812,0.5569160504567203,0.07074815137016092,4598,2,0.466084363016617,-0.4177247550063911,0.8838091180230082,4694,3,1564.6666666666667,-0.16157983881026422,-0.9746408054631115,0.8130609666528473,complete
nik_stauskas_2018_CLE,Nik Stauskas,2018-19,3,new_team,team_change,-2.703541128734784,-1.9456658059756546,-0.8385835485060863,2711,2,-1.9,-0.7,-1.2,1015,1,1015,0.8035411287347842,1.2456658059756547,-0.36141645149391366,complete
nikola_jokic_2018_DEN,Nikola Jokic,2018-19,3,re_signed_standard,roster_continuity,7.081923677750502,5.572885516625753,1.509038161124749,4481,2,9.576637554585153,6.96146288209607,2.6470524017467247,7328,3,2442.6666666666665,2.494713876834651,1.3885773654703168,1.1380142406219758,complete
nikola_mirotic_2018_MIL,Nikola Mirotic,2018-19,3,new_team,team_change,1.406271667191932,1.2829498896942957,0.12332177749763631,3173,2,1.5,2.1,-0.6,1245,1,1245,0.09372833280806803,0.8170501103057044,-0.7233217774976363,complete
nikola_vucevic_2018_ORL,Nikola Vucevic,2018-19,3,re_signed_standard,roster_continuity,1.9688767550702029,1.1938377535101403,0.7750390015600624,3846,2,5.45536756126021,4.586901983663944,0.905075845974329,6856,3,2285.3333333333335,3.486490806190007,3.393064230153804,0.13003684441426655,complete
noah_vonleh_2018_NYK,Noah Vonleh,2018-19,3,new_team,team_change,-2.8369158878504672,-2.2231308411214954,-0.6137850467289719,2140,2,-0.7,-1.2,0.5,1722,1,1722,2.136915887850467,1.0231308411214954,1.1137850467289718,complete
norman_powell_2018_TOR,Norman Powell,2018-19,3,re_signed_standard,roster_continuity,-1.5488888888888888,-1.7362962962962962,0.14370370370370372,2430,2,0.6344698544698545,0.6625571725571726,-0.028087318087318073,4810,3,1603.3333333333333,2.183358743358743,2.398853468853469,-0.1717910217910218,complete
og_anunoby_2018_TOR,O.G. Anunoby,2018-19,3,re_signed_standard,roster_continuity,-0.6,-1.2,0.6,1481,1,0.19666048237476808,-0.7732838589981447,0.9978148835291691,4851,3,1617,0.796660482374768,0.4267161410018553,0.39781488352916916,complete
omri_casspi_2018_MEM,Omri Casspi,2018-19,3,new_team,team_change,-1.969342010122921,-1.6903832248734636,-0.23246565437454808,1383,2,0.4,-0.3,0.7,520,1,520,2.3693420101229212,1.3903832248734636,0.932465654374548,complete
otto_porter_2018_CHI,Otto Porter Jr.,2018-19,3,new_team,team_change,3.396565415922176,2.496565415922176,0.9482827079610879,5037,2,0.6617300131061599,0.5882044560943643,0.07352555701179554,2289,2,1144.5,-2.7348354028160164,-1.908360959827812,-0.8747571509492924,complete
pascal_siakam_2018_TOR,Pascal Siakam,2018-19,3,re_signed_standard,roster_continuity,0.0477147360126085,-1.2138297872340424,1.2953900709219857,2538,2,1.728391356542617,1.3243997599039614,0.37388955582232897,6664,3,2221.3333333333335,1.6806766205300085,2.5382295471380036,-0.9215005150996567,complete
pat_connaughton_2018_MIL,Pat Connaughton,2018-19,3,new_team,team_change,-1.8,-1.7,-0.1,1488,1,0.5538122088747242,-0.374577102230939,0.8974748712919833,4079,3,1359.6666666666667,2.353812208874724,1.325422897769061,0.9974748712919833,complete
patrick_mccaw_2018_TOR,Patrick McCaw,2018-19,3,new_team,team_change,-3.2028009828009822,-3.297248157248157,0.1,2035,2,-1.8,-3.6,1.8,908,1,908,1.4028009828009822,-0.3027518427518432,1.7,complete
patrick_patterson_2018_OKC,Patrick Patterson,2018-19,3,re_signed_standard,roster_continuity,-0.03279888462879052,-0.5311955385151621,0.4983966538863716,2869,2,-1.0224876070301938,-0.6011716989634971,-0.35628661559260927,2219,3,739.6666666666666,-0.9896887224014033,-0.06997616044833499,-0.8546832694789809,complete
patty_mills_2018_SAS,Patty Mills,2018-19,3,re_signed_standard,roster_continuity,0.18114478114478116,0.30857290857290853,-0.12742812742812745,3861,2,-0.5109098070106342,0.501220953131154,-1.0497046081134305,5078,3,1692.6666666666667,-0.6920545881554153,0.19264804455824547,-0.922276480685303,complete
pau_gasol_2018_MIL,Pau Gasol,2018-19,3,new_team,team_change,3.6838615876708345,2.0204129107298634,1.7107589415527769,3439,2,NA,NA,NA,NA,NA,NA,NA,NA,NA,missing_data
paul_george_2018_OKC,Paul George,2018-19,3,re_signed_standard,roster_continuity,2.9963799283154122,2.6373297491039427,0.35905017921146953,5580,2,5.764923532313764,4.670892945239269,1.0940305870744944,6081,3,2027,2.768543603998352,2.0335631961353267,0.7349804078630249,complete
pj_tucker_2018_HOU,P.J. Tucker,2018-19,3,re_signed_standard,roster_continuity,-0.7039849457604606,-1.7019924728802303,0.9980075271197698,4517,2,-1.800467924528302,-2.5119396226415094,0.7487094339622641,6625,3,2208.3333333333335,-1.0964829787678414,-0.8099471497612791,-0.24929809315750573,complete
quincy_acy_2018_PHX,Quincy Acy,2018-19,3,new_team,team_change,-2.383568075117371,-2.2798122065727697,-0.10375586854460095,1917,2,NA,NA,NA,NA,NA,NA,NA,NA,NA,missing_data
quincy_pondexter_2018_SAS,Quincy Pondexter,2018-19,3,new_team,team_change,NA,NA,NA,NA,NA,NA,NA,NA,NA,NA,NA,NA,NA,NA,missing_data
quinn_cook_2018_GSW,Quinn Cook,2018-19,3,re_signed_standard,roster_continuity,-1.6,-0.1,-1.5,740,1,-2.6511167836630505,-1.083535417996171,-1.5351627313337588,1567,2,783.5,-1.0511167836630504,-0.983535417996171,-0.0351627313337588,complete
rajon_rondo_2018_LAL,Rajon Rondo,2018-19,3,new_team,team_change,-0.4038895152198422,-0.8311161217587374,0.3272266065388951,3548,2,-1.1479666986871597,-1.246589817483189,0.13013128402177393,3123,3,1041,-0.7440771834673175,-0.4154736957244517,-0.1970953225171212,complete
raul_neto_2018_UTA,Raul Neto,2018-19,3,re_signed_standard,roster_continuity,NA,NA,NA,NA,NA,-0.9870593915982617,-1.3354901014002896,0.4161757605021729,2071,2,1035.5,NA,NA,NA,missing_data
raymond_felton_2018_OKC,Raymond Felton,2018-19,3,re_signed_standard,roster_continuity,-0.9882544861337683,-1.2429037520391517,0.25464926590538334,3065,2,NA,NA,NA,NA,NA,NA,NA,NA,NA,missing_data
reggie_bullock_2018_LAL,Reggie Bullock,2018-19,3,new_team,team_change,0.7,0.7,0,1732,1,-0.956072695035461,-1.1047429078014186,0.13351063829787235,4512,3,1504,-1.656072695035461,-1.8047429078014185,0.13351063829787235,complete
reggie_jackson_2018_DET,Reggie Jackson,2018-19,3,re_signed_standard,roster_continuity,-0.7254857142857143,0.6745142857142857,-1.4,2625,2,0.2701048951048951,0.9826267482517482,-0.7125218531468531,4576,3,1525.3333333333333,0.9955906093906094,0.3081124625374625,0.6874781468531468,complete
richaun_holmes_2018_PHX,Richaun Holmes,2018-19,3,new_team,team_change,1.038473439917483,0.1922124806601341,0.8462609592573491,1939,2,0.7180608365019011,0.3707699619771863,0.34729087452471485,4208,3,1402.6666666666667,-0.320412603415582,0.1785574813170522,-0.49897008473263427,complete
ricky_rubio_2018_UTA,Ricky Rubio,2018-19,3,re_signed_standard,roster_continuity,0.8045521914037688,0.2932458183358035,0.6113063730679652,4723,2,-0.3043080710392122,-0.6777914541937753,0.3380341128890452,5687,3,1895.6666666666667,-1.108860262442981,-0.9710372725295788,-0.27327226017892,complete
robert_covington_2018_MIN,Robert Covington,2018-19,3,new_team,team_change,0.9077187701569556,-0.6556009460331111,1.5633197161900667,4651,2,0.4251119469819094,-1.0893426473222283,1.5527315063585885,5583,3,1861,-0.48260682317504616,-0.43374170128911715,-0.010588209831478235,complete
robin_lopez_2018_CHI,Robin Lopez,2018-19,3,re_signed_standard,roster_continuity,-2.2,-1.1866700328199948,-1.0133299671800051,3961,2,-1.760132720775906,-0.910362429811128,-0.8907605921388463,3918,3,1306,0.4398672792240941,0.2763076030088668,0.12256937504115883,complete
rodney_hood_2018_POR,Rodney Hood,2018-19,3,new_team,team_change,-0.4971330632595825,0.10501713929573082,-0.6021502025553133,3209,2,-3.0028662420382166,-2.0657209033005213,-0.9098726114649681,3454,3,1151.3333333333333,-2.505733178778634,-2.170738042596252,-0.30772240890965485,complete
rondae_hollis-jefferson_2018_BKN,Rondae Hollis-Jefferson,2018-19,3,re_signed_standard,roster_continuity,-0.5697636511817441,-1.2089649551752244,0.6392013039934801,3681,2,-1.21893039049236,-2.1427843803056024,0.9238539898132427,2356,2,1178,-0.649166739310616,-0.933819425130378,0.28465268581976266,complete
royce_oneale_2018_UTA,Royce O'Neale,2018-19,3,re_signed_standard,roster_continuity,-0.2,-2,1.8,1150,1,0.5451434323100152,-1.6268243583291393,2.1343734272773025,5961,3,1987,0.7451434323100152,0.3731756416708607,0.33437342727730246,complete
rudy_gay_2018_SAS,Rudy Gay,2018-19,3,re_signed_standard,roster_continuity,1.2965686274509804,0.741711229946524,0.5548573975044563,2244,2,0.2733748122720446,0.2870199527998284,-0.044990345419437895,4661,3,1553.6666666666667,-1.023193815178936,-0.45469127714669566,-0.5998477429238942,complete
rudy_gobert_2018_UTA,Rudy Gobert,2018-19,3,re_signed_standard,roster_continuity,4.0017543859649125,1.6822807017543862,2.3194736842105264,4560,2,4.6542060025362835,2.2953078765675636,2.3952092433422574,7097,3,2365.6666666666665,0.652451616571371,0.6130271748131775,0.07573555913173102,complete
russell_westbrook_2018_OKC,Russell Westbrook,2018-19,3,re_signed_standard,roster_continuity,8.65297410776767,6.711791462561231,1.941182645206438,5716,2,3.620147559591374,2.383910329171396,1.2362372304199774,7048,3,2349.3333333333335,-5.032826548176297,-4.327881133389835,-0.7049454147864607,complete
ryan_anderson_2018_MIA,Ryan Anderson,2018-19,3,new_team,team_change,-0.17544910179640721,1.3407185628742515,-1.4610778443113772,3841,2,NA,NA,NA,NA,NA,NA,NA,NA,NA,missing_data
salah_mejri_2018_DAL,Salah Mejri,2018-19,3,re_signed_standard,roster_continuity,-0.07539779681762548,-2.5538555691554468,2.5230722154222764,1634,2,NA,NA,NA,NA,NA,NA,NA,NA,NA,missing_data
sam_dekker_2018_WAS,Sam Dekker,2018-19,3,new_team,team_change,-1.2356646394439619,-0.697306689834926,-0.5999999999999999,2302,2,-1.8,-1,-0.6999999999999998,788,1,788,-0.5643353605560382,-0.30269331016507395,-0.09999999999999998,complete
semi_ojeleye_2018_BOS,Semi Ojeleye,2018-19,3,re_signed_standard,roster_continuity,-4.7,-4.6,-0.1,1150,1,-2.494990215264188,-2.1140117416829742,-0.38097847358121323,2555,3,851.6666666666666,2.2050097847358123,2.4859882583170254,-0.2809784735812132,complete
serge_ibaka_2018_TOR,Serge Ibaka,2018-19,3,re_signed_standard,roster_continuity,0.007286821705426358,0.1682170542635659,-0.16093023255813954,4515,2,0.4241573033707865,0.3812359550561798,0.08808988764044944,4450,3,1483.3333333333333,0.4168704816653601,0.2130189007926139,0.249020120198589,complete
shabazz_napier_2018_BKN,Shabazz Napier,2018-19,3,new_team,team_change,0.4248656570591109,-0.7250122129946263,1.1748900830483635,2047,2,-0.001675977653631324,-0.024108293940696135,0.022432316287064862,2327,2,1163.5,-0.4265416347127422,0.7009039190539301,-1.1524577667612987,complete
shaun_livingston_2018_GSW,Shaun Livingston,2018-19,3,re_signed_standard,roster_continuity,-2.773807599029911,-2.908730800323363,0.08928860145513338,2474,2,-1,-1.7,0.7,967,1,967,1.7738075990299111,1.208730800323363,0.6107113985448666,complete
shelvin_mack_2018_CHA,Shelvin Mack,2018-19,3,new_team,team_change,-1.8219844357976653,-1.809533073929961,-0.012451361867704281,2570,2,-3,-2.7,-0.4,1246,1,1246,-1.1780155642023347,-0.8904669260700391,-0.38754863813229573,complete
sindarius_thornwell_2018_LAC,Sindarius Thornwell,2018-19,3,re_signed_standard,roster_continuity,-2.4,-3.4,1,1156,1,NA,NA,NA,NA,NA,NA,NA,NA,NA,missing_data
skal_labissiere_2018_POR,Skal Labissiere,2018-19,3,new_team,team_change,-2.567818574514039,-1.5695464362850973,-0.9982721382289417,1852,2,-1.3,-1.5,0.2,567,1,567,1.267818574514039,0.06954643628509727,1.1982721382289416,complete
smith_2018_CLE,JR Smith,2018-19,3,re_signed_standard,roster_continuity,-2.6886330515884582,-1.9962110171961527,-0.657825706791023,3431,2,NA,NA,NA,NA,NA,NA,NA,NA,NA,missing_data
spencer_dinwiddie_2018_BKN,Spencer Dinwiddie,2018-19,3,re_signed_standard,roster_continuity,0.013626373626373601,0.3471428571428572,-0.2968681318681318,3640,2,1.2122824974411464,2.063306038894575,-0.851023541453429,3908,2,1954,1.1986561238147728,1.7161631817517178,-0.5541554095852972,complete
stanley_johnson_2018_NOP,Stanley Johnson,2018-19,3,new_team,team_change,-2.9419908116385907,-4.167963246554365,1.2259724349157735,3265,2,-2.3363143631436314,-3.4180668473351403,1.0363143631436316,2214,2,1107,0.6056764484949593,0.7498963992192245,-0.1896580717721419,complete
stephen_curry_2018_GSW,Stephen Curry,2018-19,3,re_signed_standard,roster_continuity,7.20564535019911,7.120262356523776,0.18538299367533378,4269,2,7.608074949810395,7.676042828463082,-0.06796787865268791,4483,2,2241.5,0.40242959961128477,0.5557804719393058,-0.25335087232802167,complete
sterling_brown_2018_MIL,Sterling Brown,2018-19,3,re_signed_standard,roster_continuity,-3.1,-2.8,-0.2,776,1,-1.667128712871287,-2.022640264026403,0.3555115511551155,3030,3,1010,1.432871287128713,0.7773597359735969,0.5555115511551155,complete
steven_adams_2018_OKC,Steven Adams,2018-19,3,re_signed_standard,roster_continuity,0.4630639868744873,0.7690935192780967,-0.30602953240360953,4876,2,1.2305005038629493,0.742072556264696,0.5166442727578099,5954,3,1984.6666666666667,0.767436516988462,-0.027020963013400623,0.8226738051614194,complete
taj_gibson_2018_MIN,Taj Gibson,2018-19,3,re_signed_standard,roster_continuity,-0.9218451749734888,-0.4062142099681867,-0.5734464475079533,4715,2,-0.021743899095146714,-0.2658075130244036,0.26972854400877433,3647,3,1215.6666666666667,0.9001012758783421,0.1404066969437831,0.8431749915167276,complete
taurean_prince_2018_ATL,Taurean Prince,2018-19,3,re_signed_standard,roster_continuity,-1.29933236574746,-1.3542815674891147,0.05494920174165462,3445,2,-2.3454566527584606,-1.816782568382012,-0.5286740843764487,4314,3,1438,-1.0461242870110006,-0.46250100089289736,-0.5836232861181033,complete
terrance_ferguson_2018_OKC,Terrance Ferguson,2018-19,3,re_signed_standard,roster_continuity,-3.3000000000000003,-3.1999999999999997,-0.09999999999999999,763,1,-4.076003764115432,-4.254861982434128,0.1788582183186951,3188,2,1594,-0.776003764115432,-1.054861982434128,0.2788582183186951,complete
terry_rozier_2018_BOS,Terry Rozier,2018-19,3,re_signed_standard,roster_continuity,0.7729210447313121,-0.04791353947763439,0.7829180426298409,3331,2,0.4084884821710319,0.9025086778163459,-0.45642158409592926,6338,3,2112.6666666666665,-0.36443256256028017,0.9504222172939804,-1.2393396267257701,complete
thabo_sefolosha_2018_UTA,Thabo Sefolosha,2018-19,3,re_signed_standard,roster_continuity,1.1717735220649461,-1.3282264779350543,2.5,2402,2,1.5,-1.6,3.1,609,1,609,0.3282264779350539,-0.27177352206494576,0.6000000000000001,complete
thaddeus_young_2018_IND,Thaddeus Young,2018-19,3,re_signed_standard,roster_continuity,0.33854252683732455,-0.24618084227910816,0.5847233691164327,4844,2,1.2693475226796929,0.3326936496859735,0.9366538729937194,5732,3,1910.6666666666667,0.9308049958423683,0.5788744919650817,0.35193050387728664,complete
thon_maker_2018_DET,Thon Maker,2018-19,3,new_team,team_change,-3.0316666666666667,-2.5443333333333333,-0.5561111111111111,1800,2,-1.2887871853546908,-2.1556064073226544,0.8668192219679632,1748,2,874,1.742879481311976,0.38872692601067893,1.4229303330790743,complete
tim_frazier_2018_MIL,Tim Frazier,2018-19,3,new_team,team_change,-2.0616589081675833,-2.606390181972069,0.5092678798137961,2363,2,-1.8,-1.4,-0.4,1120,1,1120,0.2616589081675833,1.2063901819720693,-0.9092678798137961,complete
tim_hardaway_2018_DAL,Tim Hardaway Jr.,2018-19,3,new_team,team_change,-0.01336964595196831,0.7666501609309235,-0.726689774696707,4039,2,-0.5754280123919778,1.0229088537420512,-1.698336866134029,6133,3,2044.3333333333333,-0.5620583664400095,0.2562586928111277,-0.971647091437322,complete
timothe_luwawu-cabarrot_2018_CHI,Timothe Luwawu-Cabarrot,2018-19,3,new_team,team_change,-4.397946920380571,-3.5767150726089136,-0.8616424636955433,1997,2,-3.8784603421461896,-2.9697900466562985,-0.9418351477449456,2572,3,857.3333333333334,0.5194865782343814,0.6069250259526151,-0.08019268404940227,complete
tj_leaf_2018_IND,T.J. Leaf,2018-19,3,re_signed_standard,roster_continuity,NA,NA,NA,NA,NA,-0.3,0.3,-0.6,522,1,522,NA,NA,NA,missing_data
tj_mcconnell_2018_PHI,T.J. McConnell,2018-19,3,re_signed_standard,roster_continuity,-0.5556134410002604,-1.955561344100026,1.3999479030997655,3839,2,0.40383275261324036,-0.6255662020905923,1.0685104529616725,4592,3,1530.6666666666667,0.9594461936135008,1.3299951420094336,-0.331437450138093,complete
tj_warren_2018_PHX,T.J. Warren,2018-19,3,re_signed_standard,roster_continuity,-0.6511217183770882,0.45785202863961816,-1.1600954653937947,4190,2,0.6036496350364964,1.0854576080853453,-0.41998877035373394,3562,2,1781,1.2547713534135845,0.6276055794457271,0.7401066950400608,complete
tobias_harris_2018_PHI,Tobias Harris,2018-19,3,new_team,team_change,1.7528939828080228,1.8096466093600765,-0.056752626552053494,5235,2,1.907530695770805,2.0503410641200546,-0.14281036834924965,7330,3,2443.3333333333335,0.15463671296278214,0.24069445475997808,-0.08605774179719616,complete
tomas_satoransky_2018_WAS,Tomas Satoransky,2018-19,3,re_signed_standard,roster_continuity,0.10414902624894158,-0.3871718882303133,0.5608806096528366,2362,2,-0.8266778837165825,-0.6946345111235745,-0.16715273882968779,5349,3,1783,-0.9308269099655241,-0.30746262289326126,-0.7280333484825243,complete
tony_parker_2018_CHA,Tony Parker,2018-19,3,new_team,team_change,-2.8820541760722347,-1.8820541760722347,-0.8999999999999999,2658,2,-2.6,-0.3,-2.3,1003,1,1003,0.2820541760722346,1.5820541760722346,-1.4,complete
tony_snell_2018_MIL,Tony Snell,2018-19,3,re_signed_standard,roster_continuity,-1.9806561859193434,-1.2338801549327865,-0.7467760309865573,4389,2,-1.1081026162052325,-0.9321818643637287,-0.17592075184150366,3937,3,1312.3333333333333,0.8725535697141109,0.3016982905690577,0.5708552791450536,complete
torrey_craig_2018_DEN,Torrey Craig,2018-19,3,re_signed_standard,roster_continuity,-2.9,-2.2,-0.7,629,1,-1.4801953818827707,-1.595885139135583,0.1601835405565423,3378,3,1126,1.4198046181172292,0.6041148608644171,0.8601835405565422,complete
treveon_graham_2018_BKN,Treveon Graham,2018-19,3,new_team,team_change,-2.7,-2.8,0.1,1050,1,-4.773661800486618,-4.152068126520681,-0.6215936739659368,1644,2,822,-2.073661800486618,-1.352068126520681,-0.7215936739659368,complete
trevor_ariza_2018_WAS,Trevor Ariza,2018-19,3,new_team,team_change,0.8649940499801666,-0.054998016660055535,0.9199920666402223,5042,2,-1.00903267136451,-1.0129617766389067,0.003929105274396795,4683,3,1561,-1.8740267213446766,-0.9579637599788512,-0.9160629613658254,complete
trey_burke_2018_DAL,Trey Burke,2018-19,3,new_team,team_change,-0.09845430107526881,1.443279569892473,-1.588978494623656,1488,2,-0.6382237871674491,0.323982785602504,-0.9622065727699531,2556,3,852,-0.5397694860921802,-1.119296784289969,0.6267719218537029,complete
trey_lyles_2018_DEN,Trey Lyles,2018-19,3,re_signed_standard,roster_continuity,-0.2900353079639076,0.09195763044331096,-0.3819929384072185,2549,2,-1.7621079046424089,-1.1089502300292764,-0.7,2391,2,1195.5,-1.4720725966785013,-1.2009078604725874,-0.31800706159278147,complete
tristan_thompson_2018_CLE,Tristan Thompson,2018-19,3,re_signed_standard,roster_continuity,-1.392018779342723,-0.3145539906103286,-1.0774647887323943,3408,2,-1.5211602472658108,-0.14205896338563961,-1.3791012838801713,4206,3,1402,-0.12914146792308778,0.172495027224689,-0.301636495147777,complete
troy_daniels_2018_PHX,Troy Daniels,2018-19,3,re_signed_standard,roster_continuity,-2.262602495543672,-0.204777183600713,-2.015650623885918,2805,2,-3.3705882352941177,-1.7000000000000002,-1.6705882352941177,1292,2,646,-1.1079857397504456,-1.4952228163992871,0.3450623885918003,complete
tyler_cavanaugh_2018_UTA,Tyler Cavanaugh,2018-19,3,new_team,team_change,-1.9,-0.4,-1.5,518,1,NA,NA,NA,NA,NA,NA,NA,NA,NA,missing_data
tyler_dorsey_2018_MEM,Tyler Dorsey,2018-19,3,new_team,team_change,-2.9,-1.4,-1.5,974,1,-3.5,-1.4,-2.1,698,1,698,-0.6000000000000001,0,-0.6000000000000001,complete
tyler_johnson_2018_PHX,Tyler Johnson,2018-19,3,new_team,team_change,0.5753191489361702,-0.036595744680851056,0.6119148936170213,4230,2,-1.7088637919233403,-1.413381245722108,-0.29548254620123204,2922,3,974,-2.2841829408595107,-1.3767855010412569,-0.9073974398182534,complete
tyler_ulis_2018_CHI,Tyler Ulis,2018-19,3,new_team,team_change,-3.59237684286228,-2.1519956850053936,-1.4,2781,2,NA,NA,NA,NA,NA,NA,NA,NA,NA,missing_data
tyler_zeller_2018_MEM,Tyler Zeller,2018-19,3,new_team,team_change,-1.721297429620563,-1.0462056303549572,-0.6750917992656058,1634,2,NA,NA,NA,NA,NA,NA,NA,NA,NA,missing_data
tyreke_evans_2018_IND,Tyreke Evans,2018-19,3,new_team,team_change,3.1510229645093943,3.2549060542797497,-0.1709812108559499,2395,2,-2.7,-2.4,-0.3,1402,1,1402,-5.8510229645093945,-5.654906054279749,-0.1290187891440501,complete
tyson_chandler_2018_LAL,Tyson Chandler,2018-19,3,new_team,team_change,-0.49897917517354023,-0.004981625153123789,-0.44099632503062475,2449,2,-2.1,-2.9,0.8,875,1,875,-1.60102082482646,-2.895018374846876,1.2409963250306248,complete
tyus_jones_2018_MIN,Tyus Jones,2018-19,3,re_signed_standard,roster_continuity,0.5927710843373495,-0.7309236947791165,1.3546184738955822,2241,2,0.19451918285999004,-0.2574489287493772,0.45196811160936723,4014,3,1338,-0.39825190147735945,0.47347476602973926,-0.902650362286215,complete
udonis_haslem_2018_MIA,Udonis Haslem,2018-19,3,re_signed_standard,roster_continuity,NA,NA,NA,NA,NA,NA,NA,NA,NA,NA,NA,NA,NA,NA,missing_data
victor_oladipo_2018_IND,Victor Oladipo,2018-19,3,re_signed_standard,roster_continuity,2.867741935483871,2.0520737327188936,0.8622119815668202,4774,2,-0.09150635208711438,-0.02504537205081678,-0.024827586206896627,2755,3,918.3333333333334,-2.9592482875709853,-2.0771191047697104,-0.8870395677737168,complete
vince_carter_2018_ATL,Vince Carter,2018-19,3,new_team,team_change,0.07362831858407079,-0.8810973451327433,0.9547256637168141,2825,2,-2.1295557570262917,-1.472166817769719,-0.657388939256573,2206,2,1103,-2.2031840756103627,-0.5910694726369756,-1.6121146029733873,complete
wayne_ellington_2018_DET,Wayne Ellington,2018-19,3,new_team,team_change,0.18819542502118047,0.9152781700084722,-0.7270827449872918,3541,2,-0.6350191838158354,-0.11723055458667596,-0.5177886292291595,2867,3,955.6666666666666,-0.8232146088370159,-1.032508724595148,0.20929411575813228,complete
wayne_selden_2018_CHI,Wayne Selden,2018-19,3,new_team,team_change,-3.1000000000000005,-0.9000000000000001,-2.2,692,1,-5.4,-3.8,-1.6,1439,1,1439,-2.3,-2.8999999999999995,0.6000000000000001,complete
wes_iwundu_2018_ORL,Wes Iwundu,2018-19,3,re_signed_standard,roster_continuity,-4.3,-4.2,-0.1,1020,1,-3.6033394495412847,-3.8702385321100916,0.21214678899082565,2725,3,908.3333333333334,0.6966605504587151,0.32976146788990857,0.31214678899082565,complete
wesley_johnson_2018_WAS,Wesley Johnson,2018-19,3,new_team,team_change,-1.1586236933797909,-2.711672473867596,1.488327526132404,2296,2,-4.8,-4.3,-0.5,534,1,534,-3.641376306620209,-1.588327526132404,-1.988327526132404,complete
wesley_matthews_2018_IND,Wesley Matthews,2018-19,3,new_team,team_change,-0.8460657155209684,-0.8921314310419369,0.04606571552096844,4626,2,-1.7767298187808895,-2.1996293245469523,0.346169686985173,4856,3,1618.6666666666667,-0.9306641032599211,-1.3074978935050154,0.30010397146420453,complete
will_barton_2018_DEN,Will Barton,2018-19,3,re_signed_standard,roster_continuity,0.7502962625341841,1.4445761166818596,-0.6331358249772105,4388,2,-0.6880809750051641,-0.15383185292294985,-0.5625284032224748,4841,3,1613.6666666666667,-1.4383772375393482,-1.5984079696048095,0.07060742175473578,complete
willie_cauley-stein_2018_SAC,Willie Cauley-Stein,2018-19,3,re_signed_standard,roster_continuity,-0.4690909090909091,-0.7280808080808081,0.25898989898989894,3465,2,0.48062144212523716,-0.6800284629981025,1.2131404174573055,4216,3,1405.3333333333333,0.9497123512161463,0.048052345082705616,0.9541505184674066,complete
willy_hernangomez_2018_CHA,Willy Hernangomez,2018-19,3,re_signed_standard,roster_continuity,-0.3,0.3,-0.5,1324,1,-0.04897466827503016,1.0489746682750303,-1.0489746682750303,1658,2,829,0.2510253317249698,0.7489746682750302,-0.5489746682750303,complete
wilson_chandler_2018_LAC,Wilson Chandler,2018-19,3,new_team,team_change,-1.5680387409200969,-0.27459828307285933,-1.2934404578472376,4543,2,-2.7615907901622188,-2.8377289377289374,0.076138147566719,1911,2,955.5,-1.1935520492421219,-2.563130654656078,1.3695786054139565,complete
yogi_ferrell_2018_SAC,Yogi Ferrell,2018-19,3,new_team,team_change,-1.2967806841046277,-1.162374245472837,-0.10321931589537223,3479,2,-1.5327489041953664,-1.165936130244208,-0.3668127739511584,1597,2,798.5,-0.2359682200907387,-0.0035618847713709823,-0.26359345805578616,complete
zach_collins_2018_POR,Zach Collins,2018-19,3,re_signed_standard,roster_continuity,-4.3,-4.5,0.2,1045,1,-1.2,-1.5,0.3,1356,1,1356,3.0999999999999996,3,0.09999999999999998,complete
zaza_pachulia_2018_DET,Zaza Pachulia,2018-19,3,new_team,team_change,0.33964285714285714,-0.9264285714285716,1.2094642857142859,2240,2,-1.2,-2.7999999999999994,1.6000000000000003,878,1,878,-1.539642857142857,-1.8735714285714278,0.39053571428571443,complete
aaron_gordon_2019_ORL,Aaron Gordon,2019-20,3,re_signed_standard,roster_continuity,0.4739101717305152,0.5521796565389696,-0.0782694848084544,4542,2,-0.22281460965899252,0.2186428942357625,-0.4414575038947551,5777,3,1925.6666666666667,-0.6967247813895077,-0.3335367623032071,-0.36318801908630066,complete
aaron_holiday_2019_IND,Aaron Holiday,2019-20,3,re_signed_standard,roster_continuity,-1.6000000000000003,-1.7000000000000002,0.10000000000000002,646,1,-2.428447823807027,-2.204483481908757,-0.19719454640797068,3814,3,1271.3333333333333,-0.8284478238070265,-0.5044834819087569,-0.2971945464079707,complete
abdel_nader_2019_OKC,Abdel Nader,2019-20,3,re_signed_standard,roster_continuity,-4.101480263157894,-4.4156249999999995,0.25707236842105263,1216,2,-1,-1.1999999999999997,0.2,867,1,867,3.101480263157894,3.2156249999999997,-0.05707236842105262,complete
al_horford_2019_PHI,Al Horford,2019-20,3,new_team,team_change,4.7249647058823525,2.8178117647058825,1.9535764705882355,4250,2,3.27001246882793,1.4554239401496258,1.8566708229426432,4812,3,1604,-1.4549522370544223,-1.3623878245562566,-0.09690564764559229,complete
al-farouq_aminu_2019_ORL,Al-Farouq Aminu,2019-20,3,new_team,team_change,0.5575618698441797,-0.2798350137488542,0.837396883593034,4364,2,NA,NA,NA,NA,NA,NA,NA,NA,NA,missing_data
alec_burks_2019_PHI,Alec Burks,2019-20,3,new_team,team_change,-1.0694741166803614,-0.9045603944124897,-0.22140509449465895,2434,2,0.8661347850572554,0.43309555096677294,0.4330392340904825,5327,3,1775.6666666666667,1.9356089017376168,1.3376559453792627,0.6544443285851415,complete
alex_len_2019_SAC,Alex Len,2019-20,3,new_team,team_change,-0.4880231371214699,0.28479074515141206,-0.8253487580809798,2939,2,-1.0022966134682756,-1.4183729077462048,0.34021019852082524,2569,3,856.3333333333334,-0.5142734763468058,-1.7031636528976168,1.1655589566018052,complete
alfonzo_mckinnie_2019_CLE,Alfonzo McKinnie,2019-20,3,new_team,team_change,-3.5,-2.2,-1.3,1003,1,-5.3,-4.4,-0.9,593,1,593,-1.7999999999999998,-2.2,0.4,complete
allen_crabbe_2019_MIN,Allen Crabbe,2019-20,3,new_team,team_change,-1.4145045045045044,-0.8165765765765766,-0.5979279279279279,3330,2,-5.3,-3.6999999999999997,-1.5,653,1,653,-3.8854954954954954,-2.883423423423423,-0.9020720720720721,complete
allonzo_trier_2019_NYK,Allonzo Trier,2019-20,3,re_signed_standard,roster_continuity,-3.1000000000000005,-1.6,-1.5,1459,1,NA,NA,NA,NA,NA,NA,NA,NA,NA,missing_data
andre_drummond_2019_CLE,Andre Drummond,2019-20,3,new_team,team_change,2.647704855842185,1.3995827010622155,1.2481221547799697,5272,2,0.4538832821412901,-0.5359806932865292,1.031088196577446,4558,3,1519.3333333333333,-2.193821573700895,-1.9355633943487447,-0.21703395820252358,complete
andre_iguodala_2019_MIA,Andre Iguodala,2019-20,3,new_team,team_change,0.7355625,-0.50825,1.2438125,3200,2,0.5625643666323378,-1.796343975283213,2.389958805355304,1942,2,971,-0.17299813336766223,-1.2880939752832132,1.1461463053553038,complete
andrew_wiggins_2019_GSW,Andrew Wiggins,2019-20,3,new_team,team_change,-2.6763129300977906,-0.9842086200651938,-1.7460521550162986,5522,2,-0.08714896214896214,0.41862026862026863,-0.5057692307692307,6552,3,2184,2.5891639679488283,1.4028288886854625,1.2402829242470679,complete
anfernee_simons_2019_POR,Anfernee Simons,2019-20,3,re_signed_standard,roster_continuity,NA,NA,NA,NA,NA,-2.078696268304204,0.020996693434104752,-2.139395370807747,4234,3,1411.3333333333333,NA,NA,NA,missing_data
ante_zizic_2019_CLE,Ante Zizic,2019-20,3,re_signed_standard,roster_continuity,-3.2,-1.1,-2.1,1082,1,NA,NA,NA,NA,NA,NA,NA,NA,NA,missing_data
anthony_davis_2019_LAL,Anthony Davis,2019-20,3,new_team,team_change,7.7913261961983835,6.027550797465588,1.7637753987327942,4577,2,5.952906110283159,3.8703427719821164,2.0825633383010436,4697,3,1565.6666666666667,-1.8384200859152244,-2.157208025483472,0.31878793956824936,complete
anthony_tolliver_2019_MEM,Anthony Tolliver,2019-20,3,new_team,team_change,-0.35553596614950633,0.09665021156558538,-0.45218617771509173,2836,2,-3.2,-2.7,-0.5,872,1,872,-2.844464033850494,-2.7966502115655856,-0.04781382228490827,complete
aron_baynes_2019_PHX,Aron Baynes,2019-20,3,new_team,team_change,-2.401561144839549,-2.9591500433651343,0.5575888985255855,2306,2,-2.7920585161964473,-1.838453500522466,-0.9536050156739813,1914,2,957,-0.39049737135689844,1.1206965428426683,-1.5111939141995667,complete
austin_rivers_2019_HOU,Austin Rivers,2019-20,3,re_signed_standard,roster_continuity,-2.7389963280293754,-1.7893512851897184,-0.9496450428396573,4085,2,-2.861571829548354,-2.6502679254911965,-0.21130390405715743,3919,3,1306.3333333333333,-0.12257550151897867,-0.8609166403014781,0.7383411387824999,complete
avery_bradley_2019_LAL,Avery Bradley,2019-20,3,new_team,team_change,-3.828789694427801,-2.885859796285201,-0.9429298981426003,3338,2,-3.530807764558548,-3.578209142141515,0.047401377582968064,3194,3,1064.6666666666667,0.2979819298692532,-0.6923493458563144,0.9903312757255683,complete
bam_adebayo_2019_MIA,Bam Adebayo,2019-20,3,re_signed_standard,roster_continuity,0.8827186833282535,-0.6918622371228285,1.5745809204510821,3281,2,4.0177760375880975,1.989193422083007,2.02858261550509,6385,3,2128.3333333333335,3.135057354259844,2.6810556592058354,0.454001695054008,complete
ben_simmons_2019_PHI,Ben Simmons,2019-20,3,re_signed_standard,roster_continuity,4.052650957290132,2.0994108983799706,1.9035346097201766,5432,2,3.262583461736004,1.0107858243451464,2.2517976373908577,3894,2,1947,-0.7900674955541285,-1.0886250740348242,0.34826302767068107,complete
bismack_biyombo_2019_CHA,Bismack Biyombo,2019-20,3,re_signed_standard,roster_continuity,-2.434372256365233,-2.5312554872695348,0.13125548726953468,2278,2,-2.5233356449375868,-2.5308599167822465,0.00752427184466022,2884,3,961.3333333333334,-0.08896338857235397,3.9557048728822153e-4,-0.12373121542487446,complete
blake_griffin_2019_DET,Blake Griffin,2019-20,3,re_signed_standard,roster_continuity,4.370688153310104,4.342290940766551,0.028397212543554002,4592,2,-1.3664909638554217,-0.901355421686747,-0.46513554216867475,2656,3,885.3333333333334,-5.7371791171655255,-5.243646362453298,-0.49353275471222874,complete
boban_marjanovic_2019_DAL,Boban Marjanovic,2019-20,3,new_team,team_change,3.2000000000000006,2.8,0.3,681,1,NA,NA,NA,NA,NA,NA,NA,NA,NA,missing_data
bobby_portis_2019_NYK,Bobby Portis,2019-20,3,new_team,team_change,-0.6129163834126444,1.1403127124405168,-1.7415363698164514,2942,2,0.1943041936156895,1.0229918631337367,-0.8573127477571459,4793,3,1597.6666666666667,0.8072205770283339,-0.1173208493067801,0.8842236220593055,complete
bogdan_bogdanovic_2019_SAC,Bogdan Bogdanovic,2019-20,3,re_signed_standard,roster_continuity,-1.0748908296943231,-0.36382823871906844,-0.758296943231441,4122,2,1.658873754828217,1.8698312665175851,-0.17505590567188453,4919,3,1639.6666666666667,2.7337645845225405,2.2336595052366537,0.5832410375595565,complete
bojan_bogdanovic_2019_UTA,Bojan Bogdanovic,2019-20,3,new_team,team_change,0.015147905499305133,0.9086559459996029,-0.8935080405002976,5037,2,-0.1054587869362364,1.11751166407465,-1.2574339035769828,6430,3,2143.3333333333335,-0.12060669243554153,0.20885571807504721,-0.3639258630766852,complete
brad_wanamaker_2019_BOS,Brad Wanamaker,2019-20,3,re_signed_standard,roster_continuity,NA,NA,NA,NA,NA,-2.0781998348472337,-2.9869116432700253,0.8652353426919901,2422,2,1211,NA,NA,NA,missing_data
bradley_beal_2019_WAS,Bradley Beal,2019-20,3,re_signed_standard,roster_continuity,2.5529725228975853,3.353821815154038,-0.7504246461282265,6005,2,2.554477744280901,4.267511970207484,-1.7130342259265825,5639,3,1879.6666666666667,0.001505221383315547,0.913690155053446,-0.962609579798356,complete
brandon_ingram_2019_NOP,Brandon Ingram,2019-20,3,new_team,team_change,-1.5769745649263722,-1.0884872824631862,-0.48848728246318607,3735,2,2.1036927134849983,2.806841411144082,-0.7031486976590835,6066,3,2022,3.6806672784113705,3.8953286936072677,-0.21466141519589743,complete
brandon_knight_2019_DET,Brandon Knight,2019-20,3,new_team,team_change,-5.4,-3.5,-2,736,1,NA,NA,NA,NA,NA,NA,NA,NA,NA,missing_data
brook_lopez_2019_MIL,Brook Lopez,2019-20,3,re_signed_standard,roster_continuity,1.6440473256100567,0.5282967710130639,1.115750554596993,4057,2,0.9771443936542081,-0.19542887873084164,1.22143049206776,3719,2,1859.5,-0.6669029319558486,-0.7237256497439055,0.1056799374707671,complete
bruce_brown_2019_DET,Bruce Brown,2019-20,3,re_signed_standard,roster_continuity,-3.3,-4.4,1,1449,1,-0.17783494546202924,-0.9380530973451328,0.730356040337518,4859,3,1619.6666666666667,3.1221650545379704,3.4619469026548675,-0.269643959662482,complete
bryn_forbes_2019_SAS,Bryn Forbes,2019-20,3,re_signed_standard,roster_continuity,-1.956509186351706,-1.1759580052493437,-0.7805511811023622,3810,2,-2.3116615311685234,-0.30955202654657504,-2.002109504621948,4219,3,1406.3333333333333,-0.35515234481681746,0.8664059787027687,-1.221558323519586,complete
buddy_hield_2019_SAC,Buddy Hield,2019-20,3,re_signed_standard,roster_continuity,1.6200689803837034,2.6710282388445785,-1.0073291657684846,4639,2,-0.2827364297705651,1.2902210408505876,-1.5729574706211529,7148,3,2382.6666666666665,-1.9028054101542686,-1.3808071979939909,-0.5656283048526682,complete
caleb_swanigan_2019_POR,Caleb Swanigan,2019-20,3,new_team,team_change,NA,NA,NA,NA,NA,NA,NA,NA,NA,NA,NA,NA,NA,NA,missing_data
cameron_payne_2019_PHX,Cameron Payne,2019-20,3,new_team,team_change,-1.8306027820710975,-1.3105100463678516,-0.5200927357032458,1294,2,1.4191344929995757,0.7444633008061095,0.6746711921934663,2357,2,1178.5,3.2497372750706734,2.054973347173961,1.194763927896712,complete
caris_levert_2019_BKN,Caris LeVert,2019-20,3,re_signed_standard,roster_continuity,-0.4368295182781004,-0.6184147591390502,0.18158524086094976,2927,2,-0.42240591690232754,0.4645203393517512,-0.8869262562540787,4597,3,1532.3333333333333,0.014423601375772865,1.0829350984908013,-1.0685114971150285,complete
cedi_osman_2019_CLE,Cedi Osman,2019-20,3,re_signed_standard,roster_continuity,-3.1353016688061617,-1.5509627727856226,-1.5627727856225928,3116,2,-1.9470708725931996,-1.4663252765260137,-0.4807455960671856,4882,3,1627.3333333333333,1.1882307962129621,0.08463749625960881,1.0820271895554072,complete
chandler_hutchison_2019_CHI,Chandler Hutchison,2019-20,3,re_signed_standard,roster_continuity,-3.9,-3.4,-0.5,895,1,-2.6,-2.7,0.1,527,1,527,1.2999999999999998,0.6999999999999997,0.6,complete
chandler_parsons_2019_ATL,Chandler Parsons,2019-20,3,new_team,team_change,0.8,1.2,-0.4,691,1,NA,NA,NA,NA,NA,NA,NA,NA,NA,missing_data
chasson_randle_2019_GSW,Chasson Randle,2019-20,3,new_team,team_change,-4,-2.7,-1.3,743,1,-5.9,-4.8,-1.1,837,1,837,-1.9000000000000004,-2.0999999999999996,0.19999999999999996,complete
cheick_diallo_2019_PHX,Cheick Diallo,2019-20,3,new_team,team_change,-1.0180094786729856,-1.1786729857819906,0.1,1477,2,NA,NA,NA,NA,NA,NA,NA,NA,NA,missing_data
chimezie_metu_2019_SAS,Chimezie Metu,2019-20,3,re_signed_standard,roster_continuity,NA,NA,NA,NA,NA,-1.5,-1.6,0.1,1279,1,1279,NA,NA,NA,missing_data
chris_boucher_2019_TOR,Chris Boucher,2019-20,3,re_signed_standard,roster_continuity,NA,NA,NA,NA,NA,1.6663048965169105,1.4101716304896519,0.25613326602725894,3962,3,1320.6666666666667,NA,NA,NA,missing_data
chris_paul_2019_OKC,Chris Paul,2019-20,3,new_team,team_change,5.495680345572354,3.9466252699784015,1.4490550755939526,3704,2,4.793950504124656,3.2006416131989,1.593308890925756,6546,3,2182,-0.7017298414476976,-0.7459836567795013,0.14425381533180337,complete
cj_mccollum_2019_POR,CJ McCollum,2019-20,3,re_signed_standard,roster_continuity,1.1103435258588148,1.9344847112117782,-0.7241411853529633,5298,2,1.8399460403110617,3.2919853991429933,-1.4520393588319316,6301,3,2100.3333333333335,0.7296025144522469,1.357500687931215,-0.7278981734789682,complete
cj_miles_2019_WAS,CJ Miles,2019-20,3,new_team,team_change,-0.9490652074783402,-0.32713178294573647,-0.6219334245326038,2193,2,NA,NA,NA,NA,NA,NA,NA,NA,NA,missing_data
clint_capela_2019_HOU,Clint Capela,2019-20,3,re_signed_standard,roster_continuity,3.18996030819519,2.8725893065608217,0.3173710016343685,4283,2,2.1075301781950566,2.0486300057482274,0.05890017244682889,5219,3,1739.6666666666667,-1.0824301300001333,-0.8239593008125943,-0.2584708291875396,complete
cody_zeller_2019_CHA,Cody Zeller,2019-20,3,re_signed_standard,roster_continuity,-0.3358823529411764,-0.8011764705882352,0.4652941176470588,1870,2,-0.5571611253196931,0.028644501278772373,-0.5429667519181586,2346,2,1173,-0.22127877237851667,0.8298209718670075,-1.0082608695652173,complete
collin_sexton_2019_CLE,Collin Sexton,2019-20,3,re_signed_standard,roster_continuity,-4.7,-1.4,-3.3,2605,1,-1.005260685767966,1.0450681070925316,-2.0006575857209956,4258,2,2129,3.6947393142320344,2.4450681070925313,1.2993424142790042,complete
cory_joseph_2019_SAC,Cory Joseph,2019-20,3,new_team,team_change,-0.9689211326936578,-1.9448396910835477,0.9759185583898901,4273,2,-1.9731113423517168,-1.976420395421436,0.0033090530697190436,4805,3,1601.6666666666667,-1.004190209658059,-0.0315807043378884,-0.972609505320171,complete
courtney_lee_2019_DAL,Courtney Lee,2019-20,3,re_signed_standard,roster_continuity,-0.3,-0.1,-0.2,2310,1,NA,NA,NA,NA,NA,NA,NA,NA,NA,missing_data
cristiano_felicio_2019_CHI,Cristiano Felicio,2019-20,3,re_signed_standard,roster_continuity,-3.9865931514799766,-2.453627394080093,-1.532965757399884,1723,2,NA,NA,NA,NA,NA,NA,NA,NA,NA,missing_data
damian_lillard_2019_POR,Damian Lillard,2019-20,3,re_signed_supermax,supermax,6.787799564270152,6.793899782135076,-0.009150326797385616,5508,2,5.910121457489878,7.210391363022941,-1.3824561403508773,5928,3,1976,-0.8776781067802739,0.41649158088786464,-1.3733058135534917,complete
damion_lee_2019_GSW,Damion Lee,2019-20,3,re_signed_standard,roster_continuity,NA,NA,NA,NA,NA,-1.481931878658861,-1.5711016498137307,0.0891697711548696,3758,3,1252.6666666666667,NA,NA,NA,missing_data
damyean_dotson_2019_NYK,Damyean Dotson,2019-20,3,re_signed_standard,roster_continuity,-2.6,-1.7,-0.8,2004,1,-3.1692484222604698,-2.2009179575444633,-0.9683304647160068,1743,2,871.5,-0.5692484222604697,-0.5009179575444633,-0.16833046471600677,complete
dangelo_russell_2019_MIN,D'Angelo Russell,2019-20,3,new_team,team_change,1.858337859858772,2.92753938077132,-1.0692015209125476,3682,2,1.3405291005291005,2.970116402116402,-1.6735449735449734,4725,3,1575,-0.5178087593296716,0.04257702134508179,-0.6043434526324258,complete
daniel_theis_2019_BOS,Daniel Theis,2019-20,3,re_signed_standard,roster_continuity,0.15227765726681128,-1.4091106290672453,1.6106290672451193,1844,2,0.41184845559845545,-0.49165057915057914,0.9034990347490347,4144,3,1381.3333333333333,0.2595707983316442,0.9174600499166661,-0.7071300324960846,complete
danilo_gallinari_2019_OKC,Danilo Gallinari,2019-20,3,new_team,team_change,3.12021978021978,3.793956043956044,-0.5983150183150183,2730,2,1.4936548223350254,2.3834179357021994,-0.9285532994923857,4728,3,1576,-1.6265649578847545,-1.4105381082538444,-0.3302382811773674,complete
danny_green_2019_LAL,Danny Green,2019-20,3,new_team,team_change,1.2848515098577489,0.16136760668829558,1.068180683803344,4007,2,0.7723361479694411,-0.5983715319662243,1.309589867310012,4974,3,1658,-0.5125153618883078,-0.7597391386545198,0.24140918350666785,complete
dante_exum_2019_CLE,Dante Exum,2019-20,3,new_team,team_change,-2.1,-2,-0.1,664,1,NA,NA,NA,NA,NA,NA,NA,NA,NA,missing_data
danuel_house_2019_HOU,Danuel House Jr.,2019-20,3,re_signed_standard,roster_continuity,-0.5,0.1,-0.5,979,1,-1.5119820828667414,-1.4236002239641659,-0.14193729003359462,3572,3,1190.6666666666667,-1.0119820828667414,-1.523600223964166,0.3580627099664054,complete
dario_saric_2019_PHX,Dario Saric,2019-20,3,new_team,team_change,-0.053957996768982275,0.8195476575121163,-0.8735056542810986,4333,2,-0.9567718737514983,-0.5523771474230923,-0.40439472632840595,2503,2,1251.5,-0.902813876982516,-1.3719248049352086,0.46911092795269266,complete
david_nwaba_2019_BKN,David Nwaba,2019-20,3,new_team,team_change,-2.350342205323194,-2.3632699619771866,0.012927756653992418,2630,2,-0.7054347826086956,-1.0217391304347827,0.31630434782608696,1288,2,644,1.6449074227144984,1.341530831542404,0.30337659117209453,complete
davis_bertans_2019_WAS,Davis Bertans,2019-20,3,new_team,team_change,1.4198675496688742,1.0600441501103752,0.3598233995584989,2718,2,-0.4786455630513753,0.8669953295277635,-1.3456408925791385,3854,3,1284.6666666666667,-1.8985131127202495,-0.19304882058261175,-1.7054642921376375,complete
deaaron_fox_2019_SAC,De'Aaron Fox,2019-20,3,re_signed_standard,roster_continuity,-1.0258530183727035,-0.4725284339457569,-0.5533245844269467,4572,2,0.9307612095933264,1.967361835245047,-1.0366006256517206,5754,3,1918,1.95661422796603,2.439890269190804,-0.48327604122477397,complete
deandre_ayton_2019_PHX,Deandre Ayton,2019-20,3,re_signed_standard,roster_continuity,0.2,1.3,-1.1,2183,1,1.5459715639810425,1.3988744075829385,0.14709715639810425,5064,3,1688,1.3459715639810426,0.09887440758293842,1.2470971563981044,complete
deandre_bembry_2019_ATL,DeAndre' Bembry,2019-20,3,re_signed_standard,roster_continuity,-2.4,-3.3,0.8,1931,1,-1.6658084449021626,-2.9420185375901133,1.3409886714727086,2913,3,971,0.7341915550978373,0.3579814624098865,0.5409886714727086,complete
deandre_jordan_2019_BKN,DeAndre Jordan,2019-20,3,new_team,team_change,1.7204875866696487,1.2879445314247373,0.43254305524491166,4471,2,1.3143778207607995,0.2167633784655061,1.1377820760799484,3102,3,1034,-0.4061097659088493,-1.0711811529592312,0.7052390208350368,complete
deanthony_melton_2019_MEM,De'Anthony Melton,2019-20,3,new_team,team_change,-2.7,-3.8,1.1,984,1,1.3746187645386403,-0.37304212974928924,1.74766089428793,3869,3,1289.6666666666667,4.0746187645386405,3.4269578702507104,0.6476608942879298,complete
delon_wright_2019_DAL,Delon Wright,2019-20,3,new_team,team_change,2.3235632183908046,0.6947956577266922,1.58301404853129,3132,2,2.10125786163522,0.15899371069182386,1.9056184486373164,4770,3,1590,-0.2223053567555846,-0.5358019470348683,0.3226044001060264,complete
demar_derozan_2019_SAS,DeMar DeRozan,2019-20,3,re_signed_standard,roster_continuity,1.953621040933506,2.1548990553806258,-0.25149101685497316,5399,2,2.4780744905130008,2.984146170063246,-0.506071679550246,7115,3,2371.6666666666665,0.5244534495794948,0.8292471146826204,-0.25458066269527285,complete
demarre_carroll_2019_HOU,DeMarre Carroll,2019-20,3,new_team,team_change,-0.5455833118722637,-0.1140097862477466,-0.48771568374967805,3883,2,NA,NA,NA,NA,NA,NA,NA,NA,NA,missing_data
dennis_schroder_2019_OKC,Dennis Schroder,2019-20,3,re_signed_standard,roster_continuity,-1.3376138433515483,-0.11716757741347913,-1.2677595628415301,4392,2,-1.0085980662983425,-0.5351174033149172,-0.4389675414364641,5792,3,1930.6666666666667,0.32901577705320584,-0.41794982590143803,0.828792021405066,complete
dennis_smith_2019_NYK,Dennis Smith Jr.,2019-20,3,re_signed_standard,roster_continuity,-2.188023615406241,-1.369581107675007,-0.860837784649986,3557,2,-3.710893617021276,-3.8968510638297875,0.2402553191489362,1175,2,587.5,-1.522870001615035,-2.5272699561547807,1.1010931037989222,complete
deonte_burton_2019_OKC,Deonte Burton,2019-20,3,re_signed_standard,roster_continuity,NA,NA,NA,NA,NA,NA,NA,NA,NA,NA,NA,NA,NA,NA,missing_data
derrick_favors_2019_NOP,Derrick Favors,2019-20,3,new_team,team_change,2.311125287063026,1.305562643531513,1.0605001275835673,3919,2,0.8766950596252131,-0.10906303236797273,1.0434071550255537,2935,3,978.3333333333334,-1.434430227437813,-1.4146256758994857,-0.017092972558013564,complete
derrick_jones_2019_MIA,Derrick Jones Jr.,2019-20,3,re_signed_standard,roster_continuity,-0.5,-1.5,1,1153,1,-0.47099109131403116,-1.0039532293986637,0.5462138084632517,3592,3,1197.3333333333333,0.029008908685968837,0.4960467706013363,-0.45378619153674826,complete
derrick_rose_2019_DET,Derrick Rose,2019-20,3,new_team,team_change,1.4,3.2,-1.7,1392,1,2.100373482726424,2.6677248677248677,-0.5673513849984437,3213,3,1071,0.7003734827264241,-0.5322751322751325,1.1326486150015562,complete
derrick_white_2019_SAS,Derrick White,2019-20,3,re_signed_standard,roster_continuity,0.9,-0.4,1.3,1728,1,1.1219433198380566,0.8654251012145748,0.3010323886639676,4940,3,1646.6666666666667,0.2219433198380566,1.265425101214575,-0.9989676113360324,complete
devin_booker_2019_PHX,Devin Booker,2019-20,3,re_signed_standard,roster_continuity,0.9545897248599952,3.11835889943998,-2.163769174579985,4107,2,2.2199943875403396,3.0230531780552825,-0.8383050371825453,7127,3,2375.6666666666665,1.2654046626803446,-0.0953057213846975,1.3254641373974396,complete
devonte_graham_2019_CHA,Devonte' Graham,2019-20,3,re_signed_standard,roster_continuity,-4,-2.6,-1.3,676,1,0.01737400530503978,1.4831067639257296,-1.5023872679045096,6032,3,2010.6666666666667,4.01737400530504,4.08310676392573,-0.20238726790450956,complete
dewayne_dedmon_2019_ATL,Dewayne Dedmon,2019-20,3,re_signed_standard,roster_continuity,0.30425261821643923,-0.3489368454458902,0.6531894636623293,3151,2,-3.020228384991843,-3.7151712887438824,0.6370309951060359,1839,2,919.5,-3.3244810032082825,-3.366234443297992,-0.016158468556293437,complete
dion_waiters_2019_LAL,Dion Waiters,2019-20,3,new_team,team_change,-2.1715953307393,-1.2143968871595332,-0.9571984435797665,2056,2,NA,NA,NA,NA,NA,NA,NA,NA,NA,missing_data
dj_augustin_2019_ORL,D.J. Augustin,2019-20,3,re_signed_standard,roster_continuity,0.19421692727724002,1.0563167038967485,-0.9184164805162571,4029,2,-2.279050116550117,-0.6302447552447552,-1.6488053613053613,3432,3,1144,-2.4732670438273567,-1.6865614591415037,-0.7303888807891041,complete
dj_wilson_2019_MIL,D.J. Wilson,2019-20,3,re_signed_standard,roster_continuity,-2.2,-2.4,0.2,882,1,NA,NA,NA,NA,NA,NA,NA,NA,NA,missing_data
domantas_sabonis_2019_IND,Domantas Sabonis,2019-20,3,re_signed_standard,roster_continuity,1.0161184210526317,0.659594298245614,0.40690789473684214,3648,2,3.699693533558075,2.4953263867606497,1.238553478394116,6526,3,2175.3333333333335,2.6835751125054434,1.8357320885150357,0.8316455836572738,complete
donovan_mitchell_2019_UTA,Donovan Mitchell,2019-20,3,re_signed_standard,roster_continuity,1.2496180290297938,1.0488540870893812,0.20076394194041253,5236,2,3.413638493985314,3.7875019528198712,-0.383127636306827,6401,3,2133.6666666666665,2.16402046495552,2.7386478657304902,-0.5838915782472396,complete
donte_divincenzo_2019_MIL,Donte DiVincenzo,2019-20,3,re_signed_standard,roster_continuity,NA,NA,NA,NA,NA,0.005760368663594535,-0.8860829493087559,0.8918433179723502,4340,3,1446.6666666666667,NA,NA,NA,missing_data
dorian_finney-smith_2019_DAL,Dorian Finney-Smith,2019-20,3,re_signed_standard,roster_continuity,-1.4,-1.8,0.4,1985,1,0.2817202692595363,0.12873597606581902,0.18172026925953627,6685,3,2228.3333333333335,1.6817202692595363,1.9287359760658191,-0.21827973074046375,complete
doug_mcdermott_2019_IND,Doug McDermott,2019-20,3,re_signed_standard,roster_continuity,-1.8550836550836551,-0.7844272844272844,-1.1275418275418276,3108,2,-0.9560749881347889,0.8775984812529662,-1.8011153298528715,4214,3,1404.6666666666667,0.8990086669488663,1.6620257656802506,-0.6735735023110438,complete
dragan_bender_2019_GSW,Dragan Bender,2019-20,3,new_team,team_change,-3.8141278065630395,-3.0426597582037997,-0.8,2895,2,NA,NA,NA,NA,NA,NA,NA,NA,NA,missing_data
draymond_green_2019_GSW,Draymond Green,2019-20,3,re_signed_standard,roster_continuity,2.135707720588235,-0.14388786764705877,2.279595588235294,4352,2,1.627575557026252,-1.6761526582836974,3.303728215309949,4533,3,1511,-0.5081321635619829,-1.5322647906366387,1.0241326270746551,complete
drew_eubanks_2019_SAS,Drew Eubanks,2019-20,3,re_signed_standard,roster_continuity,NA,NA,NA,NA,NA,-0.8715,-0.68875,-0.18275,2000,2,1000,NA,NA,NA,missing_data
duncan_robinson_2019_MIA,Duncan Robinson,2019-20,3,re_signed_standard,roster_continuity,NA,NA,NA,NA,NA,-0.37162726008344926,0.3374594343996291,-0.7090866944830784,6471,3,2157,NA,NA,NA,missing_data
dwayne_bacon_2019_CHA,Dwayne Bacon,2019-20,3,re_signed_standard,roster_continuity,-4.184375,-3.4078125,-0.7765625,1472,2,-5.5598031496062985,-4.295039370078741,-1.264763779527559,2540,2,1270,-1.3754281496062983,-0.8872268700787411,-0.488201279527559,complete
dwight_powell_2019_DAL,Dwight Powell,2019-20,3,re_signed_standard,roster_continuity,2.2480503899220157,1.2979004199160167,0.9501499700059989,3334,2,0.9351895424836602,0.12219607843137259,0.8129934640522876,3825,3,1275,-1.3128608474383556,-1.1757043414846442,-0.13715650595371132,complete
ed_davis_2019_UTA,Ed Davis,2019-20,3,new_team,team_change,-0.3025711347274597,-0.9025711347274598,0.6495714775454233,2917,2,NA,NA,NA,NA,NA,NA,NA,NA,NA,missing_data
edmond_sumner_2019_IND,Edmond Sumner,2019-20,3,re_signed_standard,roster_continuity,NA,NA,NA,NA,NA,-2.8,-2.3,-0.5,861,1,861,NA,NA,NA,missing_data
elfrid_payton_2019_NYK,Elfrid Payton,2019-20,3,new_team,team_change,-0.6905166775670373,-0.22701111837802487,-0.4635055591890125,3058,2,-1.943732845379689,-2.234644708752668,0.3076547727965843,3279,3,1093,-1.2532161678126517,-2.007633590374643,0.7711603319855969,complete
elie_okobo_2019_PHX,Elie Okobo,2019-20,3,re_signed_standard,roster_continuity,-5.7,-4.2,-1.5,958,1,-1.9,-1.9,0,719,1,719,3.8000000000000003,2.3000000000000003,1.5,complete
emmanuel_mudiay_2019_UTA,Emmanuel Mudiay,2019-20,3,new_team,team_change,-2.8294179523141656,-1.0294179523141656,-1.8,2852,2,-1.9,-1.8,-0.1,850,1,850,0.9294179523141657,-0.7705820476858345,1.7,complete
enes_freedom_2019_BOS,Enes Freedom,2019-20,3,new_team,team_change,1.6328530259365994,2.921902017291066,-1.289048991354467,3470,2,0.9227654140824517,1.992411528639183,-1.0055089383436702,2741,2,1370.5,-0.7100876118541477,-0.9294904886518831,0.28354005301079677,complete
eric_bledsoe_2019_MIL,Eric Bledsoe,2019-20,3,re_signed_standard,roster_continuity,2.796734871571615,2.10217675228559,0.7451023073574228,4594,2,-0.4587729581867917,-0.7961117624071902,0.29609222352481435,5118,3,1706,-3.255507829758407,-2.89828851469278,-0.44901008383260843,complete
eric_gordon_2019_HOU,Eric Gordon,2019-20,3,re_signed_standard,roster_continuity,-0.4507884972170687,1.24930426716141,-1.7000927643784787,4312,2,-2.4726330935251797,-0.4153956834532374,-2.0572374100719424,3475,3,1158.3333333333333,-2.021844596308111,-1.6646999506146476,-0.3571446456934637,complete
ersan_ilyasova_2019_MIL,Ersan Ilyasova,2019-20,3,re_signed_standard,roster_continuity,-1.3069932432432432,-1.1149324324324326,-0.1920608108108108,2960,2,0.4,-0.3,0.8,986,1,986,1.706993243243243,0.8149324324324325,0.9920608108108109,complete
etwaun_moore_2019_NOP,E'Twaun Moore,2019-20,3,re_signed_standard,roster_continuity,-1.8529266485551987,-1.072264756730057,-0.7167942701901705,4049,2,-2.7,-1.9,-0.8,1020,1,1020,-0.8470733514448014,-0.827735243269943,-0.08320572980982954,complete
evan_fournier_2019_ORL,Evan Fournier,2019-20,3,re_signed_standard,roster_continuity,-1.6467881548974943,-0.7120273348519363,-0.9347608200455579,4390,2,0.31798700158088883,0.6765677147373967,-0.358580713156508,5693,3,1897.6666666666667,1.964775156478383,1.388595049589333,0.57618010688905,complete
evan_turner_2019_MIN,Evan Turner,2019-20,3,new_team,team_change,-1.9707337180544104,-2.414839241549876,0.4441055234954658,3639,2,NA,NA,NA,NA,NA,NA,NA,NA,NA,missing_data
frank_jackson_2019_NOP,Frank Jackson,2019-20,3,re_signed_standard,roster_continuity,-4.6,-2.9,-1.7,1169,1,-3.5984068173397556,-1.7781030011115229,-1.8203038162282328,2699,3,899.6666666666666,1.001593182660244,1.121896998888477,-0.12030381622823283,complete
frank_kaminsky_2019_PHX,Frank Kaminsky,2019-20,3,new_team,team_change,-0.054247104247104244,0.8332046332046332,-0.8874517374517374,2590,2,0.3626005361930295,0.13961126005361932,0.17506702412868633,1492,2,746,0.4168476404401338,-0.6935933731510139,1.0625187615804237,complete
frank_mason_2019_MIL,Frank Mason III,2019-20,3,new_team,team_change,-2.3,-1.3,-1,984,1,NA,NA,NA,NA,NA,NA,NA,NA,NA,missing_data
frank_ntilikina_2019_NYK,Frank Ntilikina,2019-20,3,re_signed_standard,roster_continuity,-5.346360153256705,-4.742452107279693,-0.6039080459770115,2610,2,-2.7243055555555555,-3.307264957264957,0.5829594017094016,1872,2,936,2.6220545977011493,1.4351871500147357,1.1868674476864132,complete
fred_vanvleet_2019_TOR,Fred VanVleet,2019-20,3,re_signed_standard,roster_continuity,1.3804878048780487,0.8634146341463415,0.5170731707317073,3280,2,2.9919383049769444,2.276419144538082,0.685323580855462,6289,3,2096.3333333333335,1.6114505000988957,1.4130045103917408,0.16825041012375463,complete
furkan_korkmaz_2019_PHI,Furkan Korkmaz,2019-20,3,re_signed_standard,roster_continuity,-1.8,-1.6,-0.2,679,1,-1.6149442379182157,-0.9343742255266418,-0.7192069392812888,4035,3,1345,0.18505576208178431,0.6656257744733582,-0.5192069392812888,complete
garrett_temple_2019_BKN,Garrett Temple,2019-20,3,new_team,team_change,-2.6674418604651162,-2.813953488372093,0.14651162790697675,3655,2,-2.1193755739210283,-2.419375573921028,0.3,4356,3,1452,0.548066286544088,0.39457791445106505,0.15348837209302324,complete
gary_clark_2019_ORL,Gary Clark,2019-20,3,new_team,team_change,-0.7,-1.1,0.4000000000000001,641,1,-3.5068796068796075,-2.667567567567568,-0.7928746928746928,1221,2,610.5,-2.8068796068796074,-1.567567567567568,-1.192874692874693,complete
gary_harris_2019_DEN,Gary Harris,2019-20,3,re_signed_standard,roster_continuity,-0.19761602840476797,0.08551864062896274,-0.2831346690337307,3943,2,-2.8623093681917213,-2.498474945533769,-0.34030501089324616,4590,3,1530,-2.6646933397869534,-2.5839935861627317,-0.05717034185951547,complete
george_hill_2019_MIL,George Hill,2019-20,3,re_signed_standard,roster_continuity,-1.0508670520231214,-0.9107899807321772,-0.08188824662813102,3114,2,0.27368585732165207,-0.4364831038798499,0.7101689612015019,3196,3,1065.3333333333333,1.3245529093447734,0.4743068768523273,0.7920572078296328,complete
georges_niang_2019_UTA,Georges Niang,2019-20,3,re_signed_standard,roster_continuity,0,-0.2,0.2,516,1,-0.9800419617099396,-0.38846052976658807,-0.5915814319433518,3813,3,1271,-0.9800419617099396,-0.18846052976658806,-0.7915814319433518,complete
giannis_antetokounmpo_2019_MIL,Giannis Antetokounmpo,2019-20,3,re_signed_standard,roster_continuity,8.136566288619477,5.761087211576065,2.37547907704341,5114,2,10.571780241278123,7.078056732963809,3.457792631235735,6134,3,2044.6666666666667,2.4352139526586463,1.316969521387744,1.082313554192325,complete
glenn_robinson_2019_PHI,Glenn Robinson III,2019-20,3,new_team,team_change,-3,-2.8,-0.1,610,1,-1.7,-0.5,-1.2,1786,1,1786,1.3,2.3,-1.0999999999999999,complete
goran_dragic_2019_MIA,Goran Dragic,2019-20,3,re_signed_standard,roster_continuity,-0.11181359453843875,0.4881864054615614,-0.6,3369,2,-1.0804666666666667,0.2858333333333333,-1.4663000000000002,3000,2,1500,-0.9686530721282279,-0.20235307212822812,-0.8663000000000002,complete
gordon_hayward_2019_BOS,Gordon Hayward,2019-20,3,re_signed_standard,roster_continuity,0.8,0.4,0.4,1863,1,1.2493333333333334,1.47375,-0.25558333333333333,4800,3,1600,0.44933333333333336,1.07375,-0.6555833333333334,complete
gorgui_dieng_2019_MEM,Gorgui Dieng,2019-20,3,new_team,team_change,-0.3021996615905245,-0.6383248730964467,0.3361252115059221,2364,2,2.1364077669902914,0.4699029126213592,1.6995145631067963,1648,2,824,2.438607428580816,1.1082277857178058,1.3633893516008742,complete
grayson_allen_2019_MEM,Grayson Allen,2019-20,3,new_team,team_change,NA,NA,NA,NA,NA,-0.1224748810153358,0.2007932310946589,-0.28997884717080913,3782,3,1260.6666666666667,NA,NA,NA,missing_data
hamidou_diallo_2019_OKC,Hamidou Diallo,2019-20,3,re_signed_standard,roster_continuity,-4.2,-4.4,0.2,526,1,-1.9768504865821293,-2.354231790032439,0.3773813034503097,3391,3,1130.3333333333333,2.223149513417871,2.0457682099675614,0.17738130345030967,complete
harrison_barnes_2019_SAC,Harrison Barnes,2019-20,3,re_signed_standard,roster_continuity,-0.9412037933036578,0.30977356299593584,-1.2509773562995936,5167,2,-0.31968174204355104,0.9803182579564489,-1.3,7164,3,2388,0.6215220512601067,0.670544694960513,-0.04902264370040643,complete
harry_giles_2019_SAC,Harry Giles III,2019-20,3,re_signed_standard,roster_continuity,-3,-3.4,0.4,820,1,-1.3,-2.2,0.9000000000000001,667,1,667,1.7,1.1999999999999997,0.5000000000000001,complete
hassan_whiteside_2019_POR,Hassan Whiteside,2019-20,3,new_team,team_change,2.4346938775510205,1.279591836734694,1.1551020408163264,3038,2,2.06259418729817,1.2740581270182991,0.7572658772874058,3716,3,1238.6666666666667,-0.3720996902528504,-0.005533709716394775,-0.3978361635289206,complete
ian_mahinmi_2019_WAS,Ian Mahinmi,2019-20,3,re_signed_standard,roster_continuity,-4.4,-4.6,0.2,1145,1,-2.7000000000000006,-2.7999999999999994,0,808,1,808,1.6999999999999997,1.8000000000000003,-0.2,complete
iman_shumpert_2019_BKN,Iman Shumpert,2019-20,3,new_team,team_change,-1.9000000000000001,-2.4,0.5,1481,1,NA,NA,NA,NA,NA,NA,NA,NA,NA,missing_data
ish_smith_2019_WAS,Ish Smith,2019-20,3,new_team,team_change,-0.7595628415300546,-0.7937158469945356,0.0721311475409836,3294,2,-1.8176961167578838,-1.2910346624967424,-0.5213969246807402,3837,3,1279,-1.0581332752278292,-0.4973188155022068,-0.5935280722217238,complete
ivica_zubac_2019_LAC,Ivica Zubac,2019-20,3,re_signed_standard,roster_continuity,-0.5,-0.2,-0.2,1040,1,1.382536035095049,0.6892834760810528,0.6932525590139963,4787,3,1595.6666666666667,1.882536035095049,0.8892834760810528,0.8932525590139964,complete
jabari_parker_2019_SAC,Jabari Parker,2019-20,3,new_team,team_change,-1.2891771382245643,-0.21811917308471823,-1.1409404134576409,2467,2,0.3,0.6,-0.3,917,1,917,1.5891771382245643,0.8181191730847182,0.8409404134576408,complete
jacob_evans_2019_MIN,Jacob Evans,2019-20,3,new_team,team_change,NA,NA,NA,NA,NA,NA,NA,NA,NA,NA,NA,NA,NA,NA,missing_data
jae_crowder_2019_MIA,Jae Crowder,2019-20,3,new_team,team_change,-1.075,-1.0857142857142859,0.010714285714285694,4256,2,0.6840266222961732,-0.5352005916065816,1.2192272139027545,5409,3,1803,1.7590266222961732,0.5505136941077042,1.2085129281884688,complete
jahlil_okafor_2019_NOP,Jahlil Okafor,2019-20,3,re_signed_standard,roster_continuity,-1.5,-0.6,-0.9,935,1,NA,NA,NA,NA,NA,NA,NA,NA,NA,missing_data
jake_layman_2019_MIN,Jake Layman,2019-20,3,new_team,team_change,-0.5,-0.10000000000000002,-0.3,1327,1,-2.813780918727915,-2.467667844522968,-0.29072438162544173,1132,2,566,-2.313780918727915,-2.367667844522968,0.009275618374558259,complete
jakob_poeltl_2019_SAS,Jakob Poeltl,2019-20,3,re_signed_standard,roster_continuity,1.1282087951376474,0.2102609939220594,0.9179478012155882,2797,2,1.5153429602888087,0.2880064179703169,1.1903329322101885,4986,3,1662,0.3871341651511613,0.07774542404825749,0.2723851309946004,complete
jalen_brunson_2019_DAL,Jalen Brunson,2019-20,3,re_signed_standard,roster_continuity,-1.7,-1.2,-0.5,1591,1,0.54913217623498,0.9382605378600039,-0.3891283616250238,5243,3,1747.6666666666667,2.24913217623498,2.138260537860004,0.11087163837497621,complete
jamal_crawford_2019_BKN,Jamal Crawford,2019-20,3,new_team,team_change,-2.9765363128491615,-0.4074022346368716,-2.6268505586592177,2864,2,NA,NA,NA,NA,NA,NA,NA,NA,NA,missing_data
jamal_murray_2019_DEN,Jamal Murray,2019-20,3,re_signed_standard,roster_continuity,0.1394054269752594,1.2976456504389464,-1.1582402234636873,5012,2,1.5778270509977825,2.33059866962306,-0.7527716186252772,3608,2,1804,1.4384216240225232,1.0329530191841134,0.4054686048384101,complete
james_ennis_2019_ORL,James Ennis III,2019-20,3,new_team,team_change,-1.3302046577275937,-1.2302046577275936,-0.14340155257586448,2834,2,-2.424788982674367,-2.068591737005775,-0.35619724566859173,2251,2,1125.5,-1.0945843249467735,-0.8383870792781816,-0.21279569309272725,complete
james_harden_2019_HOU,James Harden,2019-20,3,re_signed_standard,roster_continuity,10.482078257659653,8.97624584717608,1.5058324104835732,5418,2,6.926370757180156,5.995761019812625,0.9687452004300414,6511,3,2170.3333333333335,-3.555707500479497,-2.9804848273634557,-0.5370872100535318,complete
james_johnson_2019_MIN,James Johnson,2019-20,3,new_team,team_change,0.5510138397167686,-0.899130994528484,1.4126810428065661,3107,2,-1.3570977917981073,-2.35285664213109,1.0592008412197687,2853,3,951,-1.9081116315148758,-1.4537256476026061,-0.3534802015867975,complete
jamychal_green_2019_LAC,JaMychal Green,2019-20,3,re_signed_standard,roster_continuity,-2.0176107106076206,-1.0353244078269825,-0.9822863027806386,2913,2,-1.2205296127562641,-1.2239179954441912,-0.027505694760820053,3512,3,1170.6666666666667,0.7970810978513565,-0.18859358761720868,0.9547806080198185,complete
jared_dudley_2019_LAL,Jared Dudley,2019-20,3,new_team,team_change,-2.051941238195173,-2.9359916054564534,0.8840503672612802,1906,2,NA,NA,NA,NA,NA,NA,NA,NA,NA,missing_data
jaren_jackson_2019_MEM,Jaren Jackson Jr.,2019-20,3,re_signed_standard,roster_continuity,-0.3,-1.2,1,1515,1,0.11638207043756671,-0.38068303094983996,0.49706510138740667,3748,2,1874,0.4163820704375667,0.81931696905016,-0.5029348986125933,complete
jarrett_allen_2019_BKN,Jarrett Allen,2019-20,3,re_signed_standard,roster_continuity,0.6222222222222222,-0.24814814814814817,0.8703703703703702,3537,2,2.419290626131017,1.792073832790445,0.6607310893955844,5526,3,1842,1.7970684039087947,2.0402219809385933,-0.2096392809747858,complete
javale_mcgee_2019_LAL,JaVale McGee,2019-20,3,re_signed_standard,roster_continuity,1.4269028871391074,0.3,1.2,2286,2,0.31463087248322147,-1.0176510067114093,1.3322818791946307,2980,3,993.3333333333334,-1.112272014655886,-1.3176510067114093,0.13228187919463075,complete
jaylen_brown_2019_BOS,Jaylen Brown,2019-20,3,re_signed_standard,roster_continuity,-1.2529643296432964,-1.1764821648216484,-0.029421894218942195,4065,2,1.821339184137819,2.0394604258085485,-0.2542012026653665,6153,3,2051,3.0743035137811154,3.215942590630197,-0.2247793084464243,complete
jayson_tatum_2019_BOS,Jayson Tatum,2019-20,3,re_signed_standard,roster_continuity,0.49828501429154753,-0.2004899959167007,0.6987750102082483,4898,2,4.3433982981059565,4.019873730441943,0.31712874004940983,7286,3,2428.6666666666665,3.845113283814409,4.220363726358643,-0.38164627015883845,complete
jeff_green_2019_HOU,Jeff Green,2019-20,3,new_team,team_change,-1.5862929936305732,-0.13971974522292993,-1.4465732484076432,3925,2,-1.332149009474591,-0.47777777777777775,-0.8938845822566754,4644,3,1548,0.25414398415598227,-0.3380580325548478,0.5526886661509678,complete
jeff_teague_2019_ATL,Jeff Teague,2019-20,3,new_team,team_change,0.11714685314685316,0.9939300699300699,-0.8767832167832168,3575,2,-1.7754763877381938,-0.7903065451532726,-0.9851698425849212,2414,2,1207,-1.892623240885047,-1.7842366150833424,-0.10838662580170444,complete
jerami_grant_2019_DEN,Jerami Grant,2019-20,3,new_team,team_change,0.23867104954214605,-0.24531580183141583,0.4839868513735619,4259,2,0.5489178318329822,1.1040605248036774,-0.5551426929706953,5221,3,1740.3333333333333,0.31024678229083613,1.3493763266350933,-1.0391295443442572,complete
jeremy_lamb_2019_IND,Jeremy Lamb,2019-20,3,new_team,team_change,1.3865781361157223,1.2466445340289305,0.09328906805786105,4217,2,-0.06466064861250417,-0.42079572049481784,0.36803744567034435,2991,3,997,-1.4512387847282264,-1.6674402545237483,0.2747483776124833,complete
jerian_grant_2019_WAS,Jerian Grant,2019-20,3,new_team,team_change,-1.4073142857142857,-1.6154285714285714,0.1438857142857143,2625,2,NA,NA,NA,NA,NA,NA,NA,NA,NA,missing_data
jerome_robinson_2019_WAS,Jerome Robinson,2019-20,3,new_team,team_change,NA,NA,NA,NA,NA,-3.9,-3.8,-0.2,979,1,979,NA,NA,NA,missing_data
jevon_carter_2019_PHX,Jevon Carter,2019-20,3,new_team,team_change,-4,-4.1,0.1,577,1,-0.41507596416049874,-1.004012465913518,0.5889365017530191,2567,3,855.6666666666666,3.584924035839501,3.0959875340864818,0.48893650175301917,complete
jimmy_butler_2019_MIA,Jimmy Butler,2019-20,3,new_team,team_change,4.744929868935387,3.894688434122787,0.8004828696252012,4349,2,6.420656610470275,4.604880212954747,1.8848092280390416,5635,3,1878.3333333333333,1.6757267415348887,0.7101917788319598,1.0843263584138403,complete
jj_redick_2019_NOP,JJ Redick,2019-20,3,new_team,team_change,0.6236707452725252,2.2,-1.576329254727475,4495,2,-0.6179687500000001,1.1389322916666667,-1.8255208333333333,2304,2,1152,-1.2416394952725254,-1.0610677083333335,-0.24919157860585828,complete
joakim_noah_2019_LAC,Joakim Noah,2019-20,3,new_team,team_change,2.1,-0.3,2.4,693,1,NA,NA,NA,NA,NA,NA,NA,NA,NA,missing_data
joe_harris_2019_BKN,Joe Harris,2019-20,3,re_signed_standard,roster_continuity,0.3149015932521087,0.7537253983130272,-0.4388238050609185,4268,2,0.10126641651031897,1.002532833020638,-0.9012664165103189,4264,2,2132,-0.21363517674178972,0.2488074347076108,-0.4624426114494004,complete
joe_ingles_2019_UTA,Joe Ingles,2019-20,3,re_signed_standard,roster_continuity,1.8508744656043525,0.6506801399144967,1.2001943256898564,5146,2,1.5009364026531409,0.8354467420991026,0.7290674990245806,5126,3,1708.6666666666667,-0.34993806295121166,0.18476660218460594,-0.47112682666527583,complete
joel_embiid_2019_PHI,Joel Embiid,2019-20,3,re_signed_standard,roster_continuity,4.14761436301033,3.059517953762912,1.0880964092474175,4066,2,7.442112100965107,5.956959910913141,1.4851521900519673,5388,3,1796,3.294497737954777,2.897441957150229,0.39705578080454984,complete
john_collins_2019_ATL,John Collins,2019-20,3,re_signed_standard,roster_continuity,0.35669618151632543,1.2194798007747647,-0.8627836192584394,3614,2,2.250759130077965,2.4943783340172345,-0.2436192039392696,4874,3,1624.6666666666667,1.8940629485616394,1.2748985332424698,0.6191644153191698,complete
jonah_bolden_2019_PHX,Jonah Bolden,2019-20,3,new_team,team_change,-0.7,-1.8,1.1,639,1,NA,NA,NA,NA,NA,NA,NA,NA,NA,missing_data
jonas_valanciunas_2019_MEM,Jonas Valanciunas,2019-20,3,re_signed_standard,roster_continuity,2.5161462029808375,2.322569198012775,0.15486160397444998,2818,2,2.388527397260274,2.392208904109589,-0.06532534246575343,5840,3,1946.6666666666667,-0.1276188057205636,0.06963970609681391,-0.22018694644020342,complete
jonathan_isaac_2019_ORL,Jonathan Isaac,2019-20,3,re_signed_standard,roster_continuity,-0.6116903633491312,-1.9080568720379145,1.2963665086887834,2532,2,2.3,-0.6,2.9,980,1,980,2.911690363349131,1.3080568720379144,1.6036334913112165,complete
jordan_bell_2019_MEM,Jordan Bell,2019-20,3,new_team,team_change,0.9743268628678772,-1.0855353788353164,2.0598622417031933,1597,2,NA,NA,NA,NA,NA,NA,NA,NA,NA,missing_data
jordan_clarkson_2019_UTA,Jordan Clarkson,2019-20,3,new_team,team_change,-0.22384202827888836,1.8238420282788885,-2.047684056557777,4102,2,0.5536899717514125,1.489212570621469,-0.9733227401129942,5664,3,1888,0.7775320000303009,-0.3346294576574196,1.0743613164447827,complete
jordan_mcrae_2019_DET,Jordan McRae,2019-20,3,new_team,team_change,NA,NA,NA,NA,NA,-1.5,0,-1.5,784,1,784,NA,NA,NA,missing_data
josh_hart_2019_NOP,Josh Hart,2019-20,3,new_team,team_change,-0.7479848866498741,-1.5179785894206548,0.7699937027707808,3176,2,-0.14214504596527067,-0.5145863125638408,0.40902962206332993,4895,3,1631.6666666666667,0.6058398406846034,1.003392276856814,-0.3609640807074509,complete
josh_jackson_2019_MEM,Josh Jackson,2019-20,3,new_team,team_change,-4.401469470483912,-3.0518368381048893,-1.299265264758044,3947,2,-3.5209205020920504,-3.0556485355648535,-0.46527196652719666,2390,2,1195,0.8805489683918615,-0.003811697459964236,0.8339932982308473,complete
josh_okogie_2019_MIN,Josh Okogie,2019-20,3,re_signed_standard,roster_continuity,-3.1,-3.5,0.4,1757,1,-2.7779447852760737,-3.0830981595092024,0.25260736196319017,3260,3,1086.6666666666667,0.3220552147239264,0.4169018404907976,-0.14739263803680985,complete
josh_richardson_2019_PHI,Josh Richardson,2019-20,3,new_team,team_change,0.5057383320581484,-0.2600420811017597,0.7657804131599083,5228,2,-1.166712571316152,-1.1833956325004917,0.01668306118433995,5083,3,1694.3333333333333,-1.6724509033743002,-0.9233535513987321,-0.7490973519755684,complete
jrue_holiday_2019_NOP,Jrue Holiday,2019-20,3,re_signed_standard,roster_continuity,2.231037718145994,2.111334209044849,0.11970350910114468,5329,2,2.785622593068036,2.4277920410783054,0.3578305519897304,6232,3,2077.3333333333335,0.5545848749220421,0.31645783203345657,0.23812704288858572,complete
juancho_hernangomez_2019_MIN,Juancho Hernangomez,2019-20,3,new_team,team_change,-1.1,-0.9,-0.2,1358,1,-3.140334679746105,-1.6287362954414313,-1.4635314483554531,1733,2,866.5,-2.040334679746105,-0.7287362954414313,-1.2635314483554532,complete
julius_randle_2019_NYK,Julius Randle,2019-20,3,new_team,team_change,1.0542740841248304,1.357123473541384,-0.3028493894165536,4422,2,1.4788917843917158,1.4000685776985324,0.11371553970648747,7291,3,2430.3333333333335,0.4246177002668854,0.04294510415714847,0.41656492912304105,complete
justin_anderson_2019_BKN,Justin Anderson,2019-20,3,new_team,team_change,-0.9,-0.6,-0.3,519,1,NA,NA,NA,NA,NA,NA,NA,NA,NA,missing_data
justin_holiday_2019_IND,Justin Holiday,2019-20,3,new_team,team_change,-1.8464901477832514,-1.9745689655172411,0.12807881773399016,4872,2,-0.7145730300032971,-0.9491427629409825,0.2345697329376855,6066,3,2022,1.1319171177799543,1.0254262025762586,0.10649091520369533,complete
justin_jackson_2019_DAL,Justin Jackson,2019-20,3,re_signed_standard,roster_continuity,-2.5171153846153844,-1.5723076923076924,-0.9448076923076923,3120,2,-3.43557336621455,-2.1711467324291,-1.2644266337854502,1622,2,811,-0.9184579815991656,-0.5988390401214074,-0.3196189414777578,complete
justise_winslow_2019_MIA,Justise Winslow,2019-20,3,re_signed_standard,roster_continuity,-0.8308326463314097,-1.7154987633965377,0.8308326463314097,3639,2,-3.400546021840874,-4.0841653666146644,0.6836193447737909,1282,2,641,-2.569713375509464,-2.3686666032181267,-0.1472133015576188,complete
jusuf_nurkic_2019_POR,Jusuf Nurkic,2019-20,3,re_signed_standard,roster_continuity,1.7980797636632202,0.45509601181683906,1.3915805022156573,4062,2,1.0873119154127693,0.31472143147620985,0.7725904839365596,2459,2,1229.5,-0.7107678482504509,-0.14037458034062922,-0.6189900182790977,complete
karl-anthony_towns_2019_MIN,Karl-Anthony Towns,2019-20,3,re_signed_standard,roster_continuity,5.519275123558484,5.132930624199158,0.38634449935932635,5463,2,5.463210014947683,4.991349028400598,0.4718609865470852,5352,3,1784,-0.05606510861080061,-0.14158159579856022,0.08551648718775884,complete
kawhi_leonard_2019_LAC,Kawhi Leonard,2019-20,3,new_team,team_change,7.2,6.1,1.1,2040,1,8.116570008285004,6.255178127589064,1.8613918806959404,3621,2,1810.5,0.9165700082850039,0.15517812758906402,0.7613918806959403,complete
keita_bates-diop_2019_DEN,Keita Bates-Diop,2019-20,3,new_team,team_change,-3.4,-2.8,-0.6,503,1,-2.075132275132275,-1.6188712522045854,-0.4562610229276896,1701,2,850.5,1.3248677248677247,1.1811287477954144,0.14373897707231037,complete
kelly_olynyk_2019_MIA,Kelly Olynyk,2019-20,3,re_signed_standard,roster_continuity,1.4926482873851294,0.4440267335004177,1.0486215538847117,3591,2,1.2112287613888206,0.2415907411967496,0.9508249199704507,4061,3,1353.6666666666667,-0.2814195259963088,-0.20243599230366813,-0.09779663391426097,complete
kelly_oubre_2019_PHX,Kelly Oubre Jr.,2019-20,3,re_signed_standard,roster_continuity,-1.4677628420547286,-0.9961833893422949,-0.47157945271243396,4166,2,-1.2405054280121017,-0.4523758675920982,-0.822530699412707,5619,3,1873,0.2272574140426269,0.5438075217501968,-0.350951246700273,complete
kemba_walker_2019_BOS,Kemba Walker,2019-20,3,new_team,team_change,4.102268262189677,4.955670655474193,-0.8534023932845151,5599,2,2.7758807588075878,3.210790835181079,-0.4115545700911555,4059,3,1353,-1.3263875033820889,-1.7448798202931135,0.4418478231933596,complete
kenrich_williams_2019_NOP,Kenrich Williams,2019-20,3,re_signed_standard,roster_continuity,-1.9,-2.3,0.4,1079,1,-0.995975975975976,-1.781861861861862,0.7930930930930931,3330,3,1110,0.9040240240240239,0.5181381381381378,0.39309309309309304,complete
kent_bazemore_2019_SAC,Kent Bazemore,2019-20,3,new_team,team_change,-0.7883158508158508,-1.405332167832168,0.617016317016317,3432,2,-2.525827257431296,-3.4729108244531686,0.8997476163768928,3566,3,1188.6666666666667,-1.7375114066154451,-2.0675786566210004,0.28273129936057584,complete
kentavious_caldwell-pope_2019_LAL,Kentavious Caldwell-Pope,2019-20,3,re_signed_standard,roster_continuity,-0.0623414199866459,-0.35470732250166925,0.2829512575116848,4493,2,-0.9768229601201402,-1.2103620891039548,0.20180210245286168,5993,3,1997.6666666666667,-0.9144815401334944,-0.8556547666022856,-0.08114915505882314,complete
kevin_huerter_2019_ATL,Kevin Huerter,2019-20,3,re_signed_standard,roster_continuity,-2.4,-1.6,-0.8,2048,1,-1.000889035232137,-0.592953572604544,-0.372933816266052,6074,3,2024.6666666666667,1.399110964767863,1.0070464273954562,0.42706618373394806,complete
kevin_knox_2019_NYK,Kevin Knox II,2019-20,3,re_signed_standard,roster_continuity,-5.7,-3.4,-2.3,2158,1,-4.2,-3.1,-1.1,1166,1,1166,1.5,0.2999999999999998,1.1999999999999997,complete
kevon_looney_2019_GSW,Kevon Looney,2019-20,3,re_signed_standard,roster_continuity,0.23358427436219156,-0.3947720618987871,0.6283563362609788,2391,2,0.17763567231247834,-1.261182163843761,1.4190805392326304,2893,2,1446.5,-0.05594860204971322,-0.8664101019449739,0.7907242029716517,complete
khem_birch_2019_ORL,Khem Birch,2019-20,3,re_signed_standard,roster_continuity,0.20589680589680587,-0.2787059787059787,0.43194103194103195,1221,2,-1.4613887274840207,-1.6033410807669959,0.2131609529343405,3442,3,1147.3333333333333,-1.6672855333808265,-1.3246351020610172,-0.21878007900669144,complete
khris_middleton_2019_MIL,Khris Middleton,2019-20,3,re_signed_standard,roster_continuity,0.3561674418604651,0.7554790697674418,-0.3993116279069767,5375,2,2.2309755708127095,2.271339613603704,-0.00413539837138751,6263,3,2087.6666666666665,1.8748081289522442,1.5158605438362622,0.39517622953558923,complete
khyri_thomas_2019_DET,Khyri Thomas,2019-20,3,re_signed_standard,roster_continuity,NA,NA,NA,NA,NA,NA,NA,NA,NA,NA,NA,NA,NA,NA,missing_data
kris_dunn_2019_CHI,Kris Dunn,2019-20,3,re_signed_standard,roster_continuity,-1.9673301304049418,-2.590665751544269,0.6710020590253947,2914,2,-0.6,-3.8,3.1,1269,1,1269,1.367330130404942,-1.2093342484557308,2.4289979409746056,complete
kyle_anderson_2019_MEM,Kyle Anderson,2019-20,3,re_signed_standard,roster_continuity,2.0745627493096044,-0.8716784289659405,2.946241178275544,3259,2,1.8449053392895127,-0.1465220165922145,1.9914273558817275,4701,3,1567,-0.22965741002009166,0.725156412373726,-0.9548138223938167,complete
kyle_korver_2019_MIL,Kyle Korver,2019-20,3,new_team,team_change,-0.12111416781292984,0.7201513067400275,-0.7871389270976616,2908,2,0.1,-0.6,0.7,960,1,960,0.22111416781292986,-1.3201513067400275,1.4871389270976616,complete
kyle_kuzma_2019_LAL,Kyle Kuzma,2019-20,3,re_signed_standard,roster_continuity,-1.0435418875927889,0.05461293743372215,-1.098154825026511,4715,2,-0.9130893736805067,-0.4895144264602393,-0.4579521463757917,5684,3,1894.6666666666667,0.1304525139122822,-0.5441273638939614,0.6402026786507193,complete
kyle_lowry_2019_TOR,Kyle Lowry,2019-20,3,re_signed_standard,roster_continuity,3.8411814524666528,3.294325640482744,0.5468558119839085,4723,2,2.321879286694102,1.7427812071330593,0.5425240054869684,5832,3,1944,-1.519302165772551,-1.5515444333496846,-0.004331806496940094,complete
kyle_oquinn_2019_PHI,Kyle O'Quinn,2019-20,3,new_team,team_change,3.1,0.4,2.6,1387,1,NA,NA,NA,NA,NA,NA,NA,NA,NA,missing_data
kyrie_irving_2019_BKN,Kyrie Irving,2019-20,3,new_team,team_change,7.246586248492159,6.186344993968637,1.0068275030156817,4145,2,5.147895460797799,5.430811554332875,-0.30101788170563964,3635,3,1211.6666666666667,-2.09869078769436,-0.7555334396357622,-1.3078453847213214,complete
lamarcus_aldridge_2019_SAS,LaMarcus Aldridge,2019-20,3,re_signed_standard,roster_continuity,2.814030023094688,3.3174557351809084,-0.5034257120862202,5196,2,0.8592294422081657,1.2614721104082809,-0.4720529039677976,3478,3,1159.3333333333333,-1.9548005808865225,-2.0559836247726277,0.031372808118422635,complete
lance_thomas_2019_BKN,Lance Thomas,2019-20,3,new_team,team_change,-4.433146067415731,-3.7865168539325844,-0.6466292134831461,2136,2,NA,NA,NA,NA,NA,NA,NA,NA,NA,missing_data
landry_shamet_2019_LAC,Landry Shamet,2019-20,3,re_signed_standard,roster_continuity,-1.6,-0.3,-1.3,1802,1,-1.8967381174277727,-1.2044734389561977,-0.7257455731593663,4292,3,1430.6666666666667,-0.29673811742777256,-0.9044734389561977,0.5742544268406338,complete
langston_galloway_2019_DET,Langston Galloway,2019-20,3,re_signed_standard,roster_continuity,-0.9705521472392638,-0.6683665644171779,-0.3352760736196319,2608,2,-0.8,0,-0.9,1702,1,1702,0.1705521472392637,0.6683665644171779,-0.5647239263803681,complete
larry_nance_2019_CLE,Larry Nance Jr.,2019-20,3,re_signed_standard,roster_continuity,2.4,0.9558146766169154,1.4441853233830846,3216,2,0.786788787121843,0.03258395781293363,0.7950596724951429,3603,3,1201,-1.613211212878157,-0.9232307188039818,-0.6491256508879417,complete
lauri_markkanen_2019_CHI,Lauri Markkanen,2019-20,3,re_signed_standard,roster_continuity,-0.2,1.1817396002160991,-1.3363047001620745,3702,2,-0.0026242799231917793,0.5049285257094089,-0.5476210795818222,4687,3,1562.3333333333333,0.19737572007680823,-0.6768110745066902,0.7886836205802523,complete
lebron_james_2019_LAL,LeBron James,2019-20,3,re_signed_standard,roster_continuity,8.426798307475316,6.948740681039693,1.5170864396534354,4963,2,8.07649051490515,6.5275745257452575,1.574390243902439,5904,3,1968,-0.35030779257016675,-0.42116615529443546,0.05730380424900372,complete
lonzo_ball_2019_NOP,Lonzo Ball,2019-20,3,new_team,team_change,0.42244770527630343,-1.0998438963471746,1.4667187012176084,3203,2,1.4476123595505617,0.750220706260032,0.7380216693418941,4984,3,1661.3333333333333,1.0251646542742583,1.8500646026072065,-0.7286970318757143,complete
lou_williams_2019_LAC,Lou Williams,2019-20,3,re_signed_standard,roster_continuity,2.256503710170231,4.243496289829769,-1.9304888694893059,4582,2,-1.2161771904062653,0.2642682329907,-1.4348262359275574,4086,3,1362,-3.4726809005764965,-3.9792280568390686,0.49566263356174844,complete
luka_doncic_2019_DAL,Luka Doncic,2019-20,3,re_signed_standard,roster_continuity,3.8999999999999995,3.6000000000000005,0.3,2318,1,7.782844175491679,6.607019667170953,1.1758245083207262,6610,3,2203.3333333333335,3.8828441754916794,3.007019667170953,0.8758245083207261,complete
luke_kennard_2019_DET,Luke Kennard,2019-20,3,re_signed_standard,roster_continuity,-0.9486551724137933,-0.6522413793103449,-0.24686206896551718,2900,2,0.10716916277927817,0.7166707586545544,-0.6095015958752762,4073,3,1357.6666666666667,1.0558243351930714,1.3689121379648994,-0.362639526909759,complete
luke_kornet_2019_CHI,Luke Kornet,2019-20,3,new_team,team_change,2,1.4,0.7,784,1,-1.2,-0.9,-0.2,559,1,559,-3.2,-2.3,-0.8999999999999999,complete
malcolm_brogdon_2019_IND,Malcolm Brogdon,2019-20,3,new_team,team_change,0.705997552019584,1.077233782129743,-0.3833537331701346,3268,2,2.0461474385672638,2.706913785922532,-0.6607663473552686,4802,3,1600.6666666666667,1.3401498865476797,1.629680003792789,-0.277412614185134,complete
malik_beasley_2019_MIN,Malik Beasley,2019-20,3,new_team,team_change,-0.8235174654752234,0.04224207961007311,-0.8657595450852965,2462,2,-0.9467833598545123,0.563605364855649,-1.5553080245510345,4399,3,1466.3333333333333,-0.12326589437928892,0.521363285245576,-0.6895484794657379,complete
malik_monk_2019_CHA,Malik Monk,2019-20,3,re_signed_standard,roster_continuity,-3.1617424242424246,-1.3000000000000003,-1.8213068181818182,2112,2,-1.2753463927376971,-0.009746774964166285,-1.293526039178213,4186,3,1395.3333333333333,1.8863960315047275,1.290253225035834,0.5277807790036051,complete
marc_gasol_2019_TOR,Marc Gasol,2019-20,3,re_signed_standard,roster_continuity,2.7023121387283235,1.2473988439306358,1.4549132947976877,4844,2,1.9227019498607243,-1.292200557103064,3.214902506963788,2154,2,1077,-0.7796101888675993,-2.5395994010336995,1.7599892121661005,complete
marco_belinelli_2019_SAS,Marco Belinelli,2019-20,3,re_signed_standard,roster_continuity,-1.0789473684210527,-0.034210526315789455,-0.992982456140351,3762,2,-2.7000000000000006,-0.6999999999999998,-2,883,1,883,-1.621052631578948,-0.6657894736842104,-1.0070175438596491,complete
marcus_morris_2019_LAC,Marcus Morris Sr.,2019-20,3,new_team,team_change,-0.5734786300594396,-0.15918482875742998,-0.45510897254457966,3533,2,-0.47644942023190723,0.40867652938824467,-0.8238304678128748,5002,3,1667.3333333333333,0.09702920982753233,0.5678613581456746,-0.3687214952682952,complete
marcus_smart_2019_BOS,Marcus Smart,2019-20,3,re_signed_standard,roster_continuity,-0.0463555322496067,-1.580859989512323,1.5768222338751967,3814,2,0.5797619047619048,-0.584472049689441,1.191511387163561,5796,3,1932,0.6261174370115115,0.996387939822882,-0.38531084671163573,complete
mario_hezonja_2019_POR,Mario Hezonja,2019-20,3,new_team,team_change,-1.8900803353126092,-1.9952148096402376,0.10513447432762839,2863,2,-2.9,-3.1,0.2,871,1,871,-1.0099196646873907,-1.1047851903597625,0.09486552567237162,complete
markieff_morris_2019_LAL,Markieff Morris,2019-20,3,new_team,team_change,-1.8491043854231006,-1.613773934527486,-0.17455219271155034,3238,2,-2.301633850020947,-2.0049015500628404,-0.2967322999581064,2387,2,1193.5,-0.45252946459784615,-0.39112761553535447,-0.12218010724655606,complete
marquese_chriss_2019_GSW,Marquese Chriss,2019-20,3,new_team,team_change,-2.8,-3.2,0.4,1527,1,0.6,0,0.6,1196,1,1196,3.4,3.2,0.19999999999999996,complete
marvin_bagley_2019_SAC,Marvin Bagley III,2019-20,3,re_signed_standard,roster_continuity,-1,0.5,-1.5,1567,1,-2.6927593818984548,-0.45090507726269313,-2.2418543046357615,2265,2,1132.5,-1.6927593818984548,-0.9509050772626931,-0.7418543046357615,complete
marvin_williams_2019_MIL,Marvin Williams,2019-20,3,new_team,team_change,0.33005556897801397,0.08465812998308767,0.2484658129983088,4139,2,-0.6,-1.6,1,1129,1,1129,-0.9300555689780139,-1.6846581299830878,0.7515341870016912,complete
mason_plumlee_2019_DEN,Mason Plumlee,2019-20,3,re_signed_standard,roster_continuity,1.373690851735016,-0.7269716088328075,2.055268138801262,3170,2,1.2443780179351576,-0.47656932628190385,1.7209473442170613,4349,3,1449.6666666666667,-0.12931283379985836,0.2504022825509037,-0.3343207945842006,complete
matthew_dellavedova_2019_CLE,Matthew Dellavedova,2019-20,3,re_signed_standard,roster_continuity,-4.4,-2.027034120734908,-2.426246719160105,1524,2,-5.2,-3.6,-1.6,821,1,821,-0.7999999999999998,-1.5729658792650922,0.8262467191601051,complete
maurice_harkless_2019_NYK,Maurice Harkless,2019-20,3,new_team,team_change,1.0302724897349758,-0.7169092945128779,1.6999999999999997,2679,2,-2.189157413455258,-3.2125734813847164,1.0234160679294577,3062,3,1020.6666666666666,-3.2194299031902336,-2.4956641868718386,-0.676583932070542,complete
maxi_kleber_2019_DAL,Maxi Kleber,2019-20,3,re_signed_standard,roster_continuity,-8.12407680945322e-4,-0.889069423929099,0.8882570162481535,2708,2,0.03759880367442854,-0.47735526596881006,0.5149540696432386,4681,3,1560.3333333333333,0.03841121135537386,0.411714157960289,-0.3733029466049148,complete
meyers_leonard_2019_MIA,Meyers Leonard,2019-20,3,new_team,team_change,1.8,1.5,0.3,878,1,-0.9,-1.3,0.4,1034,1,1034,-2.7,-2.8,0.10000000000000003,complete
michael_carter-williams_2019_ORL,Michael Carter-Williams,2019-20,3,re_signed_standard,roster_continuity,-1.5,-3.3,1.8,835,1,-2.3004898958971216,-3.018677281077771,0.7181873851806492,1633,2,816.5,-0.8004898958971216,0.2813227189222287,-1.0818126148193508,complete
michael_kidd-gilchrist_2019_DAL,Michael Kidd-Gilchrist,2019-20,3,new_team,team_change,-2.216771211620997,-2.177847474413998,-0.03892373720699901,3029,2,NA,NA,NA,NA,NA,NA,NA,NA,NA,missing_data
mikal_bridges_2019_PHX,Mikal Bridges,2019-20,3,re_signed_standard,roster_continuity,-1.6,-2,0.4,2417,1,1.9255107675317504,0.8057702926559912,1.147929320817228,7244,3,2414.6666666666665,3.5255107675317507,2.8057702926559913,0.7479293208172281,complete
mike_conley_2019_UTA,Mike Conley,2019-20,3,new_team,team_change,4.7,4.6,0.1,2342,1,2.8723114454157352,2.294389103476316,0.5779223419394186,4919,3,1639.6666666666667,-1.827688554584265,-2.3056108965236835,0.4779223419394186,complete
mike_muscala_2019_OKC,Mike Muscala,2019-20,3,new_team,team_change,-0.47278106508875745,-0.30718512256973796,-0.12079459002535926,2366,2,1.568988391376451,1.596075179657269,-0.027086788280818147,1809,3,603,2.0417694564652087,1.903260302227007,0.09370780174454112,complete
mike_scott_2019_PHI,Mike Scott,2019-20,3,re_signed_standard,roster_continuity,-2.0984291324526954,-1.24744734023563,-0.9007854337736523,2801,2,-2.2137931034482756,-1.7344827586206897,-0.5206896551724138,2059,2,1029.5,-0.11536397099558027,-0.4870354183850596,0.38009577860123844,complete
miles_bridges_2019_CHA,Miles Bridges,2019-20,3,re_signed_standard,roster_continuity,-0.8000000000000002,-0.9,0.10000000000000002,1696,1,-0.05109402720283855,0.36967770549970436,-0.39220875221762275,6764,3,2254.6666666666665,0.7489059727971616,1.2696777054997044,-0.4922087522176228,complete
mitchell_robinson_2019_NYK,Mitchell Robinson,2019-20,3,re_signed_standard,roster_continuity,2.5,0.1,2.4,1360,1,2.2329200097252615,0.9363724775103331,1.3308777048383174,4113,3,1371,-0.2670799902747385,0.8363724775103332,-1.0691222951616826,complete
mo_bamba_2019_ORL,Mo Bamba,2019-20,3,re_signed_standard,roster_continuity,-1.4,-2.8,1.4,766,1,0.49620659468923256,-0.37157864021009623,0.8889407645170705,3427,3,1142.3333333333333,1.8962065946892324,2.428421359789904,-0.5110592354829294,complete
monte_morris_2019_DEN,Monte Morris,2019-20,3,re_signed_standard,roster_continuity,1.5,1.1,0.3,1970,1,-0.1352790376651548,0.5058568329718005,-0.6324590810491028,5071,3,1690.3333333333333,-1.6352790376651547,-0.5941431670281996,-0.9324590810491027,complete
montrezl_harrell_2019_LAC,Montrezl Harrell,2019-20,3,re_signed_standard,roster_continuity,3.3,2.787337003767024,0.5126629962329758,3451,2,3.2619718309859156,2.8326358148893362,0.4315090543259557,4970,3,1656.6666666666667,-0.038028169014084234,0.045298811122312266,-0.08115394190702013,complete
moritz_wagner_2019_WAS,Moritz Wagner,2019-20,3,new_team,team_change,NA,NA,NA,NA,NA,-0.8985697258641239,-0.8658720699245134,-0.004012713547874452,2517,3,839,NA,NA,NA,missing_data
myles_turner_2019_IND,Myles Turner,2019-20,3,re_signed_standard,roster_continuity,1.2465992414664981,-0.27853350189633375,1.4715549936788874,3955,2,0.5521700620017714,-0.8924933569530558,1.4720106288751107,4516,3,1505.3333333333333,-0.6944291794647267,-0.613959855056722,4.5563519622326965e-4,complete
nemanja_bjelica_2019_SAC,Nemanja Bjelica,2019-20,3,re_signed_standard,roster_continuity,0.5528015194681861,0.18300094966761635,0.3698005698005698,3159,2,1.0432115230728194,0.147105894905308,0.8424646572419311,3749,3,1249.6666666666667,0.49041000360463327,-0.03589505476230834,0.4726640874413613,complete
nerlens_noel_2019_OKC,Nerlens Noel,2019-20,3,re_signed_standard,roster_continuity,2.1,-1.2,3.3,1055,1,1.8010197775030903,-1.790203955500618,3.573856613102596,3236,3,1078.6666666666667,-0.2989802224969098,-0.590203955500618,0.2738566131025961,complete
nicolas_batum_2019_CHA,Nicolas Batum,2019-20,3,re_signed_standard,roster_continuity,0.01988465974625148,-0.15162629757785467,0.17151095732410612,4335,2,1.6457796476465947,0.11004470155140679,1.5742045753352616,3803,3,1267.6666666666667,1.6258949879003433,0.26167099912926145,1.4026936180111556,complete
nikola_jokic_2019_DEN,Nikola Jokic,2019-20,3,re_signed_standard,roster_continuity,8.013563776025874,5.75554881746513,2.258014958560744,4947,2,11.138684931506848,7.981917808219178,3.188767123287671,7300,3,2433.3333333333335,3.125121155480974,2.2263689907540476,0.9307521647269272,complete
nikola_vucevic_2019_ORL,Nikola Vucevic,2019-20,3,re_signed_standard,roster_continuity,5.034605294538516,3.6754352492248987,1.4190317195325544,4193,2,3.402158486102898,3.079863985807215,0.322294500295683,6764,3,2254.6666666666665,-1.6324468084356183,-0.5955712634176837,-1.0967372192368714,complete
noah_vonleh_2019_DEN,Noah Vonleh,2019-20,3,new_team,team_change,-0.9021563342318057,-1.1663072776280323,0.2641509433962264,2597,2,NA,NA,NA,NA,NA,NA,NA,NA,NA,missing_data
norman_powell_2019_TOR,Norman Powell,2019-20,3,re_signed_standard,roster_continuity,-1.7678244972577695,-2.01636197440585,0.2,2188,2,0.6617269544924154,1.1571178529754957,-0.49539089848308054,5142,3,1714,2.429551451750185,3.173479827381346,-0.6953908984830806,complete
og_anunoby_2019_TOR,O.G. Anunoby,2019-20,3,re_signed_standard,roster_continuity,-1.4590187080833037,-1.7726791387222025,0.3613836921990823,2833,2,0.9685861871054141,0.03535488808111727,0.9332312990242969,5227,3,1742.3333333333333,2.427604895188718,1.8080340268033197,0.5718476068252146,complete
otto_porter_2019_CHI,Otto Porter Jr.,2019-20,3,re_signed_standard,roster_continuity,2.436622114216282,1.8638153098420414,0.6319076549210207,4115,2,2.161638361638362,0.6973026973026973,1.4643356643356642,2002,2,1001,-0.2749837525779202,-1.1665126125393441,0.8324280094146435,complete
pascal_siakam_2019_TOR,Pascal Siakam,2019-20,3,re_signed_standard,roster_continuity,1.9630707357463921,0.8453039981074049,1.1177667376389875,4227,2,2.1550343591275767,1.7492680011951,0.3757992231849418,6694,3,2231.3333333333335,0.19196362338118456,0.9039640030876952,-0.7419675144540456,complete
pat_connaughton_2019_MIL,Pat Connaughton,2019-20,3,re_signed_standard,roster_continuity,-0.42386322299017826,-0.7825754819934521,0.31284103310294653,2749,2,0.6154357950765137,-0.1227323131514748,0.7006653359946774,4509,3,1503,1.039299018066692,0.6598431688419772,0.38782430289173087,complete
patrick_beverley_2019_LAC,Patrick Beverley,2019-20,3,re_signed_standard,roster_continuity,0.9,-0.3,1.2,2137,1,2.0602739726027397,-0.027232876712328744,2.0875068493150684,3650,3,1216.6666666666667,1.1602739726027398,0.2727671232876712,0.8875068493150684,complete
patrick_patterson_2019_LAC,Patrick Patterson,2019-20,3,new_team,team_change,-1.1292820272172688,-1.5232285312060065,0.4343500703894885,2131,2,-0.08571428571428572,0.28571428571428575,-0.32857142857142857,1358,2,679,1.0435677415029831,1.8089428169202924,-0.762921498960917,complete
patty_mills_2019_SAS,Patty Mills,2019-20,3,re_signed_standard,roster_continuity,-0.6673474470734745,-0.12478206724782068,-0.5900871731008718,4015,2,-1.0895939086294415,0.19546773023930386,-1.2850616388687455,5516,3,1838.6666666666667,-0.422246461555967,0.32024979748712457,-0.6949744657678737,complete
pau_gasol_2019_POR,Pau Gasol,2019-20,3,new_team,team_change,3.4,1.5,1.9,1812,1,NA,NA,NA,NA,NA,NA,NA,NA,NA,missing_data
paul_george_2019_LAC,Paul George,2019-20,3,new_team,team_change,5.031245638520586,3.9356071179344028,1.095638520586183,5732,2,4.305350938151494,3.3432244614315496,0.9621264767199444,4317,3,1439,-0.7258947003690919,-0.5923826565028532,-0.1335120438662385,complete
paul_millsap_2019_DEN,Paul Millsap,2019-20,3,re_signed_standard,roster_continuity,1.2108953258722843,0.5871296905859118,0.6237656352863726,3038,2,0.5353871773522065,0.3,0.2353871773522065,2402,2,1201,-0.6755081485200778,-0.2871296905859118,-0.38837845793416614,complete
pj_tucker_2019_HOU,P.J. Tucker,2019-20,3,re_signed_standard,roster_continuity,-0.8243753688766476,-1.7346252213259883,0.910249852449341,5083,2,-1.5606995175740868,-2.367884217780841,0.8496898690558234,5804,3,1934.6666666666667,-0.7363241486974391,-0.6332589964548527,-0.060559983393517536,complete
quinn_cook_2019_LAL,Quinn Cook,2019-20,3,new_team,team_change,-1.894330183435242,-0.3354641467481934,-1.5588660366870484,1799,2,-3.8,-2.3,-1.4,508,1,508,-1.9056698165647579,-1.9645358532518065,0.15886603668704846,complete
rajon_rondo_2019_LAL,Rajon Rondo,2019-20,3,re_signed_standard,roster_continuity,-0.8344176968119714,-0.7570917371502927,-0.1327911515940143,3074,2,-1.1085644371941272,-1.321778140293638,0.2533442088091354,2452,3,817.3333333333334,-0.2741467403821558,-0.5646864031433453,0.38613536040314966,complete
raul_neto_2019_PHI,Raul Neto,2019-20,3,new_team,team_change,NA,NA,NA,NA,NA,-1.7493465001452222,-1.799535288992158,0.05108916642462969,3443,3,1147.6666666666667,NA,NA,NA,missing_data
reggie_bullock_2019_NYK,Reggie Bullock,2019-20,3,new_team,team_change,-0.2366380504015509,-0.02849626142342844,-0.2081417889781224,3611,2,-1.0826240352811467,-1.3962734288864387,0.29856670341786107,4535,3,1511.6666666666667,-0.8459859848795959,-1.3677771674630101,0.5067084923959835,complete
reggie_jackson_2019_LAC,Reggie Jackson,2019-20,3,new_team,team_change,0.12469914040114613,1.19676217765043,-1.0720630372492836,3490,2,-1.4469290657439446,-0.3786764705882352,-1.0682525951557094,4624,3,1541.3333333333333,-1.5716282061450908,-1.5754386482386653,0.0038104420935742844,complete
richaun_holmes_2019_SAC,Richaun Holmes,2019-20,3,new_team,team_change,0.7932642487046632,-0.05461139896373056,0.8478756476683937,1930,2,0.43294289897510985,0.24699853587115667,0.18594436310395315,4098,3,1366,-0.3603213497295533,0.30160993483488724,-0.6619312845644406,complete
ricky_rubio_2019_PHX,Ricky Rubio,2019-20,3,new_team,team_change,0.28846616903443295,-0.837177943655189,1.1799181314712255,4153,2,-0.24312736443883978,-0.6148802017654477,0.3293820933165196,4758,3,1586,-0.5315935334732728,0.22229774188974138,-0.8505360381547059,complete
robert_williams_2019_BOS,Robert Williams III,2019-20,3,re_signed_standard,roster_continuity,NA,NA,NA,NA,NA,5.67658659017569,2.57658659017569,3.1000000000000005,2789,2,1394.5,NA,NA,NA,missing_data
robin_lopez_2019_MIL,Robin Lopez,2019-20,3,new_team,team_change,-2.0538228155339806,-0.7538228155339806,-1.3487257281553398,3296,2,-2.1102599179206565,-1.3926128590971272,-0.7176470588235293,2924,3,974.6666666666666,-0.056437102386675875,-0.6387900435631466,0.6310786693318104,complete
rodions_kurucs_2019_BKN,Rodions Kurucs,2019-20,3,re_signed_standard,roster_continuity,-2.6,-2.9,0.3,1294,1,-2.8,-3.6,0.9,684,1,684,-0.19999999999999973,-0.7000000000000002,0.6000000000000001,complete
rodney_hood_2019_POR,Rodney Hood,2019-20,3,re_signed_standard,roster_continuity,-1.124992875463095,-0.27893986890852085,-0.846053006554574,3509,2,-3.9319823788546255,-3.0794713656387667,-0.8110132158590309,2270,3,756.6666666666666,-2.806989503391531,-2.8005314967302457,0.035039790695543194,complete
rodney_mcgruder_2019_LAC,Rodney McGruder,2019-20,3,new_team,team_change,-2.3,-2.2,-0.1,1550,1,-2.2576,-2.308,0.10400000000000006,1625,2,812.5,0.04239999999999977,-0.10799999999999965,0.20400000000000007,complete
royce_oneale_2019_UTA,Royce O'Neale,2019-20,3,re_signed_standard,roster_continuity,-0.37770294221907125,-2.3554058844381425,1.9777029422190713,2821,2,0.8975358422939069,-1.086872759856631,1.986872759856631,6696,3,2232,1.2752387845129782,1.2685331245815115,0.00916981763755964,complete
rudy_gay_2019_SAS,Rudy Gay,2019-20,3,re_signed_standard,roster_continuity,1.1596485519036772,0.5596485519036772,0.6000000000000001,3073,2,-0.6073632356753954,-0.22359346642468236,-0.42164894996110974,3857,3,1285.6666666666667,-1.7670117875790727,-0.7832420183283596,-1.0216489499611099,complete
rudy_gobert_2019_UTA,Rudy Gobert,2019-20,3,re_signed_standard,roster_continuity,4.573230138857273,2.1318916458001365,2.5,4393,2,4.347454819277109,2.214879518072289,2.132575301204819,6640,3,2213.3333333333335,-0.22577531958016372,0.08298787227215243,-0.367424698795181,complete
russell_westbrook_2019_HOU,Russell Westbrook,2019-20,3,new_team,team_change,5.7781746031746035,3.8512265512265507,1.926948051948052,5544,2,1.0645434047350621,1.0658399098083429,-0.0012965050732807479,7096,3,2365.3333333333335,-4.713631198439542,-2.785386641418208,-1.9282445570213327,complete
ryan_anderson_2019_HOU,Ryan Anderson,2019-20,3,new_team,team_change,0.1,0.9,-0.8,1725,1,NA,NA,NA,NA,NA,NA,NA,NA,NA,missing_data
ryan_arcidiacono_2019_CHI,Ryan Arcidiacono,2019-20,3,re_signed_standard,roster_continuity,-1.9,-2,0.1,1961,1,-2.8,-2.7,-0.1,930,1,930,-0.8999999999999999,-0.7000000000000002,-0.2,complete
ryan_broekhoff_2019_DAL,Ryan Broekhoff,2019-20,3,re_signed_standard,roster_continuity,NA,NA,NA,NA,NA,NA,NA,NA,NA,NA,NA,NA,NA,NA,missing_data
semi_ojeleye_2019_BOS,Semi Ojeleye,2019-20,3,re_signed_standard,roster_continuity,-4.46158256880734,-3.986926605504587,-0.4746559633027523,1744,2,-2.0391126976032634,-1.9062213156552779,-0.1328913819479857,1961,2,980.5,2.4224698712040764,2.080705289849309,0.3417645813547666,complete
serge_ibaka_2019_TOR,Serge Ibaka,2019-20,3,re_signed_standard,roster_continuity,0.046965634901291735,0.046965634901291735,0.048988544967097244,4103,2,0.05125113053964426,0.04654808561953568,0.00470304492010853,3317,3,1105.6666666666667,0.004285495638352524,-4.175492817560522e-4,-0.04428550004698872,complete
seth_curry_2019_DAL,Seth Curry,2019-20,3,new_team,team_change,-1,-0.4,-0.7,1399,1,-0.09564404561600295,0.6512432230323425,-0.7468872686483455,5349,3,1783,0.9043559543839971,1.0512432230323425,-0.04688726864834558,complete
shabazz_napier_2019_WAS,Shabazz Napier,2019-20,3,new_team,team_change,1.01231135822081,-0.07537728355837965,1.08768864177919,2518,2,-1.1,-0.7,-0.4,1344,1,1344,-2.1123113582208104,-0.6246227164416203,-1.4876886417791901,complete
shai_gilgeous-alexander_2019_OKC,Shai Gilgeous-Alexander,2019-20,3,new_team,team_change,-0.5,-0.9,0.4,2174,1,2.805117117117117,2.412648648648649,0.39246846846846845,5550,3,1850,3.305117117117117,3.312648648648649,-0.007531531531531577,complete
shaquille_harrison_2019_CHI,Shaquille Harrison,2019-20,3,re_signed_standard,roster_continuity,-1.3,-2.8,1.5,1430,1,NA,NA,NA,NA,NA,NA,NA,NA,NA,missing_data
sindarius_thornwell_2019_NOP,Sindarius Thornwell,2019-20,3,new_team,team_change,-2.4,-3.4,1,1156,1,NA,NA,NA,NA,NA,NA,NA,NA,NA,missing_data
skal_labissiere_2019_POR,Skal Labissiere,2019-20,3,re_signed_standard,roster_continuity,-2.7,-1.9,-0.8,1240,1,-1.3,-1.5,0.2,567,1,567,1.4000000000000001,0.3999999999999999,1,complete
solomon_hill_2019_MIA,Solomon Hill,2019-20,3,new_team,team_change,-3.6,-3.1,-0.4000000000000001,878,1,-2.1653594771241833,-2.581699346405229,0.41633986928104577,2601,2,1300.5,1.4346405228758168,0.5183006535947712,0.8163398692810458,complete
spencer_dinwiddie_2019_BKN,Spencer Dinwiddie,2019-20,3,re_signed_standard,roster_continuity,0.6,1.3453554502369667,-0.7453554502369667,4220,2,1.0526421741318572,1.7533467539003524,-0.6508807247106191,3974,2,1987,0.45264217413185726,0.40799130366338576,0.09447472552634761,complete
stanley_johnson_2019_TOR,Stanley Johnson,2019-20,3,new_team,team_change,-2.6274016763378465,-3.6495164410058023,1.0221147646679563,3102,2,-2.6041904761904764,-3.279047619047619,0.626952380952381,2100,2,1050,0.023211200147370104,0.3704688219581831,-0.3951623837155752,complete
stephen_curry_2019_GSW,Stephen Curry,2019-20,3,re_signed_standard,roster_continuity,7.052826855123675,7.388162544169611,-0.2941696113074205,3962,2,7.230391932156772,6.830391932156774,0.4000000000000001,4363,2,2181.5,0.17756507703309765,-0.5577706120128374,0.6941696113074205,complete
sterling_brown_2019_MIL,Sterling Brown,2019-20,3,re_signed_standard,roster_continuity,-2.1859668508287293,-2.2287292817679556,0.08563535911602209,1810,2,-2.028048780487805,-2.440015243902439,0.41196646341463417,2624,3,874.6666666666666,0.1579180703409242,-0.21128596213448336,0.32633110429861206,complete
steven_adams_2019_OKC,Steven Adams,2019-20,3,re_signed_standard,roster_continuity,1.1,1.1823506594259114,-0.08235065942591153,5156,2,1.5875283875851627,0.8609008327024981,0.7584216502649508,5284,3,1761.3333333333333,0.4875283875851626,-0.3214498267234134,0.8407723096908624,complete
svi_mykhailiuk_2019_DET,Svi Mykhailiuk,2019-20,3,re_signed_standard,roster_continuity,NA,NA,NA,NA,NA,-2.397065052950076,-1.6140090771558246,-0.7830559757942511,3305,3,1101.6666666666667,NA,NA,NA,missing_data
taj_gibson_2019_NYK,Taj Gibson,2019-20,3,new_team,team_change,-0.3471441523118767,0.17642792384406164,-0.5853581142339075,4412,2,-0.6201238390092879,-1.4837289301685586,0.8958032335741315,2907,3,969,-0.27297968669741124,-1.6601568540126201,1.481161347808039,complete
taurean_prince_2019_BKN,Taurean Prince,2019-20,3,new_team,team_change,-1.447808764940239,-0.6932270916334662,-0.7545816733067728,4016,2,-2.04965727341965,-1.8945417618684943,-0.18499619192688502,3939,3,1313,-0.601848508479411,-1.2013146702350281,0.5695854813798878,complete
terrance_ferguson_2019_OKC,Terrance Ferguson,2019-20,3,re_signed_standard,roster_continuity,-3.658389012620638,-3.701744617668894,0.04335560504825539,2694,2,-4.5,-4.8,0.3,1257,1,1257,-0.841610987379362,-1.0982553823311059,0.2566443949517446,complete
terrence_ross_2019_ORL,Terrence Ross,2019-20,3,re_signed_standard,roster_continuity,0.03636363636363636,0.24909090909090909,-0.21272727272727274,2750,2,-1.966545687446627,-1.2157771135781383,-0.6910973526900086,4684,3,1561.3333333333333,-2.0029093238102633,-1.4648680226690474,-0.47837007996273584,complete
terry_rozier_2019_CHA,Terry Rozier,2019-20,3,new_team,team_change,1.0325472920445713,0.15742420316144085,0.8751230888831303,3859,2,1.0172448251249107,1.8376873661670237,-0.786423982869379,7005,3,2335,-0.01530246691966064,1.6802631630055829,-1.6615470717525094,complete
thabo_sefolosha_2019_HOU,Thabo Sefolosha,2019-20,3,new_team,team_change,2.183533568904594,-0.5746996466431096,2.7582332155477034,1415,2,NA,NA,NA,NA,NA,NA,NA,NA,NA,missing_data
thaddeus_young_2019_CHI,Thaddeus Young,2019-20,3,new_team,team_change,0.8349489795918367,0.09305337519623234,0.7418956043956043,5096,2,1.3212818003913893,0.24361545988258318,1.0776663405088063,4088,3,1362.6666666666667,0.48633282079955265,0.15056208468635085,0.33577073611320196,complete
thomas_bryant_2019_WAS,Thomas Bryant,2019-20,3,re_signed_standard,roster_continuity,2,2.3,-0.3,1496,1,2.2,2.9,-0.7,1147,1,1147,0.20000000000000018,0.6000000000000001,-0.39999999999999997,complete
thon_maker_2019_DET,Thon Maker,2019-20,3,re_signed_standard,roster_continuity,-2.48841628959276,-2.760180995475113,0.2157466063348416,2210,2,-1.4,-2.1,0.7,776,1,776,1.08841628959276,0.660180995475113,0.48425339366515835,complete
tim_frazier_2019_DET,Tim Frazier,2019-20,3,new_team,team_change,-1.4148110316649642,-1.9991828396322777,0.5415730337078652,1958,2,NA,NA,NA,NA,NA,NA,NA,NA,NA,missing_data
tim_hardaway_2019_DAL,Tim Hardaway Jr.,2019-20,3,re_signed_standard,roster_continuity,-1.330542871638762,0.18691019786910196,-1.5696347031963471,3942,2,0.06312723172336027,1.1240744221011088,-1.1375493328321744,5321,3,1773.6666666666667,1.3936701033621222,0.9371642242320068,0.4320853703641727,complete
timothe_luwawu-cabarrot_2019_BKN,Timothe Luwawu-Cabarrot,2019-20,3,new_team,team_change,-4.598577235772358,-3.5532520325203256,-1.1,1476,2,-3.3837326120556415,-2.5003477588871714,-0.9163446676970634,2588,3,862.6666666666666,1.2148446237167163,1.0529042736331542,0.18365533230293674,complete
tj_leaf_2019_IND,T.J. Leaf,2019-20,3,re_signed_standard,roster_continuity,-0.3,0.3,-0.6,522,1,NA,NA,NA,NA,NA,NA,NA,NA,NA,missing_data
tj_mcconnell_2019_IND,T.J. McConnell,2019-20,3,new_team,team_change,-0.41656171284634763,-1.8537153652392946,1.437153652392947,3176,2,0.9974032856385797,-0.12914679385267622,1.1914149443561208,3774,3,1258,1.4139649984849274,1.7245685713866183,-0.24573870803682607,complete
tj_warren_2019_IND,T.J. Warren,2019-20,3,new_team,team_change,-0.5058252427184465,0.8388349514563108,-1.4058252427184468,3502,2,1.1,1.2,0,2202,1,2202,1.6058252427184465,0.36116504854368914,1.4058252427184468,complete
tobias_harris_2019_PHI,Tobias Harris,2019-20,3,re_signed_standard,roster_continuity,1.745131459655485,2.19675430643699,-0.45162284678150494,5515,2,1.3417307144890407,1.505280387133504,-0.1635496726444634,7026,3,2342,-0.4034007451664443,-0.6914739193034858,0.28807317413704153,complete
tomas_satoransky_2019_CHI,Tomas Satoransky,2019-20,3,new_team,team_change,0.11998949303913842,0.11788810086682429,0.0452587339112162,3807,2,-1.5300171107308727,-1.4274749450012223,-0.12630163774138353,4091,3,1363.6666666666667,-1.6500066037700112,-1.5453630458680465,-0.17156037165259974,complete
tony_snell_2019_DET,Tony Snell,2019-20,3,new_team,team_change,-1.6784927018170985,-1.3057789693178432,-0.3727137324992553,3357,2,-1.99837962962963,-1.4942708333333332,-0.5041087962962963,3456,3,1152,-0.31988692781253136,-0.18849186401549,-0.13139506379704102,complete
torrey_craig_2019_DEN,Torrey Craig,2019-20,3,re_signed_standard,roster_continuity,-2.195028142589118,-2.0590056285178235,-0.06552532833020634,2132,2,-1.4454624027657734,-1.468769806972054,0.023307404206280587,3471,3,1157,0.7495657398233446,0.5902358215457695,0.08883273253648694,complete
trae_young_2019_ATL,Trae Young,2019-20,3,re_signed_standard,roster_continuity,-0.6,2.3,-2.8,2503,1,4.3382485138466,6.268769030013049,-1.999782514136581,6897,3,2299,4.9382485138466,3.968769030013049,0.8002174858634188,complete
treveon_graham_2019_ATL,Treveon Graham,2019-20,3,new_team,team_change,-3.105099150141643,-3.1645892351274787,0.059490084985835696,1765,2,-5.6,-4.5,-1.1,929,1,929,-2.4949008498583565,-1.3354107648725213,-1.1594900849858358,complete
trevor_ariza_2019_POR,Trevor Ariza,2019-20,3,new_team,team_change,-0.31732351667388486,-0.35606323083585967,0.0387397141619749,4618,2,-0.7161953727506426,-1.3279348757497855,0.611739502999143,2334,2,1167,-0.39887185607675774,-0.9718716449139259,0.5729997888371682,complete
trey_burke_2019_DAL,Trey Burke,2019-20,3,re_signed_standard,roster_continuity,1.0863874345549738,2.486387434554974,-1.4,1910,2,-1.2185883997204752,-0.6005590496156533,-0.6180293501048219,1431,2,715.5,-2.304975834275449,-3.0869464841706273,0.7819706498951781,complete
trey_lyles_2019_SAS,Trey Lyles,2019-20,3,new_team,team_change,-0.35033851055356435,0.305057745917961,-0.7,2511,2,-0.7073717948717948,0.047364672364672365,-0.7547364672364673,2808,2,1404,-0.35703328431823045,-0.25769307355328863,-0.0547364672364673,complete
tristan_thompson_2019_CLE,Tristan Thompson,2019-20,3,re_signed_standard,roster_continuity,-1.6333920704845815,0.2666079295154184,-1.9,2270,2,-2.1971062740076825,-0.9500384122919334,-1.2470678617157491,3905,3,1301.6666666666667,-0.5637142035231011,-1.2166463418073519,0.6529321382842508,complete
troy_brown_2019_WAS,Troy Brown Jr.,2019-20,3,re_signed_standard,roster_continuity,-2.7,-1.7,-1,730,1,-1.8248735495388275,-1.4722701576911634,-0.3684022612317763,3361,3,1120.3333333333333,0.8751264504611727,0.22772984230883653,0.6315977387682237,complete
troy_daniels_2019_DEN,Troy Daniels,2019-20,3,new_team,team_change,-2.9509655751469355,-0.8828715365239295,-2.068094038623006,2382,2,-2.9,-1.7,-1.2,532,1,532,0.05096557514693556,-0.8171284634760705,0.868094038623006,complete
tyler_johnson_2019_BKN,Tyler Johnson,2019-20,3,new_team,team_change,-0.34269757051103045,-0.5853951410220609,0.24269757051103044,3581,2,-3.14551328068916,-2.196410624551328,-0.949102656137832,1393,2,696.5,-2.8028157101781295,-1.6110154835292674,-1.1918002266488623,complete
tyrone_wallace_2019_ATL,Tyrone Wallace,2019-20,3,new_team,team_change,-4.731372549019608,-4.161528059499662,-0.5698444895199459,1479,2,NA,NA,NA,NA,NA,NA,NA,NA,NA,missing_data
tyson_chandler_2019_HOU,Tyson Chandler,2019-20,3,new_team,team_change,-1.7023198420533068,-1.706959526159921,0.0046396841066140065,2026,2,NA,NA,NA,NA,NA,NA,NA,NA,NA,missing_data
tyus_jones_2019_MEM,Tyus Jones,2019-20,3,new_team,team_change,0.07849355797819628,-0.851536174430129,0.9784935579781963,3027,2,1.0867099675243566,0.5569323007744192,0.5297776667499375,4003,3,1334.3333333333333,1.0082164095461603,1.4084684752045482,-0.4487158912282587,complete
udonis_haslem_2019_MIA,Udonis Haslem,2019-20,3,re_signed_standard,roster_continuity,NA,NA,NA,NA,NA,NA,NA,NA,NA,NA,NA,NA,NA,NA,missing_data
vince_carter_2019_ATL,Vince Carter,2019-20,3,re_signed_standard,roster_continuity,-0.9177419354838708,-1.0532258064516127,0.1354838709677419,2356,2,-4.3,-3.1,-1.2,876,1,876,-3.382258064516129,-2.046774193548387,-1.335483870967742,complete
wayne_ellington_2019_NYK,Wayne Ellington,2019-20,3,new_team,team_change,0.24457759137207913,0.49487717195925707,-0.25029958058717794,3338,2,-1.2414285714285713,-0.21596638655462186,-0.9914285714285715,2380,3,793.3333333333334,-1.4860061628006505,-0.7108435585138789,-0.7411289908413936,complete
wendell_carter_2019_CHI,Wendell Carter Jr.,2019-20,3,re_signed_standard,roster_continuity,-1.6,-2.2,0.6,1110,1,-0.4101494534909658,-0.5126254740129379,0.1024760205219719,4483,3,1494.3333333333333,1.1898505465090343,1.6873745259870623,-0.49752397947802807,complete
wes_iwundu_2019_ORL,Wes Iwundu,2019-20,3,re_signed_standard,roster_continuity,-3.6980026631158456,-3.981091877496671,0.28308921438082557,2253,2,-3.9366621983914207,-3.92828418230563,-0.10837801608579088,1492,2,746,-0.23865953527557515,0.052807695191041226,-0.39146723046661647,complete
wesley_matthews_2019_MIL,Wesley Matthews,2019-20,3,new_team,team_change,-1.345736617716722,-1.198105163429654,-0.19715774514448128,4222,2,-2.168993894345633,-2.8563843907618796,0.6439872577647996,3767,3,1255.6666666666667,-0.823257276628911,-1.6582792273322255,0.8411450029092808,complete
will_barton_2019_DEN,Will Barton,2019-20,3,re_signed_standard,roster_continuity,0.20947830578512394,0.7708935950413224,-0.5228305785123967,3872,2,-0.39286557598245897,0.24860853432282004,-0.6445100354191263,5929,3,1976.3333333333333,-0.6023438817675829,-0.5222850607185023,-0.12167945690672965,complete
willie_cauley-stein_2019_DAL,Willie Cauley-Stein,2019-20,3,new_team,team_change,0.575804557199906,-0.08809020436927413,0.7158797275076345,4257,2,-0.31417873190214674,-1.652321517723415,1.338142785821268,2003,2,1001.5,-0.8899832891020527,-1.5642313133541408,0.6222630583136335,complete
willy_hernangomez_2019_CHA,Willy Hernangomez,2019-20,3,re_signed_standard,roster_continuity,-0.1,1.1,-1.1,812,1,0.0995845697329377,1.3983382789317507,-1.2489614243323441,1685,2,842.5,0.1995845697329377,0.2983382789317506,-0.14896142433234405,complete
wilson_chandler_2019_BKN,Wilson Chandler,2019-20,3,new_team,team_change,-2.3338631847856943,-1.4343173431734317,-0.8995458416122624,3523,2,-2.7,-3.7,1,734,1,734,-0.36613681521430586,-2.265682656826568,1.8995458416122624,complete
yogi_ferrell_2019_SAC,Yogi Ferrell,2019-20,3,re_signed_standard,roster_continuity,-1.4,-1.2044192296207823,-0.12744102717229025,3349,2,-1.8,-1.5,-0.3,530,1,530,-0.40000000000000013,-0.2955807703792177,-0.17255897282770974,complete
zach_collins_2019_POR,Zach Collins,2019-20,3,re_signed_standard,roster_continuity,-2.5492294877134527,-2.8057059558517286,0.2564764681382757,2401,2,-0.2,-1.2,1,502,1,502,2.3492294877134525,1.6057059558517286,0.7435235318617244,complete
zach_lavine_2019_CHI,Zach LaVine,2019-20,3,re_signed_standard,roster_continuity,0.08065086664308463,1.6574460558896356,-1.5767951892465513,2827,2,2.9371335504885994,4.021451838064216,-1.0527687296416939,6447,3,2149,2.8564826838455146,2.364005782174581,0.5240264596048574,complete
aaron_gordon_2020_DEN,Aaron Gordon,2020-21,3,new_team,team_change,0.33974193548387094,0.12649462365591396,0.213247311827957,4650,2,0.5207738607050731,1.1000515907136716,-0.5792777300085985,5815,3,1938.3333333333333,0.1810319252212022,0.9735569670577577,-0.7925250418365555,complete
aaron_holiday_2020_IND,Aaron Holiday,2020-21,3,re_signed_standard,roster_continuity,-1.6,-1.6285461776403007,0.02854617764030049,2263,2,-2.749802761341223,-2.7190006574621957,0.0027613412228796584,3042,3,1014,-1.1498027613412227,-1.090454479821895,-0.02578483641742083,complete
abdel_nader_2020_PHX,Abdel Nader,2020-21,3,new_team,team_change,-1.9780909673286355,-2.2670083279948754,0.24445868033311982,1561,2,NA,NA,NA,NA,NA,NA,NA,NA,NA,missing_data
al_horford_2020_OKC,Al Horford,2020-21,3,new_team,team_change,3.6311405702851425,2.2869934967483743,1.4441470735367683,3998,2,3.742386918666383,1.581269908685496,2.1611170099808876,4709,3,1569.6666666666667,0.1112463483812407,-0.7057235880628783,0.7169699364441193,complete
alec_burks_2020_NYK,Alec Burks,2020-21,3,new_team,team_change,-0.24704378395653565,0.409012464046021,-0.7,3129,2,1.0827050053248137,0.473248136315229,0.6333546325878594,4695,3,1565,1.3297487892813493,0.06423567226920801,1.3333546325878594,complete
alex_caruso_2020_LAL,Alex Caruso,2020-21,3,re_signed_standard,roster_continuity,-0.19999999999999998,-2.101992966002345,1.8708675263774912,1706,2,0.4981970543423058,-2.2926358557643476,2.7617064499746067,3938,3,1312.6666666666667,0.6981970543423058,-0.19064288976200272,0.8908389235971155,complete
alex_len_2020_WAS,Alex Len,2020-21,3,new_team,team_change,-1.0070803500397774,-0.19291964996022276,-0.9141607000795544,2514,2,-1.1856785490931834,-1.9754846779237025,0.7285803627267042,1599,2,799.5,-0.17859819905340601,-1.7825650279634797,1.6427410628062586,complete
alfonzo_mckinnie_2020_LAL,Alfonzo McKinnie,2020-21,3,new_team,team_change,-4.1687969924812025,-3.0174185463659153,-1.1513784461152883,1596,2,NA,NA,NA,NA,NA,NA,NA,NA,NA,missing_data
alize_johnson_2020_BKN,Alize Johnson,2020-21,3,new_team,team_change,NA,NA,NA,NA,NA,NA,NA,NA,NA,NA,NA,NA,NA,NA,missing_data
andre_drummond_2020_LAL,Andre Drummond,2020-21,3,new_team,team_change,1.6018117543084402,0.7187803800265135,0.92454706142289,4526,2,-0.08545918367346933,-0.9279761904761905,0.8665816326530613,3528,3,1176,-1.6872709379819095,-1.646756570502704,-0.057965428769828686,complete
andrew_wiggins_2020_GSW,Andrew Wiggins,2020-21,3,re_signed_standard,roster_continuity,-1.860122699386503,-0.22899341058850256,-1.6311292887980005,4401,2,-0.10343303874915025,0.09857239972807613,-0.20200543847722635,5884,3,1961.3333333333333,1.7566896606373528,0.3275658103165787,1.4291238503207742,complete
anfernee_simons_2020_POR,Anfernee Simons,2020-21,3,re_signed_standard,roster_continuity,-4.5,-2.6,-1.9,1449,1,-0.9420500403551252,1.3475786924939466,-2.3673527037933817,4956,3,1652,3.557949959644875,3.9475786924939467,-0.4673527037933818,complete
anthony_davis_2020_LAL,Anthony Davis,2020-21,3,re_signed_standard,roster_continuity,8.650590303943734,6.1900025119316755,2.4605877920120576,3981,2,5.1248322147651,3.451901565995526,1.672930648769575,4470,3,1490,-3.525758089178633,-2.7381009459361496,-0.7876571432424826,complete
anthony_tolliver_2020_PHI,Anthony Tolliver,2020-21,3,new_team,team_change,-2.7575602255253715,-2.1469502819067143,-0.6106099436186571,1951,2,NA,NA,NA,NA,NA,NA,NA,NA,NA,missing_data
anzejs_pasecniks_2020_WAS,Anzejs Pasecniks,2020-21,3,re_signed_standard,roster_continuity,NA,NA,NA,NA,NA,NA,NA,NA,NA,NA,NA,NA,NA,NA,missing_data
aron_baynes_2020_TOR,Aron Baynes,2020-21,3,new_team,team_change,-1.2339031339031339,-0.9484900284900284,-0.28541310541310544,1755,2,-4.5,-3.4,-1.1,980,1,980,-3.2660968660968663,-2.4515099715099717,-0.8145868945868946,complete
austin_rivers_2020_DEN,Austin Rivers,2020-21,3,new_team,team_change,-3.507840971838763,-2.771893981225842,-0.735946990612921,3622,2,-3.0153546842262795,-3.110386111942532,0.09503142771625261,3341,3,1113.6666666666667,0.4924862876124836,-0.33849213071668993,0.8309784183291736,complete
avery_bradley_2020_HOU,Avery Bradley,2020-21,3,new_team,team_change,-3.2395664833387254,-2.8767389194435458,-0.36282756389517956,3091,2,-4.139641434262949,-3.9197211155378486,-0.21992031872509962,2008,2,1004,-0.9000749509242238,-1.0429821960943029,0.14290724517007994,complete
bam_adebayo_2020_MIA,Bam Adebayo,2020-21,3,re_signed_standard,roster_continuity,2.6931177829099306,0.6047575057736719,2.0883602771362586,4330,2,3.248964361864149,1.7355467560158393,1.5529850746268656,6566,3,2188.6666666666665,0.5558465789542182,1.1307892502421675,-0.535375202509393,complete
ben_mclemore_2020_LAL,Ben McLemore,2020-21,3,new_team,team_change,-0.5,0.1,-0.6,1619,1,-3.489269406392694,-1.5264840182648403,-1.9627853881278539,2190,2,1095,-2.989269406392694,-1.6264840182648403,-1.362785388127854,complete
ben_simmons_2020_PHI,Ben Simmons,2020-21,3,re_signed_standard,roster_continuity,3.6,1.8151579393682427,1.7276022895908416,4717,2,1.9736083165660632,-0.3746143527833669,2.34822266934943,2982,2,1491,-1.626391683433937,-2.1897722921516096,0.6206203797585883,complete
bismack_biyombo_2020_CHA,Bismack Biyombo,2020-21,3,re_signed_standard,roster_continuity,-2.5,-2.0592715231788077,-0.3975165562913907,1812,2,-2.0122389153536093,-3.0847929644558443,1.0725540491022352,2729,3,909.6666666666666,0.4877610846463907,-1.0255214412770366,1.4700706053936259,complete
boban_marjanovic_2020_DAL,Boban Marjanovic,2020-21,3,re_signed_standard,roster_continuity,3.2000000000000006,2.8,0.3,681,1,NA,NA,NA,NA,NA,NA,NA,NA,NA,missing_data
bobby_portis_2020_MIL,Bobby Portis,2020-21,3,new_team,team_change,-1.727303120356612,-0.09650817236255572,-1.6790490341753344,2692,2,0.7160214641625143,1.3577615944806438,-0.7028746646224607,5218,3,1739.3333333333333,2.4433245845191265,1.4542697668431996,0.9761743695528736,complete
bogdan_bogdanovic_2020_ATL,Bogdan Bogdanovic,2020-21,3,new_team,team_change,-0.029248586049017006,0.5183140317802316,-0.5524373821707513,3713,2,1.6851319459343488,1.874554816562969,-0.2217764428234284,4661,3,1553.6666666666667,1.7143805319833658,1.3562407847827376,0.33066093934732294,complete
bojan_bogdanovic_2020_UTA,Bojan Bogdanovic,2020-21,3,re_signed_standard,roster_continuity,0.4315721649484536,1.4342139175257733,-1.0026417525773197,4656,2,0.10064102564102564,1.4061858974358974,-1.3410576923076925,6240,3,2080,-0.3309311393074279,-0.028028020089875927,-0.33841593973037276,complete
brad_wanamaker_2020_CHA,Brad Wanamaker,2020-21,3,new_team,team_change,-0.6,-1.9,1.3,1369,1,-4,-4.4,0.3,1053,1,1053,-3.4,-2.5000000000000004,-1,complete
bradley_beal_2020_WAS,Bradley Beal,2020-21,3,re_signed_standard,roster_continuity,2.8999999999999995,4.406081480023618,-1.446486912025192,5081,2,2.1795778665145464,3.4294162388286744,-1.2816505038980794,5259,3,1753,-0.720422133485453,-0.9766652411949432,0.16483640812711253,complete
brandon_clarke_2020_MEM,Brandon Clarke,2020-21,3,re_signed_standard,roster_continuity,3.1,2.4,0.7,1300,1,2.6874700079978675,1.4131165022660626,1.3411356971474275,3751,3,1250.3333333333333,-0.4125299920021326,-0.9868834977339374,0.6411356971474276,complete
brandon_goodwin_2020_ATL,Brandon Goodwin,2020-21,3,re_signed_standard,roster_continuity,NA,NA,NA,NA,NA,-2.4288770053475934,-2.544741532976827,0.16060606060606064,1122,2,561,NA,NA,NA,missing_data
brandon_ingram_2020_NOP,Brandon Ingram,2020-21,3,re_signed_standard,roster_continuity,0.232505175983437,0.7691511387163561,-0.5366459627329192,3864,2,1.9922181818181819,2.754527272727273,-0.7343454545454545,5500,3,1833.3333333333333,1.7597130058347448,1.985376134010917,-0.19769949181253532,complete
brook_lopez_2020_MIL,Brook Lopez,2020-21,3,re_signed_standard,roster_continuity,2.1122010147378596,0.048804058951437544,2.1072964484174923,4139,2,1.1656842105263159,0.4440701754385965,0.7216140350877194,4275,2,2137.5,-0.9465168042115437,0.395266116487159,-1.385682413329773,complete
bruce_brown_2020_BKN,Bruce Brown,2020-21,3,new_team,team_change,-2.1869931884528055,-3.1279922153746353,0.8939993512812195,3083,2,-0.007865576748410543,-0.6899182561307902,0.6556948228882834,5505,3,1835,2.179127611704395,2.4380739592438454,-0.23830452839293614,complete
bruno_caboclo_2020_HOU,Bruno Caboclo,2020-21,3,re_signed_standard,roster_continuity,-1.1,-1.1,0.1,800,1,NA,NA,NA,NA,NA,NA,NA,NA,NA,missing_data
bruno_fernando_2020_ATL,Bruno Fernando,2020-21,3,re_signed_standard,roster_continuity,-4.1,-3.1999999999999997,-0.9,713,1,NA,NA,NA,NA,NA,NA,NA,NA,NA,missing_data
bryn_forbes_2020_MIL,Bryn Forbes,2020-21,3,new_team,team_change,-1.8116993801652892,-0.42233987603305784,-1.3893595041322315,3872,2,-2.0793939393939396,-0.1358333333333333,-1.943560606060606,2640,2,1320,-0.2676945592286504,0.28650654269972453,-0.5542011019283746,complete
buddy_hield_2020_SAC,Buddy Hield,2020-21,3,re_signed_standard,roster_continuity,1.6412957979714347,3.0412957979714346,-1.4,4831,2,0.0346911248988401,1.3336255732398166,-1.2989344483409766,7414,3,2471.3333333333335,-1.6066046730725945,-1.707670224731618,0.10106555165902331,complete
cam_reddish_2020_ATL,Cam Reddish,2020-21,3,re_signed_standard,roster_continuity,-4.2,-3.2999999999999994,-1,1551,1,-2.5732558139534887,-2.2023982558139537,-0.37085755813953486,2752,3,917.3333333333334,1.6267441860465115,1.0976017441860457,0.6291424418604652,complete
cameron_johnson_2020_PHX,Cameron Johnson,2020-21,3,re_signed_standard,roster_continuity,0.3,0.8,-0.4,1255,1,1.718048557031608,1.3417315620705452,0.37631699496106275,4366,3,1455.3333333333333,1.418048557031608,0.5417315620705452,0.7763169949610628,complete
caris_levert_2020_IND,Caris LeVert,2020-21,3,new_team,team_change,-0.0778938570831592,0.2002089427496866,-0.2781027998328458,2393,2,-0.36159156976744183,-0.16344476744186046,-0.19814680232558135,5504,3,1834.6666666666667,-0.2836977126842826,-0.363653710191547,0.07995599750726445,complete
carmelo_anthony_2020_POR,Carmelo Anthony,2020-21,3,re_signed_standard,roster_continuity,-3.6,-1.8,-1.8,1902,1,-0.7911283376399656,0.30295722078667814,-1.0426069480333047,3483,2,1741.5,2.8088716623600343,2.1029572207866782,0.7573930519666954,complete
carsen_edwards_2020_BOS,Carsen Edwards,2020-21,3,re_signed_standard,roster_continuity,NA,NA,NA,NA,NA,NA,NA,NA,NA,NA,NA,NA,NA,NA,missing_data
cedi_osman_2020_CLE,Cedi Osman,2020-21,3,re_signed_standard,roster_continuity,-2.936793752870923,-1.5316031235645384,-1.405190629306385,4354,2,-1.244070796460177,-1.1393805309734513,-0.07044247787610619,4520,3,1506.6666666666667,1.6927229564107462,0.39222259259108716,1.3347481514302788,complete
chimezie_metu_2020_SAC,Chimezie Metu,2020-21,3,new_team,team_change,NA,NA,NA,NA,NA,-1.009857723577236,-1.1448678861788617,0.13501016260162604,1968,2,984,NA,NA,NA,missing_data
chris_boucher_2020_TOR,Chris Boucher,2020-21,3,re_signed_standard,roster_continuity,2,1,1,819,1,1.0312044577796826,1.2503643377625377,-0.21915987998285472,4666,3,1555.3333333333333,-0.9687955422203174,0.25036433776253775,-1.2191598799828547,complete
chris_chiozza_2020_BKN,Chris Chiozza,2020-21,3,re_signed_standard,roster_continuity,NA,NA,NA,NA,NA,NA,NA,NA,NA,NA,NA,NA,NA,NA,missing_data
chris_clemons_2020_HOU,Chris Clemons,2020-21,3,re_signed_standard,roster_continuity,NA,NA,NA,NA,NA,NA,NA,NA,NA,NA,NA,NA,NA,NA,missing_data
chris_paul_2020_PHX,Chris Paul,2020-21,3,new_team,team_change,4.171586715867159,2.8629520295202955,1.2629520295202952,4065,2,4.450104384133612,2.907563834912478,1.5425405492211337,6227,3,2075.6666666666665,0.27851766826645274,0.04461180539218246,0.27958851970083853,complete
chris_silva_2020_SAC,Chris Silva,2020-21,3,new_team,team_change,NA,NA,NA,NA,NA,NA,NA,NA,NA,NA,NA,NA,NA,NA,missing_data
christian_wood_2020_HOU,Christian Wood,2020-21,3,new_team,team_change,3.1,3.5,-0.3,1325,1,1.5822799534703373,1.9297789841023651,-0.3405971306708026,5158,3,1719.3333333333333,-1.5177200465296627,-1.5702210158976349,-0.04059713067080262,complete
cj_mccollum_2020_POR,CJ McCollum,2020-21,3,re_signed_standard,roster_continuity,0.7408233624011357,2.2036706550395455,-1.414682620158183,4931,2,1.9447450735064125,2.946121363778542,-1.0013762902721302,6394,3,2131.3333333333335,1.2039217111052767,0.7424507087389967,0.41330632988605287,complete
clint_capela_2020_ATL,Clint Capela,2020-21,3,new_team,team_change,2.419954648526077,2.4661848072562362,-0.046230158730158705,3528,2,2.2953439153439152,2.361869488536155,-0.06652557319223987,5670,3,1890,-0.12461073318216176,-0.10431531872008115,-0.020295414462081163,complete
coby_white_2020_CHI,Coby White,2020-21,3,re_signed_standard,roster_continuity,-2.8999999999999995,-1.3000000000000003,-1.6,1674,1,-1.8118863513756518,-0.8968171192231613,-0.9150692321524905,5561,3,1853.6666666666667,1.0881136486243477,0.40318288077683895,0.6849307678475096,complete
cody_martin_2020_CHA,Cody Martin,2020-21,3,re_signed_standard,roster_continuity,-2.1,-3.1,1,903,1,-0.969060773480663,-1.669060773480663,0.7,2715,2,1357.5,1.1309392265193372,1.430939226519337,-0.30000000000000004,complete
cody_zeller_2020_CHA,Cody Zeller,2020-21,3,re_signed_standard,roster_continuity,-0.2632739938080495,-0.18482972136222908,-0.07844427244582045,2584,2,-0.5,-0.2,-0.2,1005,1,1005,-0.2367260061919505,-0.015170278637770929,-0.12155572755417957,complete
collin_sexton_2020_CLE,Collin Sexton,2020-21,3,re_signed_standard,roster_continuity,-3.39109098567818,-0.6327085088458297,-2.75838247683235,4748,2,-0.5863496932515337,1.2029141104294478,-1.7595092024539878,3260,2,1630,2.8047412924266464,1.8356226192752776,0.9988732743783624,complete
cory_joseph_2020_DET,Cory Joseph,2020-21,3,new_team,team_change,-1.1363683935112505,-2.1,0.9636316064887493,3822,2,-1.8261876901474374,-1.559021764568219,-0.2671659255792183,4273,3,1424.3333333333333,-0.6898192966361869,0.5409782354317811,-1.2307975320679676,complete
damian_jones_2020_SAC,Damian Jones,2020-21,3,new_team,team_change,-1.5,-1.6,0.1,887,1,-0.29456521739130437,-0.8994884910485935,0.604923273657289,1564,2,782,1.2054347826086955,0.7005115089514066,0.5049232736572891,complete
damian_lillard_2020_POR,Damian Lillard,2020-21,3,re_signed_standard,roster_continuity,6.912311746987951,7.391754518072289,-0.5794427710843374,5312,2,5.65364143139723,7.13848228735839,-1.527962596655278,5561,3,1853.6666666666667,-1.258670315590721,-0.2532722307138986,-0.9485198255709405,complete
damion_lee_2020_GSW,Damion Lee,2020-21,3,re_signed_standard,roster_continuity,-2.3,-1.5,-0.8,1423,1,-1.2643582400416558,-1.4911481385055976,0.2267898984639417,3841,3,1280.3333333333333,1.035641759958344,0.008851861494402424,1.0267898984639419,complete
damyean_dotson_2020_CLE,Damyean Dotson,2020-21,3,new_team,team_change,-2.2467605633802816,-1.4645070422535211,-0.7116901408450704,2840,2,-4.8,-3.4,-1.4,907,1,907,-2.553239436619718,-1.9354929577464788,-0.6883098591549295,complete
dangelo_russell_2020_MIN,D'Angelo Russell,2020-21,3,re_signed_standard,roster_continuity,2.841538461538461,3.925538461538461,-1.0839999999999999,3900,2,1.2607495069033532,2.39458490227721,-1.2123901739286356,5577,3,1859,-1.580788954635108,-1.5309535592612513,-0.12839017392863572,complete
daniel_gafford_2020_WAS,Daniel Gafford,2020-21,3,new_team,team_change,-1.3,-2.8,1.5,609,1,1.4729356603282107,0.7045063818702787,0.7684292784579317,3839,3,1279.6666666666667,2.7729356603282107,3.5045063818702786,-0.7315707215420683,complete
daniel_theis_2020_CHI,Daniel Theis,2020-21,3,new_team,team_change,1.5191592562651575,0.08617623282134189,1.4696847210994342,2474,2,-0.7958494957331266,-1.1547711404189294,0.3589216446858029,2578,2,1289,-2.315008751998284,-1.2409473732402712,-1.1107630764136314,complete
danilo_gallinari_2020_ATL,Danilo Gallinari,2020-21,3,new_team,team_change,3.828898022090932,4.523118417672746,-0.6884407911636271,3893,2,0.34892881824464406,1.2955770559778854,-0.9466482377332411,2894,2,1447,-3.479969203846288,-3.227541361694861,-0.25820744656961403,complete
danny_green_2020_PHI,Danny Green,2020-21,3,new_team,team_change,1.351652574942352,0.14909044324878307,1.1025621316935692,3903,2,0.9121083054456951,-0.3409187709157286,1.211864922421661,3287,2,1643.5,-0.4395442694966569,-0.49000921416451165,0.1093027907280919,complete
dante_exum_2020_HOU,Dante Exum,2020-21,3,new_team,team_change,-2.1,-2,-0.1,664,1,NA,NA,NA,NA,NA,NA,NA,NA,NA,missing_data
danuel_house_2020_HOU,Danuel House Jr.,2020-21,3,re_signed_standard,roster_continuity,-0.6322959889349931,-0.4953319502074689,-0.1692600276625173,2892,2,-2.6288321167883213,-2.2596107055961068,-0.36922141119221413,2466,3,822,-1.9965361278533282,-1.7642787553886379,-0.19996138352969683,complete
dario_saric_2020_PHX,Dario Saric,2020-21,3,re_signed_standard,roster_continuity,-1.064186046511628,-0.21069767441860465,-0.8534883720930233,3655,2,-1.711627906976744,-1.4480620155038757,-0.26356589147286824,1677,2,838.5,-0.647441860465116,-1.237364341085271,0.5899224806201551,complete
darius_bazley_2020_OKC,Darius Bazley,2020-21,3,re_signed_standard,roster_continuity,-1.6,-2.1,0.5,1130,1,-2.7317348377997184,-2.4884344146685473,-0.24330042313117076,4254,3,1418,-1.1317348377997183,-0.3884344146685472,-0.7433004231311707,complete
darius_garland_2020_CLE,Darius Garland,2020-21,3,re_signed_standard,roster_continuity,-5.5,-2.7,-2.8,1824,1,1.264706764661767,2.4137393130343483,-1.1123293835308234,6667,3,2222.3333333333335,6.764706764661767,5.1137393130343485,1.6876706164691764,complete
davis_bertans_2020_WAS,Davis Bertans,2020-21,3,re_signed_standard,roster_continuity,1.1030482115085538,1.8878071539657855,-0.7847589424572318,3215,2,-1.4396301188903569,-0.41070013210039624,-1.0289299867899604,2271,2,1135.5,-2.5426783303989104,-2.2985072860661817,-0.24417104433272863,complete
deaaron_fox_2020_SAC,De'Aaron Fox,2020-21,3,re_signed_standard,roster_continuity,1.6172727272727274,1.690909090909091,-0.07363636363636362,4180,2,1.2970099160945843,2.4166285278413424,-1.1196186117467584,6555,3,2185,-0.32026281117814315,0.7257194369322515,-1.0459822481103946,complete
deandre_ayton_2020_PHX,Deandre Ayton,2020-21,3,re_signed_standard,roster_continuity,0.27230184264404794,1.1192453933898803,-0.8469435507458322,3419,2,1.563346409687873,1.351969981238274,0.21137642844959917,5863,3,1954.3333333333333,1.291044567043825,0.23272458784839367,1.0583199791954314,complete
deandre_bembry_2020_TOR,DeAndre' Bembry,2020-21,3,new_team,team_change,-2.4321503865073786,-3.364300773014757,0.8964511595221364,2846,2,-1.2837837837837838,-2.6864864864864866,1.4513513513513514,1998,2,999,1.1483666027235948,0.6778142865282706,0.554900191829215,complete
deandre_hunter_2020_ATL,De'Andre Hunter,2020-21,3,re_signed_standard,roster_continuity,-4.7,-2.9,-1.8,2018,1,-2.8195617438940883,-1.693083770828578,-1.1264779730655101,4381,3,1460.3333333333333,1.8804382561059119,1.206916229171422,0.6735220269344899,complete
deandre_jordan_2020_BKN,DeAndre Jordan,2020-21,3,re_signed_standard,roster_continuity,2.43849436147516,0.9504419384334045,1.4880524230417556,3281,2,-0.27693561532192335,-0.902526487367563,0.7002444987775062,2454,3,818,-2.7154299767970835,-1.8529684258009675,-0.7878079242642494,complete
deanthony_melton_2020_MEM,De'Anthony Melton,2020-21,3,re_signed_standard,roster_continuity,-1.3436541143654115,-2.9319386331938633,1.588284518828452,2151,2,1.5430338004946413,-0.07850370981038747,1.621537510305029,4852,3,1617.3333333333333,2.886687914860053,2.853434923383476,0.0332529914765769,complete
dejounte_murray_2020_SAS,Dejounte Murray,2020-21,3,re_signed_standard,roster_continuity,0.4,-0.9,1.3,1687,1,2.3868574604056687,1.568310641844957,0.8559599888858016,7198,3,2399.3333333333335,1.9868574604056688,2.468310641844957,-0.44404001111419844,complete
delon_wright_2020_SAC,Delon Wright,2020-21,3,new_team,team_change,1.6921076781890487,0.051973080452737845,1.6401345977363109,3269,2,2.5314182311694187,0.28201764306717936,2.237480208097715,4421,3,1473.6666666666667,0.8393105529803699,0.2300445626144415,0.5973456103614043,complete
demar_derozan_2020_SAS,DeMar DeRozan,2020-21,3,re_signed_standard,roster_continuity,1.4702637889688248,1.6016786570743404,-0.13141486810551561,5004,2,2.4856436305306775,2.735570110947734,-0.2499264804170566,7481,3,2493.6666666666665,1.0153798415618527,1.1338914538733937,-0.11851161231154098,complete
dennis_schroder_2020_LAL,Dennis Schroder,2020-21,3,new_team,team_change,-1.1193832599118942,-0.18764201252028753,-0.8853929979132854,4313,2,-1.9728845821076308,-1.7415988925419623,-0.23128568956566878,5779,3,1926.3333333333333,-0.8535013221957366,-1.5539568800216748,0.6541073083476167,complete
dennis_smith_2020_DET,Dennis Smith Jr.,2020-21,3,new_team,team_change,-3.002885085574572,-2.545330073349634,-0.5312958435207824,2045,2,-2.0427021696252465,-3.279783037475345,1.2,2028,2,1014,0.9601829159493254,-0.7344529641257114,1.7312958435207824,complete
denzel_valentine_2020_CHI,Denzel Valentine,2020-21,3,re_signed_standard,roster_continuity,NA,NA,NA,NA,NA,-2.7,-2.2,-0.4,1036,1,1036,NA,NA,NA,missing_data
derrick_favors_2020_UTA,Derrick Favors,2020-21,3,new_team,team_change,2.3498836822864737,1.3455965437022266,1.0042871385842473,3009,2,0.7861111111111112,-0.7034278959810873,1.5895390070921986,1692,2,846,-1.5637725711753625,-2.049024439683314,0.5852518685079513,complete
derrick_jones_2020_POR,Derrick Jones Jr.,2020-21,3,new_team,team_change,0.15268987341772147,-0.8473101265822784,1.0543908227848102,2528,2,-0.9683279742765273,-1.3714790996784563,0.37424437299035374,3110,3,1036.6666666666667,-1.1210178476942487,-0.5241689730961778,-0.6801464497944565,complete
derrick_rose_2020_NYK,Derrick Rose,2020-21,3,new_team,team_change,1.786022304832714,3.5377695167286247,-1.7,2690,2,2.0328459530026106,1.832480417754569,0.20036553524804177,1915,2,957.5,0.24682364816989666,-1.7052890989740557,1.9003655352480417,complete
derrick_white_2020_SAS,Derrick White,2020-21,3,re_signed_standard,roster_continuity,1.0970044052863437,0.3880176211453744,0.7089867841409692,3405,2,1.599408814045145,0.8623611608742386,0.7764421354353279,5582,3,1860.6666666666667,0.5024044087588013,0.4743435397288642,0.06745535129435876,complete
devin_booker_2020_PHX,Devin Booker,2020-21,3,re_signed_standard,roster_continuity,1.6340765671013884,3.3528397139251154,-1.7716028607488428,4754,2,2.7910852713178294,3.296434108527132,-0.5053488372093023,6450,3,2150,1.157008704216441,-0.05640560539798356,1.2662540235395405,complete
devonte_graham_2020_CHA,Devonte' Graham,2020-21,3,re_signed_standard,roster_continuity,-0.5536889504676135,1.305819189470038,-1.9126775199168689,2887,2,-0.21990695871292887,0.6885830587323125,-0.9084900174452414,5159,3,1719.6666666666667,0.3337819917546846,-0.6172361307377254,1.0041875024716274,complete
dewayne_dedmon_2020_MIA,Dewayne Dedmon,2020-21,3,new_team,team_change,-1.5462442299622323,-2.086403692824171,0.5401594628619387,2383,2,-1,-2.2,1.1,1065,1,1065,0.5462442299622323,-0.11359630717582903,0.5598405371380614,complete
dillon_brooks_2020_MEM,Dillon Brooks,2020-21,3,re_signed_standard,roster_continuity,-4.1,-2.7,-1.4,2112,1,-3.4569270015698588,-2.669701726844584,-0.7872252747252748,5096,3,1698.6666666666667,0.6430729984301409,0.030298273155416222,0.6127747252747251,complete
dj_augustin_2020_HOU,D.J. Augustin,2020-21,3,new_team,team_change,-0.3083491461100569,0.5611005692599621,-0.9309568988885878,3689,2,-2.7583001988071576,-0.8633200795228628,-1.894980119284294,2012,2,1006,-2.4499510526971005,-1.4244206487828248,-0.9640232203957063,complete
dj_wilson_2020_HOU,D.J. Wilson,2020-21,3,new_team,team_change,-2.2,-2.4,0.2,882,1,NA,NA,NA,NA,NA,NA,NA,NA,NA,missing_data
domantas_sabonis_2020_IND,Domantas Sabonis,2020-21,3,re_signed_standard,roster_continuity,3.1540155116337254,1.9540155116337252,1.2459844883662747,3997,2,4.660594115162607,3.2639870477263124,1.466535266788681,7103,3,2367.6666666666665,1.5065786035288817,1.3099715360925872,0.22055077842240634,complete
donovan_mitchell_2020_UTA,Donovan Mitchell,2020-21,3,re_signed_standard,roster_continuity,1.5858524788391777,1.7717049576783552,-0.23349455864570737,4962,2,5.051893646622353,4.975946823311176,0.06572886072035863,6469,3,2156.3333333333335,3.466041167783175,3.204241865632821,0.299223419366066,complete
donte_divincenzo_2020_MIL,Donte DiVincenzo,2020-21,3,re_signed_standard,roster_continuity,1.3,-1.1,2.4,1520,1,-0.13262621977089517,-0.7021637675010607,0.5695375477301655,4714,3,1571.3333333333333,-1.4326262197708952,0.3978362324989394,-1.8304624522698343,complete
dorian_finney-smith_2020_DAL,Dorian Finney-Smith,2020-21,3,re_signed_standard,roster_continuity,-0.7802679658952497,-0.8187576126674787,0.03848964677222899,4105,2,-0.26022208700943106,-0.42085488287191963,0.18985397018557953,6574,3,2191.3333333333335,0.5200458788858187,0.3979027297955591,0.15136432341335054,complete
doug_mcdermott_2020_IND,Doug McDermott,2020-21,3,re_signed_standard,roster_continuity,-0.691740412979351,0.46120943952802357,-1.1023598820058997,2712,2,-1.9811597690086624,0.20635226179018284,-2.1875120307988447,4156,3,1385.3333333333333,-1.2894193560293115,-0.2548571777378407,-1.085152148792945,complete
draymond_green_2020_GSW,Draymond Green,2020-21,3,re_signed_standard,roster_continuity,0.805171889260724,-1.597414055369638,2.4025859446303617,3287,2,1.686840228245364,-1.634522111269615,3.321362339514978,5608,3,1869.3333333333333,0.88166833898464,-0.03710805589997701,0.9187763948846164,complete
duncan_robinson_2020_MIA,Duncan Robinson,2020-21,3,re_signed_standard,roster_continuity,0.5,1.5,-1,2166,1,-1.389671737389912,-0.6973178542834267,-0.6923538831064852,4996,3,1665.3333333333333,-1.889671737389912,-2.1973178542834266,0.30764611689351484,complete
dwayne_bacon_2020_ORL,Dwayne Bacon,2020-21,3,new_team,team_change,-5.172821576763485,-3.9053941908713696,-1.2674273858921163,1446,2,-5.1,-3.7,-1.4,1853,1,1853,0.07282157676348522,0.20539419087136945,-0.13257261410788357,complete
dwight_howard_2020_PHI,Dwight Howard,2020-21,3,new_team,team_change,0.19999999999999998,-1,1.2,1306,1,-0.9174896169820028,-1.2486386709736963,0.3311490539916936,2167,2,1083.5,-1.1174896169820028,-0.2486386709736963,-0.8688509460083064,complete
dwight_powell_2020_DAL,Dwight Powell,2020-21,3,re_signed_standard,roster_continuity,2.276569959603379,1.3765699596033787,0.8999999999999999,2723,2,0.1061582188536239,-0.4042160113690194,0.5103742302226434,4222,3,1407.3333333333333,-2.170411740749755,-1.780785970972398,-0.3896257697773565,complete
ed_davis_2020_MIN,Ed Davis,2020-21,3,new_team,team_change,0,-0.6,0.7,1446,1,NA,NA,NA,NA,NA,NA,NA,NA,NA,missing_data
edmond_sumner_2020_IND,Edmond Sumner,2020-21,3,re_signed_standard,roster_continuity,NA,NA,NA,NA,NA,-2.707827175954915,-2.346086412022542,-0.36174076393237325,1597,2,798.5,NA,NA,NA,missing_data
elfrid_payton_2020_NYK,Elfrid Payton,2020-21,3,re_signed_standard,roster_continuity,-0.7011217948717948,-0.5502403846153846,-0.15088141025641025,2496,2,-3.1350221347761926,-3.3590752582390553,0.2510575504181013,2033,2,1016.5,-2.433900339904398,-2.808834873623671,0.4019389606745115,complete
enes_freedom_2020_POR,Enes Freedom,2020-21,3,new_team,team_change,1.1873808616088448,2.237666793747617,-1.0502859321387725,2623,2,0.6,2.1,-1.4,1758,1,1758,-0.5873808616088448,-0.1376667937476168,-0.3497140678612274,complete
eric_bledsoe_2020_NOP,Eric Bledsoe,2020-21,3,new_team,team_change,2.5538540071465032,1.437876467585503,1.1159775395610003,3918,2,-1.5296082949308756,-1.552793778801843,-0.03761520737327193,3472,2,1736,-4.083462302077379,-2.990670246387346,-1.1535927469342722,complete
eric_paschall_2020_GSW,Eric Paschall,2020-21,3,re_signed_standard,roster_continuity,-2.7,-0.7,-2,1654,1,-1.5677374301675977,-0.6162709497206704,-0.9514664804469274,1432,2,716,1.1322625698324025,0.08372905027932953,1.0485335195530725,complete
ersan_ilyasova_2020_UTA,Ersan Ilyasova,2020-21,3,new_team,team_change,-1.099188092016238,-1.4660351826792966,0.4113216057735679,2217,2,NA,NA,NA,NA,NA,NA,NA,NA,NA,missing_data
etwaun_moore_2020_PHX,E'Twaun Moore,2020-21,3,new_team,team_change,-2.4643173580346356,-1.4875553765606122,-0.9767619814740234,2483,2,NA,NA,NA,NA,NA,NA,NA,NA,NA,missing_data
evan_fournier_2020_BOS,Evan Fournier,2020-21,3,new_team,team_change,-0.8751782242384964,-0.36487362281270275,-0.5103046014257938,4629,2,-0.07345866740392586,0.2613491844069671,-0.334807851810893,3617,2,1808.5,0.8017195568345706,0.6262228072196698,0.1754967496149008,complete
frank_jackson_2020_DET,Frank Jackson,2020-21,3,new_team,team_change,-4.964852492370295,-3.0621566632756867,-1.9026958290946083,1966,2,-2.8015772870662463,-1.1403785488958993,-1.661198738170347,1902,2,951,2.163275205304049,1.9217781143797874,0.2414970909242613,complete
frank_kaminsky_2020_PHX,Frank Kaminsky,2020-21,3,re_signed_standard,roster_continuity,-0.10574412532637076,0.6392297650130548,-0.7449738903394257,1532,2,1.3,0.4,0.8,715,1,715,1.4057441253263707,-0.23922976501305482,1.544973890339426,complete
frank_ntilikina_2020_NYK,Frank Ntilikina,2020-21,3,re_signed_standard,roster_continuity,-4.410521281683405,-4.291726446676232,-0.11879483500717362,2091,2,-4.155108359133127,-4.3503869969040245,0.14829721362229104,1292,2,646,0.2554129225502777,-0.05866055022779282,0.2670920486294647,complete
fred_vanvleet_2020_TOR,Fred VanVleet,2020-21,3,re_signed_standard,roster_continuity,1.6501084598698483,0.8704989154013015,0.7796095444685466,3688,2,2.8927204176334107,2.4477958236658934,0.4173868909512761,6896,3,2298.6666666666665,1.2426119577635624,1.577296908264592,-0.36222265351727045,complete
furkan_korkmaz_2020_PHI,Furkan Korkmaz,2020-21,3,re_signed_standard,roster_continuity,-1.451697944593387,-0.7640750670241286,-0.7572832886505808,2238,2,-1.8132471728594508,-1.2708400646203555,-0.5424071082390953,2476,2,1238,-0.3615492282660637,-0.5067649975962268,0.21487618041148548,complete
garrett_temple_2020_CHI,Garrett Temple,2020-21,3,new_team,team_change,-2.019893899204244,-2.4281167108753317,0.40822281167108754,3770,2,-2.790936785986291,-3.090936785986291,0.3,2626,2,1313,-0.7710428867820469,-0.6628200751109592,-0.10822281167108755,complete
gary_clark_2020_PHI,Gary Clark,2020-21,3,new_team,team_change,-1.2632450331125828,-1.0061258278145697,-0.210182119205298,1208,2,-4.9,-4.2,-0.7,654,1,654,-3.6367549668874175,-3.1938741721854305,-0.48981788079470195,complete
gary_harris_2020_ORL,Gary Harris,2020-21,3,new_team,team_change,-2.06855805791167,-2.03299210295408,-0.03556595495758995,3419,2,-2.3827741612418625,-2.038457686529795,-0.3172759138708062,3994,3,1331.3333333333333,-0.31421610333019245,-0.005465583575714916,-0.28170995891321626,complete
gary_trent_2020_TOR,Gary Trent Jr.,2020-21,3,new_team,team_change,-0.3,0.5,-0.8000000000000002,1332,1,-0.5074434673366833,-0.11341080402010051,-0.3657349246231156,6368,3,2122.6666666666665,-0.20744346733668334,-0.6134108040201005,0.4342650753768846,complete
george_hill_2020_PHI,George Hill,2020-21,3,new_team,team_change,0.7240963855421687,-0.17108433734939743,0.8951807228915664,2573,2,-1.4723450525552737,-1.9681768756795943,0.4958318231243204,2759,3,919.6666666666666,-2.1964414380974424,-1.797092538330197,-0.39934889976724597,complete
georges_niang_2020_UTA,Georges Niang,2020-21,3,re_signed_standard,roster_continuity,-0.06414176511466296,0.1848505906879778,-0.24899235580264073,1439,2,-1.3088141753748295,-0.5577464788732395,-0.7510676965015902,4402,3,1467.3333333333333,-1.2446724102601665,-0.7425970695612173,-0.5020753406989495,complete
giannis_antetokounmpo_2020_MIL,Giannis Antetokounmpo,2020-21,3,re_signed_supermax,supermax,10.893263157894737,6.793263157894737,4.1,4275,2,9.61477327351386,6.56468514661112,3.01477327351386,6241,3,2080.3333333333335,-1.2784898843808765,-0.22857801128361732,-1.0852267264861397,complete
glenn_robinson_2020_SAC,Glenn Robinson III,2020-21,3,new_team,team_change,-2.030968280467446,-1.085559265442404,-0.9199499165275459,2396,2,NA,NA,NA,NA,NA,NA,NA,NA,NA,missing_data
goga_bitadze_2020_IND,Goga Bitadze,2020-21,3,re_signed_standard,roster_continuity,NA,NA,NA,NA,NA,-0.8869767441860466,-0.9827906976744186,0.09581395348837211,1290,2,645,NA,NA,NA,missing_data
goran_dragic_2020_MIA,Goran Dragic,2020-21,3,re_signed_standard,roster_continuity,-0.47339864355689526,0.6905425772418989,-1.2266013564431049,2654,2,-2.9307204349796105,-1.4942002718622565,-1.4971001359311285,2207,2,1103.5,-2.4573217914227152,-2.1847428491041554,-0.2704987794880236,complete
gordon_hayward_2020_CHA,Gordon Hayward,2020-21,3,new_team,team_change,1.7175686927560365,1.4624479600333056,0.25512073272273106,3603,2,-0.1960319171878369,0.17582488678024583,-0.4041190424843649,4637,3,1545.6666666666667,-1.9136006099438734,-1.2866230732530597,-0.659239775207096,complete
gorgui_dieng_2020_SAS,Gorgui Dieng,2020-21,3,new_team,team_change,1.0637517630465443,-0.24847202632816173,1.3637517630465443,2127,2,3.4,1.8,1.5,552,1,552,2.3362482369534554,2.0484720263281617,0.13624823695345567,complete
grant_williams_2020_BOS,Grant Williams,2020-21,3,re_signed_standard,roster_continuity,-2.7,-4.1,1.4,1043,1,-1.4254843811783315,-2.146698299723211,0.7582839066824832,5058,3,1686,1.2745156188216686,1.9533017002767887,-0.6417160933175167,complete
grayson_allen_2020_MEM,Grayson Allen,2020-21,3,re_signed_standard,roster_continuity,-1.3,-0.09999999999999999,-1.2,718,1,0.1325258141382049,-0.06989674344718032,0.2274225575853852,5036,3,1678.6666666666667,1.432525814138205,0.030103256552819674,1.4274225575853852,complete
hamidou_diallo_2020_DET,Hamidou Diallo,2020-21,3,new_team,team_change,-4.0109704641350215,-4.273980309423347,0.2630098452883263,1422,2,-1.3186765969636207,-1.7223718132340304,0.4036952162704096,3491,3,1163.6666666666667,2.6922938671714007,2.551608496189317,0.14068537098208328,complete
harrison_barnes_2020_SAC,Harrison Barnes,2020-21,3,re_signed_standard,roster_continuity,-1.350508474576271,-0.10101694915254238,-1.2494915254237289,5015,2,-0.2349673202614379,1.1375272331154684,-1.3724945533769064,7344,3,2448,1.115541154314833,1.2385441822680108,-0.12300302795317752,complete
harry_giles_2020_POR,Harry Giles III,2020-21,3,new_team,team_change,-2.237457969065232,-2.8617350369872225,0.6242770679219907,1487,2,NA,NA,NA,NA,NA,NA,NA,NA,NA,missing_data
hassan_whiteside_2020_SAC,Hassan Whiteside,2020-21,3,new_team,team_change,2.7908202064095597,1.8634980988593155,0.9273221075502444,3682,2,0.7254098360655739,-0.16721311475409845,0.8245901639344262,1708,2,854,-2.0654103703439857,-2.030711213613414,-0.10273194361581817,complete
isaac_bonga_2020_WAS,Isaac Bonga,2020-21,3,re_signed_standard,roster_continuity,-2.8,-2.7,-0.1,1250,1,NA,NA,NA,NA,NA,NA,NA,NA,NA,missing_data
isaiah_hartenstein_2020_CLE,Isaiah Hartenstein,2020-21,3,new_team,team_change,NA,NA,NA,NA,NA,1.3175830638047634,-0.6110555718906203,1.9286386356953835,3401,3,1133.6666666666667,NA,NA,NA,missing_data
isaiah_thomas_2020_NOP,Isaiah Thomas,2020-21,3,new_team,team_change,-4.4,-0.5,-3.9,925,1,NA,NA,NA,NA,NA,NA,NA,NA,NA,missing_data
ish_smith_2020_WAS,Ish Smith,2020-21,3,re_signed_standard,roster_continuity,-1.5882488479262673,-0.835319289005925,-0.7117511520737327,3038,2,-2.2689756097560974,-2.154926829268293,-0.10419512195121952,2050,2,1025,-0.68072676182983,-1.3196075402623677,0.6075560301225132,complete
ivica_zubac_2020_LAC,Ivica Zubac,2020-21,3,re_signed_standard,roster_continuity,1.3494505494505493,0.976923076923077,0.4164835164835165,2366,2,0.1691351447345054,-0.2853489611081513,0.45448410584265675,5631,3,1877,-1.180315404716044,-1.2622720380312282,0.03800058935914025,complete
ja_morant_2020_MEM,Ja Morant,2020-21,3,re_signed_standard,roster_continuity,0.3,1.4,-1.2,2074,1,3.702088285229202,4.161341256366724,-0.4243972835314092,5890,3,1963.3333333333333,3.402088285229202,2.7613412563667237,0.7756027164685908,complete
jabari_parker_2020_BOS,Jabari Parker,2020-21,3,new_team,team_change,-0.8750094661113215,-0.24861794774706553,-0.6916698220371071,2641,2,NA,NA,NA,NA,NA,NA,NA,NA,NA,missing_data
jae_crowder_2020_PHX,Jae Crowder,2020-21,3,new_team,team_change,0.11440237564959167,-0.3927988121752041,0.5072011878247958,4041,2,1.1,-0.5538766270514998,1.6538766270514995,3534,2,1767,0.9855976243504084,-0.16107781487629563,1.1466754392267036,complete
jahlil_okafor_2020_DET,Jahlil Okafor,2020-21,3,new_team,team_change,-1.5,-0.6,-0.9,935,1,NA,NA,NA,NA,NA,NA,NA,NA,NA,missing_data
jakarr_sampson_2020_IND,JaKarr Sampson,2020-21,3,re_signed_standard,roster_continuity,NA,NA,NA,NA,NA,NA,NA,NA,NA,NA,NA,NA,NA,NA,missing_data
jakob_poeltl_2020_SAS,Jakob Poeltl,2020-21,3,re_signed_standard,roster_continuity,2.239566284779051,0.9166939443535188,1.3228723404255318,2444,2,1.4419507079181961,0.5151372137738158,0.8945638874322671,5721,3,1907,-0.7976155768608548,-0.401556730579703,-0.4283084529932647,complete
jalen_brunson_2020_DAL,Jalen Brunson,2020-21,3,re_signed_standard,roster_continuity,-1.3871029468044394,-0.6915422885572139,-0.6955606582472255,2613,2,1.9813636363636364,2.3158636363636367,-0.33449999999999996,6600,3,2200,3.368466583168076,3.0074059249208505,0.3610606582472255,complete
jamal_murray_2020_DEN,Jamal Murray,2020-21,3,re_signed_standard,roster_continuity,0.8625603309584003,1.6625603309584003,-0.8,4351,2,1.6108678655199373,2.644409695074277,-1.0335418295543393,3837,2,1918.5,0.748307534561537,0.9818493641158765,-0.23354182955433922,complete
james_ennis_2020_ORL,James Ennis III,2020-21,3,re_signed_standard,roster_continuity,-2.0577154308617236,-1.8056112224448897,-0.30140280561122246,2495,2,-2.2,-1.9,-0.3,986,1,986,-0.14228456913827658,-0.09438877755511021,0.0014028056112224685,complete
james_harden_2020_BKN,James Harden,2020-21,3,new_team,team_change,10.350242990654205,8.796654205607476,1.6,5350,2,5.32042836281032,4.837676456271296,0.48275190653902317,6163,3,2054.3333333333335,-5.029814627843885,-3.9589777493361797,-1.117248093460977,complete
james_johnson_2020_NOP,James Johnson,2020-21,3,new_team,team_change,-0.7833987661245092,-1.948681996634885,1.1347167694896243,1783,2,-1.7331244404655328,-2.7000000000000006,1.0201880035810205,2234,2,1117,-0.9497256743410236,-0.7513180033651157,-0.11452876590860384,complete
jamychal_green_2020_DEN,JaMychal Green,2020-21,3,new_team,team_change,-1.114339058999253,-1.251194921583271,0.1368558625840179,2678,2,-1.342938041305796,-1.095236508994004,-0.28384410393071285,3002,3,1000.6666666666666,-0.22859898230654307,0.15595841258926701,-0.42069996651473074,complete
jared_dudley_2020_LAL,Jared Dudley,2020-21,3,re_signed_standard,roster_continuity,-1.8,-2.9,1.1,1220,1,NA,NA,NA,NA,NA,NA,NA,NA,NA,missing_data
jaren_jackson_2020_MEM,Jaren Jackson Jr.,2020-21,3,re_signed_standard,roster_continuity,0.06193815747529489,-0.424418233981511,0.5346509403889066,3137,2,1.2243802708918985,-0.16930743674929727,1.348019422438027,3913,2,1956.5,1.1624421134166036,0.25511079723221375,0.8133684820491205,complete
jarrett_allen_2020_CLE,Jarrett Allen,2020-21,3,new_team,team_change,1.928368794326241,0.7629179331306991,1.2123606889564336,3948,2,2.449507974211062,1.7299287410926367,0.6819138106549033,5894,3,1964.6666666666667,0.5211391798848211,0.9670108079619376,-0.5304468783015303,complete
jarrett_culver_2020_MIN,Jarrett Culver,2020-21,3,re_signed_standard,roster_continuity,-4,-3.3000000000000003,-0.7000000000000001,1506,1,NA,NA,NA,NA,NA,NA,NA,NA,NA,missing_data
javale_mcgee_2020_DEN,JaVale McGee,2020-21,3,new_team,team_change,1.4403427347375937,-0.06308461263834346,1.5630846126383433,2801,2,-0.4094054054054054,-1.2727567567567568,0.8633513513513512,1850,2,925,-1.849748140142999,-1.2096721441184133,-0.6997332612869921,complete
javonte_green_2020_CHI,Javonte Green,2020-21,3,new_team,team_change,NA,NA,NA,NA,NA,0.1,-0.6,0.7,1519,1,1519,NA,NA,NA,missing_data
jaxson_hayes_2020_NOP,Jaxson Hayes,2020-21,3,re_signed_standard,roster_continuity,-0.3,-0.9,0.6,1080,1,0.0423956931359354,0.025302826379542374,0.06413189771197847,2972,3,990.6666666666666,0.3423956931359354,0.9253028263795424,-0.5358681022880215,complete
jaylen_brown_2020_BOS,Jaylen Brown,2020-21,3,re_signed_standard,roster_continuity,-0.6420847413569015,-0.29290356121653244,-0.2994541200935794,3847,2,1.9302536231884058,2.1470863526570048,-0.2503472222222222,6624,3,2208,2.572338364545307,2.439989913873537,0.04910689787135719,complete
jayson_tatum_2020_BOS,Jayson Tatum,2020-21,3,re_signed_standard,roster_continuity,1.8154661016949152,1.4715042372881355,0.3919491525423729,4720,2,4.851283374177737,4.4466529085515285,0.3694053914613698,7753,3,2584.3333333333335,3.035817272482822,2.975148671263393,-0.02254376108100309,complete
jeff_green_2020_BKN,Jeff Green,2020-21,3,new_team,team_change,-0.9917566241413149,0,-0.9917566241413149,3057,2,-2.0523350785340315,-1.0130261780104712,-1.077738219895288,4775,3,1591.6666666666667,-1.0605784543927166,-1.0130261780104712,-0.08598159575397313,complete
jeff_teague_2020_MIL,Jeff Teague,2020-21,3,new_team,team_change,-0.9903225806451612,0.26334310850439885,-1.2536656891495601,2728,2,-2.2,-1.7,-0.5,950,1,950,-1.209677419354839,-1.9633431085043989,0.7536656891495601,complete
jerami_grant_2020_DET,Jerami Grant,2020-21,3,new_team,team_change,-0.09404973357015986,-0.18996447602131436,0.09591474245115453,4504,2,0.6031748878923766,1.4834618834080717,-0.880286995515695,5575,3,1858.3333333333333,0.6972246214625365,1.6734263594293861,-0.9762017379668495,complete
jeremy_lamb_2020_IND,Jeremy Lamb,2020-21,3,re_signed_standard,roster_continuity,0.6166619598983338,0.3614515673538548,0.29166902005083306,3541,2,0.19,0.095,0.04,1700,2,850,-0.42666195989833383,-0.2664515673538548,-0.2516690200508331,complete
jerome_robinson_2020_WAS,Jerome Robinson,2020-21,3,re_signed_standard,roster_continuity,-3.9,-3.8,-0.2,979,1,NA,NA,NA,NA,NA,NA,NA,NA,NA,missing_data
jevon_carter_2020_PHX,Jevon Carter,2020-21,3,re_signed_standard,roster_continuity,-1.1438896189224705,-1.9889618922470433,0.8450722733245729,1522,2,-0.7921037296037297,-1.5602564102564103,0.715413752913753,3432,3,1144,0.3517858893187409,0.4287054819906331,-0.12965852041081993,complete
jimmy_butler_2020_MIA,Jimmy Butler III,2020-21,3,re_signed_standard,roster_continuity,4.503643822393822,3.3672779922779923,1.1836389961389961,4144,2,7.602751977984175,5.579136566907464,2.056828345373237,5814,3,1938,3.0991081555903532,2.211858574629472,0.8731893492342409,complete
jj_redick_2020_DAL,JJ Redick,2020-21,3,new_team,team_change,0.39962121212121204,2.2399242424242427,-1.8802272727272726,3960,2,-3.5,-1.4,-2.1,723,1,723,-3.899621212121212,-3.6399242424242426,-0.21977272727272745,complete
joe_harris_2020_BKN,Joe Harris,2020-21,3,re_signed_standard,roster_continuity,0.16347373188405798,0.6076992753623189,-0.4442255434782608,4416,2,-0.22445474372955287,0.6841330425299892,-0.9502181025081787,3668,2,1834,-0.3879284756136109,0.07643376716767025,-0.5059925590299179,complete
joe_ingles_2020_UTA,Joe Ingles,2020-21,3,re_signed_standard,roster_continuity,1.0820616365568543,0.2091604675876727,0.9183209351753453,4705,2,1.3555913711877015,0.5946937763451524,0.762831638978428,4033,3,1344.3333333333333,0.2735297346308472,0.3855333087574797,-0.15548929619691731,complete
joel_embiid_2020_PHI,Joel Embiid,2020-21,3,re_signed_standard,roster_continuity,4.817704918032787,3.8765573770491804,0.9411475409836066,3660,2,8.763006811547195,6.820483295491404,1.9054816736944535,6166,3,2055.3333333333335,3.945301893514408,2.9439259184422237,0.9643341327108469,complete
john_collins_2020_ATL,John Collins,2020-21,3,re_signed_standard,roster_continuity,1.8394110275689224,3.1843045112781954,-1.344893483709273,3192,2,0.7048218400992731,0.7325828753767063,0.00999822726466938,5641,3,1880.3333333333333,-1.1345891874696492,-2.451721635901489,1.3548917109739425,complete
jonas_valanciunas_2020_MEM,Jonas Valanciunas,2020-21,3,re_signed_standard,roster_continuity,2.5114782016348776,2.1371594005449595,0.2743188010899183,2936,2,1.4646654368606404,1.6931074962267314,-0.25787355358041253,5963,3,1987.6666666666667,-1.0468127647742371,-0.44405190431822805,-0.5321923546703309,complete
jordan_bell_2020_GSW,Jordan Bell,2020-21,3,new_team,team_change,-0.9,-2.2,1.3,788,1,NA,NA,NA,NA,NA,NA,NA,NA,NA,missing_data
jordan_clarkson_2020_UTA,Jordan Clarkson,2020-21,3,re_signed_standard,roster_continuity,0.19609594284256193,2.2305179892829807,-2.034422046440419,3919,2,-0.25602824953758196,1.064553556414999,-1.3565831511686564,5947,3,1982.3333333333333,-0.4521241923801439,-1.1659644328679817,0.6778388952717624,complete
jordan_poole_2020_GSW,Jordan Poole,2020-21,3,re_signed_standard,roster_continuity,-6.6,-4.4,-2.2,1274,1,-0.5029149938907314,0.5958631523826148,-1.0987781462733461,5729,3,1909.6666666666667,6.0970850061092685,4.995863152382615,1.101221853726654,complete
josh_hart_2020_NOP,Josh Hart,2020-21,3,re_signed_standard,roster_continuity,-0.9965417867435159,-1.6930835734870318,0.6965417867435159,3470,2,0.49004290311047555,-0.19292098677154093,0.7149803360743654,5594,3,1864.6666666666667,1.4865846898539914,1.5001625867154909,0.01843854933084954,complete
josh_okogie_2020_MIN,Josh Okogie,2020-21,3,re_signed_standard,roster_continuity,-2.7722457627118646,-2.9849576271186438,0.2127118644067797,3304,2,-1.832615083251714,-2.4218413320274244,0.4892262487757101,3063,3,1021,0.9396306794601506,0.5631162950912194,0.2765143843689304,complete
josh_richardson_2020_DAL,Josh Richardson,2020-21,3,new_team,team_change,-0.5400992438563328,-0.500070888468809,-0.04002835538752364,4232,2,-0.9591463414634146,-1.0518292682926829,0.12378048780487805,4920,3,1640,-0.4190470976070818,-0.5517583798238739,0.1638088431924017,complete
jrue_holiday_2020_MIL,Jrue Holiday,2020-21,3,new_team,team_change,2.4378402301394115,2.397300287674264,0.04053994246514716,4519,2,3.2258971101937126,2.904382343601143,0.32151476659256906,6298,3,2099.3333333333335,0.7880568800543011,0.5070820559268792,0.2809748241274219,complete
juancho_hernangomez_2020_MIN,Juancho Hernangomez,2020-21,3,re_signed_standard,roster_continuity,-1.97444089456869,-1.3942492012779553,-0.5421725239616614,2191,2,-3.06221928665786,-2.0733157199471597,-0.9889035667107001,1514,2,757,-1.08777839208917,-0.6790665186692044,-0.44673104274903874,complete
julius_randle_2020_NYK,Julius Randle,2020-21,3,re_signed_standard,roster_continuity,0.6317254174397031,1.4246753246753245,-0.7929499072356215,4312,2,2.709297936587821,2.444162053346754,0.29714393558127833,7948,3,2649.3333333333335,2.077572519148118,1.0194867286714295,1.0900938428168998,complete
justin_holiday_2020_IND,Justin Holiday,2020-21,3,re_signed_standard,roster_continuity,-0.5230769230769231,-1.5585607940446649,1.035483870967742,4433,2,-1.913020622725435,-1.5076223210675292,-0.3911241407197736,4946,3,1648.6666666666667,-1.3899436996485117,0.05093847297713561,-1.4266080116875157,complete
justin_jackson_2020_MIL,Justin Jackson,2020-21,3,new_team,team_change,-2.307408800300865,-1.3109063557728469,-0.996502444528018,2659,2,-3.5,-2.3,-1.2,577,1,577,-1.1925911996991352,-0.989093644227153,-0.203497555471982,complete
justin_james_2020_SAC,Justin James,2020-21,3,re_signed_standard,roster_continuity,NA,NA,NA,NA,NA,NA,NA,NA,NA,NA,NA,NA,NA,NA,missing_data
juwan_morgan_2020_UTA,Juwan Morgan,2020-21,3,re_signed_standard,roster_continuity,NA,NA,NA,NA,NA,NA,NA,NA,NA,NA,NA,NA,NA,NA,missing_data
karl-anthony_towns_2020_MIN,Karl-Anthony Towns,2020-21,3,re_signed_standard,roster_continuity,6.572508038585209,5.908896034297964,0.6636120042872454,3732,2,4.461440843420539,3.985630613041781,0.4758102303787583,5122,3,1707.3333333333333,-2.1110671951646696,-1.923265421256183,-0.18780177390848712,complete
kawhi_leonard_2020_LAC,Kawhi Leonard,2020-21,3,re_signed_standard,roster_continuity,8.008024691358026,6.290123456790123,1.7179012345679012,3888,2,6.70426015336552,5.553195115024141,1.1014200511218404,3521,2,1760.5,-1.3037645379925058,-0.7369283417659824,-0.6164811834460608,complete
keita_bates-diop_2020_SAS,Keita Bates-Diop,2020-21,3,new_team,team_change,-2.206736166800321,-1.7260625501202884,-0.48067361668003217,1247,2,-1.3945205479452054,-0.6534246575342466,-0.7410958904109589,2409,2,1204.5,0.8122156188551155,1.0726378925860418,-0.26042227373092675,complete
kelly_olynyk_2020_HOU,Kelly Olynyk,2020-21,3,new_team,team_change,0.8253213367609253,-0.11645244215938304,0.9417737789203086,3112,2,0.9346374654475867,0.0434403572187965,0.9162449500318947,4703,3,1567.6666666666667,0.1093161286866614,0.15989279937817955,-0.0255288288884139,complete
kelly_oubre_2020_GSW,Kelly Oubre Jr.,2020-21,3,new_team,team_change,-0.8501809720785936,-0.30000000000000004,-0.6001551189245088,3868,2,-1.47243026366068,-0.49316010699273977,-0.9792701566679404,5234,3,1744.6666666666667,-0.6222492915820865,-0.19316010699273972,-0.3791150377434316,complete
kemba_walker_2020_BOS,Kemba Walker,2020-21,3,re_signed_standard,roster_continuity,4.351313789359391,5.086514657980456,-0.735200868621064,4605,2,1.4044454035390592,1.9407854984894257,-0.49542511868795863,2317,2,1158.5,-2.9468683858203324,-3.1457291594910304,0.2397757499331054,complete
kendrick_nunn_2020_MIA,Kendrick Nunn,2020-21,3,re_signed_standard,roster_continuity,-2.3,-1,-1.3,1962,1,-1.6063504208110175,-0.8006885998469778,-0.8056618209640398,2614,2,1307,0.6936495791889823,0.19931140015302218,0.4943381790359602,complete
kenrich_williams_2020_OKC,Kenrich Williams,2020-21,3,new_team,team_change,-2.1176870748299317,-2.7789115646258504,0.617687074829932,1911,2,-0.19352051835853132,-0.8056695464362852,0.6410907127429806,3704,3,1234.6666666666667,1.9241665564714003,1.9732420181895653,0.02340363791304856,complete
kent_bazemore_2020_GSW,Kent Bazemore,2020-21,3,new_team,team_change,-2.6547283098168717,-2.9560792554788353,0.2506754728309817,3331,2,-2.0996272630457935,-3.538445154419595,1.438817891373802,1878,2,939,0.5551010467710782,-0.5823658989407599,1.1881424185428202,complete
kentavious_caldwell-pope_2020_LAL,Kentavious Caldwell-Pope,2020-21,3,re_signed_standard,roster_continuity,-0.6392151698709508,-0.7176455096128522,0.13202528311825126,3797,2,-1.0322897761645493,-1.3534331518451304,0.2923774954627949,6612,3,2204,-0.39307460629359847,-0.6357876422322781,0.16035221234454364,complete
kevin_huerter_2020_ATL,Kevin Huerter,2020-21,3,re_signed_standard,roster_continuity,-2.030252100840336,-1.1840336134453782,-0.846218487394958,3808,2,-0.16271290471075647,0.10965168022096056,-0.20593831517569433,6517,3,2172.3333333333335,1.8675391961295795,1.2936852936663388,0.6402801722192637,complete
kevin_knox_2020_NYK,Kevin Knox II,2020-21,3,re_signed_standard,roster_continuity,-5.173826714801444,-3.2947653429602886,-1.8790613718411553,3324,2,-3.5,-2.1,-1.4,952,1,952,1.6738267148014438,1.1947653429602885,0.4790613718411554,complete
kevin_love_2020_CLE,Kevin Love,2020-21,3,re_signed_standard,roster_continuity,1.8994112699747687,2.7760302775441548,-0.7766190075693861,2378,2,2.317635384179189,2.306152537567338,0.029118230791040527,3527,3,1175.6666666666667,0.4182241142044203,-0.4698777399768166,0.8057372383604265,complete
kevin_porter_2020_HOU,Kevin Porter Jr.,2020-21,3,new_team,team_change,-3.7999999999999994,-3.2,-0.6,1162,1,-0.998594208980277,0.3618128409567771,-1.4004196391103652,4766,3,1588.6666666666667,2.8014057910197225,3.5618128409567773,-0.8004196391103652,complete
khem_birch_2020_TOR,Khem Birch,2020-21,3,new_team,team_change,-0.9208945686900958,-1.4317571884984024,0.5286900958466454,1565,2,-1.1179761904761905,-1.2752777777777777,0.2179761904761905,2520,2,1260,-0.19708162178609467,0.15647941072062466,-0.3107139053704549,complete
khris_middleton_2020_MIL,Khris Middleton,2020-21,3,re_signed_standard,roster_continuity,2.2401554404145076,1.8783089967027788,0.36184644371172864,4246,2,1.3464018422567645,1.6745730186144692,-0.3,5211,3,1737,-0.8937535981577431,-0.20373597808830968,-0.6618464437117286,complete
kris_dunn_2020_ATL,Kris Dunn,2020-21,3,new_team,team_change,-1.6974040632054175,-3.2774266365688485,1.5845372460496614,2658,2,2.4,0.7,1.7,568,1,568,4.097404063205417,3.9774266365688487,0.11546275395033856,complete
kristaps_porzingis_2020_DAL,Kristaps Porzingis,2020-21,3,re_signed_standard,roster_continuity,1.9,1.8,0.1,1814,1,3.614306006493506,3.4343141233766232,0.1799918831168831,4928,3,1642.6666666666667,1.7143060064935063,1.6343141233766232,0.0799918831168831,complete
kyle_anderson_2020_MEM,Kyle Anderson,2020-21,3,re_signed_standard,roster_continuity,0.6471849865951742,-1.5490616621983915,2.1962466487935655,2611,2,2.421246246246246,0.31861861861861857,2.1026276276276277,5328,3,1776,1.7740612596510719,1.86768028081701,-0.09361902116593779,complete
kyle_kuzma_2020_LAL,Kyle Kuzma,2020-21,3,re_signed_standard,roster_continuity,-1.8768749999999998,-0.7563541666666667,-1.1205208333333332,3840,2,-0.7861028607159606,-0.12327653587619197,-0.6933718930748789,6397,3,2132.3333333333335,1.0907721392840393,0.6330776307904746,0.4271489402584543,complete
kyle_lowry_2020_TOR,Kyle Lowry,2020-21,3,re_signed_standard,roster_continuity,2.7379958246346554,1.9433310136859199,0.7946648109487359,4311,2,1.315333822450477,0.7970836390315482,0.4476155539251651,5452,3,1817.3333333333333,-1.4226620021841785,-1.1462473746543718,-0.34704925702357076,complete
lamarcus_aldridge_2020_BKN,LaMarcus Aldridge,2020-21,3,new_team,team_change,1.6420175636117993,2.163026345417699,-0.5605043909029498,4441,2,0.3090487238979118,0.7135730858468677,-0.4436194895591647,1724,2,862,-1.3329688397138875,-1.4494532595708312,0.1168849013437851,complete
landry_shamet_2020_BKN,Landry Shamet,2020-21,3,new_team,team_change,-1.8231100184388447,-0.9693300553165335,-0.853779963122311,3254,2,-1.7058952563751026,-0.9442555525089114,-0.8010419522895531,3647,3,1215.6666666666667,0.11721476206374204,0.025074502807622134,0.052738010832757864,complete
langston_galloway_2020_PHX,Langston Galloway,2020-21,3,new_team,team_change,-1.1543661154627214,-0.4556135770234987,-0.7481288076588338,3447,2,NA,NA,NA,NA,NA,NA,NA,NA,NA,missing_data
larry_nance_2020_CLE,Larry Nance Jr.,2020-21,3,re_signed_standard,roster_continuity,2.084603611876339,1.1802265074992346,0.9494337312519131,3267,2,0.8810933940774488,-0.5533599088838268,1.4344533029612756,3512,3,1170.6666666666667,-1.2035102177988901,-1.7335864163830614,0.4850195717093625,complete
lauri_markkanen_2020_CHI,Lauri Markkanen,2020-21,3,re_signed_standard,roster_continuity,-0.3880277252678008,0.8359168241965973,-1.1709514807813486,3174,2,1.74109363569861,2.415124359912217,-0.6668068763716166,5468,3,1822.6666666666667,2.129121360966411,1.5792075357156197,0.504144604409732,complete
lebron_james_2020_LAL,LeBron James,2020-21,3,re_signed_standard,roster_continuity,8.217822713378792,6.508911356689396,1.754455678344698,4253,2,7.244424395525081,6.135005413208227,1.1365571995669432,5542,3,1847.3333333333333,-0.9733983178537118,-0.37390594348116846,-0.6178984787777548,complete
lonnie_walker_2020_SAS,Lonnie Walker IV,2020-21,3,re_signed_standard,roster_continuity,-3.5,-2.5,-1,988,1,-2.5902053712480253,-1.490024825095915,-1.1001805461521101,4431,3,1477,0.9097946287519747,1.009975174904085,-0.10018054615211014,complete
lonzo_ball_2020_NOP,Lonzo Ball,2020-21,3,re_signed_standard,roster_continuity,0.22856728538283064,-0.6015951276102088,0.8888921113689096,3448,2,2.0276782696857043,1.1952010814464344,0.8324771882392701,2959,2,1479.5,1.7991109843028736,1.7967962090566432,-0.05641492312963947,complete
lou_williams_2020_ATL,Lou Williams,2020-21,3,new_team,team_change,1.4750842623800884,3.285117967332124,-1.7617059891107076,3857,2,-2.8236273627362736,-1.3595859585958596,-1.464041404140414,2222,2,1111,-4.298711625116362,-4.644703925927983,0.2976645849702937,complete
luka_doncic_2020_DAL,Luka Doncic,2020-21,3,re_signed_standard,roster_continuity,6.010309278350515,5.382038946162658,0.628270332187858,4365,2,7.9852890422778255,6.715012942191544,1.3046591889559966,6954,3,2318,1.9749797639273101,1.332973996028886,0.6763888567681386,complete
luke_kornet_2020_BOS,Luke Kornet,2020-21,3,new_team,team_change,0.6680565897244974,0.4426656738644824,0.32539091586001484,1343,2,1,-0.4,1.3,804,1,804,0.33194341027550256,-0.8426656738644824,0.9746090841399853,complete
malcolm_brogdon_2020_IND,Malcolm Brogdon,2020-21,3,re_signed_standard,roster_continuity,2.0094911377930247,2.142881646655231,-0.1857632933104631,3498,2,2.3995901639344264,2.7004098360655737,-0.2650819672131148,4880,3,1626.6666666666667,0.3900990261414017,0.5575281894103425,-0.07931867390265168,complete
malik_beasley_2020_MIN,Malik Beasley,2020-21,3,re_signed_standard,roster_continuity,-0.7613341968911918,0.21272668393782387,-0.9740608808290154,3088,2,-1.1001325004732159,0.2729320461858792,-1.3708498958924855,5283,3,1761,-0.3387983035820241,0.06020536224805531,-0.3967890150634701,complete
malik_monk_2020_CHA,Malik Monk,2020-21,3,re_signed_standard,roster_continuity,-2.6628347754429336,-1.203667078697981,-1.5073341573959622,2427,2,-0.450633445945946,0.8436444256756757,-1.3305743243243244,4736,3,1578.6666666666667,2.2122013294969873,2.0473115043736567,0.17675983307163778,complete
marc_gasol_2020_LAL,Marc Gasol,2020-21,3,new_team,team_change,2.6158465387823187,0.15446205170975816,2.46138448707256,3597,2,2.3,-1.4,3.7,993,1,993,-0.31584653878231883,-1.554462051709758,1.2386155129274403,complete
marcus_morris_2020_LAC,Marcus Morris Sr.,2020-21,3,re_signed_standard,roster_continuity,-0.5153960764837348,0.18460392351626517,-0.7,4027,2,-1.1566346350439585,-0.4911878961357596,-0.6400736045798406,4891,3,1630.3333333333333,-0.6412385585602237,-0.6757918196520247,0.05992639542015932,complete
marcus_smart_2020_BOS,Marcus Smart,2020-21,3,re_signed_standard,roster_continuity,1.0795338674435544,-0.6409322651128915,1.7204661325564459,4119,2,-0.21996914638327048,-1.1844703462461432,0.9916009598902983,5834,3,1944.6666666666667,-1.2995030138268249,-0.5435380811332517,-0.7288651726661476,complete
markelle_fultz_2020_ORL,Markelle Fultz,2020-21,3,re_signed_standard,roster_continuity,-1.8,-1.8,0,1996,1,0.5,-0.1,0.7,1778,1,1778,2.3,1.7,0.7,complete
markieff_morris_2020_LAL,Markieff Morris,2020-21,3,re_signed_standard,roster_continuity,-2.3618233618233617,-1.6168905168905168,-0.744932844932845,2457,2,-2.6,-2.9,0.3,1200,1,1200,-0.23817663817663837,-1.2831094831094831,1.044932844932845,complete
marquese_chriss_2020_GSW,Marquese Chriss,2020-21,3,re_signed_standard,roster_continuity,0.6,0,0.6,1196,1,NA,NA,NA,NA,NA,NA,NA,NA,NA,missing_data
mason_plumlee_2020_DET,Mason Plumlee,2020-21,3,new_team,team_change,2.062087517934003,-0.196700143472023,2.258787661406026,2788,2,1.4621399176954732,0.014047886270108443,1.4480920314253647,5346,3,1782,-0.5999476002385296,0.21074802974213144,-0.8106956299806611,complete
matisse_thybulle_2020_PHI,Matisse Thybulle,2020-21,3,re_signed_standard,roster_continuity,0.3,-2.8,3.1,1287,1,0.8892421706908916,-2.4675591680612006,3.3568013387520916,4183,3,1394.3333333333333,0.5892421706908917,0.33244083193879925,0.25680133875209155,complete
matt_thomas_2020_UTA,Matt Thomas,2020-21,3,new_team,team_change,NA,NA,NA,NA,NA,NA,NA,NA,NA,NA,NA,NA,NA,NA,missing_data
matthew_dellavedova_2020_CLE,Matthew Dellavedova,2020-21,3,re_signed_standard,roster_continuity,-4.802204531537049,-2.65523576240049,-2.1966932026944272,1633,2,NA,NA,NA,NA,NA,NA,NA,NA,NA,missing_data
maurice_harkless_2020_SAC,Maurice Harkless,2020-21,3,new_team,team_change,-0.0029556650246305737,-1.8033779028852923,1.8004222378606614,2842,2,-3.4888685015290517,-3.7472171253822633,0.25834862385321106,1635,2,817.5,-3.485912836504421,-1.943839222496971,-1.5420736140074502,complete
maxi_kleber_2020_DAL,Maxi Kleber,2020-21,3,re_signed_standard,roster_continuity,0.4000000000000001,-0.13136792452830193,0.5313679245283018,3392,2,-0.7057242676699812,-1.3535339962375705,0.6478097285675893,3721,3,1240.3333333333333,-1.1057242676699812,-1.2221660717092686,0.1164418040392875,complete
meyers_leonard_2020_MIA,Meyers Leonard,2020-21,3,re_signed_standard,roster_continuity,0.3398535564853557,-0.014225941422594167,0.3540794979079498,1912,2,NA,NA,NA,NA,NA,NA,NA,NA,NA,missing_data
michael_carter-williams_2020_ORL,Michael Carter-Williams,2020-21,3,re_signed_standard,roster_continuity,0.10000000000000002,-1.5,1.6000000000000003,833,1,-4.8,-4.6,-0.2,800,1,800,-4.8999999999999995,-3.0999999999999996,-1.8000000000000003,complete
michael_porter_2020_DEN,Michael Porter Jr.,2020-21,3,re_signed_standard,roster_continuity,1.5,2.4,-0.8000000000000002,903,1,1.6945552560646902,3.0307277628032345,-1.3361725067385444,3710,2,1855,0.19455525606469015,0.6307277628032346,-0.5361725067385442,complete
mikal_bridges_2020_PHX,Mikal Bridges,2020-21,3,re_signed_standard,roster_continuity,-0.5009194886745908,-1.3588697017268445,0.9037452343574793,4459,2,2.125156154317208,1.4092712798530314,0.7158848744641765,8165,3,2721.6666666666665,2.6260756429917986,2.768140981579876,-0.18786035989330285,complete
mike_conley_2020_UTA,Mike Conley,2020-21,3,re_signed_standard,roster_continuity,3.0813225371120105,3.165263157894737,-0.08394062078272604,3705,2,2.78354521038496,2.213249776186213,0.5702954341987466,5585,3,1861.6666666666667,-0.2977773267270507,-0.9520133817085239,0.6542360549814726,complete
mike_muscala_2020_OKC,Mike Muscala,2020-21,3,re_signed_standard,roster_continuity,-0.7954206602768904,-0.5258785942492012,-0.26954206602768904,1878,2,1.1537580201649862,1.1670944087992667,-0.013336388634280487,2182,3,727.3333333333334,1.9491786804418765,1.692973003048468,0.25620567739340855,complete
mike_scott_2020_PHI,Mike Scott,2020-21,3,re_signed_standard,roster_continuity,-2.1752882398155267,-1.3433512682551882,-0.8855495772482704,2602,2,-2.8,-3.2,0.3,852,1,852,-0.6247117601844732,-1.856648731744812,1.1855495772482705,complete
miles_bridges_2020_CHA,Miles Bridges,2020-21,3,re_signed_standard,roster_continuity,-1.718856678406936,-1.2243023570848008,-0.49455432132213495,3691,2,0.973348710421472,1.1518137974418117,-0.13795344936045292,4769,2,2384.5,2.692205388828408,2.3761161545266125,0.356600871961682,complete
mitchell_robinson_2020_NYK,Mitchell Robinson,2020-21,3,re_signed_standard,roster_continuity,2.7037518037518034,0.8640692640692642,1.8906204906204906,2772,2,2.0753960857409135,0.7416356011183597,1.3337604846225535,4292,3,1430.6666666666667,-0.6283557180108899,-0.12243366295090452,-0.5568600059979372,complete
mo_bamba_2020_ORL,Mo Bamba,2020-21,3,re_signed_standard,roster_continuity,-0.4386861313868612,-1.9454987834549877,1.5068126520681264,1644,2,0.5225437010247137,-0.11259795057263412,0.6569921639541892,3318,3,1106,0.9612298324115749,1.8329008328823535,-0.8498204881139372,complete
monte_morris_2020_DEN,Monte Morris,2020-21,3,re_signed_standard,roster_continuity,0.7287298946200776,0.7824181919023849,-0.06295063782584581,3606,2,0.09526315789473684,0.6368031189083821,-0.5978947368421053,5130,3,1710,-0.6334667367253408,-0.14561507299400278,-0.5349440990162595,complete
montrezl_harrell_2020_LAL,Montrezl Harrell,2020-21,3,new_team,team_change,3.1209367801382135,2.555234195034553,0.6104683900691067,3907,2,2.6280369041517173,2.3302921578677602,0.25568939005638136,3902,3,1300.6666666666667,-0.4928998759864962,-0.22494203716679273,-0.35477900001272533,complete
moritz_wagner_2020_ORL,Moritz Wagner,2020-21,3,new_team,team_change,-2.3,-2,-0.3,835,1,0.11615908276603365,-0.02357577929057688,0.1656037262629882,2791,3,930.3333333333334,2.4161590827660335,1.9764242207094231,0.4656037262629882,complete
myles_turner_2020_IND,Myles Turner,2020-21,3,re_signed_standard,roster_continuity,1.3891254752851712,-0.46286438529784535,1.798276299112801,3945,2,1.360686600221484,0.07763012181616832,1.3104097452934662,4515,3,1505,-0.028438875063687252,0.5404945071140137,-0.48786655381933475,complete
nassir_little_2020_POR,Nassir Little,2020-21,3,re_signed_standard,roster_continuity,-3.5,-2.9,-0.6,573,1,-2.285207100591716,-1.2000000000000002,-1.1254437869822485,2704,3,901.3333333333334,1.214792899408284,1.6999999999999997,-0.5254437869822485,complete
nemanja_bjelica_2020_MIA,Nemanja Bjelica,2020-21,3,new_team,team_change,1.3764148460121084,0.823479863121874,0.5,3799,2,0.167548906789413,-1.0711737629459148,1.2387226697353277,1738,2,869,-1.2088659392226955,-1.8946536260677889,0.7387226697353277,complete
nerlens_noel_2020_NYK,Nerlens Noel,2020-21,3,new_team,team_change,2.6164986251145743,-0.7351512373968836,3.351649862511457,2182,2,1.1068752963489803,-2.586533902323376,3.666761498340445,2109,2,1054.5,-1.509623328765594,-1.8513826649264926,0.31511163582898805,complete
nickeil_alexander-walker_2020_NOP,Nickeil Alexander-Walker,2020-21,3,re_signed_standard,roster_continuity,-4.6,-3.2,-1.4,591,1,-1.8933869526362823,-1.5746797736073874,-0.34504021447721184,3357,3,1119,2.7066130473637173,1.6253202263926128,1.0549597855227881,complete
nicolas_batum_2020_LAC,Nicolas Batum,2020-21,3,new_team,team_change,-0.5826162994053864,-1.0709338929695698,0.48831759356418325,2859,2,1.6123227481525864,0.09292989814260035,1.5144797283802676,5007,3,1669,2.194939047557973,1.16386379111217,1.0261621348160843,complete
nicolo_melli_2020_DAL,Nicolo Melli,2020-21,3,new_team,team_change,-1.3,-1.5,0.2,1042,1,-3.5,-3.5,0,566,1,566,-2.2,-2,-0.2,complete
nikola_jokic_2020_DEN,Nikola Jokic,2020-21,3,re_signed_standard,roster_continuity,8.279504132231406,5.862148760330579,2.4656198347107434,4840,2,12.930561273500755,8.942706189103884,3.987855084396871,7287,3,2429,4.65105714126935,3.0805574287733046,1.5222352496861276,complete
nikola_vucevic_2020_CHI,Nikola Vucevic,2020-21,3,new_team,team_change,5.536291038154392,4.423824312333629,1.168145519077196,4508,2,2.933280085197018,2.483626198083067,0.4130990415335463,7512,3,2504,-2.6030109529573737,-1.940198114250562,-0.7550464775436498,complete
noah_vonleh_2020_BKN,Noah Vonleh,2020-21,3,new_team,team_change,-0.7,-1.2,0.5,1722,1,NA,NA,NA,NA,NA,NA,NA,NA,NA,missing_data
norman_powell_2020_POR,Norman Powell,2020-21,3,new_team,team_change,0.832936660268714,0.2922840690978887,0.5406525911708254,2605,2,0.17489483747609944,1.0679541108986614,-0.9230210325047801,5230,3,1743.3333333333333,-0.6580418227926146,0.7756700418007727,-1.4636736236756054,complete
norvel_pelle_2020_NYK,Norvel Pelle,2020-21,3,new_team,team_change,NA,NA,NA,NA,NA,NA,NA,NA,NA,NA,NA,NA,NA,NA,missing_data
og_anunoby_2020_TOR,OG Anunoby,2020-21,3,re_signed_standard,roster_continuity,-0.22399063779988296,-1.4328847279110593,1.2484493856056174,3418,2,0.6378222462592392,0.20223544258157566,0.43558680367766356,5547,3,1849,0.8618128840591222,1.6351201704926348,-0.8128625819279538,complete
omari_rasulala_spellman_2020_NYK,Omari Rasulala Spellman,2020-21,3,new_team,team_change,NA,NA,NA,NA,NA,NA,NA,NA,NA,NA,NA,NA,NA,NA,missing_data
pascal_siakam_2020_TOR,Pascal Siakam,2020-21,3,re_signed_standard,roster_continuity,2.1282095319879777,1.464104765993989,0.6641047659939888,4658,2,2.6048922056384742,2.4486180210060806,0.16520176893311223,7236,3,2412,0.47668267365049655,0.9845132550120916,-0.4989029970608766,complete
pat_connaughton_2020_MIL,Pat Connaughton,2020-21,3,re_signed_standard,roster_continuity,0.9021565495207667,-0.2956869009584665,1.1474840255591054,2504,2,0.12448502866850708,-0.2783181142493098,0.36689318326608616,4709,3,1569.6666666666667,-0.7776715208522597,0.017368786709156703,-0.7805908422930192,complete
patrick_beverley_2020_LAC,Patrick Beverley,2020-21,3,re_signed_standard,roster_continuity,1.4014659384880712,-0.3,1.7014659384880713,3479,2,0.5791464597478178,-1.2034917555771096,1.7826382153249272,4124,3,1374.6666666666667,-0.8223194787402535,-0.9034917555771096,0.0811722768368559,complete
patrick_patterson_2020_LAC,Patrick Patterson,2020-21,3,re_signed_standard,roster_continuity,-1.1726939523518631,-0.672693952351863,-0.44740378741600495,1637,2,-0.6,-0.4,-0.1,582,1,582,0.5726939523518632,0.272693952351863,0.34740378741600497,complete
patty_mills_2020_SAS,Patty Mills,2020-21,3,re_signed_standard,roster_continuity,-0.1687002652519894,0.7501326259946949,-0.9750663129973475,3393,2,-1.6894084384515007,-0.3257068290561113,-1.363701609395389,4598,3,1532.6666666666667,-1.5207081731995113,-1.0758394550508061,-0.3886352963980416,complete
paul_george_2020_LAC,Paul George,2020-21,3,re_signed_standard,roster_continuity,6.43387323943662,5.000422535211268,1.4334507042253521,4260,2,3.527455034112053,2.8311143270622283,0.6562538763696506,4837,3,1612.3333333333333,-2.906418205324567,-2.1693082081490394,-0.7771968278557015,complete
paul_millsap_2020_DEN,Paul Millsap,2020-21,3,re_signed_standard,roster_continuity,1.0671451355661883,0.541786283891547,0.5253588516746411,3135,2,1,0.3,0.7,1162,1,1162,-0.06714513556618829,-0.24178628389154705,0.17464114832535882,complete
pj_dozier_2020_DEN,PJ Dozier,2020-21,3,re_signed_standard,roster_continuity,NA,NA,NA,NA,NA,-2.6,-2.3,-0.4,1088,1,1088,NA,NA,NA,missing_data
pj_tucker_2020_MIL,P.J. Tucker,2020-21,3,new_team,team_change,-1.2086733725564622,-1.9745682292655153,0.8127158853672424,5269,2,-1.9271447593684612,-2.6567243675099865,0.7295796081415256,5257,3,1752.3333333333333,-0.718471386811999,-0.6821561382444712,-0.08313627722571681,complete
pj_washington_2020_CHA,P.J. Washington,2020-21,3,re_signed_standard,roster_continuity,-1.6,-1.7,0.1,1759,1,-0.8242215666994429,-0.9283185840707965,0.1330711242215667,6102,3,2034,0.7757784333005572,0.7716814159292035,0.03307112422156669,complete
quinn_cook_2020_CLE,Quinn Cook,2020-21,3,new_team,team_change,-2.6511167836630505,-1.083535417996171,-1.5351627313337588,1567,2,NA,NA,NA,NA,NA,NA,NA,NA,NA,missing_data
rajon_rondo_2020_LAC,Rajon Rondo,2020-21,3,new_team,team_change,-1.458181045473863,-1.4909052273693155,0.07454313642158947,2353,2,-0.9132152588555857,-1.4034059945504085,0.4901907356948228,1468,2,734,0.5449657866182773,0.08749923281890704,0.41564759927323336,complete
raul_neto_2020_WAS,Raul Neto,2020-21,3,new_team,team_change,-1.8,-1.2,-0.6,668,1,-1.5004878048780486,-1.906310975609756,0.40676829268292686,3280,3,1093.3333333333333,0.2995121951219515,-0.7063109756097561,1.006768292682927,complete
richaun_holmes_2020_SAC,Richaun Holmes,2020-21,3,re_signed_standard,roster_continuity,0.8047815333882935,0.20239076669414674,0.6023907666941468,2426,2,0.18634453781512605,0.22394957983193278,-0.03760504201680673,2856,2,1428,-0.6184369955731674,0.021558813137786043,-0.6399958087109535,complete
ricky_rubio_2020_MIN,Ricky Rubio,2020-21,3,new_team,team_change,0.41793103448275865,-0.12459770114942534,0.4910344827586207,3915,2,-1.438210399032648,-1.961185006045949,0.5400846432889963,3308,3,1102.6666666666667,-1.8561414335154067,-1.8365873048965238,0.049050160530375586,complete
rj_barrett_2020_NYK,RJ Barrett,2020-21,3,re_signed_standard,roster_continuity,-4.3,-2.8999999999999995,-1.5,1704,1,-1.965811157638795,-0.8044036201539916,-1.1614075374848034,7403,3,2467.6666666666665,2.334188842361205,2.095596379846008,0.3385924625151966,complete
robert_covington_2020_POR,Robert Covington,2020-21,3,new_team,team_change,0.5762874251497007,-0.947874251497006,1.58814371257485,3340,2,0.43548972188633617,-1.2916968964127367,1.6723901652559452,4962,3,1654,-0.1407977032633645,-0.34382264491573067,0.0842464526810951,complete
robin_lopez_2020_WAS,Robin Lopez,2020-21,3,new_team,team_change,-2.161544461778471,-1.4967238689547582,-0.7274570982839312,2564,2,-1.871617497456765,-0.6093591047812817,-1.2622583926754831,1966,2,983,0.28992696432170617,0.8873647641734764,-0.5348012943915519,complete
rodions_kurucs_2020_MIL,Rodions Kurucs,2020-21,3,new_team,team_change,-2.669160768452983,-3.14206268958544,0.5074823053589484,1978,2,NA,NA,NA,NA,NA,NA,NA,NA,NA,missing_data
rodney_mcgruder_2020_DET,Rodney McGruder,2020-21,3,new_team,team_change,-2.5518380834365963,-2.739653035935564,0.2237918215613383,2421,2,-1.4410015649452268,-0.741001564945227,-0.7,1278,2,639,1.1108365184913696,1.9986514709903371,-0.9237918215613383,complete
romeo_langford_2020_BOS,Romeo Langford,2020-21,3,re_signed_standard,roster_continuity,NA,NA,NA,NA,NA,-2.86328173374613,-2.4567801857585136,-0.3065015479876161,1615,2,807.5,NA,NA,NA,missing_data
rondae_hollis_jefferson_2020_POR,Rondae Hollis Jefferson,2020-21,3,new_team,team_change,NA,NA,NA,NA,NA,NA,NA,NA,NA,NA,NA,NA,NA,NA,missing_data
royce_oneale_2020_UTA,Royce O'Neale,2020-21,3,re_signed_standard,roster_continuity,0.27112903225806456,-1.883951612903226,2.1550806451612905,3720,2,0.21483843537414968,-1.2343112244897958,1.4514880952380953,7056,3,2352,-0.056290596883914884,0.6496403884134303,-0.7035925499231952,complete
rudy_gay_2020_SAS,Rudy Gay,2020-21,3,re_signed_standard,roster_continuity,0.42688465031789274,0.44613987284287016,-0.06348773841961854,3303,2,-1.3816313823163138,-1.1830635118306352,-0.1985678704856787,3212,3,1070.6666666666667,-1.8085160326342065,-1.6292033846735055,-0.13508013206606018,complete
rudy_gobert_2020_UTA,Rudy Gobert,2020-21,3,re_signed_supermax,supermax_partial,4.544725050916497,2.3823014256619146,2.214908350305499,4910,2,3.403857474825717,1.6639349341595664,1.73992254066615,6455,3,2151.6666666666665,-1.1408675760907805,-0.7183664915023482,-0.4749858096393491,complete
rui_hachimura_2020_WAS,Rui Hachimura,2020-21,3,re_signed_standard,roster_continuity,-3.2,-1.2,-2,1444,1,-2.4051592962434616,-1.348216833095578,-1.156942463147884,4206,3,1402,0.7948407037565386,-0.14821683309557798,0.843057536852116,complete
russell_westbrook_2020_WAS,Russell Westbrook,2020-21,3,new_team,team_change,3.5797178884377003,2.2745030989527675,1.3052147894849329,4679,2,0.6839118918165343,0.6862679492541476,-0.0023560574376133006,7173,3,2391,-2.8958059966211662,-1.5882351496986198,-1.3075708469225462,complete
ryan_arcidiacono_2020_CHI,Ryan Arcidiacono,2020-21,3,re_signed_standard,roster_continuity,-2.189519197509512,-2.225181598062954,0.03566240055344173,2891,2,NA,NA,NA,NA,NA,NA,NA,NA,NA,missing_data
sekou_doumbouya_2020_DET,Sekou Doumbouya,2020-21,3,re_signed_standard,roster_continuity,-6.7,-5.2,-1.4,754,1,-6.7,-5.4,-1.3,869,1,869,0,-0.20000000000000018,0.09999999999999987,complete
semi_ojeleye_2020_BOS,Semi Ojeleye,2020-21,3,re_signed_standard,roster_continuity,-2.5512149532710278,-2.3590654205607473,-0.19214953271028032,1605,2,-2.4,-1.7,-0.7,950,1,950,0.15121495327102785,0.6590654205607474,-0.5078504672897196,complete
serge_ibaka_2020_LAC,Serge Ibaka,2020-21,3,new_team,team_change,0.1575107296137339,0.1575107296137339,0.05751072961373391,3495,2,0.011735807860262008,0.0032205240174671746,0.008515283842794756,1832,2,916,-0.1457749217534719,-0.15429020559626674,-0.04899544577093915,complete
seth_curry_2020_PHI,Seth Curry,2020-21,3,new_team,team_change,-0.04645378151260498,0.7124705882352941,-0.8059495798319327,2975,2,-0.8658707865168539,-0.13019662921348316,-0.7356741573033708,4984,3,1661.3333333333333,-0.819417005004249,-0.8426672174487773,0.07027542252856189,complete
shai_gilgeous-alexander_2020_OKC,Shai Gilgeous-Alexander,2020-21,3,re_signed_standard,roster_continuity,0.6607127335940894,0.26071273359408953,0.4,4602,2,5.2505597688696275,4.334597327555074,0.8723365836041892,5538,3,1846,4.589847035275538,4.073884593960985,0.4723365836041892,complete
shake_milton_2020_PHI,Shake Milton,2020-21,3,re_signed_standard,roster_continuity,-1,0,-1,805,1,-1.9171381031613977,-1.0639648205372,-0.8506536724506774,4207,3,1402.3333333333333,-0.9171381031613977,-1.0639648205372,0.14934632754932264,complete
shaquille_harrison_2020_DEN,Shaquille Harrison,2020-21,3,new_team,team_change,-1.3,-2.8,1.5,1430,1,NA,NA,NA,NA,NA,NA,NA,NA,NA,missing_data
solomon_hill_2020_ATL,Solomon Hill,2020-21,3,new_team,team_change,-2.54852492370295,-2.4912512716174975,-0.012614445574771144,1966,2,-2.5,-3,0.5,1513,1,1513,0.04852492370295014,-0.5087487283825025,0.5126144455747711,complete
spencer_dinwiddie_2020_BKN,Spencer Dinwiddie,2020-21,3,re_signed_standard,roster_continuity,1.2122824974411464,2.063306038894575,-0.851023541453429,3908,2,0.5316684378320935,1.263336875664187,-0.6895855472901169,4705,2,2352.5,-0.6806140596090529,-0.799969163230388,0.16143799416331206,complete
stanley_johnson_2020_TOR,Stanley Johnson,2020-21,3,re_signed_standard,roster_continuity,-2.2,-3.1,0.9,1208,1,-2.6041904761904764,-3.279047619047619,0.626952380952381,2100,2,1050,-0.4041904761904762,-0.17904761904761912,-0.273047619047619,complete
sterling_brown_2020_HOU,Sterling Brown,2020-21,3,new_team,team_change,-1.7129372570794004,-2.311049416990561,0.5981121599111605,1801,2,-2.039633817985999,-2.208723747980614,0.16908992999461497,1857,2,928.5,-0.3266965609065988,0.102325669009947,-0.42902222991654554,complete
steven_adams_2020_NOP,Steven Adams,2020-21,3,new_team,team_change,1.7953322602897217,1.163554840193148,0.6704069901126697,4349,2,0.8858560270213216,0.2147139539793118,0.6711420730420097,4737,3,1579,-0.9094762332684001,-0.9488408862138361,7.350829293399919e-4,complete
svi_mykhailiuk_2020_OKC,Svi Mykhailiuk,2020-21,3,new_team,team_change,-1.9,-0.7,-1.2,1265,1,-2.705294117647059,-2.18078431372549,-0.5245098039215687,2040,2,1020,-0.8052941176470592,-1.4807843137254901,0.6754901960784313,complete
taj_gibson_2020_NYK,Taj Gibson,2020-21,3,re_signed_standard,roster_continuity,-0.47808926595352264,-0.11589819254887497,-0.3621910734046478,2711,2,-0.3587672688629118,-1.8561105207226354,1.5470775770456962,1882,2,941,0.11932199709061081,-1.7402123281737605,1.909268650450344,complete
taurean_prince_2020_CLE,Taurean Prince,2020-21,3,new_team,team_change,-2.4902610736286297,-1.98052214725726,-0.50973892637137,3409,2,-2.022571777642028,-1.6378130726939526,-0.3843005497861942,3274,3,1091.3333333333333,0.4676892959866019,0.34270907456330746,0.12543837658517576,complete
terance_mann_2020_LAC,Terance Mann,2020-21,3,re_signed_standard,roster_continuity,NA,NA,NA,NA,NA,-0.3699926632428467,-0.5588224504768893,0.18882978723404256,5452,3,1817.3333333333333,NA,NA,NA,missing_data
terence_davis_2020_SAC,Terence Davis,2020-21,3,new_team,team_change,0.8,0.1,0.7,1209,1,-1.4564259485924111,-0.9716442268461852,-0.584781721746226,2451,3,817,-2.256425948592411,-1.0716442268461852,-1.284781721746226,complete
terrance_ferguson_2020_PHI,Terrance Ferguson,2020-21,3,new_team,team_change,-4.076003764115432,-4.254861982434128,0.1788582183186951,3188,2,NA,NA,NA,NA,NA,NA,NA,NA,NA,missing_data
terrence_ross_2020_ORL,Terrence Ross,2020-21,3,re_signed_standard,roster_continuity,0.2387719732607081,0.538771973260708,-0.29999999999999993,4039,2,-2.726957575757576,-1.9151030303030303,-0.7440969696969698,4125,3,1375,-2.965729549018284,-2.4538750035637382,-0.4440969696969699,complete
terry_rozier_2020_CHA,Terry Rozier,2020-21,3,re_signed_standard,roster_continuity,-0.3094310998735778,0.12073324905183318,-0.4301643489254108,3955,2,0.9429056924384026,1.7664117813650524,-0.7583120928915322,7062,3,2354,1.2523367923119804,1.6456785323132193,-0.32814774396612145,complete
thaddeus_young_2020_CHI,Thaddeus Young,2020-21,3,re_signed_standard,roster_continuity,0.44713235294117654,-0.30191176470588227,0.7490441176470589,4080,2,2.2448663426488453,0.5444410692588092,1.7004252733900362,3292,3,1097.3333333333333,1.7977339897076687,0.8463528339646915,0.9513811557429773,complete
thanasis_antetokounmpo_2020_MIL,Thanasis Antetokounmpo,2020-21,3,re_signed_standard,roster_continuity,NA,NA,NA,NA,NA,-3.5,-3.7,0.2,551,1,551,NA,NA,NA,missing_data
theo_pinson_2020_NYK,Theo Pinson,2020-21,3,new_team,team_change,NA,NA,NA,NA,NA,NA,NA,NA,NA,NA,NA,NA,NA,NA,missing_data
thomas_bryant_2020_WAS,Thomas Bryant,2020-21,3,re_signed_standard,roster_continuity,2.08679530836171,2.5603859250851304,-0.4735906167234204,2643,2,0.6,1.1,-0.5,1081,1,1081,-1.4867953083617098,-1.4603859250851303,-0.0264093832765796,complete
thon_maker_2020_CLE,Thon Maker,2020-21,3,new_team,team_change,-1.2887871853546908,-2.1556064073226544,0.8668192219679632,1748,2,NA,NA,NA,NA,NA,NA,NA,NA,NA,missing_data
tim_frazier_2020_MEM,Tim Frazier,2020-21,3,new_team,team_change,-1.8,-1.4,-0.4,1120,1,NA,NA,NA,NA,NA,NA,NA,NA,NA,missing_data
tim_hardaway_2020_DAL,Tim Hardaway Jr.,2020-21,3,re_signed_standard,roster_continuity,-1.0422131147540985,0.555327868852459,-1.6975409836065574,4148,2,-0.6184689706428836,0.525157933853586,-1.1805091044221478,5382,3,1794,0.42374414411121486,-0.030169934998872994,0.5170318791844095,complete
timothe_luwawu-cabarrot_2020_BKN,Timothe Luwawu-Cabarrot,2020-21,3,re_signed_standard,roster_continuity,-3.5186596583442844,-2.810972404730617,-0.7637319316688568,1522,2,-3.965706051873199,-2.8446685878962534,-1.1210374639769451,1735,2,867.5,-0.4470463935289146,-0.033696183165636384,-0.35730553230808837,complete
tj_leaf_2020_POR,T.J. Leaf,2020-21,3,new_team,team_change,-0.3,0.3,-0.6,522,1,NA,NA,NA,NA,NA,NA,NA,NA,NA,missing_data
tj_mcconnell_2020_IND,T.J. McConnell,2020-21,3,re_signed_standard,roster_continuity,-0.23605150214592274,-0.8989270386266095,0.6628755364806868,2796,2,0.9723704076497232,-0.002415702063412199,1.036386512330146,3974,3,1324.6666666666667,1.208421909795646,0.8965113365631973,0.37351097584945914,complete
tj_warren_2020_IND,T.J. Warren,2020-21,3,re_signed_standard,roster_continuity,0.6036496350364964,1.0854576080853453,-0.41998877035373394,3562,2,-2,-1.6999999999999997,-0.2,687,1,687,-2.603649635036496,-2.785457608085345,0.21998877035373393,complete
tobias_harris_2020_PHI,Tobias Harris,2020-21,3,re_signed_standard,roster_continuity,1.2284424379232506,1.7284424379232506,-0.5,5316,2,1.3094523094523094,1.2624052624052624,0.04704704704704706,6993,3,2331,0.08100987152905881,-0.4660371755179882,0.5470470470470471,complete
tomas_satoransky_2020_CHI,Tomas Satoransky,2020-21,3,re_signed_standard,roster_continuity,-0.9323107372587827,-0.7252350321622959,-0.25353785254824346,4042,2,-1.8100768187980119,-1.7053773158608223,-0.06375960234975146,2213,2,1106.5,-0.8777660815392292,-0.9801422836985264,0.18977825019849198,complete
tony_bradley_2020_OKC,Tony Bradley,2020-21,3,new_team,team_change,1.3,1,0.3,663,1,-0.08029197080291971,-0.22481751824817522,0.14452554744525548,1233,2,616.5,-1.3802919708029198,-1.2248175182481753,-0.1554744525547445,complete
tony_snell_2020_ATL,Tony Snell,2020-21,3,new_team,team_change,-1.312937181663837,-1.1114431239388793,-0.20149405772495751,2945,2,-2.1777410468319562,-1.7603305785123966,-0.4174104683195593,1815,2,907.5,-0.8648038651681191,-0.6488874545735173,-0.2159164105946018,complete
torrey_craig_2020_PHX,Torrey Craig,2020-21,3,new_team,team_change,-2.06652427184466,-2,-0.00815533980582522,2575,2,-0.8558546123763515,-1.2621348056130666,0.40628019323671494,4347,3,1449,1.2106696594683084,0.7378651943869334,0.41443553304254016,complete
trae_young_2020_ATL,Trae Young,2020-21,3,re_signed_standard,roster_continuity,1.463595068137573,4.0884490590525635,-2.570711659095825,4623,2,4.104700737906532,5.952309374145941,-1.9128860344356382,7318,3,2439.3333333333335,2.641105669768959,1.863860315093378,0.657825624660187,complete
trevor_ariza_2020_MIA,Trevor Ariza,2020-21,3,new_team,team_change,-0.9891202498698595,-0.972019781363873,-0.017100468505986417,3842,2,-1.1,-1.2,0.1,841,1,841,-0.11087975013014062,-0.22798021863612694,0.11710046850598642,complete
trey_burke_2020_DAL,Trey Burke,2020-21,3,re_signed_standard,roster_continuity,0.005167173252279635,1.278723404255319,-1.2735562310030395,1645,2,-1.8,-1.4,-0.4,911,1,911,-1.8051671732522796,-2.6787234042553187,0.8735562310030395,complete
trey_lyles_2020_SAS,Trey Lyles,2020-21,3,re_signed_standard,roster_continuity,-1.7621079046424089,-1.1089502300292764,-0.7,2391,2,-0.6135416666666667,0.2760416666666667,-0.8447916666666667,2784,2,1392,1.1485662379757422,1.3849918966959431,-0.14479166666666676,complete
tristan_thompson_2020_BOS,Tristan Thompson,2020-21,3,new_team,team_change,-1.0895854744775608,0.45666324083590265,-1.5462487153134634,2919,2,-2.746428571428572,-1.5410714285714284,-1.2053571428571428,2184,2,1092,-1.656843096951011,-1.997734669407331,0.3408915724563206,complete
troy_brown_2020_CHI,Troy Brown Jr.,2020-21,3,new_team,team_change,-1.635907643312102,-1.0615445859872612,-0.5743630573248408,2512,2,-1.7025298051759232,-1.9978772899098574,0.2799069496946787,3439,3,1146.3333333333333,-0.0666221618638212,-0.9363327039225962,0.8542700070195195,complete
ty_jerome_2020_OKC,Ty Jerome,2020-21,3,new_team,team_change,NA,NA,NA,NA,NA,-1.2668191268191267,-1.0731808731808732,-0.226943866943867,2405,3,801.6666666666666,NA,NA,NA,missing_data
tyler_herro_2020_MIA,Tyler Herro,2020-21,3,re_signed_standard,roster_continuity,-1.6,-0.4,-1.2,1508,1,0.12778049975502204,1.0544830965213132,-0.8885350318471338,6123,3,2041,1.7277804997550221,1.4544830965213134,0.3114649681528662,complete
tyler_johnson_2020_BKN,Tyler Johnson,2020-21,3,re_signed_standard,roster_continuity,-1.1920017873100983,-1.1118409294012512,-0.0801608579088472,2238,2,-3.4,-2.4,-1,684,1,684,-2.2079982126899016,-1.2881590705987487,-0.9198391420911528,complete
tyus_jones_2020_MEM,Tyus Jones,2020-21,3,re_signed_standard,roster_continuity,-0.070487106017192,-0.32636103151862467,0.2558739255014327,2792,2,1.4253661642963276,0.8627892167268095,0.5213967310549777,4711,3,1570.3333333333333,1.4958532703135197,1.1891502482454341,0.26552280555354507,complete
udonis_haslem_2020_MIA,Udonis Haslem,2020-21,3,re_signed_standard,roster_continuity,NA,NA,NA,NA,NA,NA,NA,NA,NA,NA,NA,NA,NA,NA,missing_data
vincent_poirier_2020_PHI,Vincent Poirier,2020-21,3,new_team,team_change,NA,NA,NA,NA,NA,NA,NA,NA,NA,NA,NA,NA,NA,NA,missing_data
wayne_ellington_2020_DET,Wayne Ellington,2020-21,3,new_team,team_change,-0.8723450134770889,-0.7812938005390835,-0.09105121293800542,1855,2,-0.7334796926454447,0.2997804610318332,-0.9888035126234908,1822,2,911,0.13886532083164427,1.0810742615709166,-0.8977522996854853,complete
wendell_carter_2020_ORL,Wendell Carter Jr.,2020-21,3,new_team,team_change,-2.0246830092983936,-2.146914623837701,0.12223161453930684,2366,2,0.5828147244254628,0.3783811267032743,0.20443359772218833,4917,3,1639,2.6074977337238563,2.525295750540975,0.0822019831828815,complete
wenyen_gabriel_2020_NOP,Wenyen Gabriel,2020-21,3,new_team,team_change,NA,NA,NA,NA,NA,-2.2,-2.3,0.1,1024,1,1024,NA,NA,NA,missing_data
wes_iwundu_2020_NOP,Wes Iwundu,2020-21,3,new_team,team_change,-2.938426349496798,-3.3204483074107958,0.3384263494967978,2186,2,-6.3,-6.1,-0.3,539,1,539,-3.361573650503202,-2.779551692589204,-0.6384263494967978,complete
wesley_matthews_2020_LAL,Wesley Matthews,2020-21,3,new_team,team_change,-1.8,-1.9265700483091786,0.026570048309178744,3726,2,-2.5208672086720867,-3.149390243902439,0.6563008130081301,2952,3,984,-0.7208672086720866,-1.2228201955932605,0.6297307646989514,complete
will_barton_2020_DEN,Will Barton,2020-21,3,re_signed_standard,roster_continuity,-0.010499194847020905,0.3192592592592592,-0.4297584541062802,3105,2,-1.4020575309628445,-0.5615661206552137,-0.8058130243707552,5006,3,1668.6666666666667,-1.3915583361158235,-0.880825379914473,-0.376054570264475,complete
willie_cauley-stein_2020_DAL,Willie Cauley-Stein,2020-21,3,re_signed_standard,roster_continuity,0.9680060422960725,-0.26398791540785493,1.2988519637462235,3310,2,-1.3,-2.2,0.9,906,1,906,-2.2680060422960726,-1.9360120845921451,-0.39885196374622345,complete
willy_hernangomez_2020_NOP,Willy Hernangomez,2020-21,3,new_team,team_change,-0.1,1.1,-1.1,812,1,0.0995845697329377,1.3983382789317507,-1.2489614243323441,1685,2,842.5,0.1995845697329377,0.2983382789317506,-0.14896142433234405,complete
yogi_ferrell_2020_LAC,Yogi Ferrell,2020-21,3,new_team,team_change,-1.5327489041953664,-1.165936130244208,-0.3668127739511584,1597,2,NA,NA,NA,NA,NA,NA,NA,NA,NA,missing_data
zach_lavine_2020_CHI,Zach LaVine,2020-21,3,re_signed_standard,roster_continuity,1.6328242481203008,2.840906954887218,-1.2080827067669173,4256,2,2.662328190743338,3.719410939691445,-0.9897335203366059,7130,3,2376.6666666666665,1.0295039426230372,0.8785039848042269,0.21834918643031143,complete
aaron_gordon_2021_DEN,Aaron Gordon,2021-22,3,re_signed_standard,roster_continuity,0.040693913554836814,0.022081740664510435,0.01861217289032638,3401,2,0.8733650416171225,1.319322235434007,-0.44595719381688476,6728,3,2242.6666666666665,0.8326711280622856,1.2972404947694967,-0.46456936670721116,complete
aaron_holiday_2021_PHX,Aaron Holiday,2021-22,3,new_team,team_change,-2.694736842105263,-2.3157894736842106,-0.37894736842105264,2793,2,-1.6999043062200956,-2.1290590111642747,0.46172248803827753,3135,3,1045,0.9948325358851675,0.18673046251993597,0.8406698564593302,complete
aaron_nesmith_2021_BOS,Aaron Nesmith,2021-22,3,re_signed_standard,roster_continuity,-3.2,-2.8,-0.4,669,1,-2.0327708095781074,-1.7304218928164194,-0.2892588369441277,4385,3,1461.6666666666667,1.1672291904218928,1.0695781071835804,0.11074116305587234,complete
al-farouq_aminu_2021_BOS,Al-Farouq Aminu,2021-22,3,new_team,team_change,NA,NA,NA,NA,NA,NA,NA,NA,NA,NA,NA,NA,NA,NA,missing_data
alec_burks_2021_NYK,Alec Burks,2021-22,3,re_signed_standard,roster_continuity,0.917082087072117,1.0748753738783647,-0.1577932868062479,3009,2,0.0888220120378332,0.15666380051590717,-0.043723129836629425,4652,3,1550.6666666666667,-0.8282600750342838,-0.9182115733624576,0.11407015696961847,complete
aleksej_pokusevski_2021_OKC,Aleksej Pokusevski,2021-22,3,re_signed_standard,roster_continuity,-6.1,-5.1,-1,1090,1,-1.6576008273009308,-2.0838159255429165,0.4262150982419855,1934,2,967,4.442399172699069,3.016184074457083,1.4262150982419854,complete
alex_caruso_2021_CHI,Alex Caruso,2021-22,3,new_team,team_change,-0.09828523630280217,-2.549142618151401,2.450857381848599,2391,2,1.4829693406131879,-1.1718605627887444,2.6307433851322974,4762,3,1587.3333333333333,1.58125457691599,1.3772820553626566,0.17988600328369841,complete
alex_len_2021_SAC,Alex Len,2021-22,3,new_team,team_change,-0.3986146741918933,-0.8516162134427911,0.3530015392508979,1949,2,-2.9,-3.2,0.3,620,1,620,-2.5013853258081067,-2.348383786557209,-0.0530015392508979,complete
alfonzo_mckinnie_2021_CHI,Alfonzo McKinnie,2021-22,3,new_team,team_change,-5.3,-4.4,-0.9,593,1,NA,NA,NA,NA,NA,NA,NA,NA,NA,missing_data
amir_coffey_2021_LAC,Amir Coffey,2021-22,3,re_signed_standard,roster_continuity,NA,NA,NA,NA,NA,-1.8639375684556407,-1.6242059145673604,-0.23973165388828038,3652,3,1217.3333333333333,NA,NA,NA,missing_data
andre_drummond_2021_BKN,Andre Drummond,2021-22,3,new_team,team_change,0.0643063120794618,-0.7367190003204102,0.8612303748798462,3121,2,0.3640362936486115,-0.0224635688754468,0.4098432774264503,3637,3,1212.3333333333333,0.2997299815691497,0.7142554314449634,-0.4513870974533959,complete
andre_iguodala_2021_GSW,Andre Iguodala,2021-22,3,new_team,team_change,-0.4,-2.2,1.8000000000000003,1339,1,2.7,-0.9,3.6999999999999997,603,1,603,3.1,1.3000000000000003,1.8999999999999995,complete
andrew_wiggins_2021_GSW,Andrew Wiggins,2021-22,3,re_signed_standard,roster_continuity,-0.3559924206537186,0.48408337280909525,-0.8400757934628138,4222,2,-0.8204044117647059,-0.3875,-0.4681985294117647,5440,3,1813.3333333333333,-0.4644119911109873,-0.8715833728090953,0.3718772640510491,complete
anfernee_simons_2021_POR,Anfernee Simons,2021-22,3,re_signed_standard,roster_continuity,-2.9864864864864864,-1.2162162162162162,-1.7702702702702702,2553,2,-0.5977916820022083,1.8931910195068091,-2.5618697092381306,5434,3,1811.3333333333333,2.388694804484278,3.109407235723025,-0.7915994389678604,complete
anthony_edwards_2021_MIN,Anthony Edwards,2021-22,3,re_signed_standard,roster_continuity,-2.1,-0.4,-1.7,2314,1,1.8497400346620452,1.766105471651399,0.04934389700420895,8078,3,2692.6666666666665,3.949740034662045,2.166105471651399,1.749343897004209,complete
anthony_gill_2021_WAS,Anthony Gill,2021-22,3,re_signed_standard,roster_continuity,NA,NA,NA,NA,NA,-3.3,-2.4,-0.9,624,1,624,NA,NA,NA,missing_data
austin_rivers_2021_DEN,Austin Rivers,2021-22,3,re_signed_standard,roster_continuity,-2.2921279212792127,-2.134645346453465,-0.15748257482574826,2439,2,-3.3929487179487174,-3.4185897435897434,0.02564102564102564,2496,2,1248,-1.1008207966695047,-1.2839443971362785,0.1831236004667739,complete
avery_bradley_2021_LAL,Avery Bradley,2021-22,3,new_team,team_change,-3.476398210290828,-3.639709172259508,0.16331096196868009,1788,2,-3.6,-3.5,-0.09999999999999999,1406,1,1406,-0.12360178970917213,0.13970917225950785,-0.2633109619686801,complete
bam_adebayo_2021_MIA,Bam Adebayo,2021-22,3,re_signed_standard,roster_continuity,4.104934210526316,2.1049342105263156,2,4560,2,2.4317005410147683,1.0401666910367013,1.4648486620851002,6839,3,2279.6666666666665,-1.6732336695115473,-1.0647675194896142,-0.5351513379148998,complete
ben_mclemore_2021_POR,Ben McLemore,2021-22,3,new_team,team_change,-1.7190966719492868,-0.9039619651347067,-0.8151347068145801,2524,2,-3.2,-0.7,-2.5,1285,1,1285,-1.4809033280507133,0.20396196513470677,-1.6848652931854198,complete
ben_simmons_2021_PHI,Ben Simmons,2021-22,3,re_signed_standard,roster_continuity,3.262583461736004,1.0107858243451464,2.2517976373908577,3894,2,0.4,-2.2,2.6,1105,1,1105,-2.862583461736004,-3.2107858243451464,0.3482023626091424,complete
bismack_biyombo_2021_PHX,Bismack Biyombo,2021-22,3,new_team,team_change,-2.783641715727502,-2.7076534903280063,-0.07598822539949535,2378,2,-1.9040994933210502,-3.513864578535237,1.609765085214187,2171,3,723.6666666666666,0.8795422224064517,-0.8062110882072306,1.6857533106136824,complete
blake_griffin_2021_BKN,Blake Griffin,2021-22,3,re_signed_standard,roster_continuity,-1.855359246171967,-1.0713780918727915,-0.7839811542991755,1698,2,-0.27642436149312377,-0.8981008513425015,0.6216764898493778,1527,2,763.5,1.5789348846788434,0.17327724053029003,1.4056576441485533,complete
boban_marjanovic_2021_DAL,Boban Marjanovic,2021-22,3,re_signed_standard,roster_continuity,NA,NA,NA,NA,NA,NA,NA,NA,NA,NA,NA,NA,NA,NA,missing_data
bobby_portis_2021_MIL,Bobby Portis,2021-22,3,re_signed_standard,roster_continuity,0.19012658227848095,0.8931645569620252,-0.7526582278481014,2765,2,0.012265117868124332,0.7883840109326956,-0.8071745814827468,5854,3,1951.3333333333333,-0.1778614644103566,-0.10478054602932962,-0.054516353634645354,complete
bogdan_bogdanovic_2021_ATL,Bogdan Bogdanovic,2021-22,3,re_signed_standard,roster_continuity,1.8748290459133834,2.0923803321393684,-0.16004558775643113,3071,2,0.6316831683168318,1.1449887093972557,-0.5394997394476289,5757,3,1919,-1.2431458775965516,-0.9473916227421126,-0.3794541516911977,complete
bojan_bogdanovic_2021_UTA,Bojan Bogdanovic,2021-22,3,re_signed_standard,roster_continuity,-0.15773435682716913,0.8783438008839265,-1.0876250290765295,4299,2,-0.5843693202471829,1.3262086513994913,-1.910577971646674,5502,3,1834,-0.4266349634200138,0.4478648505155648,-0.8229529425701445,complete
bol_bol_2021_DEN,Bol Bol,2021-22,3,re_signed_standard,roster_continuity,NA,NA,NA,NA,NA,-0.9,-1.8,0.9,1505,1,1505,NA,NA,NA,missing_data
brad_wanamaker_2021_WAS,Brad Wanamaker,2021-22,3,new_team,team_change,-2.0781998348472337,-2.9869116432700253,0.8652353426919901,2422,2,NA,NA,NA,NA,NA,NA,NA,NA,NA,missing_data
bradley_beal_2021_WAS,Bradley Beal,2021-22,3,re_signed_standard,roster_continuity,3.155595238095238,5.044404761904762,-1.8888095238095237,4200,2,0.9980323836851815,1.9102275056364009,-0.9827013732322198,4879,3,1626.3333333333333,-2.1575628544100565,-3.1341772562683605,0.9061081505773039,complete
brandon_clarke_2021_MEM,Brandon Clarke,2021-22,3,re_signed_standard,roster_continuity,2.266114180478821,1.3576427255985266,0.9605893186003683,2715,2,3.406763698630137,2.0267979452054794,1.4266267123287673,2336,2,1168,1.1406495181513159,0.6691552196069528,0.4660373937283989,complete
brandon_goodwin_2021_CLE,Brandon Goodwin,2021-22,3,new_team,team_change,-3.1,-2.5,-0.6,620,1,-1.6,-2.6,1.1,502,1,502,1.5,-0.10000000000000009,1.7000000000000002,complete
brandon_ingram_2021_NOP,Brandon Ingram,2021-22,3,re_signed_standard,roster_continuity,2.1498689540147726,2.8989516321181794,-0.7490826781034072,4197,2,1.6109255898366608,2.030344827586207,-0.4296733212341198,5510,3,1836.6666666666667,-0.5389433641781118,-0.8686068045319724,0.31940935686928745,complete
brodric_thomas_2021_BOS,Brodric Thomas,2021-22,3,new_team,team_change,NA,NA,NA,NA,NA,NA,NA,NA,NA,NA,NA,NA,NA,NA,missing_data
brook_lopez_2021_MIL,Brook Lopez,2021-22,3,re_signed_standard,roster_continuity,0.9771443936542081,-0.19542887873084164,1.22143049206776,3719,2,1.54563127090301,0.49761705685618735,1.048014214046823,4784,2,2392,0.5684868772488019,0.693045935587029,-0.17341627802093718,complete
bruce_brown_2021_BKN,Bruce Brown,2021-22,3,re_signed_standard,roster_continuity,-0.6826256077795786,-1.2474554294975688,0.5177957860615884,3085,2,-1.0229729729729728,-1.3,0.24550675675675676,5920,3,1973.3333333333333,-0.34034736519339426,-0.05254457050243122,-0.2722890293048316,complete
bruno_fernando_2021_HOU,Bruno Fernando,2021-22,3,new_team,team_change,-4.1,-3.1999999999999997,-0.9,713,1,-2.3,-3.1000000000000005,0.9000000000000001,682,1,682,1.7999999999999998,0.0999999999999992,1.8000000000000003,complete
bryn_forbes_2021_DEN,Bryn Forbes,2021-22,3,new_team,team_change,-2.0536992840095465,-0.13835663143539037,-1.9153426525741561,2933,2,-2.9,-0.7,-2.2,1286,1,1286,-0.8463007159904534,-0.5616433685646096,-0.28465734742584403,complete
buddy_hield_2021_IND,Buddy Hield,2021-22,3,new_team,team_change,0.2103248010324802,1.714992471499247,-1.504667670466767,4649,2,0.3614339728329366,1.3463800588152919,-0.9849460859823554,7141,3,2380.3333333333335,0.1511091718004564,-0.36861241268395517,0.5197215844844115,complete
caleb_martin_2021_MIA,Caleb Martin,2021-22,3,new_team,team_change,-3.4,-3.6,0.20000000000000004,818,1,-0.8636311239193083,-1.434121037463977,0.5042267050912584,5205,3,1735,2.5363688760806915,2.165878962536023,0.3042267050912584,complete
cameron_johnson_2021_PHX,Cameron Johnson,2021-22,3,re_signed_standard,roster_continuity,0.033098068350668634,0.37295690936106984,-0.29323922734026747,2692,2,1.8613074204946995,1.6115503533568905,0.2497570671378092,4528,3,1509.3333333333333,1.828209352144031,1.2385934439958206,0.5429962944780766,complete
cameron_payne_2021_PHX,Cameron Payne,2021-22,3,re_signed_standard,roster_continuity,3.1,2.1,1,1079,1,-0.7312676056338028,-0.464,-0.26726760563380275,3550,3,1183.3333333333333,-3.831267605633803,-2.564,-1.2672676056338028,complete
caris_levert_2021_CLE,Caris LeVert,2021-22,3,new_team,team_change,0.06938920454545454,0.7583096590909091,-0.6889204545454546,2816,2,-0.3669678714859438,-0.5709170013386882,0.20394912985274438,5976,3,1992,-0.43635707603139834,-1.3292266604295973,0.892869584398199,complete
carmelo_anthony_2021_LAL,Carmelo Anthony,2021-22,3,new_team,team_change,-2.4237750556792874,-0.8590200445434298,-1.5647550111358575,3592,2,-0.5,0.4,-0.8,1793,1,1793,1.9237750556792874,1.2590200445434299,0.7647550111358574,complete
carsen_edwards_2021_DET,Carsen Edwards,2021-22,3,new_team,team_change,NA,NA,NA,NA,NA,NA,NA,NA,NA,NA,NA,NA,NA,NA,missing_data
cassius_stanley_2021_DET,Cassius Stanley,2021-22,3,new_team,team_change,NA,NA,NA,NA,NA,NA,NA,NA,NA,NA,NA,NA,NA,NA,missing_data
cassius_winston_2021_WAS,Cassius Winston,2021-22,3,re_signed_standard,roster_continuity,NA,NA,NA,NA,NA,NA,NA,NA,NA,NA,NA,NA,NA,NA,missing_data
cedi_osman_2021_CLE,Cedi Osman,2021-22,3,re_signed_standard,roster_continuity,-2.864912280701754,-1.9649122807017543,-0.9,3420,2,-0.8076887123159616,-0.8960738490301472,0.15421827529796683,4279,3,1426.3333333333333,2.0572235683857927,1.068838431671607,1.0542182752979667,complete
chandler_hutchison_2021_PHX,Chandler Hutchison,2021-22,3,new_team,team_change,-2.6,-2.7,0.1,527,1,NA,NA,NA,NA,NA,NA,NA,NA,NA,missing_data
chimezie_metu_2021_SAC,Chimezie Metu,2021-22,3,re_signed_standard,roster_continuity,NA,NA,NA,NA,NA,-1.098019101521047,-1.4350902016271667,0.33707110010611957,2827,3,942.3333333333334,NA,NA,NA,missing_data
chris_boucher_2021_TOR,Chris Boucher,2021-22,3,re_signed_standard,roster_continuity,2.8313820422535207,2.087191901408451,0.7441901408450704,2272,2,-0.3016334864726901,0.43379275140377743,-0.7354262378764677,3918,3,1306,-3.1330155287262107,-1.6533991500046734,-1.4796163787215382,complete
chris_chiozza_2021_GSW,Chris Chiozza,2021-22,3,new_team,team_change,NA,NA,NA,NA,NA,NA,NA,NA,NA,NA,NA,NA,NA,NA,missing_data
chris_paul_2021_PHX,Chris Paul,2021-22,3,re_signed_standard,roster_continuity,4.499795779441797,3.2494894486044927,1.2503063308373044,4407,2,3.440618816333873,1.8173592372728908,1.623259579060982,5559,3,1853,-1.059176963107924,-1.432130211331602,0.3729532482236777,complete
chris_silva_2021_MIA,Chris Silva,2021-22,3,new_team,team_change,NA,NA,NA,NA,NA,NA,NA,NA,NA,NA,NA,NA,NA,NA,missing_data
christian_wood_2021_HOU,Christian Wood,2021-22,3,re_signed_standard,roster_continuity,2.2496793662768764,2.5996605054696342,-0.3,2651,2,0.8213010204081633,1.15484693877551,-0.3259778911564626,4704,3,1568,-1.4283783458687132,-1.4448135666941242,-0.025977891156462596,complete
chuma_okeke_2021_ORL,Chuma Okeke,2021-22,3,re_signed_standard,roster_continuity,-1.5,-1.9,0.5,1133,1,-0.44274371415968244,-1.7827966475518309,1.3400529333921483,2267,2,1133.5,1.0572562858403176,0.11720335244816904,0.8400529333921483,complete
cj_elleby_2021_POR,CJ Elleby,2021-22,3,re_signed_standard,roster_continuity,NA,NA,NA,NA,NA,-5.3,-3.8,-1.5,1174,1,1174,NA,NA,NA,missing_data
cj_mccollum_2021_NOP,CJ McCollum,2021-22,3,new_team,team_change,1.8089509143407123,3.339461020211742,-1.53051010587103,4156,2,1.853530849992809,2.5833740831295846,-0.7608945778800518,6953,3,2317.6666666666665,0.044579935652096614,-0.7560869370821575,0.7696155279909782,complete
clint_capela_2021_ATL,Clint Capela,2021-22,3,re_signed_standard,roster_continuity,2.176644633301857,2.015612212779352,0.16103242052250552,3177,2,1.4285234305923962,1.7949071618037133,-0.3996816976127321,5655,3,1885,-0.748121202709461,-0.22070505097563853,-0.5607141181352376,complete
coby_white_2021_CHI,Coby White,2021-22,3,re_signed_standard,roster_continuity,-2.6185378590078328,-1.2437075718015664,-1.3748302872062663,3830,2,-1.1005727012408526,-0.06097677378300989,-0.9937639198218263,6286,3,2095.3333333333335,1.5179651577669802,1.1827307980185566,0.38106636738444,complete
cody_martin_2021_CHA,Cody Martin,2021-22,3,re_signed_standard,roster_continuity,-2.051541095890411,-2.906164383561644,0.8546232876712329,1752,2,-1.3625429553264605,-2.033791523482245,0.6712485681557846,2619,2,1309.5,0.6889981405639505,0.8723728600793992,-0.18337471951544826,complete
cody_zeller_2021_POR,Cody Zeller,2021-22,3,new_team,team_change,-0.5571611253196931,0.028644501278772373,-0.5429667519181586,2346,2,NA,NA,NA,NA,NA,NA,NA,NA,NA,missing_data
cole_anthony_2021_ORL,Cole Anthony,2021-22,3,re_signed_standard,roster_continuity,-3.3,-1.9,-1.4,1273,1,-0.0500184229918938,-0.22829771554900516,0.14968680913780397,5428,3,1809.3333333333333,3.249981577008106,1.6717022844509948,1.5496868091378038,complete
collin_sexton_2021_CLE,Collin Sexton,2021-22,3,re_signed_standard,roster_continuity,-1.005260685767966,1.0450681070925316,-2.0006575857209956,4258,2,0.762111801242236,2.4843167701863353,-1.7577639751552796,3220,2,1610,1.7673724870102019,1.4392486630938037,0.242893610565716,complete
cory_joseph_2021_DET,Cory Joseph,2021-22,3,re_signed_standard,roster_continuity,-1.9097659906396256,-1.9646489859594387,0.05488299531981279,3205,2,-1.839582596391935,-1.4357622921825257,-0.40382030420940923,2827,2,1413.5,0.0701833942476906,0.528886693776913,-0.458703299529222,complete
damian_jones_2021_SAC,Damian Jones,2021-22,3,re_signed_standard,roster_continuity,-1.4618549511854952,-1.8288702928870295,0.3670153417015342,1434,2,0.3,-0.2,0.5,1017,1,1017,1.7618549511854953,1.6288702928870296,0.13298465829846579,complete
damian_lillard_2021_POR,Damian Lillard,2021-22,3,re_signed_standard,roster_continuity,6.90935960591133,7.90623973727422,-1.09688013136289,4872,2,3.787600139324277,5.308376872169976,-1.5207767328456985,5742,3,1914,-3.1217594665870534,-2.5978628651042435,-0.4238966014828085,complete
damion_lee_2021_GSW,Damion Lee,2021-22,3,re_signed_standard,roster_continuity,-1.2218625099920062,-1.1549960031974422,-0.06686650679456438,2502,2,-1.8364228819695871,-1.8002172338884865,-0.03620564808110063,2762,2,1381,-0.614560371977581,-0.6452212306910443,0.030660858713463746,complete
damyean_dotson_2021_NYK,Damyean Dotson,2021-22,3,new_team,team_change,-3.1692484222604698,-2.2009179575444633,-0.9683304647160068,1743,2,NA,NA,NA,NA,NA,NA,NA,NA,NA,missing_data
dangelo_russell_2021_MIN,D'Angelo Russell,2021-22,3,re_signed_standard,roster_continuity,1.764501510574018,3.5741691842900303,-1.809667673716012,2648,2,1.071114348142753,1.9855207574654046,-0.9782228696285507,6865,3,2288.3333333333335,-0.6933871624312651,-1.5886484268246257,0.8314448040874614,complete
daniel_gafford_2021_WAS,Daniel Gafford,2021-22,3,re_signed_standard,roster_continuity,0.6775,-0.8789999999999999,1.5565000000000002,1400,2,1.775323874151758,0.719823154431421,1.0555007197203372,4863,3,1621,1.097823874151758,1.5988231544314209,-0.500999280279663,complete
daniel_oturu_2021_TOR,Daniel Oturu,2021-22,3,new_team,team_change,NA,NA,NA,NA,NA,NA,NA,NA,NA,NA,NA,NA,NA,NA,missing_data
daniel_theis_2021_BOS,Daniel Theis,2021-22,3,new_team,team_change,1.186738238080202,-0.05718345437322384,1.243921692453426,3167,2,-1.8452309236947793,-1.7980923694779118,-0.047138554216867475,1992,2,996,-3.031969161774981,-1.740908915104688,-1.2910602466702934,complete
danilo_gallinari_2021_ATL,Danilo Gallinari,2021-22,3,re_signed_standard,roster_continuity,2.4202879581151833,3.1403141361256544,-0.7800392670157069,3056,2,-0.6652476107732407,0.5073848827106864,-1.145264986967854,2302,2,1151,-3.085535568888424,-2.632929253414968,-0.36522571995214703,complete
danny_green_2021_PHI,Danny Green,2021-22,3,re_signed_standard,roster_continuity,1.247749240541287,-0.2988400994200497,1.5,3621,2,-0.5,-1.4,0.8,1353,1,1353,-1.747749240541287,-1.1011599005799502,-0.7,complete
danuel_house_2021_UTA,Danuel House Jr.,2021-22,3,new_team,team_change,-1.6172583479789104,-1.4551845342706502,-0.2293145869947276,2845,2,-2.5730298580518842,-2.297209985315712,-0.25090553108174257,2043,3,681,-0.9557715100729738,-0.842025451045062,-0.02159094408701498,complete
daquan_jeffries_2021_MEM,DaQuan Jeffries,2021-22,3,new_team,team_change,NA,NA,NA,NA,NA,NA,NA,NA,NA,NA,NA,NA,NA,NA,missing_data
darius_bazley_2021_OKC,Darius Bazley,2021-22,3,re_signed_standard,roster_continuity,-3.287482419127989,-2.7026722925457105,-0.5848101265822786,2844,2,-1.6059842519685041,-2.075748031496063,0.469763779527559,2540,2,1270,1.6814981671594849,0.6269242610496475,1.0545739061098376,complete
darius_garland_2021_CLE,Darius Garland,2021-22,3,re_signed_standard,roster_continuity,-3.815993359158827,-1.3627006087437743,-2.4532927504150526,3614,2,1.5181174387724992,2.4303039244614935,-0.8760843906757154,6778,3,2259.3333333333335,5.334110797931326,3.7930045332052678,1.5772083597393372,complete
davis_bertans_2021_DAL,Davis Bertans,2021-22,3,new_team,team_change,0.08319658680669512,1.5468657696094519,-1.4636691828027568,3047,2,-2.0538825118163406,-1.2904118838622551,-0.7634706279540852,1481,2,740.5,-2.137079098623036,-2.8372776534717072,0.7001985548486717,complete
deaaron_fox_2021_SAC,De'Aaron Fox,2021-22,3,re_signed_standard,roster_continuity,1.8,2.7438147138964575,-0.9438147138964578,3670,2,1.674059626636946,2.290721649484536,-0.6166620228475898,7178,3,2392.6666666666665,-0.12594037336305397,-0.45309306441192154,0.327152691048868,complete
dean_wade_2021_CLE,Dean Wade,2021-22,3,re_signed_standard,roster_continuity,-1.3,-1.1,-0.1,1212,1,-0.3695535414568647,-2.124706277274253,1.725243370258476,2979,3,993,0.9304464585431353,-1.024706277274253,1.825243370258476,complete
deandre_ayton_2021_PHX,Deandre Ayton,2021-22,3,re_signed_standard,roster_continuity,0.9049239033124441,0.9893464637421666,-0.08442256042972249,3351,2,1.2948481561822125,1.1735538684020246,0.121294287780188,5532,3,1844,0.3899242528697684,0.18420740465985797,0.20571684820991049,complete
deandre_bembry_2021_MIL,DeAndre' Bembry,2021-22,3,new_team,team_change,-2.1909379968203497,-3.345468998410175,1.2545310015898252,1887,2,-0.7,-2.2,1.5,1026,1,1026,1.4909379968203498,1.1454689984101747,0.24546899841017478,complete
deandre_jordan_2021_PHI,DeAndre Jordan,2021-22,3,new_team,team_change,1.9951612903225806,0.6473387096774194,1.3980645161290324,2480,2,-1.5940397350993376,-1.9365894039735096,0.3910596026490066,1208,2,604,-3.589201025421918,-2.583928113650929,-1.0070049134800259,complete
deanthony_melton_2021_MEM,De'Anthony Melton,2021-22,3,re_signed_standard,roster_continuity,0.9810578661844485,-0.8772151898734177,1.8582730560578662,2212,2,1.158343685300207,-0.356935817805383,1.5152795031055901,4830,3,1610,0.17728581911575847,0.5202793720680348,-0.34299355295227607,complete
deividas_sirvydis_2021_DET,Deividas Sirvydis,2021-22,3,re_signed_standard,roster_continuity,NA,NA,NA,NA,NA,NA,NA,NA,NA,NA,NA,NA,NA,NA,missing_data
dejounte_murray_2021_SAS,Dejounte Murray,2021-22,3,re_signed_standard,roster_continuity,0.6236278097229483,-0.5086513329848406,1.132279142707789,3826,2,2.575937260902831,2.310303494006631,0.2999744963019637,7842,3,2614,1.9523094511798829,2.8189548269914715,-0.8323046464058252,complete
delon_wright_2021_ATL,Delon Wright,2021-22,3,new_team,team_change,2.0580470162748643,0.31609403254972873,1.6892706449668475,3318,2,2.2379502196193264,-0.3765739385065886,2.6720058565153733,3415,3,1138.3333333333333,0.17990320334446208,-0.6926679710563173,0.9827352115485257,complete
demar_derozan_2021_CHI,DeMar DeRozan,2021-22,3,new_team,team_change,2.4643183897529735,2.72323879231473,-0.25892040256175664,4372,2,2.091953886379843,2.3963037794152604,-0.3043498930354172,8414,3,2804.6666666666665,-0.37236450337313043,-0.3269350128994697,-0.04542949047366057,complete
demarcus_cousins_2021_DEN,DeMarcus Cousins,2021-22,3,new_team,team_change,0.39999999999999997,-1.2,1.5999999999999999,713,1,-1.5999999999999999,-1.8,0.19999999999999998,718,1,718,-1.9999999999999998,-0.6000000000000001,-1.4,complete
deni_avdija_2021_WAS,Deni Avdija,2021-22,3,re_signed_standard,roster_continuity,-3.1,-3.5999999999999996,0.4,1257,1,-1.6051908640792207,-1.8211627535537456,0.21597188947452484,6261,3,2087,1.4948091359207794,1.778837246446254,-0.18402811052547519,complete
dennis_schroder_2021_HOU,Dennis Schroder,2021-22,3,new_team,team_change,-0.5945638432364098,-0.08695322376738308,-0.4570670037926675,3955,2,-2.175384371532731,-1.3892692978284988,-0.7861150737042321,6309,3,2103,-1.5808205282963212,-1.3023160740611157,-0.32904806991156454,complete
dennis_smith_2021_POR,Dennis Smith Jr.,2021-22,3,new_team,team_change,-6.1,-5.2,-0.9,537,1,-1.6163913184321348,-3.0465824425008097,1.4058309037900876,3087,3,1029,4.483608681567865,2.1534175574991905,2.3058309037900875,complete
denzel_valentine_2021_UTA,Denzel Valentine,2021-22,3,new_team,team_change,-2.7,-2.2,-0.4,1036,1,NA,NA,NA,NA,NA,NA,NA,NA,NA,missing_data
derrick_favors_2021_OKC,Derrick Favors,2021-22,3,new_team,team_change,1.7284837861524978,0.5178790534618756,1.2561349693251533,2282,2,-2.1,-2.3,0.3,653,1,653,-3.828483786152498,-2.8178790534618754,-0.9561349693251533,complete
derrick_jones_2021_CHI,Derrick Jones Jr.,2021-22,3,new_team,team_change,-0.3277757148161901,-0.8383587077608614,0.5616412922391386,2693,2,-1.0743496503496504,-1.3253146853146853,0.175944055944056,3575,3,1191.6666666666667,-0.7465739355334602,-0.4869559775538239,-0.3856972362950826,complete
derrick_rose_2021_NYK,Derrick Rose,2021-22,3,re_signed_standard,roster_continuity,2.0511059371362053,2.758478851377571,-0.7073729142413658,2577,2,2.3,2.3,0,636,1,636,0.24889406286379456,-0.45847885137757105,0.7073729142413658,complete
desmond_bane_2021_MEM,Desmond Bane,2021-22,3,re_signed_standard,roster_continuity,-0.8,-0.6,-0.2,1519,1,2.991369369369369,2.921369369369369,0.07765765765765766,5550,3,1850,3.7913693693693693,3.5213693693693693,0.27765765765765765,complete
devin_booker_2021_PHX,Devin Booker,2021-22,3,re_signed_standard,roster_continuity,1.2980761187787537,2.5930154746967795,-1.347469677959013,4782,2,3.7215180322921384,4.103063226195865,-0.38154519390372715,6627,3,2209,2.4234419135133844,1.5100477514990858,0.9659244840552859,complete
devin_vassell_2021_SAS,Devin Vassell,2021-22,3,re_signed_standard,roster_continuity,-1.5,-2.2,0.7,1056,1,-0.09272795077382061,0.4822114488159613,-0.5749393995897819,5363,3,1787.6666666666667,1.4072720492261794,2.6822114488159614,-1.274939399589782,complete
devontae_cacok_2021_SAS,Devontae Cacok,2021-22,3,new_team,team_change,NA,NA,NA,NA,NA,NA,NA,NA,NA,NA,NA,NA,NA,NA,missing_data
devonte_graham_2021_NOP,Devonte' Graham,2021-22,3,new_team,team_change,0.5857364341085272,2.199922480620155,-1.6713178294573643,3870,2,-0.6559428571428572,0.1617714285714286,-0.8177142857142857,3500,2,1750,-1.2416792912513843,-2.0381510520487267,0.8536035437430786,complete
dillon_brooks_2021_MEM,Dillon Brooks,2021-22,3,re_signed_standard,roster_continuity,-3.905597468970552,-2.651399367242638,-1.2541981017279142,4109,2,-3.425610214044311,-2.959387908374014,-0.46622230567029666,5326,3,1775.3333333333333,0.47998725492624095,-0.3079885411313761,0.7879757960576176,complete
dj_augustin_2021_LAL,D.J. Augustin,2021-22,3,new_team,team_change,-1.8214593958415064,-0.43287563750490393,-1.3885837583366025,2549,2,-3.6,-1.2,-2.4,883,1,883,-1.7785406041584937,-0.7671243624950961,-1.0114162416633974,complete
dj_wilson_2021_TOR,D.J. Wilson,2021-22,3,new_team,team_change,NA,NA,NA,NA,NA,NA,NA,NA,NA,NA,NA,NA,NA,NA,missing_data
domantas_sabonis_2021_SAC,Domantas Sabonis,2021-22,3,new_team,team_change,3.504920273348519,2.1524601366742595,1.4032801822323462,4390,2,5.597230769230769,3.816,1.7787692307692307,7800,3,2600,2.0923104958822494,1.6635398633257403,0.3754890485368845,complete
donovan_mitchell_2021_UTA,Donovan Mitchell,2021-22,3,re_signed_standard,roster_continuity,2.9279081015719464,3.3422490931076174,-0.4286819830713422,4135,2,5.471234939759036,4.966265060240964,0.4683433734939759,6640,3,2213.3333333333335,2.5433268381870895,1.6240159671333467,0.8970253565653181,complete
donte_divincenzo_2021_SAC,Donte DiVincenzo,2021-22,3,new_team,team_change,0.7014997000599881,-0.6103179364127175,1.3118176364727057,3334,2,1.3376425855513308,0.5613688212927757,0.7762737642585552,5260,3,1753.3333333333333,0.6361428854913427,1.1716867577054932,-0.5355438722141505,complete
dorian_finney-smith_2021_DAL,Dorian Finney-Smith,2021-22,3,re_signed_standard,roster_continuity,-0.057386785449146244,0.14753773818361793,-0.15738678544914625,4041,2,-0.8760892667375132,-1.065568544102019,0.1601184150599666,6587,3,2195.6666666666665,-0.818702481288367,-1.2131062822856369,0.31750520050911285,complete
doug_mcdermott_2021_SAS,Doug McDermott,2021-22,3,new_team,team_change,-0.32477432296890674,1.4,-1.678903376797058,2991,2,-3.003748910200523,-0.8035454809648358,-2.200203429235687,3441,3,1147,-2.678974587231616,-2.2035454809648356,-0.5213000524386291,complete
draymond_green_2021_GSW,Draymond Green,2021-22,3,re_signed_standard,roster_continuity,0.9753433208489388,-1.7906991260923848,2.766042446941323,3204,2,1.8894448788115714,-1.34659890539484,3.236043784206411,5116,3,1705.3333333333333,0.9141015579626326,0.44410022069754485,0.47000133726508775,complete
drew_eubanks_2021_POR,Drew Eubanks,2021-22,3,new_team,team_change,0,-1,1,755,1,-0.747223611805903,-1.0970735367683844,0.3102301150575288,3998,3,1332.6666666666667,-0.747223611805903,-0.09707353676838437,-0.6897698849424712,complete
duncan_robinson_2021_MIA,Duncan Robinson,2021-22,3,re_signed_standard,roster_continuity,-0.266260162601626,0.6315718157181571,-0.8978319783197832,4428,2,-1.3785945246820437,-0.8587842207372278,-0.5198103039448158,4639,3,1546.3333333333333,-1.1123343620804178,-1.490356036455385,0.3780216743749675,complete
dwight_howard_2021_LAL,Dwight Howard,2021-22,3,new_team,team_change,-0.6126298960831335,-1.5258193445243804,0.913189448441247,2502,2,-0.2,-0.2,0,971,1,971,0.41262989608313344,1.3258193445243804,-0.913189448441247,complete
dwight_powell_2021_DAL,Dwight Powell,2021-22,3,re_signed_standard,roster_continuity,0.9664035520473607,-0.12422298963986181,1.0906265416872225,2027,2,-0.09340175953079174,-0.47653958944281527,0.3831378299120235,4092,3,1364,-1.0598053115781525,-0.3523165998029535,-0.707488711775199,complete
ed_davis_2021_CLE,Ed Davis,2021-22,3,new_team,team_change,NA,NA,NA,NA,NA,NA,NA,NA,NA,NA,NA,NA,NA,NA,missing_data
elfrid_payton_2021_PHX,Elfrid Payton,2021-22,3,new_team,team_change,-1.6307692307692307,-1.7589743589743587,0.1282051282051282,2730,2,-3.5,-4.6,1.2,549,1,549,-1.8692307692307693,-2.8410256410256407,1.0717948717948718,complete
elijah_hughes_2021_POR,Elijah Hughes,2021-22,3,new_team,team_change,NA,NA,NA,NA,NA,NA,NA,NA,NA,NA,NA,NA,NA,NA,missing_data
enes_freedom_2021_BOS,Enes Freedom,2021-22,3,new_team,team_change,0.9227654140824517,1.992411528639183,-1.0055089383436702,2741,2,NA,NA,NA,NA,NA,NA,NA,NA,NA,missing_data
eric_bledsoe_2021_POR,Eric Bledsoe,2021-22,3,new_team,team_change,-0.33516103273888737,-0.32376896459941434,-0.06758051636944373,3757,2,-0.7999999999999999,-2.1,1.3,1361,1,1361,-0.46483896726111257,-1.7762310354005857,1.3675805163694439,complete
eric_paschall_2021_UTA,Eric Paschall,2021-22,3,new_team,team_change,-2.7,-1.0254576415495957,-1.6745423584504044,2349,2,-0.5,0.5,-1,737,1,737,2.2,1.5254576415495957,0.6745423584504044,complete
etwaun_moore_2021_ORL,E'Twaun Moore,2021-22,3,new_team,team_change,-2.7,-1.9,-0.8,1020,1,NA,NA,NA,NA,NA,NA,NA,NA,NA,missing_data
evan_fournier_2021_NYK,Evan Fournier,2021-22,3,new_team,team_change,1.037751124437781,1.437751124437781,-0.4,3335,2,-1.4106875425459497,-1.2488767869298842,-0.1815520762423417,2938,2,1469,-2.448438666983731,-2.6866279113676654,0.2184479237576583,complete
facundo_campazzo_2021_DEN,Facundo Campazzo,2021-22,3,re_signed_standard,roster_continuity,-0.6,-1.7,1.2,1425,1,-0.8,-2.1,1.3,1184,1,1184,-0.20000000000000007,-0.40000000000000013,0.10000000000000009,complete
frank_jackson_2021_DET,Frank Jackson,2021-22,3,re_signed_standard,roster_continuity,-3.673029315960912,-1.761498371335505,-1.911530944625407,1535,2,-3.5,-1.8000000000000003,-1.7,1164,1,1164,0.1730293159609122,-0.03850162866449525,0.211530944625407,complete
frank_kaminsky_2021_PHX,Frank Kaminsky,2021-22,3,re_signed_standard,roster_continuity,0.3626005361930295,0.13961126005361932,0.17506702412868633,1492,2,NA,NA,NA,NA,NA,NA,NA,NA,NA,missing_data
frank_ntilikina_2021_DAL,Frank Ntilikina,2021-22,3,new_team,team_change,-3.2,-3.5999999999999996,0.4,1187,1,-4.155108359133127,-4.3503869969040245,0.14829721362229104,1292,2,646,-0.9551083591331269,-0.7503869969040249,-0.251702786377709,complete
fred_vanvleet_2021_TOR,Fred VanVleet,2021-22,3,re_signed_standard,roster_continuity,2.600757773713091,1.7465900182910898,0.8045466422785472,3827,2,3.1670745996615026,2.5622444994141387,0.6048301002473637,7681,3,2560.3333333333335,0.5663168259484115,0.8156544811230488,-0.1997165420311835,complete
furkan_korkmaz_2021_PHI,Furkan Korkmaz,2021-22,3,re_signed_standard,roster_continuity,-0.8137733689431516,-0.35948111407859595,-0.5137733689431514,2621,2,-3.1000000000000005,-2,-1.1,1414,1,1414,-2.286226631056849,-1.640518885921404,-0.5862266310568487,complete
gabe_vincent_2021_MIA,Gabe Vincent,2021-22,3,re_signed_standard,roster_continuity,-5.4,-4.5,-0.9,655,1,-2.450776583034647,-2.5304659498207887,0.079689366786141,3348,2,1674,2.9492234169653533,1.9695340501792113,0.979689366786141,complete
garrett_temple_2021_NOP,Garrett Temple,2021-22,3,new_team,team_change,-1.9910988336402702,-2.29109883364027,0.3,3258,2,-2.5,-2.8,0.3,1098,1,1098,-0.5089011663597298,-0.5089011663597298,0,complete
garrison_mathews_2021_HOU,Garrison Mathews,2021-22,3,new_team,team_change,-1.8,-1.7,-0.1,1038,1,-2.5250737463126844,-1.6757522123893807,-0.8493215339233039,3390,3,1130,-0.7250737463126844,0.024247787610619298,-0.7493215339233039,complete
gary_clark_2021_NOP,Gary Clark,2021-22,3,new_team,team_change,-3.5068796068796075,-2.667567567567568,-0.7928746928746928,1221,2,NA,NA,NA,NA,NA,NA,NA,NA,NA,missing_data
gary_harris_2021_ORL,Gary Harris,2021-22,3,re_signed_standard,roster_continuity,-3.1419580419580417,-2.8,-0.3041958041958042,2860,2,-1.5524103538351934,-1.923699833768701,0.37128947993350747,4211,3,1403.6666666666667,1.5895476881228483,0.8763001662312988,0.6754852841293117,complete
gary_trent_2021_TOR,Gary Trent Jr.,2021-22,3,re_signed_standard,roster_continuity,-1.4499680918953413,-0.0749840459476707,-1.3174856413529037,3134,2,-0.6510975609756099,-0.3374999999999999,-0.3135975609756097,6560,3,2186.6666666666665,0.7988705309197314,-0.2625159540523292,1.003888080377294,complete
george_hill_2021_MIL,George Hill,2021-22,3,new_team,team_change,1.481986618630983,0.7007720020586722,0.7812146165723108,1943,2,-1.560038332534739,-2.2799233349305226,0.7198850023957835,2087,2,1043.5,-3.042024951165722,-2.9806953369891946,-0.06132961417652738,complete
georges_niang_2021_PHI,Georges Niang,2021-22,3,new_team,team_change,-0.2111218103033221,-0.044487241213288384,-0.1666345690900337,2077,2,-2.111655837763339,-1.293778302815515,-0.8178775349478243,5079,3,1693,-1.9005340274600169,-1.2492910616022266,-0.6512429658577906,complete
giannis_antetokounmpo_2021_MIL,Giannis Antetokounmpo,2021-22,3,re_signed_standard,roster_continuity,10.219465648854962,6.785343511450382,3.4341221374045796,3930,2,9.564650478292863,6.723841059602649,2.8461515820456214,6795,3,2265,-0.6548151705620988,-0.06150245184773251,-0.5879705553589583,complete
goga_bitadze_2021_IND,Goga Bitadze,2021-22,3,re_signed_standard,roster_continuity,-1,-2,1,561,1,0.8460854092526691,-0.4838078291814947,1.3298932384341635,1686,2,843,1.846085409252669,1.5161921708185053,0.3298932384341635,complete
goran_dragic_2021_BKN,Goran Dragic,2021-22,3,new_team,team_change,-1.0804666666666667,0.2858333333333333,-1.4663000000000002,3000,2,-3.9,-2.1,-1.8,870,1,870,-2.8195333333333332,-2.3858333333333333,-0.3336999999999999,complete
gordon_hayward_2021_CHA,Gordon Hayward,2021-22,3,re_signed_standard,roster_continuity,2.1914709517923363,2.1377008652657605,0.007540173053152042,3236,2,-1.3490880072959415,-0.8140218878248975,-0.5350661194710443,4386,3,1462,-3.540558959088278,-2.951722753090658,-0.5426062925241963,complete
gorgui_dieng_2021_ATL,Gorgui Dieng,2021-22,3,new_team,team_change,2.1364077669902914,0.4699029126213592,1.6995145631067963,1648,2,NA,NA,NA,NA,NA,NA,NA,NA,NA,missing_data
grant_williams_2021_BOS,Grant Williams,2021-22,3,re_signed_standard,roster_continuity,-3.2217790004585054,-4.047822099954149,0.8260430994956441,2181,2,-1.4111570247933884,-1.7112396694214875,0.3310743801652893,6050,3,2016.6666666666667,1.810621975665117,2.3365824305326615,-0.49496871933035486,complete
grayson_allen_2021_MIL,Grayson Allen,2021-22,3,new_team,team_change,-0.5994941831057158,-0.1636823469903895,-0.3721294891249368,1977,2,0.6655166931637521,0.4235453100158983,0.2020190779014308,6290,3,2096.6666666666665,1.2650108762694678,0.5872276570062878,0.5741485670263676,complete
hamidou_diallo_2021_DET,Hamidou Diallo,2021-22,3,re_signed_standard,roster_continuity,-2.860037700282752,-3.0444863336475025,0.18444863336475026,2122,2,-0.8957615894039734,-1.463841059602649,0.5680794701986756,2265,2,1132.5,1.9642761108787785,1.5806452740448536,0.3836308368339253,complete
harrison_barnes_2021_SAC,Harrison Barnes,2021-22,3,re_signed_standard,roster_continuity,-0.6121727748691099,0.68782722513089,-1.3,4584,2,-0.8437360619178801,0.4948707857798767,-1.3386068476977568,7623,3,2541,-0.23156328704877016,-0.1929564393510133,-0.038606847697756796,complete
hassan_whiteside_2021_UTA,Hassan Whiteside,2021-22,3,new_team,team_change,2.0455755677368836,1.5807361002349256,0.46483946750195765,2554,2,2.1,0.6,1.4,1162,1,1162,0.05442443226311644,-0.9807361002349256,0.9351605324980423,complete
immanuel_quickley_2021_NYK,Immanuel Quickley,2021-22,3,re_signed_standard,roster_continuity,0.9,1.4,-0.5,1243,1,1.1296199641167834,1.2680802479204045,-0.13846028380362094,6131,3,2043.6666666666667,0.22961996411678343,-0.1319197520795954,0.36153971619637904,complete
isaac_bonga_2021_TOR,Isaac Bonga,2021-22,3,new_team,team_change,-2.8,-2.7,-0.1,1250,1,NA,NA,NA,NA,NA,NA,NA,NA,NA,missing_data
isaac_okoro_2021_CLE,Isaac Okoro,2021-22,3,re_signed_standard,roster_continuity,-5.1,-4.2,-0.9,2173,1,-1.0759057971014492,-2.0452536231884055,0.9693478260869566,5520,3,1840,4.02409420289855,2.1547463768115946,1.8693478260869565,complete
isaiah_hartenstein_2021_LAC,Isaiah Hartenstein,2021-22,3,new_team,team_change,-0.9,-2.4,1.5,559,1,2.45255382017729,0.12465175179400584,2.327902068383284,4738,3,1579.3333333333333,3.35255382017729,2.5246517517940057,0.8279020683832838,complete
isaiah_joe_2021_PHI,Isaiah Joe,2021-22,3,re_signed_standard,roster_continuity,NA,NA,NA,NA,NA,-0.07115105827776157,0.4392867497825457,-0.5523340098579298,3449,3,1149.6666666666667,NA,NA,NA,missing_data
isaiah_roby_2021_OKC,Isaiah Roby,2021-22,3,re_signed_standard,roster_continuity,-3.3,-3.7,0.4,1425,1,0.6,0.4,0.2,948,1,948,3.9,4.1000000000000005,-0.2,complete
isaiah_stewart_2021_DET,Isaiah Stewart,2021-22,3,re_signed_standard,roster_continuity,-1.1,-1.6,0.5,1455,1,-2.629507844401461,-1.7689232753062538,-0.8605845690952074,4653,3,1551,-1.529507844401461,-0.16892327530625373,-1.3605845690952074,complete
ish_smith_2021_WAS,Ish Smith,2021-22,3,re_signed_standard,roster_continuity,-1.3681667281445962,-0.9135005533013648,-0.4887495389155293,2711,2,-4.4478843063738625,-3.5494376004284947,-0.8381360471344402,1867,2,933.5,-3.0797175782292663,-2.63593704712713,-0.34938650821891093,complete
ivica_zubac_2021_LAC,Ivica Zubac,2021-22,3,re_signed_standard,roster_continuity,1.8132197614991479,1.1873253833049404,0.6258943781942078,2935,2,0.13387207702888582,-0.19549518569463548,0.32936726272352135,5816,3,1938.6666666666667,-1.6793476844702622,-1.3828205689995758,-0.29652711547068644,complete
ja_morant_2021_MEM,Ja Morant,2021-22,3,re_signed_standard,roster_continuity,-0.048219045311364214,1.3502544220983765,-1.3989823116064939,4127,2,5.896924680740161,5.692311701850405,0.20461297888975763,3837,2,1918.5,5.945143726051525,4.342057279752028,1.6035952904962516,complete
jabari_parker_2021_BOS,Jabari Parker,2021-22,3,re_signed_standard,roster_continuity,0.3,0.6,-0.3,917,1,NA,NA,NA,NA,NA,NA,NA,NA,NA,missing_data
jaden_mcdaniels_2021_MIN,Jaden McDaniels,2021-22,3,re_signed_standard,roster_continuity,-3.5,-3.3000000000000003,-0.19999999999999998,1511,1,-2.1506799493991142,-2.5746995572422517,0.3955091714104997,6324,3,2108,1.3493200506008858,0.7253004427577485,0.5955091714104996,complete
jae_crowder_2021_PHX,Jae Crowder,2021-22,3,re_signed_standard,roster_continuity,0.46133976724382636,-0.12577348850411582,0.5871132557479422,3523,2,-0.3060486522024982,-1.7940170940170939,1.4879684418145955,3042,2,1521,-0.7673884194463245,-1.6682436055129781,0.9008551860666534,complete
jaesean_tate_2021_HOU,Jae'Sean Tate,2021-22,3,re_signed_standard,roster_continuity,-1.4,-1.6,0.3,2043,1,-2.242720510095643,-2.2271785334750267,0.011849096705632313,3764,3,1254.6666666666667,-0.842720510095643,-0.6271785334750266,-0.28815090329436766,complete
jake_layman_2021_MIN,Jake Layman,2021-22,3,re_signed_standard,roster_continuity,-2.813780918727915,-2.467667844522968,-0.29072438162544173,1132,2,NA,NA,NA,NA,NA,NA,NA,NA,NA,missing_data
jakob_poeltl_2021_SAS,Jakob Poeltl,2021-22,3,re_signed_standard,roster_continuity,1.4600464190981433,-0.11173740053050397,1.5106100795755968,3016,2,1.4815591915303177,0.6687006737247354,0.8128585178055823,5195,3,1731.6666666666667,0.02151277243217442,0.7804380742552394,-0.6977515617700145,complete
jalen_brunson_2021_DAL,Jalen Brunson,2021-22,3,re_signed_standard,roster_continuity,0.2234277307833762,0.9737771239426259,-0.7503493931592496,2719,2,3.586380914929873,3.920959496657491,-0.2988465067505571,7629,3,2543,3.362953184146497,2.947182372714865,0.45150288640869257,complete
jalen_mcdaniels_2021_CHA,Jalen McDaniels,2021-22,3,re_signed_standard,roster_continuity,-3.2,-2.8,-0.4,904,1,-3.262940824865511,-3.2095636580992233,-0.05337716676628811,3346,3,1115.3333333333333,-0.06294082486551078,-0.40956365809922346,0.3466228332337119,complete
jalen_smith_2021_IND,Jalen Smith,2021-22,3,new_team,team_change,NA,NA,NA,NA,NA,-0.19550907413103671,0.9325745924330976,-1.0887419255613657,3251,3,1083.6666666666667,NA,NA,NA,missing_data
james_ennis_2021_DEN,James Ennis III,2021-22,3,new_team,team_change,-2.424788982674367,-2.068591737005775,-0.35619724566859173,2251,2,NA,NA,NA,NA,NA,NA,NA,NA,NA,missing_data
james_harden_2021_PHI,James Harden,2021-22,3,new_team,team_change,8.656304985337243,7.352908113391984,1.3640762463343108,4092,2,4.460706150341686,4.160706150341686,0.3,7024,3,2341.3333333333335,-4.1955988349955575,-3.192201963050298,-1.0640762463343107,complete
james_johnson_2021_BKN,James Johnson,2021-22,3,new_team,team_change,-0.7530685920577617,-2.104091456077016,1.3882671480144406,1662,2,-2.2,-2.7,0.6,1191,1,1191,-1.4469314079422384,-0.5959085439229841,-0.7882671480144406,complete
jamychal_green_2021_DEN,JaMychal Green,2021-22,3,re_signed_standard,roster_continuity,-0.96147507210548,-0.8769674495261638,-0.08450762257931604,2427,2,-1.2494686503719448,-1.4494686503719447,0.14234856535600424,1882,2,941,-0.28799357826646477,-0.5725012008457809,0.22685618793532028,complete
jared_harper_2021_NOP,Jared Harper,2021-22,3,new_team,team_change,NA,NA,NA,NA,NA,NA,NA,NA,NA,NA,NA,NA,NA,NA,missing_data
jarred_vanderbilt_2021_MIN,Jarred Vanderbilt,2021-22,3,re_signed_standard,roster_continuity,-0.1,-1.4,1.4,1139,1,0.3486866359447005,-0.9945391705069123,1.2999308755760368,4340,3,1446.6666666666667,0.4486866359447005,0.4054608294930876,-0.1000691244239631,complete
jarrett_allen_2021_CLE,Jarrett Allen,2021-22,3,re_signed_standard,roster_continuity,1.6980624327233584,1.3498385360602798,0.39806243272335845,3716,2,3.0458899876390606,1.9933868974042028,1.0182014833127317,6472,3,2157.3333333333335,1.3478275549157022,0.643548361343923,0.6201390505893734,complete
jarrett_culver_2021_MEM,Jarrett Culver,2021-22,3,new_team,team_change,-4,-3.3000000000000003,-0.7000000000000001,1506,1,NA,NA,NA,NA,NA,NA,NA,NA,NA,missing_data
javale_mcgee_2021_PHX,JaVale McGee,2021-22,3,new_team,team_change,0,-1.6125,1.6125,1808,2,0.8,-0.1,0.8999999999999999,1172,1,1172,0.8,1.5125,-0.7125000000000001,complete
javonte_green_2021_CHI,Javonte Green,2021-22,3,re_signed_standard,roster_continuity,NA,NA,NA,NA,NA,0.1,-0.6,0.7,1519,1,1519,NA,NA,NA,missing_data
jaxson_hayes_2021_NOP,Jaxson Hayes,2021-22,3,re_signed_standard,roster_continuity,0.12446183953033267,-0.19256360078277887,0.31702544031311153,2044,2,-0.7343847487001732,-1.025580589254766,0.33965337954939345,2885,3,961.6666666666666,-0.8588465882305059,-0.8330169884719871,0.022627939236281924,complete
jaylen_brown_2021_BOS,Jaylen Brown,2021-22,3,re_signed_standard,roster_continuity,1.6640478006610728,2.118179506737859,-0.45413170607678616,3933,2,1.3531285878300805,1.4256888633754305,-0.07079506314580941,6968,3,2322.6666666666665,-0.31091921283099233,-0.6924906433624283,0.38333664293097675,complete
jaylen_nowell_2021_MIN,Jaylen Nowell,2021-22,3,re_signed_standard,roster_continuity,-2.8,-1.5,-1.4,759,1,-1.055231252806466,-0.18657386618769645,-0.8686573866187697,2227,2,1113.5,1.7447687471935338,1.3134261338123037,0.5313426133812302,complete
jayson_tatum_2021_BOS,Jayson Tatum,2021-22,3,re_signed_standard,roster_continuity,3.9497255762897914,3.85192096597146,0.14753018660812295,4555,2,5.201097681302417,4.533719782930439,0.6336951159348791,8108,3,2702.6666666666665,1.2513721050126256,0.6817988169589793,0.4861649293267562,complete
jeff_green_2021_DEN,Jeff Green,2021-22,3,new_team,team_change,-0.5595706618962433,0,-0.6252236135957067,2795,2,-2.6080998351777724,-1.631363315281375,-0.9459618554273606,4247,3,1415.6666666666667,-2.048529173281529,-1.631363315281375,-0.3207382418316539,complete
jerami_grant_2021_DET,Jerami Grant,2021-22,3,re_signed_standard,roster_continuity,0.2864552539639882,0.9847621607094866,-0.6983069067454986,3721,2,0.20943328550932566,1.1881635581061694,-0.9787302725968435,5576,3,1858.6666666666667,-0.07702196845466253,0.20340139739668273,-0.280423365851345,complete
jevon_carter_2021_MIL,Jevon Carter,2021-22,3,new_team,team_change,0.5568592057761733,-0.5705776173285199,1.1274368231046932,1662,2,-1.9072331271847272,-2.253616563592364,0.2977144393654208,3719,3,1239.6666666666667,-2.4640923329609006,-1.683038946263844,-0.8297223837392724,complete
jimmy_butler_2021_MIA,Jimmy Butler III,2021-22,3,re_signed_standard,roster_continuity,6.483558315334773,4.6595572354211665,1.876889848812095,3704,2,6.571608574701358,5.069203076419572,1.5340042546228112,6111,3,2037,0.08805025936658506,0.4096458409984054,-0.3428855941892839,complete
joe_harris_2021_BKN,Joe Harris,2021-22,3,re_signed_standard,roster_continuity,0.10126641651031897,1.002532833020638,-0.9012664165103189,4264,2,-1.1,-0.6,-0.6,1527,1,1527,-1.201266416510319,-1.6025328330206379,0.30126641651031894,complete
joe_ingles_2021_UTA,Joe Ingles,2021-22,3,re_signed_standard,roster_continuity,2.0055944055944055,1.2657092907092906,0.7932567432567432,4004,2,-0.4953223388305847,-1.332263868065967,0.83928035982009,3335,3,1111.6666666666667,-2.5009167444249902,-2.5979731587752575,0.04602361656334675,complete
joel_embiid_2021_PHI,Joel Embiid,2021-22,3,re_signed_supermax,supermax,6.135781300549984,5.033225493367842,1.1025558071821417,3091,2,9.733378607809847,7.333803056027165,2.360797962648557,5890,3,1963.3333333333333,3.5975973072598633,2.3005775626593223,1.2582421554664154,complete
john_collins_2021_ATL,John Collins,2021-22,3,re_signed_standard,roster_continuity,2.639582684521956,3.009374026782934,-0.36979134226097793,3211,2,-0.3486828240252898,0.08131366350544433,-0.3925886898489638,5694,3,1898,-2.988265508547246,-2.9280603632774893,-0.02279734758798585,complete
john_konchar_2021_MEM,John Konchar,2021-22,3,re_signed_standard,roster_continuity,1.2,-0.2,1.4,575,1,0.5596867895933317,-1.422076281889366,1.9817630714826977,3959,3,1319.6666666666667,-0.6403132104066682,-1.222076281889366,0.5817630714826978,complete
jonas_valanciunas_2021_NOP,Jonas Valanciunas,2021-22,3,new_team,team_change,2.6925,2.63625,-0.04375,3600,2,0.9422468612424588,0.9501875101907712,-0.007940648948312416,6133,3,2044.3333333333333,-1.750253138757541,-1.686062489809229,0.03580935105168758,complete
jordan_clarkson_2021_UTA,Jordan Clarkson,2021-22,3,re_signed_standard,roster_continuity,1.2548112404200964,2.090377519159807,-0.8355662787397105,3523,2,-2.0025468938220614,0.1500430218551024,-2.1894338323868525,5811,3,1937,-3.257358134242158,-1.9403344973047045,-1.353867553647142,complete
jordan_mclaughlin_2021_MIN,Jordan McLaughlin,2021-22,3,re_signed_standard,roster_continuity,-0.9277486910994763,-1.111910994764398,0.12277486910994766,1528,2,1.1402538531278334,-0.4929283771532184,1.6615593834995468,2206,3,735.3333333333334,2.06800254422731,0.6189826176111795,1.538784514389599,complete
jordan_nwora_2021_MIL,Jordan Nwora,2021-22,3,re_signed_standard,roster_continuity,NA,NA,NA,NA,NA,-2.9605510534846027,-1.5990599675850892,-1.4229821717990274,3085,3,1028.3333333333333,NA,NA,NA,missing_data
jordan_poole_2021_GSW,Jordan Poole,2021-22,3,re_signed_standard,roster_continuity,-3.9356321839080457,-2.1724137931034484,-1.7632183908045977,2262,2,-1.6278538168477492,-0.2779596444193594,-1.3498941724283902,7087,3,2362.3333333333335,2.3077783670602967,1.8944541486840891,0.4133242183762076,complete
josh_green_2021_DAL,Josh Green,2021-22,3,re_signed_standard,roster_continuity,NA,NA,NA,NA,NA,-2.1543228018613765,-2.211535635562087,0.019519960813127585,4083,3,1361,NA,NA,NA,missing_data
josh_hart_2021_POR,Josh Hart,2021-22,3,new_team,team_change,-0.7434600515463917,-1.1,0.35653994845360826,3104,2,0.549554085155351,-0.4479861910241657,1.062241081703107,6952,3,2317.3333333333335,1.2930141367017427,0.6520138089758344,0.7057011332494987,complete
josh_jackson_2021_SAC,Josh Jackson,2021-22,3,new_team,team_change,-3,-2.5,-0.5,1560,1,-4.5,-4.1,-0.4,830,1,830,-1.5,-1.5999999999999996,0.09999999999999998,complete
josh_okogie_2021_MIN,Josh Okogie,2021-22,3,re_signed_standard,roster_continuity,-2.7926020408163263,-2.9670918367346943,0.1308673469387755,2744,2,-0.7583864118895965,-1.4993630573248407,0.6749469214437368,2826,3,942,2.03421562892673,1.4677287794098537,0.5440795745049614,complete
josh_richardson_2021_SAS,Josh Richardson,2021-22,3,new_team,team_change,-1.748607522250933,-1.4513924777490668,-0.2972150445018662,3483,2,-0.7346798960548074,-0.9269785022442713,0.22844318450271675,4233,3,1411,1.0139276261961254,0.5244139755047955,0.5256582290045829,complete
jrue_holiday_2021_MIL,Jrue Holiday,2021-22,3,re_signed_standard,roster_continuity,2.5582504970178928,2.168687872763419,0.3895626242544732,4024,2,2.7930868650435827,2.2866245867147583,0.5064622783288247,6654,3,2218,0.23483636802568997,0.1179367139513392,0.11689965407435154,complete
juan_toscano-anderson_2021_GSW,Juan Toscano-Anderson,2021-22,3,re_signed_standard,roster_continuity,0.8,-1.4,2.2,1107,1,-2.039669421487603,-3.8371900826446272,1.7388429752066115,1694,2,847,-2.839669421487603,-2.4371900826446273,-0.4611570247933887,complete
juancho_hernangomez_2021_UTA,Juancho Hernangomez,2021-22,3,new_team,team_change,-3.140334679746105,-1.6287362954414313,-1.4635314483554531,1733,2,-3.3,-3.5,0.2,614,1,614,-0.1596653202538949,-1.8712637045585687,1.663531448355453,complete
julius_randle_2021_NYK,Julius Randle,2021-22,3,re_signed_standard,roster_continuity,2.003496945439225,1.936022751211291,0.067474194227933465,4747,2,2.097511214006656,2.2106641585877584,-0.0763420633772247,6911,3,2303.6666666666665,0.094014268567431,0.27464140737646736,-0.14381625760515815,complete
justin_holiday_2021_SAC,Justin Holiday,2021-22,3,new_team,team_change,0.04759291593913699,-0.7178099276627588,0.7654028436018957,4009,2,-2.388413793103448,-2.10951724137931,-0.25942068965517245,3625,3,1208.3333333333333,-2.436006709042585,-1.3917073137165514,-1.024823533257068,complete
justin_jackson_2021_PHX,Justin Jackson,2021-22,3,new_team,team_change,-3.43557336621455,-2.1711467324291,-1.2644266337854502,1622,2,NA,NA,NA,NA,NA,NA,NA,NA,NA,missing_data
justin_james_2021_NOP,Justin James,2021-22,3,new_team,team_change,NA,NA,NA,NA,NA,NA,NA,NA,NA,NA,NA,NA,NA,NA,missing_data
jusuf_nurkic_2021_POR,Jusuf Nurkic,2021-22,3,re_signed_standard,roster_continuity,2.5,0.7,1.8,880,1,0.5742076069730587,-0.5457012678288431,1.1199088748019017,5048,3,1682.6666666666667,-1.9257923930269412,-1.245701267828843,-0.6800911251980983,complete
juwan_morgan_2021_BOS,Juwan Morgan,2021-22,3,new_team,team_change,NA,NA,NA,NA,NA,NA,NA,NA,NA,NA,NA,NA,NA,NA,missing_data
karl-anthony_towns_2021_MIN,Karl-Anthony Towns,2021-22,3,re_signed_standard,roster_continuity,5.861995827538247,5.414360222531294,0.44763560500695415,2876,2,3.721560725407584,3.0029858948525368,0.7185748305550468,5459,3,1819.6666666666667,-2.140435102130663,-2.4113743276787574,0.27093922554809263,complete
keita_bates-diop_2021_SAS,Keita Bates-Diop,2021-22,3,re_signed_standard,roster_continuity,-1.4,-1,-0.4,744,1,-1.309173715029278,-0.8365647364996747,-0.49424202992843197,3074,3,1024.6666666666667,0.09082628497072198,0.16343526350032533,-0.09424202992843195,complete
kelan_martin_2021_BOS,Kelan Martin,2021-22,3,new_team,team_change,NA,NA,NA,NA,NA,NA,NA,NA,NA,NA,NA,NA,NA,NA,missing_data
keldon_johnson_2021_SAS,Keldon Johnson,2021-22,3,re_signed_standard,roster_continuity,-1.6,-0.9,-0.7,1968,1,-1.2896965963345142,0.38612351763437547,-1.6758201139688895,6493,3,2164.3333333333335,0.3103034036654859,1.2861235176343755,-0.9758201139688896,complete
keljin_blevins_2021_POR,Keljin Blevins,2021-22,3,re_signed_standard,roster_continuity,NA,NA,NA,NA,NA,NA,NA,NA,NA,NA,NA,NA,NA,NA,missing_data
kelly_olynyk_2021_DET,Kelly Olynyk,2021-22,3,new_team,team_change,1.121140430694571,0.18171064604185624,0.93942978465271465,3297,2,1.1568645016797314,0.1873460246360582,0.9959014557670772,4465,3,1488.3333333333333,0.035724070985160505,0.005635378594201962,0.056471671114362576,complete
kelly_oubre_2021_CHA,Kelly Oubre Jr.,2021-22,3,new_team,team_change,-1.152430939226519,-0.8126243093922652,-0.3932044198895028,3620,2,-1.647250981792217,-0.5894144948232775,-1.0211531595858623,5602,3,1867.3333333333333,-0.4948200425656979,0.2232098145689877,-0.6279487396963594,complete
kemba_walker_2021_NYK,Kemba Walker,2021-22,3,new_team,team_change,3.4998714239794277,3.9758919961427193,-0.4760205721632916,3111,2,0.4,0.7,-0.2,948,1,948,-3.099871423979428,-3.275891996142719,0.27602057216329157,complete
kendrick_nunn_2021_LAL,Kendrick Nunn,2021-22,3,new_team,team_change,-1.4777408637873752,-0.5888704318936877,-0.8888704318936876,3612,2,-3.5,-2,-1.5,964,1,964,-2.0222591362126248,-1.4111295681063123,-0.6111295681063124,complete
kenrich_williams_2021_OKC,Kenrich Williams,2021-22,3,re_signed_standard,roster_continuity,-1.3263950398582816,-2.0106288751107173,0.6473870682019487,2258,2,-0.16383429089809493,-0.7272149984880557,0.5957967946779559,3307,3,1102.3333333333333,1.1625607489601866,1.2834138766226615,-0.05159027352399281,complete
kent_bazemore_2021_LAL,Kent Bazemore,2021-22,3,new_team,team_change,-2.205759682224429,-3.1793776895067856,0.9177424693809997,3021,2,-4.3,-5.1,0.8,545,1,545,-2.094240317775571,-1.920622310493214,-0.11774246938099964,complete
kentavious_caldwell-pope_2021_WAS,Kentavious Caldwell-Pope,2021-22,3,new_team,team_change,-0.6442685589519652,-1.40764192139738,0.7114628820960699,3664,2,-1.2988329583802023,-1.5396372328458943,0.24080427446569178,7112,3,2370.6666666666665,-0.6545643994282371,-0.13199531144851417,-0.47065860763037815,complete
kevin_durant_2021_BKN,Kevin Durant,2021-22,3,re_signed_standard,roster_continuity,7.199999999999999,6.4,0.8,1157,1,5.8023963133640555,5.268325652841782,0.5711827956989247,6510,3,2170,-1.3976036866359438,-1.131674347158218,-0.22881720430107533,complete
kevin_huerter_2021_ATL,Kevin Huerter,2021-22,3,re_signed_standard,roster_continuity,-0.888780236747298,-0.6452907874420998,-0.18878023674729796,3886,2,-0.28090038635981857,0.2031244750545943,-0.4732571812531497,5953,3,1984.3333333333333,0.6078798503874794,0.8484152624966941,-0.2844769445058517,complete
kevin_knox_2021_ATL,Kevin Knox II,2021-22,3,new_team,team_change,-4.2,-3.1,-1.1,1166,1,-3.9074074074074074,-2.359259259259259,-1.5481481481481483,1512,2,756,0.29259259259259274,0.7407407407407409,-0.4481481481481482,complete
kevon_looney_2021_GSW,Kevon Looney,2021-22,3,re_signed_standard,roster_continuity,-0.9000000000000001,-1.8000000000000003,1,1161,1,1.3075946775844423,-0.15406345957011258,1.4662845445240533,4885,3,1628.3333333333333,2.207594677584442,1.6459365404298878,0.4662845445240533,complete
khem_birch_2021_TOR,Khem Birch,2021-22,3,re_signed_standard,roster_continuity,-1.526642186862505,-1.5642594859241126,0.13761729906160752,2451,2,-1.3,-1.7,0.4,991,1,991,0.22664218686250504,-0.1357405140758874,0.2623827009383925,complete
khris_middleton_2021_MIL,Khris Middleton,2021-22,3,re_signed_standard,roster_continuity,2.55870936438622,2.4642163998059194,0.14953905870936438,4122,2,1.2874463761571462,1.468638518853014,-0.1992774892752314,4429,3,1476.3333333333333,-1.271262988229074,-0.9955778809529054,-0.34881654798459577,complete
killian_tillie_2021_MEM,Killian Tillie,2021-22,3,re_signed_standard,roster_continuity,NA,NA,NA,NA,NA,NA,NA,NA,NA,NA,NA,NA,NA,NA,missing_data
kira_lewis_2021_NOP,Kira Lewis Jr.,2021-22,3,re_signed_standard,roster_continuity,-3.4,-3.2,-0.2,904,1,NA,NA,NA,NA,NA,NA,NA,NA,NA,missing_data
kj_martin_2021_HOU,KJ Martin,2021-22,3,re_signed_standard,roster_continuity,-1.8,-1.4,-0.4,1068,1,-1.4167447805709417,-0.3427354069024286,-1.074009373668513,4694,3,1564.6666666666667,0.3832552194290584,1.0572645930975713,-0.674009373668513,complete
kristaps_porzingis_2021_WAS,Kristaps Porzingis,2021-22,3,new_team,team_change,2.0267430754536773,2.306972301814709,-0.2802292263610316,3141,2,4.443564543564544,3.564222264222264,0.8793422793422794,5291,3,1763.6666666666667,2.4168214681108666,1.2572499624075553,1.159571505703311,complete
kyle_anderson_2021_MEM,Kyle Anderson,2021-22,3,re_signed_standard,roster_continuity,2.1423997513211064,0.20105688529686033,1.941342866024246,3217,2,1.6529772161592955,-0.7266704958835919,2.379647712042887,5223,3,1741,-0.4894225351618109,-0.9277273811804523,0.43830484601864117,complete
kyle_guy_2021_MIA,Kyle Guy,2021-22,3,new_team,team_change,NA,NA,NA,NA,NA,NA,NA,NA,NA,NA,NA,NA,NA,NA,missing_data
kyle_kuzma_2021_WAS,Kyle Kuzma,2021-22,3,new_team,team_change,-1.364712643678161,-0.9262068965517241,-0.49465517241379314,3480,2,-1.0047888161808447,0.168575252825699,-1.1733640690065439,6724,3,2241.3333333333335,0.3599238274973162,1.094782149377423,-0.6787088965927508,complete
kyle_lowry_2021_MIA,Kyle Lowry,2021-22,3,new_team,team_change,2.5074885104082187,2.113436063801027,0.39405244660719113,3699,2,0.5269085002707092,-0.3730914997292907,0.8304999097635806,5541,3,1847,-1.9805800101375095,-2.486527563530318,0.43644746315638944,complete
kyrie_irving_2021_BKN,Kyrie Irving,2021-22,3,re_signed_standard,roster_continuity,6.069025157232705,5.958647798742139,0.0845125786163522,2544,2,4.17905632226781,4.677918687057068,-0.49886236478925766,5362,3,1787.3333333333333,-1.889968834964895,-1.280729111685071,-0.5833749434056099,complete
kz_okpala_2021_MIA,KZ Okpala,2021-22,3,re_signed_standard,roster_continuity,NA,NA,NA,NA,NA,NA,NA,NA,NA,NA,NA,NA,NA,NA,missing_data
lamar_stevens_2021_CLE,Lamar Stevens,2021-22,3,re_signed_standard,roster_continuity,NA,NA,NA,NA,NA,-2.7131774313288792,-2.9093541202672606,0.17542687453600594,2694,3,898,NA,NA,NA,missing_data
lamelo_ball_2021_CHA,LaMelo Ball,2021-22,3,re_signed_standard,roster_continuity,1.8000000000000003,1.1,0.7,1469,1,3.095728243581004,3.3519654623949102,-0.25623721881390593,4401,3,1467,1.2957282435810038,2.25196546239491,-0.9562372188139059,complete
landry_shamet_2021_PHX,Landry Shamet,2021-22,3,new_team,team_change,-2.2474255691768827,-1.357723292469352,-0.8897022767075307,2855,2,-1.9387878787878787,-1.3943434343434342,-0.5928282828282828,2970,3,990,0.308637690389004,-0.036620141874082135,0.29687399387924784,complete
langston_galloway_2021_MIL,Langston Galloway,2021-22,3,new_team,team_change,-0.8,0,-0.9,1702,1,NA,NA,NA,NA,NA,NA,NA,NA,NA,missing_data
larry_nance_2021_NOP,Larry Nance Jr.,2021-22,3,new_team,team_change,1.1466250487709715,0.208115489660554,0.9959422551697229,2563,2,1.3995050866098433,-0.18124828155072864,1.580753368160572,3637,3,1212.3333333333333,0.2528800378388718,-0.38936377121128263,0.5848111129908492,complete
lauri_markkanen_2021_CLE,Lauri Markkanen,2021-22,3,new_team,team_change,-0.27180491278034885,0.5750800996796013,-0.8468850124599502,2809,2,2.669670072014738,3.5456204990788813,-0.8693351197454363,5971,3,1990.3333333333333,2.941474984795087,2.97054039939928,-0.02245010728548613,complete
lebron_james_2021_LAL,LeBron James,2021-22,3,re_signed_standard,roster_continuity,8.281884816753928,6.324397905759161,1.9968586387434555,3820,2,6.762794252522164,5.945979822684194,0.7785386731886274,6542,3,2180.6666666666665,-1.5190905642317647,-0.37841808307496727,-1.2183199655548282,complete
lonnie_walker_2021_SAS,Lonnie Walker IV,2021-22,3,re_signed_standard,roster_continuity,-3.621274900398407,-2.378725099601594,-1.2425498007968125,2510,2,-1.8523469387755103,-0.8944132653061224,-0.9579336734693877,3920,3,1306.6666666666667,1.7689279616228968,1.4843118342954713,0.2846161273274248,complete
lonzo_ball_2021_CHI,Lonzo Ball,2021-22,3,new_team,team_change,1.1094644750795333,0.7020943796394485,0.46105514316012725,3772,2,2.5,0.8999999999999999,1.6,1212,1,1212,1.3905355249204667,0.19790562036055137,1.1389448568398728,complete
lou_williams_2021_ATL,Lou Williams,2021-22,3,re_signed_standard,roster_continuity,-0.685336172801947,0.814663827198053,-1.443291755400061,3287,2,-3.4,-2,-1.4,799,1,799,-2.714663827198053,-2.814663827198053,0.04329175540006114,complete
luguentz_dort_2021_OKC,Luguentz Dort,2021-22,3,re_signed_standard,roster_continuity,-3.569403300888701,-3.120524756665256,-0.4488785442234448,2363,2,-2.3029435549086203,-1.6474041727316835,-0.6286107067766457,6183,3,2061,1.2664597459800806,1.4731205839335724,-0.17973216255320085,complete
luka_doncic_2021_DAL,Luka Doncic,2021-22,3,re_signed_standard,roster_continuity,7.560083546066373,6.717567881178928,0.8425156648874448,4309,2,9.038504647348278,7.473646801530891,1.6334062329141608,7316,3,2438.6666666666665,1.4784211012819046,0.7560789203519631,0.790890568026716,complete
luke_kennard_2021_LAC,Luke Kennard,2021-22,3,re_signed_standard,roster_continuity,-0.2428040854224698,0.6424326833797586,-0.8852367688022283,2154,2,0.31119773210489016,0.6906685565792582,-0.37947082447436803,4233,3,1411,0.55400181752736,0.048235873199499624,0.5057659443278604,complete
luke_kornet_2021_BOS,Luke Kornet,2021-22,3,re_signed_standard,roster_continuity,-1.2,-0.9,-0.2,559,1,2.3202014549524344,0.7001678791270287,1.5750419697817573,1787,2,893.5,3.520201454952434,1.6001678791270288,1.7750419697817572,complete
malachi_flynn_2021_TOR,Malachi Flynn,2021-22,3,re_signed_standard,roster_continuity,-2.6,-2.5,-0.2,928,1,-2.645342205323194,-2.375903041825095,-0.24391634980988594,2104,3,701.3333333333334,-0.045342205323193774,0.12409695817490496,-0.04391634980988593,complete
malcolm_brogdon_2021_IND,Malcolm Brogdon,2021-22,3,re_signed_standard,roster_continuity,1.9610122358175752,2.675695216907675,-0.7146829810901001,3596,2,2.4315892901007126,2.558265782363056,-0.08383689511176617,4071,3,1357,0.47057705428313734,-0.11742943454461896,0.6308460859783339,complete
malik_beasley_2021_MIN,Malik Beasley,2021-22,3,re_signed_standard,roster_continuity,-1.1480396203054066,0.4523730912092448,-1.6004127115146514,2423,2,-1.5260380892912893,-0.44294411489228847,-1.0812675616609428,6406,3,2135.3333333333335,-0.37799846898588263,-0.8953172061015333,0.5191451498537085,complete
malik_monk_2021_LAL,Malik Monk,2021-22,3,new_team,team_change,-2.0855398143624817,-0.5424035173424525,-1.6002442598925255,2047,2,0.0993717277486911,1.1567015706806283,-1.12,5730,3,1910,2.184911542111173,1.6991050880230807,0.4802442598925254,complete
marcus_morris_2021_LAC,Marcus Morris Sr.,2021-22,3,re_signed_standard,roster_continuity,-0.05631180919139035,0.7310645724258289,-0.7436881908086097,3438,2,-2.0831431288635285,-1.3781978126485972,-0.7111507370423206,4206,3,1402,-2.026831319672138,-2.109262385074426,0.03253745376628914,complete
marcus_smart_2021_BOS,Marcus Smart,2021-22,3,re_signed_standard,roster_continuity,0.6320857142857144,-0.1806857142857143,0.8579428571428572,3500,2,-0.4654178674351585,-1.7032317826265952,1.237813915191437,4858,3,1619.3333333333333,-1.097503581720873,-1.522546068340881,0.3798710580485797,complete
markieff_morris_2021_MIA,Markieff Morris,2021-22,3,new_team,team_change,-2.301633850020947,-2.0049015500628404,-0.2967322999581064,2387,2,NA,NA,NA,NA,NA,NA,NA,NA,NA,missing_data
markus_howard_2021_DEN,Markus Howard,2021-22,3,re_signed_standard,roster_continuity,NA,NA,NA,NA,NA,NA,NA,NA,NA,NA,NA,NA,NA,NA,missing_data
marvin_bagley_2021_DET,Marvin Bagley III,2021-22,3,new_team,team_change,-3.1,-0.4,-2.7,1112,1,-1.2403316645807256,0.24202127659574468,-1.4823529411764707,3196,3,1065.3333333333333,1.8596683354192745,0.6420212765957447,1.2176470588235295,complete
mason_jones_2021_LAL,Mason Jones,2021-22,3,new_team,team_change,NA,NA,NA,NA,NA,NA,NA,NA,NA,NA,NA,NA,NA,NA,missing_data
mason_plumlee_2021_CHA,Mason Plumlee,2021-22,3,new_team,team_change,2.1172926447574336,0.24135367762128324,1.8759389671361502,2556,2,0.8802477328024774,-0.2136916611369167,1.1088476000884762,4521,3,1507,-1.2370449119549562,-0.45504533875819997,-0.767091367047674,complete
matisse_thybulle_2021_PHI,Matisse Thybulle,2021-22,3,re_signed_standard,roster_continuity,1.1034042553191488,-2.6995744680851064,3.8029787234042556,2585,2,0.49078225068618486,-2.541308325709058,3.0320905763952424,4372,3,1457.3333333333333,-0.6126220046329639,0.15826614237604852,-0.7708881470090132,complete
matt_thomas_2021_CHI,Matt Thomas,2021-22,3,new_team,team_change,NA,NA,NA,NA,NA,NA,NA,NA,NA,NA,NA,NA,NA,NA,missing_data
maurice_harkless_2021_SAC,Maurice Harkless,2021-22,3,re_signed_standard,roster_continuity,-1.753206002728513,-3.0212824010914052,1.268076398362892,2199,2,-3.2999999999999994,-3.7000000000000006,0.4000000000000001,863,1,863,-1.5467939972714864,-0.6787175989085954,-0.8680763983628919,complete
max_strus_2021_MIA,Max Strus,2021-22,3,re_signed_standard,roster_continuity,-2.2,-0.5,-1.7,507,1,-0.6194653984913087,-0.33760249262053144,-0.25583797966546407,6098,3,2032.6666666666667,1.5805346015086914,0.16239750737946856,1.4441620203345358,complete
maxi_kleber_2021_DAL,Maxi Kleber,2021-22,3,re_signed_standard,roster_continuity,0.233983286908078,0.026462395543175487,0.2075208913649025,3231,2,-1.1560442940633653,-1.9591817902183943,0.8031374961550293,3251,3,1083.6666666666667,-1.3900275809714433,-1.9856441857615699,0.5956166047901268,complete
michael_porter_2021_DEN,Michael Porter Jr.,2021-22,3,re_signed_standard,roster_continuity,2.5867495559502665,3.486749555950267,-0.8679218472468916,2815,2,0.1412101764840706,1.5296814118725648,-1.4472610589044235,4363,2,2181.5,-2.445539379466196,-1.957068144077702,-0.5793392116575319,complete
mikal_bridges_2021_PHX,Mikal Bridges,2021-22,3,re_signed_standard,roster_continuity,2.137129840546697,1.0045558086560364,1.179088838268793,4390,2,0.975885134355899,0.9075423826548265,0.10125706377580442,8671,3,2890.3333333333335,-1.161244706190798,-0.09701342600120999,-1.0778317744929886,complete
mike_conley_2021_UTA,Mike Conley,2021-22,3,re_signed_standard,roster_continuity,2.708528486543167,2.218420132820692,0.4901083537224747,2861,2,2.4939649681528664,1.8079936305732485,0.6859713375796178,6280,3,2093.3333333333335,-0.21456351839030052,-0.41042650224744337,0.19586298385714312,complete
mike_muscala_2021_OKC,Mike Muscala,2021-22,3,re_signed_standard,roster_continuity,-0.1,0.5239934264585046,-0.6239934264585045,1217,2,-0.2798315395414132,-0.1749649040711278,-0.10486663547028546,2137,3,712.3333333333334,-0.1798315395414132,-0.6989583305296323,0.5191267909882191,complete
miles_bridges_2021_CHA,Miles Bridges,2021-22,3,re_signed_standard,roster_continuity,-1.1716577540106954,-0.6636363636363636,-0.4588235294117647,3927,2,0.2614248800295311,1.0377999261720192,-0.7763750461424881,5418,2,2709,1.4330826340402265,1.7014362898083828,-0.3175515167307234,complete
miye_oni_2021_NOP,Miye Oni,2021-22,3,new_team,team_change,-1.7,-3,1.3,519,1,NA,NA,NA,NA,NA,NA,NA,NA,NA,missing_data
mo_bamba_2021_ORL,Mo Bamba,2021-22,3,re_signed_standard,roster_continuity,0.264316905801622,-0.5668122270742357,0.8763568309419839,1603,2,0.2764176417641764,-0.6662466246624662,0.9648664866486649,3333,3,1111,0.012100735962554399,-0.09943439758823047,0.08850965570668101,complete
monte_morris_2021_DEN,Monte Morris,2021-22,3,re_signed_standard,roster_continuity,-0.2422316384180791,0.27330508474576276,-0.5,2832,2,0.2154295882053889,0.7999999999999999,-0.6276563294356888,3934,2,1967,0.457661226623468,0.5266949152542372,-0.12765632943568883,complete
montrezl_harrell_2021_CHA,Montrezl Harrell,2021-22,3,new_team,team_change,2.947461700210273,2.4050765995794534,0.5949234004205467,3329,2,2.3749354005167955,2.3509043927648583,-0.04664082687338502,2322,2,1161,-0.5725262996934775,-0.054172206814595114,-0.6415642272939317,complete
moritz_wagner_2021_ORL,Moritz Wagner,2021-22,3,re_signed_standard,roster_continuity,-2.4391136801541426,-2.324598587026333,-0.06814386640976236,1557,2,1.4441446613088402,1.2310849598163032,0.2130597014925373,3484,3,1161.3333333333333,3.883258341462983,3.555683546842636,0.28120356790229967,complete
moses_brown_2021_CLE,Moses Brown,2021-22,3,new_team,team_change,-2.4,-1.3,-1.2,920,1,NA,NA,NA,NA,NA,NA,NA,NA,NA,missing_data
mychal_mulder_2021_MIA,Mychal Mulder,2021-22,3,new_team,team_change,-1.8,-0.6,-1.2,766,1,NA,NA,NA,NA,NA,NA,NA,NA,NA,missing_data
myles_turner_2021_IND,Myles Turner,2021-22,3,re_signed_standard,roster_continuity,0.23303870771106372,-1.2660774154221275,1.4991161231331913,3281,2,1.4466316199376947,0.9257204049844237,0.5449571651090342,5136,3,1712,1.213592912226631,2.191797820406551,-0.9541589580241571,complete
naji_marshall_2021_NOP,Naji Marshall,2021-22,3,re_signed_standard,roster_continuity,-1.3,-2.1,0.8,700,1,-1.753884778012685,-1.8560782241014797,0.06897463002114165,3784,3,1261.3333333333333,-0.4538847780126849,0.24392177589852038,-0.7310253699788584,complete
nassir_little_2021_POR,Nassir Little,2021-22,3,re_signed_standard,roster_continuity,-3.0779060181368507,-1.950288540807914,-1.1276174773289365,1213,2,-2.1565891472868217,-1.2310077519379845,-0.9782945736434108,2064,2,1032,0.921316870850029,0.7192807888699295,0.1493229036855257,complete
nate_hinton_2021_IND,Nate Hinton,2021-22,3,new_team,team_change,NA,NA,NA,NA,NA,NA,NA,NA,NA,NA,NA,NA,NA,NA,missing_data
nathan_knight_2021_MIN,Nathan Knight,2021-22,3,new_team,team_change,NA,NA,NA,NA,NA,NA,NA,NA,NA,NA,NA,NA,NA,NA,missing_data
naz_reid_2021_MIN,Naz Reid,2021-22,3,re_signed_standard,roster_continuity,-0.20000000000000004,-0.10000000000000002,-0.20000000000000004,1347,1,0.9474040632054176,0.124920993227991,0.8507223476297969,4430,3,1476.6666666666667,1.1474040632054177,0.22492099322799103,1.0507223476297969,complete
nemanja_bjelica_2021_GSW,Nemanja Bjelica,2021-22,3,new_team,team_change,0.8867229470452802,0.606369915579432,0.20318495778971604,2606,2,1.4,-0.9,2.3,1143,1,1143,0.5132770529547197,-1.5063699155794321,2.0968150422102836,complete
nerlens_noel_2021_NYK,Nerlens Noel,2021-22,3,re_signed_standard,roster_continuity,2.1164921465968587,-1.5149214659685863,3.631413612565445,2674,2,0.3,-3.1,3.3,562,1,562,-1.8164921465968586,-1.5850785340314137,-0.331413612565445,complete
nic_claxton_2021_BKN,Nic Claxton,2021-22,3,re_signed_standard,roster_continuity,0.4,-1,1.4,594,1,1.8776907293415406,0.3173475097929491,1.5603432195485918,5361,3,1787,1.4776907293415404,1.317347509792949,0.16034321954859188,complete
nick_richards_2021_CHA,Nick Richards,2021-22,3,re_signed_standard,roster_continuity,NA,NA,NA,NA,NA,-1.8910618279569893,-1.3546370967741936,-0.49553091397849464,2976,2,1488,NA,NA,NA,missing_data
nickeil_alexander-walker_2021_UTA,Nickeil Alexander-Walker,2021-22,3,new_team,team_change,-2.5204630788485605,-2.065707133917397,-0.4547559449311639,1598,2,-1.091734956684617,-1.4023647857644579,0.2899321002107235,4271,3,1423.6666666666667,1.4287281221639434,0.663342348152939,0.7446880451418874,complete
nicolas_batum_2021_LAC,Nicolas Batum,2021-22,3,re_signed_standard,roster_continuity,1.2367521367521368,-0.13376068376068376,1.3705128205128205,2340,2,0.767453733248245,-0.5580514784088492,1.287747287811104,4701,3,1567,-0.46929840350389185,-0.42429079464816544,-0.0827655327017165,complete
nikola_jokic_2021_DEN,Nikola Jokic,2021-22,3,re_signed_standard,roster_continuity,9.824046434494194,7.356716417910448,2.51575456053068,4824,2,13.302627388535033,8.911584394904459,4.391042993630573,7536,3,2512,3.4785809540408383,1.5548679769940108,1.8752884330998931,complete
nikola_vucevic_2021_CHI,Nikola Vucevic,2021-22,3,re_signed_standard,roster_continuity,4.794293603313392,4.348320294523701,0.44597330878969166,4346,2,1.2672240802675587,1.1885515821970671,0.0433496269616671,7774,3,2591.3333333333335,-3.5270695230458333,-3.159768712326634,-0.40262368182802455,complete
norman_powell_2021_LAC,Norman Powell,2021-22,3,new_team,team_change,1.0423452768729642,1.1401465798045602,-0.09780130293159608,3684,2,-0.3109272183449651,0.7888135593220338,-1.1309870388833498,5015,3,1671.6666666666667,-1.3532724952179294,-0.35133302048252646,-1.0331857359517538,complete
obi_toppin_2021_NYK,Obi Toppin,2021-22,3,re_signed_standard,roster_continuity,-0.7,-1.4,0.7,683,1,1.1296758104738154,1.3765586034912718,-0.24688279301745636,4010,3,1336.6666666666667,1.8296758104738153,2.7765586034912717,-0.9468827930174564,complete
og_anunoby_2021_TOR,OG Anunoby,2021-22,3,re_signed_standard,roster_continuity,1.1999999999999997,-0.1447270648756788,1.3447270648756786,3499,2,0.13707015130674005,-0.2968707015130674,0.4632049518569464,5816,3,1938.6666666666667,-1.0629298486932597,-0.15214363663738859,-0.8815221130187323,complete
onyeka_okongwu_2021_ATL,Onyeka Okongwu,2021-22,3,re_signed_standard,roster_continuity,-1.4,-2.2,0.8,601,1,0.4029203956665097,0,0.36983042863871884,4246,3,1415.3333333333333,1.8029203956665096,2.2,-0.4301695713612812,complete
pascal_siakam_2021_TOR,Pascal Siakam,2021-22,3,re_signed_standard,roster_continuity,1.3126336248785229,1.153790087463557,0.11010689990281829,4116,2,2.8264866235577535,2.868061366806137,-0.00794979079497905,7887,3,2629,1.5138529986792306,1.71427127934258,-0.11805669069779734,complete
pat_connaughton_2021_MIL,Pat Connaughton,2021-22,3,re_signed_standard,roster_continuity,0.26465578424414476,-0.6764371894960965,0.9410929737402413,2818,2,-0.4356340956340958,-0.6662577962577964,0.19546777546777544,4810,3,1603.3333333333333,-0.7002898798782405,0.010179393238300194,-0.7456251982724658,complete
patrick_beverley_2021_MIN,Patrick Beverley,2021-22,3,new_team,team_change,1.625942962281509,-0.453081876724931,2.07902483900644,2174,2,0.04160706773243593,-1.3827934371055952,1.4551535549011356,4754,3,1584.6666666666667,-1.584335894549073,-0.9297115603806643,-0.6238712841053042,complete
patrick_williams_2021_CHI,Patrick Williams,2021-22,3,re_signed_standard,roster_continuity,-2.4,-2.8,0.4,1983,1,-1.6357163282813842,-1.8342865313125536,0.232141835859308,3497,2,1748.5,0.7642836717186157,0.9657134686874462,-0.16785816414069202,complete
patty_mills_2021_BKN,Patty Mills,2021-22,3,new_team,team_change,-0.6378548895899053,0.5621451104100946,-1.2,3170,2,-1.9725025746652933,-0.5141091658084449,-1.4583934088568484,2913,2,1456.5,-1.334647685075388,-1.0762542762185396,-0.25839340885684847,complete
paul_george_2021_LAC,Paul George,2021-22,3,re_signed_standard,roster_continuity,4.5065740740740745,3.856203703703703,0.6503703703703703,3240,2,3.15703153316419,2.5096049293222182,0.5669445451250453,5518,3,1839.3333333333333,-1.3495425409098845,-1.346598774381485,-0.08342582524532494,complete
paul_millsap_2021_PHI,Paul Millsap,2021-22,3,new_team,team_change,0.5353871773522065,0.3,0.2353871773522065,2402,2,NA,NA,NA,NA,NA,NA,NA,NA,NA,missing_data
paul_reed_2021_PHI,Paul Reed,2021-22,3,re_signed_standard,roster_continuity,NA,NA,NA,NA,NA,0.2390191897654584,-0.9219616204690831,1.1609808102345416,2345,2,1172.5,NA,NA,NA,missing_data
paul_watson_2021_OKC,Paul Watson,2021-22,3,new_team,team_change,NA,NA,NA,NA,NA,NA,NA,NA,NA,NA,NA,NA,NA,NA,missing_data
payton_pritchard_2021_BOS,Payton Pritchard,2021-22,3,re_signed_standard,roster_continuity,-0.7,-0.3,-0.4,1268,1,0.4152781781493226,0.7852118766215048,-0.29878927644854425,3469,3,1156.3333333333333,1.1152781781493226,1.0852118766215049,0.10121072355145577,complete
pj_dozier_2021_DEN,PJ Dozier,2021-22,3,re_signed_standard,roster_continuity,-2.6,-2.3,-0.4,1088,1,NA,NA,NA,NA,NA,NA,NA,NA,NA,missing_data
pj_tucker_2021_MIA,P.J. Tucker,2021-22,3,new_team,team_change,-2.6803295840962593,-3.1803295840962593,0.5645304734501699,3823,2,-1.1718533709305305,-1.9812355806203539,0.809382209689823,3901,2,1950.5,1.5084762131657288,1.1990940034759054,0.24485173623965306,complete
pj_washington_2021_CHA,P.J. Washington,2021-22,3,re_signed_standard,roster_continuity,-1.2316186372205764,-1.5947481820630216,0.3631295448424455,3713,2,-1.245862772805778,-1.0220285759145864,-0.1960747370073795,6369,3,2123,-0.014244135585201656,0.5727196061484352,-0.559204281849825,complete
precious_achiuwa_2021_TOR,Precious Achiuwa,2021-22,3,new_team,team_change,-4.1,-3.6000000000000005,-0.5,737,1,-2.08968589886389,-1.739095566941412,-0.32519492091779906,4489,3,1496.3333333333333,2.01031410113611,1.8609044330585884,0.17480507908220094,complete
rajon_rondo_2021_CLE,Rajon Rondo,2021-22,3,new_team,team_change,-0.8732041049030786,-0.8927023945267959,0.07559863169897377,1754,2,-1.7,-2.4,0.7,698,1,698,-0.8267958950969213,-1.507297605473204,0.6244013683010262,complete
raul_neto_2021_WAS,Raul Neto,2021-22,3,re_signed_standard,roster_continuity,-0.9870593915982617,-1.3354901014002896,0.4161757605021729,2071,2,-2.173574853489611,-2.2847629195524775,0.0380927011188066,1877,2,938.5,-1.1865154618913492,-0.9492728181521879,-0.37808305938336634,complete
reggie_bullock_2021_DAL,Reggie Bullock Jr.,2021-22,3,new_team,team_change,-0.8533611849601216,-1.3935814660083556,0.5142423091530574,2633,2,-2.0649789029535865,-1.8987341772151898,-0.1662447257383966,4266,2,2133,-1.211617717993465,-0.5051527112068341,-0.680487034891454,complete
reggie_jackson_2021_LAC,Reggie Jackson,2021-22,3,re_signed_standard,roster_continuity,0.140096195889812,0.664975951027547,-0.5248797551377351,2287,2,-3.319170538633626,-1.9527964205816557,-1.4261572879022544,5811,3,1937,-3.459266734523438,-2.6177723716092025,-0.9012775327645193,complete
reggie_perry_2021_POR,Reggie Perry,2021-22,3,new_team,team_change,NA,NA,NA,NA,NA,NA,NA,NA,NA,NA,NA,NA,NA,NA,missing_data
richaun_holmes_2021_SAC,Richaun Holmes,2021-22,3,re_signed_standard,roster_continuity,0.7642857142857142,0.47678571428571426,0.2875,3024,2,-1.4539594843462247,-1.0813996316758747,-0.33848987108655615,1629,2,814.5,-2.218245198631939,-1.558185345961589,-0.6259898710865561,complete
ricky_rubio_2021_CLE,Ricky Rubio,2021-22,3,new_team,team_change,-0.35659978880675813,-0.5162618796198521,0.106441393875396,3788,2,-0.9054687499999999,-2.0317708333333333,1.1631510416666666,1536,2,768,-0.5488689611932418,-1.5155089537134812,1.0567096477912705,complete
rj_barrett_2021_NYK,RJ Barrett,2021-22,3,re_signed_standard,roster_continuity,-2.453238434163701,-1.708540925266904,-0.7851245551601423,4215,2,-1.9331500742942052,-0.35787518573551264,-1.5752748885586925,6730,3,2243.3333333333335,0.5200883598694956,1.3506657395313912,-0.7901503333985501,complete
rj_hampton_2021_ORL,R.J. Hampton,2021-22,3,re_signed_standard,roster_continuity,-3.7999999999999994,-2.6,-1.2,888,1,-3.6817843866171005,-3.407527881040892,-0.2742565055762082,2152,2,1076,0.11821561338289888,-0.8075278810408921,0.9257434944237918,complete
robert_covington_2021_LAC,Robert Covington,2021-22,3,new_team,team_change,0.10242009132420092,-1.2512100456621005,1.402420091324201,4380,2,0.6297535858771607,-1.284847370356749,1.8146009562339094,2719,2,1359.5,0.5273334945529597,-0.03363732469464842,0.4121808649097083,complete
robert_williams_2021_BOS,Robert Williams III,2021-22,3,re_signed_standard,roster_continuity,6,2.9,3.1,985,1,4.810197869101979,1.9610350076103498,2.880517503805175,2628,2,1314,-1.1898021308980207,-0.9389649923896501,-0.21948249619482496,complete
robin_lopez_2021_ORL,Robin Lopez,2021-22,3,new_team,team_change,-1.662975778546713,-1.1259515570934255,-0.5370242214532872,2312,2,-3.8,-2.4,-1.4,612,1,612,-2.137024221453287,-1.2740484429065744,-0.8629757785467127,complete
rodney_hood_2021_LAC,Rodney Hood,2021-22,3,new_team,team_change,-4.219026265214606,-3.1155669442664964,-1.043113388853299,1561,2,-3.3,-3,-0.3,709,1,709,0.9190262652146064,0.11556694426649639,0.743113388853299,complete
rodney_mcgruder_2021_DET,Rodney McGruder,2021-22,3,re_signed_standard,roster_continuity,-3,-3.7,0.8,871,1,-1.4410015649452268,-0.741001564945227,-0.7,1278,2,639,1.5589984350547732,2.9589984350547733,-1.5,complete
royce_oneale_2021_UTA,Royce O'Neale,2021-22,3,re_signed_standard,roster_continuity,0.9522377622377624,-1.2477622377622377,2.147762237762238,4290,2,-0.10712069729649873,-1.1780322056433743,1.1064559019057467,6769,3,2256.3333333333335,-1.059358459534261,0.06973003211886342,-1.0413063358564913,complete
rudy_gay_2021_UTA,Rudy Gay,2021-22,3,new_team,team_change,-0.4627882227740333,-0.04817311103228095,-0.46644200070947145,2819,2,-2.320388349514563,-1.9763754045307442,-0.34401294498381874,1854,2,927,-1.8576001267405298,-1.9282022934984633,0.12242905572565271,complete
rudy_gobert_2021_UTA,Rudy Gobert,2021-22,3,re_signed_standard,roster_continuity,4.229004424778761,1.8935398230088494,2.335464601769911,4520,2,2.320798717388136,0.9338726133216733,1.3869261040664624,6861,3,2287,-1.9082057073906253,-0.9596672096871761,-0.9485384977034488,complete
rui_hachimura_2021_WAS,Rui Hachimura,2021-22,3,re_signed_standard,roster_continuity,-3.144554149953718,-1.7544585004628204,-1.4455414995371798,3241,2,-1.4613459268004723,-0.40547815820543087,-1.1127508854781583,4235,3,1411.6666666666667,1.683208223153246,1.3489803422573896,0.33279061405902155,complete
russell_westbrook_2021_LAL,Russell Westbrook,2021-22,3,new_team,team_change,2.6796740606609326,2.136215482118606,0.5434585785423268,4418,2,-0.4887257224064425,-0.24358124111795357,-0.24514448128848895,6333,3,2111,-3.1683997830673754,-2.3797967232365593,-0.7886030598308158,complete
ryan_arcidiacono_2021_NYK,Ryan Arcidiacono,2021-22,3,new_team,team_change,-2.8,-2.7,-0.1,930,1,NA,NA,NA,NA,NA,NA,NA,NA,NA,missing_data
saben_lee_2021_DET,Saben Lee,2021-22,3,re_signed_standard,roster_continuity,-2,-2.1,0.2,781,1,-0.4,-1.9,1.5,604,1,604,1.6,0.20000000000000018,1.3,complete
saddiq_bey_2021_DET,Saddiq Bey,2021-22,3,re_signed_standard,roster_continuity,-0.5,0.3,-0.8,1909,1,-0.7485859318346628,0.6607541696881798,-1.4392458303118199,6895,3,2298.3333333333335,-0.24858593183466282,0.3607541696881798,-0.6392458303118198,complete
sam_merrill_2021_MEM,Sam Merrill,2021-22,3,new_team,team_change,NA,NA,NA,NA,NA,0.5,1.3,-0.8,1069,1,1069,NA,NA,NA,missing_data
sekou_doumbouya_2021_LAL,Sekou Doumbouya,2021-22,3,new_team,team_change,-6.7,-5.307085643869379,-1.3464571780653112,1623,2,NA,NA,NA,NA,NA,NA,NA,NA,NA,missing_data
semi_ojeleye_2021_LAC,Semi Ojeleye,2021-22,3,new_team,team_change,-2.0391126976032634,-1.9062213156552779,-0.1328913819479857,1961,2,NA,NA,NA,NA,NA,NA,NA,NA,NA,missing_data
serge_ibaka_2021_MIL,Serge Ibaka,2021-22,3,new_team,team_change,0.608811475409836,0.5305327868852459,0.07827868852459016,2440,2,-1.5,-1.3000000000000003,-0.2,877,1,877,-2.108811475409836,-1.8305327868852461,-0.27827868852459015,complete
seth_curry_2021_BKN,Seth Curry,2021-22,3,new_team,team_change,0.23939016801493473,0.8845675171126323,-0.6451773490976976,3214,2,-1.478268551236749,-0.6093639575971732,-0.8533568904593639,3962,3,1320.6666666666667,-1.7176587192516837,-1.4939314747098056,-0.20817954136166628,complete
shai_gilgeous-alexander_2021_OKC,Shai Gilgeous-Alexander,2021-22,3,re_signed_standard,roster_continuity,2.4849223946784917,2.1503325942350333,0.334589800443459,3608,2,6.8320937635653305,5.2826074374186085,1.5145275647518448,6911,3,2303.6666666666665,4.347171368886839,3.132274843183575,1.1799377643083857,complete
shake_milton_2021_PHI,Shake Milton,2021-22,3,re_signed_standard,roster_continuity,-1.3868490732568401,-0.45132391879964695,-1,2266,2,-2.3677487225728884,-1.7889089269612262,-0.5317403065825067,3327,3,1109,-0.9808996493160482,-1.3375850081615792,0.4682596934174933,complete
shaquille_harrison_2021_MEM,Shaquille Harrison,2021-22,3,new_team,team_change,NA,NA,NA,NA,NA,NA,NA,NA,NA,NA,NA,NA,NA,NA,missing_data
sindarius_thornwell_2021_ORL,Sindarius Thornwell,2021-22,3,re_signed_standard,roster_continuity,NA,NA,NA,NA,NA,NA,NA,NA,NA,NA,NA,NA,NA,NA,missing_data
skylar_mays_2021_ATL,Skylar Mays,2021-22,3,re_signed_standard,roster_continuity,NA,NA,NA,NA,NA,NA,NA,NA,NA,NA,NA,NA,NA,NA,missing_data
solomon_hill_2021_ATL,Solomon Hill,2021-22,3,re_signed_standard,roster_continuity,-2.1653594771241833,-2.581699346405229,0.41633986928104577,2601,2,NA,NA,NA,NA,NA,NA,NA,NA,NA,missing_data
stanley_johnson_2021_LAL,Stanley Johnson,2021-22,3,new_team,team_change,-2.5,-3.8,1.2,1006,1,-2.7,-2.8,0.1,1094,1,1094,-0.20000000000000018,1,-1.0999999999999999,complete
stephen_curry_2021_GSW,Stephen Curry,2021-22,3,re_signed_standard,roster_continuity,8.7,8.3,0.4,2152,1,6.081013235965313,6.351620264719306,-0.24107713372889097,6573,3,2191,-2.6189867640346867,-1.948379735280695,-0.641077133728891,complete
sterling_brown_2021_DAL,Sterling Brown,2021-22,3,new_team,team_change,-1.7537074148296594,-2.1379759519038073,0.3842685370741483,1996,2,-2.9,-3.4,0.5,628,1,628,-1.1462925851703405,-1.2620240480961926,0.11573146292585168,complete
steven_adams_2021_MEM,Steven Adams,2021-22,3,new_team,team_change,1.3365296803652968,0.776255707762557,0.6114155251141553,3285,2,1.4935504469987229,0.5297254150702426,0.9638250319284801,3132,2,1566,0.157020766633426,-0.2465302926923144,0.3524095068143248,complete
svi_mykhailiuk_2021_TOR,Svi Mykhailiuk,2021-22,3,new_team,team_change,-2.2579760525299344,-1.3136732329084588,-0.9443028196214756,2589,2,-2.9,-2.7,-0.2,716,1,716,-0.6420239474700655,-1.3863267670915413,0.7443028196214756,complete
tacko_fall_2021_CLE,Tacko Fall,2021-22,3,new_team,team_change,NA,NA,NA,NA,NA,NA,NA,NA,NA,NA,NA,NA,NA,NA,missing_data
taj_gibson_2021_NYK,Taj Gibson,2021-22,3,re_signed_standard,roster_continuity,0.04553799082100966,-0.7522692503824578,0.8455379908210098,1961,2,-2,-3,1,946,1,946,-2.0455379908210096,-2.247730749617542,0.15446200917899022,complete
talen_horton-tucker_2021_LAL,Talen Horton-Tucker,2021-22,3,re_signed_standard,roster_continuity,-1.2,-2.6,1.5,1304,1,-2.164857813722932,-1.8751891468823376,-0.3554135142186277,3833,3,1277.6666666666667,-0.9648578137229322,0.7248108531176625,-1.8554135142186277,complete
taurean_prince_2021_MIN,Taurean Prince,2021-22,3,new_team,team_change,-2.539572773352643,-2.2757422157856624,-0.2638305575669805,2762,2,-2.433616260888988,-2.1793611793611793,-0.25392003573821753,4477,3,1492.3333333333333,0.105956512463655,0.09638103642448304,0.009910521828762953,complete
terance_mann_2021_LAC,Terance Mann,2021-22,3,re_signed_standard,roster_continuity,-0.2,-0.5,0.3,1263,1,-0.7545529528208512,-0.6455955130320027,-0.10895743978884855,6062,3,2020.6666666666667,-0.5545529528208513,-0.1455955130320027,-0.4089574397888485,complete
terence_davis_2021_SAC,Terence Davis,2021-22,3,re_signed_standard,roster_continuity,-0.3760840998685939,-0.3704336399474376,-0.05269382391590016,2283,2,-1.2664488017429194,-1.0275236020334058,-0.3389251997095134,1377,2,688.5,-0.8903647018743255,-0.6570899620859681,-0.28623137579361324,complete
terrence_ross_2021_ORL,Terrence Ross,2021-22,3,re_signed_standard,roster_continuity,-1.1908838071693448,-0.6411310259579728,-0.5081273176761435,3236,2,-2.93398128149748,-2.1648668106551474,-0.7169906407487402,2778,2,1389,-1.7430974743281353,-1.5237357846971746,-0.2088633230725967,complete
terry_rozier_2021_CHA,Terry Rozier,2021-22,3,re_signed_standard,roster_continuity,0.648163624367715,1.5337145370574006,-0.8331427314712997,4547,2,0.8789998511683286,1.7442774222354516,-0.8322220568536985,6719,3,2239.6666666666665,0.23083622680061355,0.210562885178051,9.206746176011471e-4,complete
thaddeus_young_2021_TOR,Thaddeus Young,2021-22,3,new_team,team_change,1.0923219241443107,0.28103607770582795,0.8112858464384829,3243,2,1.1820121951219513,-0.8210365853658537,2.0030487804878048,1640,2,820,0.0896902709776406,-1.1020726630716817,1.1917629340493219,complete
thanasis_antetokounmpo_2021_MIL,Thanasis Antetokounmpo,2021-22,3,re_signed_standard,roster_continuity,-3.5,-3.7,0.2,551,1,NA,NA,NA,NA,NA,NA,NA,NA,NA,missing_data
theo_maledon_2021_OKC,Theo Maledon,2021-22,3,re_signed_standard,roster_continuity,-5,-4,-1,1778,1,-3.47911464245176,-3.3607264472190694,-0.11838819523269008,1762,2,881,1.5208853575482402,0.6392735527809306,0.8816118047673099,complete
theo_pinson_2021_DAL,Theo Pinson,2021-22,3,new_team,team_change,NA,NA,NA,NA,NA,NA,NA,NA,NA,NA,NA,NA,NA,NA,missing_data
tim_hardaway_2021_DAL,Tim Hardaway Jr.,2021-22,3,re_signed_standard,roster_continuity,0.14349852796859666,1.5895976447497546,-1.546099116781158,4076,2,-1.8616276962117093,-0.514700018125793,-1.3469276780859163,5517,3,1839,-2.005126224180306,-2.1042976628755476,0.19917143869524168,complete
timothe_luwawu-cabarrot_2021_ATL,Timothe Luwawu-Cabarrot,2021-22,3,new_team,team_change,-3.4138728323699423,-2.572464529689963,-0.8862322648449816,1903,2,-3.3,-2.3,-1,685,1,685,0.1138728323699425,0.27246452968996326,-0.11376773515501837,complete
tj_mcconnell_2021_IND,T.J. McConnell,2021-22,3,re_signed_standard,roster_continuity,1.0177450352338244,-0.07258167841127484,1.147853939782191,3122,2,1.5055635629864514,1.1800230614009801,0.3443355433842606,3469,3,1156.3333333333333,0.487818527752627,1.252604739812255,-0.8035183963979304,complete
tobias_harris_2021_PHI,Tobias Harris,2021-22,3,re_signed_standard,roster_continuity,2.1028329243809947,2.018804372072273,0.08402855230872185,4483,2,0.5221723152307064,0.728923370083027,-0.20675105485232068,7347,3,2449,-1.5806606091502884,-1.289881001989246,-0.2907796071610425,complete
tomas_satoransky_2021_WAS,Tomas Satoransky,2021-22,3,new_team,team_change,-0.9127472527472528,-0.8948194662480377,-0.0768916797488226,3185,2,-3.7,-3.3,-0.3,906,1,906,-2.7872527472527473,-2.4051805337519623,-0.22310832025117738,complete
tony_bradley_2021_CHI,Tony Bradley,2021-22,3,new_team,team_change,1.2999999999999998,1.1015590200445433,0.1984409799554566,1347,2,-1.8,-2,0.2,549,1,549,-3.0999999999999996,-3.1015590200445433,0.0015590200445434188,complete
tony_snell_2021_NOP,Tony Snell,2021-22,3,new_team,team_change,-1.3102164830991265,-0.8985947588302317,-0.41162172426889476,2633,2,-4.2,-3.4,-0.8000000000000002,823,1,823,-2.8897835169008737,-2.5014052411697683,-0.3883782757311054,complete
torrey_craig_2021_PHX,Torrey Craig,2021-22,3,re_signed_standard,roster_continuity,-1.1436799999999998,-1.2719466666666668,0.12826666666666664,1875,2,-1.336729806226867,-1.5531896364032223,0.21645983017635528,4593,3,1531,-0.1930498062268673,-0.2812429697365555,0.08819316350968864,complete
trae_young_2021_ATL,Trae Young,2021-22,3,re_signed_standard,roster_continuity,3.799882214369847,5.749469964664311,-1.9996466431095405,4245,2,3.815683251576734,5.860168185003504,-2.081653819201121,7135,3,2378.3333333333335,0.01580103720688708,0.1106982203391933,-0.08200717609158037,complete
tre_jones_2021_SAS,Tre Jones,2021-22,3,re_signed_standard,roster_continuity,NA,NA,NA,NA,NA,-0.6476660341555976,-0.43362428842504747,-0.17347248576850097,5270,3,1756.6666666666667,NA,NA,NA,missing_data
tremont_waters_2021_WAS,Tremont Waters,2021-22,3,new_team,team_change,NA,NA,NA,NA,NA,NA,NA,NA,NA,NA,NA,NA,NA,NA,missing_data
trent_forrest_2021_UTA,Trent Forrest,2021-22,3,re_signed_standard,roster_continuity,NA,NA,NA,NA,NA,-1,-2.3,1.2,765,1,765,NA,NA,NA,missing_data
trey_burke_2021_DAL,Trey Burke,2021-22,3,re_signed_standard,roster_continuity,-1.2185883997204752,-0.6005590496156533,-0.6180293501048219,1431,2,NA,NA,NA,NA,NA,NA,NA,NA,NA,missing_data
trey_lyles_2021_SAC,Trey Lyles,2021-22,3,new_team,team_change,-1.2,-0.5,-0.7,1271,1,-0.756443429731101,0.07744799594114661,-0.8022577371892441,3942,3,1314,0.44355657026889894,0.5774479959411466,-0.10225773718924414,complete
tristan_thompson_2021_CHI,Tristan Thompson,2021-22,3,new_team,team_change,-1.9278590425531914,-0.7562167553191489,-1.1716422872340426,3008,2,-2.4545643153526973,-1.7898340248962659,-0.7026970954356847,1446,2,723,-0.5267052727995059,-1.033617269577117,0.4689451917983579,complete
troy_brown_2021_CHI,Troy Brown Jr.,2021-22,3,re_signed_standard,roster_continuity,-1.8362532523850823,-1.3680832610581093,-0.44544666088464874,2306,2,-1.579155531801176,-1.9928113308391235,0.38546231961517907,3742,3,1247.3333333333333,0.25709772058390623,-0.6247280697810143,0.8309089804998278,complete
tyler_herro_2021_MIA,Tyler Herro,2021-22,3,re_signed_standard,roster_continuity,-1.4439389118676424,-0.34797963728921416,-1.0959592745784281,3143,2,0.6842239185750636,1.5364885496183207,-0.8126208651399492,5895,3,1965,2.1281628304427063,1.8844681869075348,0.2833384094384789,complete
tyler_johnson_2021_SAS,Tyler Johnson,2021-22,3,new_team,team_change,-3.14551328068916,-2.196410624551328,-0.949102656137832,1393,2,NA,NA,NA,NA,NA,NA,NA,NA,NA,missing_data
tyrese_haliburton_2021_IND,Tyrese Haliburton,2021-22,3,new_team,team_change,1.3999999999999997,1.8999999999999997,-0.5,1746,1,5.279359012055277,5.394398706262863,-0.115039694207586,6802,3,2267.3333333333335,3.8793590120552777,3.4943987062628636,0.384960305792414,complete
tyrese_maxey_2021_PHI,Tyrese Maxey,2021-22,3,re_signed_standard,roster_continuity,-1.5,-1,-0.5,935,1,1.5003017004936918,2.4742183214481623,-0.946269884805266,7292,3,2430.6666666666665,3.000301700493692,3.4742183214481623,-0.44626988480526597,complete
tyus_jones_2021_MEM,Tyus Jones,2021-22,3,re_signed_standard,roster_continuity,0.6995925020374898,0.15101874490627548,0.5485737571312144,2454,2,1.3077093323496864,1.3069531538177794,-0.07067502766506825,5422,3,1807.3333333333333,0.6081168303121967,1.155934408911504,-0.6192487847962826,complete
udonis_haslem_2021_MIA,Udonis Haslem,2021-22,3,re_signed_standard,roster_continuity,NA,NA,NA,NA,NA,NA,NA,NA,NA,NA,NA,NA,NA,NA,missing_data
vernon_carey_2021_WAS,Vernon Carey Jr.,2021-22,3,new_team,team_change,NA,NA,NA,NA,NA,NA,NA,NA,NA,NA,NA,NA,NA,NA,missing_data
victor_oladipo_2021_MIA,Victor Oladipo,2021-22,3,re_signed_standard,roster_continuity,-2.225373134328358,-1.3268656716417913,-0.8985074626865672,1608,2,-2.1,-2.9,0.8,1106,1,1106,0.12537313432835795,-1.5731343283582087,1.6985074626865673,complete
vlatko_cancar_2021_DEN,Vlatko Cancar,2021-22,3,re_signed_standard,roster_continuity,NA,NA,NA,NA,NA,-1.8,-1.7,-0.1,889,1,889,NA,NA,NA,missing_data
wayne_ellington_2021_LAL,Wayne Ellington,2021-22,3,new_team,team_change,-1.1596178343949046,0.03375796178343949,-1.193375796178344,1570,2,-1.4,-0.7,-0.6,810,1,810,-0.2403821656050953,-0.7337579617834394,0.593375796178344,complete
wendell_carter_2021_ORL,Wendell Carter Jr.,2021-22,3,re_signed_standard,roster_continuity,-1.8251235271759785,-1.5773850247054353,-0.2477385024705435,2631,2,1.1961600646725952,0.8237671786580436,0.37239288601455134,4948,3,1649.3333333333333,3.0212835918485736,2.4011522033634787,0.6201313884850949,complete
wenyen_gabriel_2021_LAL,Wenyen Gabriel,2021-22,3,new_team,team_change,NA,NA,NA,NA,NA,-2.2,-2.3,0.1,1024,1,1024,NA,NA,NA,missing_data
wes_iwundu_2021_ATL,Wes Iwundu,2021-22,3,new_team,team_change,-3.9366621983914207,-3.92828418230563,-0.10837801608579088,1492,2,NA,NA,NA,NA,NA,NA,NA,NA,NA,missing_data
wesley_matthews_2021_MIL,Wesley Matthews,2021-22,3,new_team,team_change,-1.759132007233273,-2.804339963833635,0.9860759493670886,2765,2,-3.0299670691547753,-3.1800219538968166,0.1950603732162459,1822,2,911,-1.2708350619215023,-0.3756819900631818,-0.7910155761508427,complete
will_barton_2021_DEN,Will Barton,2021-22,3,re_signed_standard,roster_continuity,-0.32606790799561863,0.15421686746987948,-0.4852135815991238,3652,2,-1.1377064220183486,-0.3288073394495412,-0.8088990825688075,3270,2,1635,-0.81163851402273,-0.4830242069194207,-0.3236855009696837,complete
willie_cauley-stein_2021_PHI,Willie Cauley-Stein,2021-22,3,new_team,team_change,-0.31417873190214674,-1.652321517723415,1.338142785821268,2003,2,NA,NA,NA,NA,NA,NA,NA,NA,NA,missing_data
willy_hernangomez_2021_NOP,Willy Hernangomez,2021-22,3,re_signed_standard,roster_continuity,0,1,-1,846,1,0.2,1.8,-1.5,839,1,839,0.2,0.8,-0.5,complete
xavier_tillman_2021_MEM,Xavier Tillman,2021-22,3,re_signed_standard,roster_continuity,-0.2,-1.3,1.1,1085,1,0.5477758318739054,-1.203677758318739,1.792784588441331,2855,3,951.6666666666666,0.7477758318739054,0.09632224168126102,0.6927845884413308,complete
yuta_watanabe_2021_TOR,Yuta Watanabe,2021-22,3,re_signed_standard,roster_continuity,-0.7,-1.1,0.5,723,1,-0.6,-0.4,-0.2,928,1,928,0.09999999999999998,0.7000000000000001,-0.7,complete
zach_collins_2021_SAS,Zach Collins,2021-22,3,new_team,team_change,NA,NA,NA,NA,NA,-0.9918132026520611,-1.2611415393485153,0.22533871432689537,3469,3,1156.3333333333333,NA,NA,NA,missing_data
zach_lavine_2021_CHI,Zach LaVine,2021-22,3,re_signed_standard,roster_continuity,3.2407137654770577,4.090094683175527,-0.7999999999999999,4119,2,1.8320375335120644,2.8904825737265414,-1.0120643431635388,5968,3,1989.3333333333333,-1.4086762319649933,-1.199612109448986,-0.21206434316353884,complete
zeke_nnaji_2021_DEN,Zeke Nnaji,2021-22,3,re_signed_standard,roster_continuity,NA,NA,NA,NA,NA,-3.177022977022977,-2.319180819180819,-0.8563436563436564,2002,3,667.3333333333334,NA,NA,NA,missing_data
aaron_gordon_2022_DEN,Aaron Gordon,2022-23,3,re_signed_standard,roster_continuity,-0.34234042553191485,0.3895744680851064,-0.7319148936170214,3760,2,1.5585445766511468,1.9995344024831867,-0.44098982583204005,5799,3,1933,1.9008850021830617,1.6099599343980804,0.2909250677849814,complete
aaron_holiday_2022_ATL,Aaron Holiday,2022-23,3,new_team,team_change,-3.0381884387801548,-2.6493855257168866,-0.34233045061447437,2197,2,-1.2910874053682038,-1.7383000688231245,0.4199587061252581,2906,3,968.6666666666666,1.747101033411951,0.9110854568937621,0.7622891567397325,complete
aaron_nesmith_2022_IND,Aaron Nesmith,2022-23,3,new_team,team_change,-3.7079646017699117,-3.769750603378922,0.10796460176991145,1243,2,-1.4203324548956011,-0.9680316237583619,-0.45230083113723896,4933,3,1644.3333333333333,2.2876321468743104,2.80171897962056,-0.5602654329071504,complete
aaron_wiggins_2022_OKC,Aaron Wiggins,2022-23,3,re_signed_standard,roster_continuity,-4.3,-3.3999999999999995,-0.9000000000000001,1209,1,0.012719606465214271,0.1904193019442493,-0.11855235418130709,4269,3,1423,4.3127196064652145,3.590419301944249,0.7814476458186931,complete
admiral_schofield_2022_ORL,Admiral Schofield,2022-23,3,re_signed_standard,roster_continuity,NA,NA,NA,NA,NA,NA,NA,NA,NA,NA,NA,NA,NA,NA,missing_data
al_horford_2022_BOS,Al Horford,2022-23,3,re_signed_standard,roster_continuity,4.047470398277718,1.5683530678148547,2.4791173304628633,2787,2,2.7433565119338468,1.1650253711708327,1.6110317609471903,5321,3,1773.6666666666667,-1.3041138863438713,-0.403327696644022,-0.8680855695156731,complete
alec_burks_2022_DET,Alec Burks,2022-23,3,new_team,team_change,1.0458718164007836,0.05661908760145535,0.9892527287993282,3573,2,-0.36981545198623716,0.5179856115107915,-0.8527056615577103,3197,3,1065.6666666666667,-1.4156872683870207,0.46136652390933613,-1.8419583903570387,complete
aleksej_pokusevski_2022_OKC,Aleksej Pokusevski,2022-23,3,re_signed_standard,roster_continuity,-4.242272922944468,-3.8261300043047783,-0.41614291863969005,2323,2,0,-1,1,701,1,701,4.242272922944468,2.8261300043047783,1.41614291863969,complete
alex_caruso_2022_CHI,Alex Caruso,2022-23,3,re_signed_standard,roster_continuity,0.09707998307236564,-2.3543800253914515,2.4029200169276344,2363,2,2.361791237113402,-0.6342139175257733,2.996005154639175,4656,3,1552,2.2647112540410363,1.7201661078656783,0.5930851377115407,complete
alex_len_2022_SAC,Alex Len,2022-23,3,re_signed_standard,roster_continuity,-1.1856785490931834,-1.9754846779237025,0.7285803627267042,1599,2,NA,NA,NA,NA,NA,NA,NA,NA,NA,missing_data
alperen_sengun_2022_HOU,Alperen Sengun,2022-23,3,re_signed_standard,roster_continuity,-1,-1.6,0.6,1489,1,3.569691470054447,2.2622050816696917,1.3093768905021175,6612,3,2204,4.5696914700544475,3.862205081669692,0.7093768905021175,complete
amir_coffey_2022_LAC,Amir Coffey,2022-23,3,re_signed_standard,roster_continuity,-0.3,-0.3,0,1567,1,-2.4285416123141146,-2.1089225150013045,-0.3196190973128098,3833,3,1277.6666666666667,-2.1285416123141148,-1.8089225150013044,-0.3196190973128098,complete
andre_drummond_2022_CHI,Andre Drummond,2022-23,3,new_team,team_change,0.1409854423292274,-0.8417693169092945,0.982754759238522,2679,2,-0.998746187732972,-0.5897661809556082,-0.38021009827177227,2951,3,983.6666666666666,-1.1397316300621994,0.2520031359536863,-1.3629648575102942,complete
andre_iguodala_2022_GSW,Andre Iguodala,2022-23,3,re_signed_standard,roster_continuity,0.5625643666323378,-1.796343975283213,2.389958805355304,1942,2,NA,NA,NA,NA,NA,NA,NA,NA,NA,missing_data
andrew_wiggins_2022_GSW,Andrew Wiggins,2022-23,3,re_signed_standard,roster_continuity,-0.0028973157221985563,0.14891350660417554,-0.1518108223263741,4694,2,-0.7546849757673667,-0.12047657512116315,-0.6729806138933764,4952,3,1650.6666666666667,-0.7517876600451682,-0.2693900817253387,-0.5211697915670023,complete
anfernee_simons_2022_POR,Anfernee Simons,2022-23,3,re_signed_standard,roster_continuity,-0.8189228007181328,1.3846678635547576,-2.2639497307001797,2785,2,-0.3806286186931349,1.7422167080231599,-2.1208436724565756,6045,3,2015,0.4382941820249979,0.3575488444684023,0.14310605824360412,complete
anthony_davis_2022_LAL,Anthony Davis,2022-23,3,re_signed_standard,roster_continuity,4.252844894777864,2.6,1.6528448947778642,2566,2,5.5432012678288425,3.940063391442155,1.6459270998415212,6310,3,2103.3333333333335,1.2903563730509786,1.340063391442155,-0.006917794936343036,complete
anthony_edwards_2022_MIN,Anthony Edwards,2022-23,3,re_signed_standard,roster_continuity,-0.3975313807531382,0.6317991631799165,-1.0293305439330545,4780,2,2.867888718613698,2.7058116232464933,0.163267711894377,8483,3,2827.6666666666665,3.2654200993668363,2.0740124600665766,1.1925982558274315,complete
anthony_gill_2022_WAS,Anthony Gill,2022-23,3,re_signed_standard,roster_continuity,NA,NA,NA,NA,NA,-3.3,-2.4,-0.9,624,1,624,NA,NA,NA,missing_data
austin_reaves_2022_LAL,Austin Reaves,2022-23,3,re_signed_standard,roster_continuity,-1.9,-1.3,-0.6,1418,1,1.0234548561663344,1.3659783537453716,-0.30508402164625464,7022,3,2340.6666666666665,2.9234548561663343,2.6659783537453716,0.29491597835374533,complete
austin_rivers_2022_MIN,Austin Rivers,2022-23,3,new_team,team_change,-3.1094623655913978,-3.02752688172043,-0.08193548387096775,2325,2,-2.8,-3.3,0.5,1016,1,1016,0.30946236559139795,-0.2724731182795699,0.5819354838709677,complete
ayo_dosunmu_2022_CHI,Ayo Dosunmu,2022-23,3,re_signed_standard,roster_continuity,-2,-1.9,-0.1,2110,1,-1.6207924263674613,-1.6782608695652173,0.09424964936886394,5704,3,1901.3333333333333,0.37920757363253865,0.22173913043478266,0.19424964936886396,complete
bam_adebayo_2022_MIA,Bam Adebayo,2022-23,3,re_signed_standard,roster_continuity,4.394077620967742,2.348084677419355,2.045992943548387,3968,2,1.9567377731529656,0.8695629552549429,1.1523933402705515,7688,3,2562.6666666666665,-2.4373398478147767,-1.478521722164412,-0.8935996032778355,complete
bismack_biyombo_2022_PHX,Bismack Biyombo,2022-23,3,re_signed_standard,roster_continuity,-2.5362803234501348,-2.9362803234501342,0.4,1855,2,-2.4518011855905155,-3.9531235750113995,1.5013223894208845,2193,3,731,0.08447913785961925,-1.0168432515612653,1.1013223894208846,complete
blake_griffin_2022_BOS,Blake Griffin,2022-23,3,new_team,team_change,-0.6659514925373136,-0.7106343283582089,0.04468283582089553,2144,2,0.1,-1.4,1.5,569,1,569,0.7659514925373135,-0.689365671641791,1.4553171641791045,complete
boban_marjanovic_2022_HOU,Boban Marjanovic,2022-23,3,new_team,team_change,NA,NA,NA,NA,NA,NA,NA,NA,NA,NA,NA,NA,NA,NA,missing_data
bobby_portis_2022_MIL,Bobby Portis,2022-23,3,re_signed_standard,roster_continuity,0.7245882352941176,1.4421176470588235,-0.7578823529411766,3400,2,-0.01676528599605526,0.5775147928994083,-0.6301380670611441,5070,3,1690,-0.741353521290173,-0.8646028541594152,0.1277442858800325,complete
bogdan_bogdanovic_2022_ATL,Bogdan Bogdanovic,2022-23,3,re_signed_standard,roster_continuity,2.251950523311132,2.2450047573739296,0.006945765937202657,3153,2,-0.27806733878638007,0.26503709339927717,-0.5717899942933231,5257,3,1752.3333333333333,-2.530017862097512,-1.9799676639746524,-0.5787357602305258,complete
bojan_bogdanovic_2022_DET,Bojan Bogdanovic,2022-23,3,new_team,team_change,-0.20391074304117784,0.8863123993558777,-1.14120082815735,4347,2,-0.9537822604568378,1.1531296351231088,-2.1069118955799464,3371,2,1685.5,-0.7498715174156599,0.26681723576723115,-0.9657110674225964,complete
bones_hyland_2022_LAC,Bones Hyland,2022-23,3,new_team,team_change,-0.4,0.3,-0.7,1310,1,-1.7304615384615385,-0.6633846153846154,-1.067076923076923,1625,2,812.5,-1.3304615384615386,-0.9633846153846153,-0.3670769230769231,complete
bradley_beal_2022_WAS,Bradley Beal,2022-23,3,re_signed_standard,roster_continuity,2.356664807585053,3.676408254322365,-1.3197434467373117,3586,2,0.3590042784908596,1.2197199533255543,-0.9276157137300661,5142,3,1714,-1.9976605290941933,-2.4566883009968103,0.39212773300724557,complete
brandon_boston_2022_LAC,Brandon Boston,2022-23,3,re_signed_standard,roster_continuity,-3.3,-3,-0.4,760,1,-2.5,-2.3,-0.2,993,1,993,0.7999999999999998,0.7000000000000002,0.2,complete
brandon_clarke_2022_MEM,Brandon Clarke,2022-23,3,re_signed_standard,roster_continuity,2.7642615558060877,1.664261555806088,1.153175497933108,2661,2,1.6067043970396169,0.37962559860687856,1.274531998258598,2297,2,1148.5,-1.1575571587664708,-1.2846359571992094,0.12135650032549017,complete
brandon_ingram_2022_NOP,Brandon Ingram,2022-23,3,re_signed_standard,roster_continuity,2.10565371024735,2.9697879858657243,-0.8641342756183745,3962,2,1.1708451369216242,1.690462700661001,-0.5329556185080264,4236,3,1412,-0.9348085733257259,-1.2793252852047234,0.3311786571103481,complete
bruce_brown_2022_DEN,Bruce Brown,2022-23,3,new_team,team_change,0.340062015503876,-0.4,0.6950697674418604,3225,2,-2.131294396211523,-1.9606945540647196,-0.20741910023677976,5068,3,1689.3333333333333,-2.471356411715399,-1.5606945540647197,-0.9024888676786402,complete
bruno_fernando_2022_ATL,Bruno Fernando,2022-23,3,new_team,team_change,NA,NA,NA,NA,NA,-2.3,-3.1000000000000005,0.9000000000000001,682,1,682,NA,NA,NA,missing_data
bryn_forbes_2022_MIN,Bryn Forbes,2022-23,3,new_team,team_change,-2.0793939393939396,-0.1358333333333333,-1.943560606060606,2640,2,NA,NA,NA,NA,NA,NA,NA,NA,NA,missing_data
buddy_hield_2022_IND,Buddy Hield,2022-23,3,re_signed_standard,roster_continuity,-0.9040145985401459,0.746654501216545,-1.650669099756691,4932,2,0.5713758647194466,1.085457340507302,-0.5140814757878555,6505,3,2168.3333333333335,1.4753904632595924,0.33880283929075705,1.1365876239688357,complete
cade_cunningham_2022_DET,Cade Cunningham,2022-23,3,re_signed_standard,roster_continuity,-1.6,-1.1,-0.5,2088,1,2.250331418471056,2.975165709235528,-0.6790101634997792,4526,2,2263,3.850331418471056,4.075165709235528,-0.17901016349977916,complete
caleb_martin_2022_MIA,Caleb Martin,2022-23,3,re_signed_standard,roster_continuity,-0.5808219178082191,-1.2820091324200915,0.6385388127853882,2190,2,-1.9604038804197188,-2.2043159770342506,0.22690556325480102,5051,3,1683.6666666666667,-1.3795819626114998,-0.9223068446141591,-0.4116332495305871,complete
cam_reddish_2022_POR,Cam Reddish,2022-23,3,new_team,team_change,-2.108740068104427,-1.9790011350737797,-0.12973893303064699,1762,2,-3.1623488099882953,-3.551150994927819,0.365821303160359,2563,3,854.3333333333334,-1.0536087418838682,-1.5721498598540393,0.495560236191006,complete
cam_thomas_2022_BKN,Cam Thomas,2022-23,3,re_signed_standard,roster_continuity,-3.4,-2,-1.4,1176,1,-1.265851735015773,0.7822555205047318,-2.0686382754994743,3804,3,1268,2.134148264984227,2.782255520504732,-0.6686382754994744,complete
cameron_johnson_2022_BKN,Cameron Johnson,2022-23,3,new_team,team_change,1.3841490369434797,1.0925165772023997,0.2916324597410799,3167,2,2.0306655067420616,2.204675946063506,-0.1740104393214441,4598,3,1532.6666666666667,0.6465164697985819,1.1121593688611064,-0.465642899062524,complete
cameron_payne_2022_PHX,Cameron Payne,2022-23,3,re_signed_standard,roster_continuity,1.4191344929995757,0.7444633008061095,0.6746711921934663,2357,2,-0.8370017846519928,-0.37031528851873885,-0.4991076740035693,3362,3,1120.6666666666667,-2.2561362776515685,-1.1147785893248483,-1.1737788661970356,complete
caris_levert_2022_CLE,Caris LeVert,2022-23,3,re_signed_standard,roster_continuity,-0.47223752678298125,0.409366391184573,-0.8816039179675543,3267,2,0.23840442065273704,-0.3686755309963737,0.6070799516491108,5791,3,1930.3333333333333,0.7106419474357183,-0.7780419221809467,1.488683869616665,complete
cedi_osman_2022_CLE,Cedi Osman,2022-23,3,re_signed_standard,roster_continuity,-1.527456258411844,-1.316150740242261,-0.21130551816958276,2972,2,-1.3306709265175718,-1.2054313099041534,-0.025239616613418517,2817,2,1408.5,0.19678533189427228,0.1107194303381076,0.18606590155616426,complete
charles_bassey_2022_SAS,Charles Bassey,2022-23,3,new_team,team_change,NA,NA,NA,NA,NA,0.7,-0.6,1.3,508,1,508,NA,NA,NA,missing_data
chimezie_metu_2022_SAC,Chimezie Metu,2022-23,3,re_signed_standard,roster_continuity,-1.5,-1.6,0.1,1279,1,-0.7658914728682171,-1.2988372093023257,0.5329457364341085,1548,2,774,0.7341085271317829,0.3011627906976744,0.4329457364341085,complete
chris_boucher_2022_TOR,Chris Boucher,2022-23,3,re_signed_standard,roster_continuity,1.5793509385937001,1.517053770283169,0.06229716831053132,3143,2,0.20446601941747572,1.085566343042071,-0.8811003236245954,3090,3,1030,-1.3748849191762245,-0.431487427241098,-0.9433974919351268,complete
chris_duarte_2022_IND,Chris Duarte,2022-23,3,re_signed_standard,roster_continuity,-2.3,-1.2,-1.1,1541,1,-4.010581683168317,-3.166955445544554,-0.8436262376237623,1616,2,808,-1.710581683168317,-1.966955445544554,0.25637376237623777,complete
chris_paul_2022_PHX,Chris Paul,2022-23,3,re_signed_standard,roster_continuity,4.994467496542185,3.3027662517289076,1.691701244813278,4338,2,1.6473039215686274,0.7281862745098039,0.9191176470588235,5712,3,1904,-3.3471635749735578,-2.574579977219104,-0.7725835977544545,complete
christian_wood_2022_DAL,Christian Wood,2022-23,3,new_team,team_change,1.5224561403508772,1.9449122807017545,-0.3612280701754386,3420,2,0.19655172413793104,0.3965517241379309,-0.2665900383141762,2610,2,1305,-1.325904416212946,-1.5483605565638237,0.0946380318612624,complete
chuma_okeke_2022_ORL,Chuma Okeke,2022-23,3,re_signed_standard,roster_continuity,-0.650381679389313,-1.71793893129771,1.1068702290076335,2882,2,-1.6,-2.4,0.8,518,1,518,-0.9496183206106871,-0.6820610687022899,-0.3068702290076335,complete
cj_mccollum_2022_NOP,CJ McCollum,2022-23,3,re_signed_standard,roster_continuity,2.7544726301735647,3.9690253671562084,-1.2145527369826434,3745,2,0.9408584337349399,2.0025,-1.094156626506024,6640,3,2213.3333333333335,-1.8136141964386248,-1.9665253671562084,0.12039611047661936,complete
clint_capela_2022_ATL,Clint Capela,2022-23,3,re_signed_standard,roster_continuity,2.3372081218274112,2.3890355329949235,-0.051827411167512695,3940,2,0.5884944664856965,1.0767174775527248,-0.527542284401754,4789,3,1596.3333333333333,-1.7487136553417146,-1.3123180554421987,-0.4757148732342413,complete
coby_white_2022_CHI,Coby White,2022-23,3,re_signed_standard,roster_continuity,-2.268833202819107,-0.8502218741842861,-1.4186113286348212,3831,2,-0.7938960487183119,0.21409148845772552,-0.9671859509984422,7061,3,2353.6666666666665,1.4749371541007954,1.0643133626420116,0.451425377636379,complete
cody_martin_2022_CHA,Cody Martin,2022-23,3,re_signed_standard,roster_continuity,-0.969060773480663,-1.669060773480663,0.7,2715,2,-2.4037383177570097,-3.308255451713395,0.9045171339563863,1926,2,963,-1.4346775442763469,-1.639194678232732,0.20451713395638638,complete
cole_anthony_2022_ORL,Cole Anthony,2022-23,3,re_signed_standard,roster_continuity,-2.0023109243697474,-1.0966686674669865,-0.9056422569027609,3332,2,0.5046056919400391,-0.21529437323484688,0.6861829241798827,4603,3,1534.3333333333333,2.5069166163097867,0.8813742942321396,1.5918251810826436,complete
corey_kispert_2022_WAS,Corey Kispert,2022-23,3,re_signed_standard,roster_continuity,-2.2999999999999994,-0.8000000000000002,-1.5,1801,1,-2.3269003818118708,-0.49730996181881293,-1.8376605345366193,5762,3,1920.6666666666667,-0.026900381811871377,0.3026900381811872,-0.33766053453661926,complete
cory_joseph_2022_DET,Cory Joseph,2022-23,3,re_signed_standard,roster_continuity,-1.9575837163493106,-1.9050558108995403,-0.05252790544977019,3046,2,-1.2670473083197389,-1.232463295269168,-0.067862969004894,1839,2,919.5,0.6905364080295717,0.6725925156303723,-0.015335063555123804,complete
dalano_banton_2022_TOR,Dalano Banton,2022-23,3,re_signed_standard,roster_continuity,-3.1,-3.5,0.4,696,1,-1.0415782187355793,-0.6483156437471159,-0.3932625749884633,2167,2,1083.5,2.0584217812644208,2.851684356252884,-0.7932625749884633,complete
damian_jones_2022_UTA,Damian Jones,2022-23,3,new_team,team_change,-0.29456521739130437,-0.8994884910485935,0.604923273657289,1564,2,NA,NA,NA,NA,NA,NA,NA,NA,NA,missing_data
damion_lee_2022_PHX,Damion Lee,2022-23,3,new_team,team_change,-0.9833832976445396,-1.6144325481798714,0.6310492505353319,2335,2,-1.7,-1.3,-0.39999999999999997,1506,1,1506,-0.7166167023554604,0.3144325481798713,-1.031049250535332,complete
dangelo_russell_2022_LAL,D'Angelo Russell,2022-23,3,new_team,team_change,1.0923311946226704,2.601955392606172,-1.5730827986556675,3273,2,0.8135928525845565,1.4456285896617742,-0.6687938736439055,6268,3,2089.3333333333335,-0.2787383420381139,-1.1563268029443976,0.904288925011762,complete
daniel_gafford_2022_WAS,Daniel Gafford,2022-23,3,re_signed_standard,roster_continuity,1.8123489932885908,0.9230425055928412,0.8893064876957495,2235,2,2.3642195909580193,1.1242841765339076,1.239935414424112,4645,3,1548.3333333333333,0.5518705976694285,0.20124167094106638,0.35062892672836243,complete
daniel_theis_2022_IND,Daniel Theis,2022-23,3,new_team,team_change,-0.7958494957331266,-1.1547711404189294,0.3589216446858029,2578,2,-2.2452933985330072,-2.307334963325183,0.06204156479217604,1636,2,818,-1.4494439027998807,-1.1525638229062538,-0.29688007989362686,complete
danny_green_2022_CLE,Danny Green,2022-23,3,new_team,team_change,0.9121083054456951,-0.3409187709157286,1.211864922421661,3287,2,NA,NA,NA,NA,NA,NA,NA,NA,NA,missing_data
danuel_house_2022_PHI,Danuel House Jr.,2022-23,3,new_team,team_change,-2.4482820976491864,-2.1426763110307414,-0.30560578661844484,1659,2,-3.38677811550152,-2.8481003039513677,-0.5,1316,2,658,-0.9384960178523336,-0.7054239929206263,-0.19439421338155516,complete
darius_bazley_2022_PHX,Darius Bazley,2022-23,3,new_team,team_change,-3.024958768554151,-2.571137987905443,-0.45382078064870823,3638,2,-1,-2,1,616,1,616,2.024958768554151,0.571137987905443,1.4538207806487082,complete
darius_garland_2022_CLE,Darius Garland,2022-23,3,re_signed_standard,roster_continuity,0.6063981042654029,1.95781990521327,-1.3514218009478673,4220,2,1.6701609264551063,2.5845239885697096,-0.8775605354188599,6649,3,2216.3333333333335,1.0637628221897035,0.6267040833564395,0.4738612655290074,complete
davion_mitchell_2022_SAC,Davion Mitchell,2022-23,3,re_signed_standard,roster_continuity,-3.8,-2.1,-1.7,2076,1,-2.8557814207650276,-2.5772240437158467,-0.2785573770491803,4575,3,1525,0.9442185792349722,-0.4772240437158466,1.4214426229508197,complete
davis_bertans_2022_DAL,Davis Bertans,2022-23,3,re_signed_standard,roster_continuity,-1.4396301188903569,-0.41070013210039624,-1.0289299867899604,2271,2,-1.4,-0.8,-0.6,674,1,674,0.03963011889035695,-0.3892998678996038,0.4289299867899604,complete
davon_reed_2022_LAL,Davon Reed,2022-23,3,new_team,team_change,-0.3,-0.6,0.3,668,1,NA,NA,NA,NA,NA,NA,NA,NA,NA,missing_data
dayron_sharpe_2022_BKN,Day'Ron Sharpe,2022-23,3,re_signed_standard,roster_continuity,NA,NA,NA,NA,NA,-0.19000419991600162,-0.5720285594288115,0.3588408231835364,2381,3,793.6666666666666,NA,NA,NA,missing_data
deaaron_fox_2022_SAC,De'Aaron Fox,2022-23,3,re_signed_standard,roster_continuity,0.5860194174757283,1.8354368932038836,-1.2494174757281555,4120,2,1.930906612133606,2.468398091342877,-0.5680436264485345,7335,3,2445,1.3448871946578778,0.6329611981389933,0.6813738492796211,complete
dean_wade_2022_CLE,Dean Wade,2022-23,3,re_signed_standard,roster_continuity,-0.9870437956204381,-1.4576642335766423,0.525912408759124,2192,2,-0.04223315902799137,-1.7593048292832973,1.6511534912334664,3251,3,1083.6666666666667,0.9448106365924467,-0.301640595706655,1.1252410824743424,complete
deandre_ayton_2022_PHX,Deandre Ayton,2022-23,3,re_signed_standard,roster_continuity,1.915987460815047,1.592241379310345,0.3237460815047022,3828,2,0.3029850746268657,0.46999004975124375,-0.16700497512437812,5025,3,1675,-1.6130023861881813,-1.1222513295591012,-0.4907510566290803,complete
deandre_hunter_2022_ATL,De'Andre Hunter,2022-23,3,re_signed_standard,roster_continuity,-2.366607538802661,-1.4980044345898003,-0.8686031042128604,2255,2,-1.8666306111411572,-0.6245357851090679,-1.2420948260320894,5547,3,1849,0.4999769276615036,0.8734686494807323,-0.37349172181922907,complete
deandre_jordan_2022_DEN,DeAndre Jordan,2022-23,3,new_team,team_change,0.20085653104925055,-0.43276231263383297,0.700321199143469,1868,2,-1.4753328112764292,-1.8588880187940484,0.42944400939702426,1277,2,638.5,-1.6761893423256797,-1.4261257061602155,-0.27087718974644476,complete
deanthony_melton_2022_PHI,De'Anthony Melton,2022-23,3,new_team,team_change,2.054700222057735,0.41602516654330124,1.638675055514434,2702,2,0.7710368736211787,-0.7,1.4710368736211787,3173,2,1586.5,-1.2836633484365563,-1.1160251665433012,-0.1676381818932553,complete
dejounte_murray_2022_ATL,Dejounte Murray,2022-23,3,new_team,team_change,3.2158934517203113,1.848257491675916,1.367635960044395,4505,2,0.8947133168927249,1.2403822441430332,-0.3041615289765721,6488,3,2162.6666666666665,-2.3211801348275864,-0.6078752475328828,-1.671797489020967,complete
delon_wright_2022_WAS,Delon Wright,2022-23,3,new_team,team_change,2.2,0.23699999999999996,1.9083749999999997,3200,2,1.3699769053117783,-1.067590454195535,2.513125481139338,2598,3,866,-0.8300230946882219,-1.3045904541955349,0.6047504811393385,complete
demar_derozan_2022_CHI,DeMar DeRozan,2022-23,3,re_signed_standard,roster_continuity,2.757053552823505,3.314315482392165,-0.5572619295686602,4799,2,1.2403602322550065,1.6776750799857802,-0.4045147529328119,8439,3,2813,-1.5166933205684987,-1.6366404024063848,0.15274717663584825,complete
deni_avdija_2022_WAS,Deni Avdija,2022-23,3,re_signed_standard,roster_continuity,-2.2429805615550755,-2.6817648873804383,0.4,3241,2,-0.3322771046908978,-0.6204411307859583,0.28816402609506053,6438,3,2146,1.9107034568641779,2.06132375659448,-0.11183597390493949,complete
dennis_schroder_2022_LAL,Dennis Schroder,2022-23,3,new_team,team_change,-1.4874505668336409,-1.3968626417084102,-0.0905879251252307,3793,2,-2.26017941310628,-1.3297704120419644,-0.930409001064315,6577,3,2192.3333333333335,-0.7727288462726389,0.06709222966644579,-0.8398210759390843,complete
dennis_smith_2022_CHA,Dennis Smith Jr.,2022-23,3,new_team,team_change,-1.7,-2.8,1.2,638,1,-1.5946100449162928,-3.1108207431604735,1.4594528378930174,2449,2,1224.5,0.10538995508370719,-0.3108207431604737,0.25945283789301743,complete
derrick_favors_2022_ATL,Derrick Favors,2022-23,3,new_team,team_change,0.7861111111111112,-0.7034278959810873,1.5895390070921986,1692,2,NA,NA,NA,NA,NA,NA,NA,NA,NA,missing_data
derrick_jones_2022_CHI,Derrick Jones Jr.,2022-23,3,re_signed_standard,roster_continuity,-1.1972485340550292,-1.440550293188994,0.20275146594497068,2217,2,-0.7899758188612882,-1.1568476588261156,0.3276764123983293,4549,3,1516.3333333333333,0.407272715193741,0.28370263436287835,0.12492494645335861,complete
derrick_white_2022_BOS,Derrick White,2022-23,3,re_signed_standard,roster_continuity,1.0304321176831137,0.6934722647870059,0.4043518234753294,3263,2,3.247511685455045,2.091710200714875,1.1558014847401703,7274,3,2424.6666666666665,2.2170795677719313,1.398237935927869,0.7514496612648409,complete
desmond_bane_2022_MEM,Desmond Bane,2022-23,3,re_signed_standard,roster_continuity,1.2953764861294585,1.2559048877146632,0.09933949801849404,3785,2,3.1954636545818915,2.966223355802514,0.19570049189287667,5489,3,1829.6666666666667,1.900087168452433,1.7103184680878507,0.09636099387438263,complete
devin_booker_2022_PHX,Devin Booker,2022-23,3,re_signed_supermax,supermax,2.230877573131094,2.8178764897074755,-0.5869989165763814,4615,2,2.2843012575950263,3.655715698742405,-1.3714144411473788,7077,3,2359,0.0534236844639322,0.8378392090349296,-0.7844155245709974,complete
devin_vassell_2022_SAS,Devin Vassell,2022-23,3,re_signed_standard,roster_continuity,-0.8528232542599399,-1.0997995322418979,0.24697627798195787,2993,2,-0.31615825476058423,0.5471806248844518,-0.8633388796450361,5409,3,1803,0.5366649994993556,1.6469801571263498,-1.110315157626994,complete
devonte_graham_2022_SAS,Devonte' Graham,2022-23,3,new_team,team_change,-0.26189479193928294,0.8946872546453809,-1.1565820465846637,3821,2,-0.1,0.1,-0.2,1338,1,1338,0.16189479193928294,-0.7946872546453809,0.9565820465846637,complete
dewayne_dedmon_2022_PHI,Dewayne Dedmon,2022-23,3,new_team,team_change,-1,-2.2,1.1,1065,1,NA,NA,NA,NA,NA,NA,NA,NA,NA,missing_data
dj_augustin_2022_HOU,D.J. Augustin,2022-23,3,new_team,team_change,-2.7583001988071576,-0.8633200795228628,-1.894980119284294,2012,2,NA,NA,NA,NA,NA,NA,NA,NA,NA,missing_data
domantas_sabonis_2022_SAC,Domantas Sabonis,2022-23,3,re_signed_standard,roster_continuity,3.946736890313716,2.7402106709411496,1.257613922601328,4367,2,5.8731743482021495,4.0938341776844185,1.8069813419004077,8093,3,2697.6666666666665,1.9264374578884333,1.353623506743269,0.5493674192990796,complete
donovan_mitchell_2022_CLE,Donovan Mitchell,2022-23,3,new_team,team_change,4.3,4.6,-0.2561307901907357,4037,2,5.2745382985165,4.697850438994853,0.5060853769300636,6606,3,2202,0.9745382985165003,0.09785043899485313,0.7622161671207993,complete
donte_divincenzo_2022_GSW,Donte DiVincenzo,2022-23,3,new_team,team_change,-0.6918439716312056,-0.7707801418439716,0.07893617021276597,2820,2,2.1162457337883955,1.0321501706484641,1.0840955631399318,5860,3,1953.3333333333333,2.8080897054196012,1.8029303124924358,1.0051593929271658,complete
dorian_finney-smith_2022_BKN,Dorian Finney-Smith,2022-23,3,new_team,team_change,0.5054326396495071,0.14208105147864186,0.4054326396495071,4565,2,-1.6844297864954,-1.611369553896893,-0.10663079326505814,5761,3,1920.3333333333333,-2.189862426144907,-1.753450605375535,-0.5120634329145652,complete
doug_mcdermott_2022_SAS,Doug McDermott,2022-23,3,re_signed_standard,roster_continuity,-1.417628430682618,0.6254046446164673,-2.043033075299085,2842,2,-3.2815148782687102,-1.0260595130748422,-2.2554553651938685,2218,2,1109,-1.8638864475860923,-1.6514641576913096,-0.2124222898947834,complete
draymond_green_2022_GSW,Draymond Green,2022-23,3,re_signed_standard,roster_continuity,2.302083962549079,-1.5197221383267896,3.821806100875868,3311,2,1.1100693240901214,-1.661958405545927,2.7720277296360485,5770,3,1923.3333333333333,-1.1920146384589578,-0.1422362672191375,-1.0497783712398197,complete
drew_eubanks_2022_POR,Drew Eubanks,2022-23,3,re_signed_standard,roster_continuity,-0.8715,-0.68875,-0.18275,2000,2,-0.5048871106030294,-1.3314661331809088,0.8026293226636182,3499,3,1166.3333333333333,0.3666128893969707,-0.6427161331809088,0.9853793226636182,complete
duane_washington_2022_PHX,Duane Washington Jr.,2022-23,3,new_team,team_change,-4.7,-1.9,-2.8,968,1,NA,NA,NA,NA,NA,NA,NA,NA,NA,missing_data
duncan_robinson_2022_MIA,Duncan Robinson,2022-23,3,re_signed_standard,roster_continuity,-0.8101742160278746,-0.24745644599303135,-0.5627177700348432,4305,2,-1.8725924235508902,-1.0545869465997262,-0.8587631218621635,4382,3,1460.6666666666667,-1.0624182075230155,-0.8071305006066949,-0.2960453518273203,complete
dwight_powell_2022_DAL,Dwight Powell,2022-23,3,re_signed_standard,roster_continuity,0.795151953690304,0.015557163531114368,0.7795947901591896,2764,2,-0.703128295254833,-1.2287170474516695,0.5255887521968367,2845,3,948.3333333333334,-1.498280248945137,-1.244274210982784,-0.254006037962353,complete
dylan_windler_2022_CLE,Dylan Windler,2022-23,3,re_signed_standard,roster_continuity,-1.7,-2,0.3,513,1,NA,NA,NA,NA,NA,NA,NA,NA,NA,missing_data
eric_gordon_2022_LAC,Eric Gordon,2022-23,3,new_team,team_change,-1.8828792191947947,0.15668971126474174,-2.0395689304595366,2459,2,-1.7683527885862516,-0.8771725032425421,-0.932101167315175,4626,3,1542,0.11452643060854317,-1.033862214507284,1.1074677631443617,complete
evan_fournier_2022_NYK,Evan Fournier,2022-23,3,re_signed_standard,roster_continuity,-0.07345866740392586,0.2613491844069671,-0.334807851810893,3617,2,-4.3,-4.7,0.3,580,1,580,-4.226541332596074,-4.961349184406967,0.634807851810893,complete
evan_mobley_2022_CLE,Evan Mobley,2022-23,3,re_signed_standard,roster_continuity,0.6,-0.9,1.5,2331,1,2.9664016214530715,1.2623168069847208,1.6617555347676958,6414,3,2138,2.3664016214530714,2.162316806984721,0.16175553476769577,complete
facundo_campazzo_2022_DAL,Facundo Campazzo,2022-23,3,new_team,team_change,-0.6907627443464929,-1.8815254886929857,1.2453813721732463,2609,2,NA,NA,NA,NA,NA,NA,NA,NA,NA,missing_data
frank_jackson_2022_UTA,Frank Jackson,2022-23,3,new_team,team_change,-2.8015772870662463,-1.1403785488958993,-1.661198738170347,1902,2,NA,NA,NA,NA,NA,NA,NA,NA,NA,missing_data
frank_ntilikina_2022_DAL,Frank Ntilikina,2022-23,3,re_signed_standard,roster_continuity,-1.9,-2.8,0.9,685,1,-6.7,-6.1,-0.7,607,1,607,-4.800000000000001,-3.3,-1.6,complete
franz_wagner_2022_ORL,Franz Wagner,2022-23,3,re_signed_standard,roster_continuity,-0.7,-0.4,-0.3,2429,1,1.2648586597790215,1.2062993255847325,0.058559334194289,6969,3,2323,1.9648586597790214,1.6062993255847324,0.358559334194289,complete
fred_vanvleet_2022_TOR,Fred VanVleet,2022-23,3,re_signed_standard,roster_continuity,3.1210043567988994,2.708094473744554,0.369364824581518,4361,2,2.3687585266030013,1.5285129604365622,0.8402455661664393,7330,3,2443.3333333333335,-0.7522458301958981,-1.1795815133079917,0.4708807415849213,complete
furkan_korkmaz_2022_PHI,Furkan Korkmaz,2022-23,3,re_signed_standard,roster_continuity,-1.8132471728594508,-1.2708400646203555,-0.5424071082390953,2476,2,NA,NA,NA,NA,NA,NA,NA,NA,NA,missing_data
gabe_vincent_2022_MIA,Gabe Vincent,2022-23,3,re_signed_standard,roster_continuity,-2.567557932263815,-2.6589126559714797,0.09135472370766488,2244,2,-3.678819233110164,-3.425289105295192,-0.2070602556299452,3286,2,1643,-1.111261300846349,-0.7663764493237122,-0.2984149793376101,complete
garrett_temple_2022_NOP,Garrett Temple,2022-23,3,re_signed_standard,roster_continuity,-2.790936785986291,-3.090936785986291,0.3,2626,2,NA,NA,NA,NA,NA,NA,NA,NA,NA,missing_data
garrison_mathews_2022_ATL,Garrison Mathews,2022-23,3,new_team,team_change,-2.1112727272727274,-1.4509818181818182,-0.660290909090909,2750,2,-2.3725677830940985,-1.7417065390749604,-0.6308612440191388,2508,3,836,-0.26129505582137114,-0.2907247208931423,0.02942966507177025,complete
gary_harris_2022_ORL,Gary Harris,2022-23,3,re_signed_standard,roster_continuity,-3.091814946619217,-2.307473309608541,-0.7459074733096085,2810,2,-1.3486528822055137,-2.322556390977444,0.9739035087719298,3192,3,1064,1.7431620644137034,-0.015083081368902906,1.7198109820815382,complete
gary_payton_2022_GSW,Gary Payton II,2022-23,3,re_signed_standard,roster_continuity,3.7,0.3,3.4,1248,1,1.1884256378344742,-0.8385189794648413,2.08462974486621,1607,2,803.5,-2.511574362165526,-1.1385189794648414,-1.3153702551337898,complete
gary_trent_2022_TOR,Gary Trent Jr.,2022-23,3,re_signed_standard,roster_continuity,-0.8599999999999999,-0.2696,-0.548,4250,2,-1.2971856786011657,-0.706211490424646,-0.5909741881765196,6005,3,2001.6666666666667,-0.43718567860116586,-0.43661149042464603,-0.042974188176519545,complete
george_hill_2022_IND,George Hill,2022-23,3,new_team,team_change,-1.4603636363636365,-1.7810909090909093,0.3207272727272727,1925,2,-1.5,-2.4,0.9,834,1,834,-0.03963636363636347,-0.6189090909090906,0.5792727272727274,complete
georges_niang_2022_PHI,Georges Niang,2022-23,3,re_signed_standard,roster_continuity,-1.261107266435986,-0.6402768166089966,-0.6208304498269896,2890,2,-2.2479761904761904,-1.398611111111111,-0.8493650793650794,5040,3,1680,-0.9868689240402044,-0.7583342945021144,-0.22853462953808978,complete
giannis_antetokounmpo_2022_MIL,Giannis Antetokounmpo,2022-23,3,re_signed_standard,roster_continuity,10.149822148446765,6.931705003557031,3.1658525017785153,4217,2,9.019258720930232,6.501773255813953,2.5215261627906975,6880,3,2293.3333333333335,-1.1305634275165328,-0.42993174774307796,-0.6443263389878178,complete
goga_bitadze_2022_ORL,Goga Bitadze,2022-23,3,new_team,team_change,-0.8869767441860466,-0.9827906976744186,0.09581395348837211,1290,2,2.33963133640553,-0.4603686635944701,2.8,2387,2,1193.5,3.2266080805915767,0.5224220340799486,2.704186046511628,complete
gordon_hayward_2022_CHA,Gordon Hayward,2022-23,3,re_signed_standard,roster_continuity,0.4244444444444444,0.8333333333333334,-0.4577777777777778,3060,2,-1.7088235294117644,-1.3205882352941176,-0.388235294117647,2822,2,1411,-2.133267973856209,-2.153921568627451,0.06954248366013077,complete
gorgui_dieng_2022_SAS,Gorgui Dieng,2022-23,3,new_team,team_change,3.4,1.8,1.5,552,1,NA,NA,NA,NA,NA,NA,NA,NA,NA,missing_data
grant_williams_2022_BOS,Grant Williams,2022-23,3,re_signed_standard,roster_continuity,-1.6463989379356125,-2.382011284434119,0.7978426817125789,3013,2,-1.8652694610778444,-1.8510179640718563,-0.014251497005988024,4175,2,2087.5,-0.21887052314223188,0.5309933203622625,-0.8120941787185669,complete
grayson_allen_2022_MIL,Grayson Allen,2022-23,3,re_signed_standard,roster_continuity,0.15345953002610965,0.2712793733681462,-0.07672976501305483,3064,2,0.49774423619173996,0.4415160059711395,0.014546359263559442,6029,3,2009.6666666666667,0.34428470616563034,0.17023663260299327,0.09127612427661427,complete
greg_brown_2022_POR,Greg Brown III,2022-23,3,re_signed_standard,roster_continuity,-4.7,-4,-0.7,640,1,NA,NA,NA,NA,NA,NA,NA,NA,NA,missing_data
hamidou_diallo_2022_DET,Hamidou Diallo,2022-23,3,re_signed_standard,roster_continuity,-1.2862124248496993,-1.691382765531062,0.4051703406813627,2495,2,-1.4,-1.8,0.4,996,1,996,-0.11378757515030058,-0.108617234468938,-0.005170340681362684,complete
harrison_barnes_2022_SAC,Harrison Barnes,2022-23,3,re_signed_standard,roster_continuity,0.2,1.5,-1.3,4682,2,-0.9552866767496219,0.5078234566203768,-1.4631101333699987,7273,3,2424.3333333333335,-1.155286676749622,-0.9921765433796232,-0.1631101333699987,complete
herbert_jones_2022_NOP,Herbert Jones,2022-23,3,re_signed_standard,roster_continuity,-0.5,-2,1.5,2335,1,-0.31006097560975615,-1.6916666666666667,1.408089430894309,4920,3,1640,0.18993902439024385,0.30833333333333335,-0.09191056910569095,complete
immanuel_quickley_2022_NYK,Immanuel Quickley,2022-23,3,re_signed_standard,roster_continuity,0.48574712643678164,0.6898522167487684,-0.20410509031198687,3045,2,1.6361539927577662,1.9728987993138938,-0.3367448065561273,5247,3,1749,1.1504068663209845,1.2830465825651254,-0.13263971624414045,complete
isaac_okoro_2022_CLE,Isaac Okoro,2022-23,3,re_signed_standard,roster_continuity,-3.4785748675974966,-3.3415984593163217,-0.13697640828117483,4154,2,-0.6746080139372823,-1.6754573170731706,1.0008493031358885,4592,3,1530.6666666666667,2.8039668536602145,1.6661411422431511,1.1378257114170633,complete
isaiah_hartenstein_2022_NYK,Isaiah Hartenstein,2022-23,3,new_team,team_change,2.7993802816901407,0.20326760563380278,2.596112676056338,1775,2,2.198004694835681,-0.030868544600939,2.2288732394366195,5112,3,1704,-0.6013755868544597,-0.23413615023474177,-0.3672394366197187,complete
isaiah_jackson_2022_IND,Isaiah Jackson,2022-23,3,re_signed_standard,roster_continuity,-1.6,-1.6,0,541,1,0.2631549917264203,-0.8494760066188637,1.112630998345284,1813,2,906.5,1.8631549917264203,0.7505239933811364,1.112630998345284,complete
isaiah_joe_2022_OKC,Isaiah Joe,2022-23,3,new_team,team_change,-4.6,-3.1,-1.5,609,1,1.0443744374437445,1.271062106210621,-0.2592034203420342,4444,3,1481.3333333333333,5.644374437443744,4.371062106210621,1.2407965796579659,complete
isaiah_roby_2022_SAS,Isaiah Roby,2022-23,3,new_team,team_change,-1.7419721871049303,-2.0620733249051835,0.32010113780025284,2373,2,NA,NA,NA,NA,NA,NA,NA,NA,NA,missing_data
isaiah_stewart_2022_DET,Isaiah Stewart,2022-23,3,re_signed_standard,roster_continuity,-2.3214001834301436,-2.099663711403241,-0.22173647202690314,3271,2,-1.2601030203699366,-1.4013579957855304,0.10767970030437839,4271,3,1423.6666666666667,1.061297163060207,0.6983057156177104,0.3294161723312815,complete
ish_smith_2022_DEN,Ish Smith,2022-23,3,new_team,team_change,-2.2689756097560974,-2.154926829268293,-0.10419512195121952,2050,2,-6.8,-5.6,-1.2,741,1,741,-4.5310243902439025,-3.445073170731707,-1.0958048780487804,complete
ish_wainright_2022_PHX,Ish Wainright,2022-23,3,re_signed_standard,roster_continuity,NA,NA,NA,NA,NA,-1.2,-2.7,1.5,915,1,915,NA,NA,NA,missing_data
ivica_zubac_2022_LAC,Ivica Zubac,2022-23,3,re_signed_standard,roster_continuity,0.8394683617451603,0.22542617740537416,0.6140421843397863,3461,2,1.1561323618700667,0.7716150576806314,0.38451730418943536,6588,3,2196,0.3166640001249065,0.5461888802752572,-0.22952488015035094,complete
ja_morant_2022_MEM,Ja Morant,2022-23,3,re_signed_standard,roster_continuity,2.7147894469812277,3.648072044647387,-0.8812024353120245,3942,2,4.254167868474186,4.279925007210845,-0.025757138736659923,3467,2,1733.5,1.539378421492958,0.6318529625634577,0.8554452965753645,complete
jaden_mcdaniels_2022_MIN,Jaden McDaniels,2022-23,3,re_signed_standard,roster_continuity,-3.1735666867833436,-3.0823777911888954,-0.14559444779722389,3314,2,-1.1733987386124738,-2.0621303433777154,0.8887316047652418,7135,3,2378.3333333333335,2.00016794817087,1.02024744781118,1.0343260525624658,complete
jae_crowder_2022_MIL,Jae Crowder,2022-23,3,new_team,team_change,1.1,-0.5538766270514998,1.6538766270514995,3534,2,-2.6,-2.6,0,1156,1,1156,-3.7,-2.0461233729485,-1.6538766270514995,complete
jaesean_tate_2022_HOU,Jae'Sean Tate,2022-23,3,re_signed_standard,roster_continuity,-1.6006343010490363,-1.4495242742132228,-0.1012686020980727,4099,2,-2.2440766550522646,-3.0248693379790943,0.8256968641114982,2296,3,765.3333333333334,-0.6434423540032284,-1.5753450637658715,0.926965466209571,complete
jakob_poeltl_2022_TOR,Jakob Poeltl,2022-23,3,new_team,team_change,1.2131061598951507,0.22293577981651377,0.9418086500655308,3815,2,1.6120342089187538,0.5866625941763389,1.025371614742415,4911,3,1637,0.3989280490236031,0.3637268143598251,0.08356296467688418,complete
jalen_brunson_2022_NYK,Jalen Brunson,2022-23,3,new_team,team_change,0.8999999999999999,1.141222459132907,-0.24122245913290688,4221,2,4.412935457736969,5.192560086416419,-0.7117472319740752,7406,3,2468.6666666666665,3.5129354577369694,4.051337627283512,-0.47052477284116834,complete
jalen_green_2022_HOU,Jalen Green,2022-23,3,re_signed_standard,roster_continuity,-2.9,-0.5,-2.4,2138,1,-0.6855949367088607,0.6719113924050634,-1.323367088607595,7900,3,2633.3333333333335,2.214405063291139,1.1719113924050633,1.076632911392405,complete
jalen_johnson_2022_ATL,Jalen Johnson,2022-23,3,re_signed_standard,roster_continuity,NA,NA,NA,NA,NA,1.160284697508897,0.03492289442467382,1.1558244365361803,4215,3,1405,NA,NA,NA,missing_data
jalen_mcdaniels_2022_PHI,Jalen McDaniels,2022-23,3,new_team,team_change,-2.7522512506948305,-2.3522512506948305,-0.4,1799,2,-3.614565483476132,-3.687760097919217,0.07319461444308445,2451,2,1225.5,-0.8623142327813014,-1.3355088472243866,0.47319461444308447,complete
jalen_smith_2022_IND,Jalen Smith,2022-23,3,re_signed_standard,roster_continuity,-0.5,0.9,-1.4,925,1,0.21067518248175174,1.1077554744525548,-0.8581812652068126,3288,3,1096,0.7106751824817518,0.20775547445255482,0.5418187347931873,complete
jalen_suggs_2022_ORL,Jalen Suggs,2022-23,3,re_signed_standard,roster_continuity,-5.6,-5.3,-0.20000000000000004,1307,1,0.2761057804820969,-0.9968172244324831,1.2963725719634918,4273,3,1424.3333333333333,5.876105780482097,4.3031827755675165,1.4963725719634917,complete
james_bouknight_2022_CHA,James Bouknight,2022-23,3,re_signed_standard,roster_continuity,NA,NA,NA,NA,NA,-6.5,-5.4,-1.1,515,1,515,NA,NA,NA,missing_data
james_harden_2022_PHI,James Harden,2022-23,3,re_signed_standard,roster_continuity,5.278252234359484,4.698634558093347,0.579617676266137,4028,2,4.550811468758452,4.0622126048147145,0.4885988639437382,7394,3,2464.6666666666665,-0.727440765601032,-0.6364219532786324,-0.09101881232239883,complete
james_johnson_2022_IND,James Johnson,2022-23,3,new_team,team_change,-1.7331244404655328,-2.7000000000000006,1.0201880035810205,2234,2,NA,NA,NA,NA,NA,NA,NA,NA,NA,missing_data
jamychal_green_2022_GSW,JaMychal Green,2022-23,3,new_team,team_change,-1.6476190476190475,-1.2380952380952381,-0.4587301587301587,2205,2,-0.5,-0.7,0.2,797,1,797,1.1476190476190475,0.5380952380952382,0.6587301587301587,complete
jared_butler_2022_OKC,Jared Butler,2022-23,3,new_team,team_change,NA,NA,NA,NA,NA,-1.3867080745341618,-0.2031055900621118,-1.148447204968944,1610,2,805,NA,NA,NA,missing_data
jaren_jackson_2022_MEM,Jaren Jackson Jr.,2022-23,3,re_signed_standard,roster_continuity,-0.1,-0.9,0.8,2126,1,1.7864171297809741,0.7816443282118339,1.0116377901274927,6118,3,2039.3333333333333,1.8864171297809742,1.681644328211834,0.21163779012749262,complete
jarred_vanderbilt_2022_LAL,Jarred Vanderbilt,2022-23,3,new_team,team_change,0.0868168267638291,-1.0263663464723418,1.1509108976482278,3019,2,0.18293324564288066,-1.3642222952975993,1.48536665570536,3041,3,1013.6666666666666,0.09611641887905156,-0.3378559488252575,0.3344557580571321,complete
jarrett_allen_2022_CLE,Jarrett Allen,2022-23,3,re_signed_standard,roster_continuity,2.4794229722373435,1.989711486118672,0.48971148611867177,3674,2,3.2045415349238286,2.141736131072147,1.0308996838171889,6958,3,2319.3333333333335,0.7251185626864851,0.15202464495347523,0.5411881976985171,complete
jarrett_culver_2022_ATL,Jarrett Culver,2022-23,3,new_team,team_change,NA,NA,NA,NA,NA,NA,NA,NA,NA,NA,NA,NA,NA,NA,missing_data
javale_mcgee_2022_DAL,JaVale McGee,2022-23,3,new_team,team_change,-0.4094054054054054,-1.2727567567567568,0.8633513513513512,1850,2,NA,NA,NA,NA,NA,NA,NA,NA,NA,missing_data
javonte_green_2022_CHI,Javonte Green,2022-23,3,re_signed_standard,roster_continuity,0.1,-0.6,0.7,1519,1,-2.3,-2.8,0.5,1258,1,1258,-2.4,-2.1999999999999997,-0.19999999999999996,complete
jaxson_hayes_2022_NOP,Jaxson Hayes,2022-23,3,re_signed_standard,roster_continuity,0.3632514817950889,0.6,-0.17756138865368332,2362,2,-1.0566666666666666,-2.149767441860465,1.0931007751937984,2580,3,860,-1.4199181484617556,-2.749767441860465,1.2706621638474818,complete
jaylen_brown_2022_BOS,Jaylen Brown,2022-23,3,re_signed_standard,roster_continuity,2.2895235837876275,2.5159516473097887,-0.2790471675752548,4219,2,0.6902114103677962,0.9527077903272517,-0.22856935997683175,6906,3,2302,-1.5993121734198312,-1.5632438569825369,0.05047780759842302,complete
jaylen_nowell_2022_MIN,Jaylen Nowell,2022-23,3,re_signed_standard,roster_continuity,-0.7757785467128027,0.18685121107266436,-1.006401384083045,1734,2,-2.5,-1.5,-1,1252,1,1252,-1.7242214532871973,-1.6868512110726643,0.006401384083045025,complete
jayson_tatum_2022_BOS,Jayson Tatum,2022-23,3,re_signed_standard,roster_continuity,4.498307110137423,4.254391555467039,0.18952399920334592,5021,2,5.269378827646545,4.569641294838145,0.699737532808399,8001,3,2667,0.7710717175091215,0.31524973937110623,0.5102135336050531,complete
jeff_green_2022_DEN,Jeff Green,2022-23,3,re_signed_standard,roster_continuity,-1.6532301845819761,-0.6022801302931595,-1.1007600434310534,3684,2,-2.6914512093411176,-1.9639699749791495,-0.6729774812343621,2398,2,1199,-1.0382210247591415,-1.36168984468599,0.4277825621966913,complete
jerami_grant_2022_POR,Jerami Grant,2022-23,3,new_team,team_change,1.1450585761489938,1.6747071192550316,-0.5296485431060378,3329,2,-0.5483214285714286,0.42707142857142855,-1.0026071428571428,5600,3,1866.6666666666667,-1.6933800047204224,-1.247635690683603,-0.472958599751105,complete
jeremiah_robinson-earl_2022_OKC,Jeremiah Robinson-Earl,2022-23,3,re_signed_standard,roster_continuity,-2.2,-1.8999999999999997,-0.4,1087,1,-2.103507062834876,-0.8603507062834876,-1.2431563565513881,2053,2,1026.5,0.09649293716512419,1.039649293716512,-0.8431563565513881,complete
jericho_sims_2022_NYK,Jericho Sims,2022-23,3,re_signed_standard,roster_continuity,-1.7,-2.8,1.1,555,1,-1.6535239034006899,-2.0577624445539673,0.4330704780680138,2029,3,676.3333333333334,0.04647609659931007,0.7422375554460325,-0.6669295219319863,complete
jevon_carter_2022_MIL,Jevon Carter,2022-23,3,re_signed_standard,roster_continuity,-1.0064734895191123,-1.181134401972873,0.17466091245376084,1622,2,-1.8130774697938876,-2.399502487562189,0.5221037668798862,2814,2,1407,-0.8066039802747753,-1.218368085589316,0.34744285442612544,complete
jimmy_butler_2022_MIA,Jimmy Butler III,2022-23,3,re_signed_standard,roster_continuity,6.964581066376496,4.927230685527747,2.089880304678999,3676,2,6.167600404994937,4.939655754303072,1.2574080323995949,5926,3,1975.3333333333333,-0.7969806613815589,0.012425068775324455,-0.832472272279404,complete
jock_landale_2022_PHX,Jock Landale,2022-23,3,new_team,team_change,-0.4,0.7,-1.1,589,1,-0.4251561106155219,-0.4758251561106155,0.05066904549509365,2242,3,747.3333333333334,-0.025156110615521865,-1.1758251561106154,1.1506690454950936,complete
joe_ingles_2022_MIL,Joe Ingles,2022-23,3,new_team,team_change,2.0735697557711608,1.3612579458012712,0.7498494479759117,2989,2,-0.5943515589697244,-1.6528242205151378,1.0112968820605512,2213,2,1106.5,-2.667921314740885,-3.014082166316409,0.26144743408463955,complete
joe_wieskamp_2022_TOR,Joe Wieskamp,2022-23,3,new_team,team_change,NA,NA,NA,NA,NA,NA,NA,NA,NA,NA,NA,NA,NA,NA,missing_data
joel_embiid_2022_PHI,Joel Embiid,2022-23,3,re_signed_standard,roster_continuity,8.505899021123131,6.832534775888718,1.6733642452344153,3882,2,9.168754499640029,6.907007439404848,2.193160547156227,4167,3,1389,0.6628554785168976,0.07447266351613013,0.5197963019218119,complete
john_collins_2022_ATL,John Collins,2022-23,3,re_signed_standard,roster_continuity,1.9210766163486186,2.0263457704357735,-0.10526915408715466,3511,2,-0.6208150828413636,-0.061607312892782325,-0.5186440677966101,5251,3,1750.3333333333333,-2.541891699189982,-2.087953083328556,-0.41337491370945545,complete
john_konchar_2022_MEM,John Konchar,2022-23,3,re_signed_standard,roster_continuity,1.4076057846813068,0.07680771290840924,1.330798071772898,1867,2,0.3802790697674419,-1.9469767441860466,2.309953488372093,3225,3,1075,-1.027326714913865,-2.0237844570944556,0.9791554165991951,complete
jonas_valanciunas_2022_NOP,Jonas Valanciunas,2022-23,3,re_signed_standard,roster_continuity,2.3832290362953694,2.5271589486858574,-0.1878598247809762,3995,2,0.4499169281890345,0.4738231493446557,0.004227432158021035,5417,3,1805.6666666666667,-1.933312108106335,-2.053335799341202,0.19208725693899725,complete
jonathan_kuminga_2022_GSW,Jonathan Kuminga,2022-23,3,re_signed_standard,roster_continuity,-1.5,-1.3,-0.2,1185,1,-0.8548696233563627,-0.6556273679518608,-0.23030978381992426,4487,3,1495.6666666666667,0.6451303766436373,0.6443726320481392,-0.030309783819924246,complete
jordan_clarkson_2022_UTA,Jordan Clarkson,2022-23,3,re_signed_standard,roster_continuity,0.3184137408436474,1.0969689315483706,-0.832634503662541,3959,2,-2.5464594127806564,0.08173575129533679,-2.6281951640759935,4632,3,1544,-2.8648731536243037,-1.0152331802530339,-1.7955606604134524,complete
jordan_mclaughlin_2022_MIN,Jordan McLaughlin,2022-23,3,re_signed_standard,roster_continuity,-0.6705434782608696,-1.6078260869565215,0.886304347826087,1840,2,1.6523006134969327,-0.003834355828220859,1.7041411042944783,1304,2,652,2.322844091757802,1.6039917311283007,0.8178367564683913,complete
jordan_nwora_2022_IND,Jordan Nwora,2022-23,3,new_team,team_change,-4.1,-2.7,-1.5,1185,1,-2.2498947368421054,-0.912421052631579,-1.3749473684210527,1900,2,950,1.8501052631578943,1.7875789473684212,0.1250526315789473,complete
jordan_poole_2022_GSW,Jordan Poole,2022-23,3,re_signed_standard,roster_continuity,0.5469275450932437,1.1187710180372974,-0.5718434729440538,3271,2,-1.9131814842027919,-0.13751653196179278,-1.7756649522409995,6805,3,2268.3333333333335,-2.4601090292960355,-1.2562875499990902,-1.2038214792969457,complete
jose_alvarado_2022_NOP,Jose Alvarado,2022-23,3,re_signed_standard,roster_continuity,1.9,-0.5,2.4,834,1,-0.9684665226781857,-1.3449244060475163,0.3688444924406047,3704,3,1234.6666666666667,-2.868466522678186,-0.8449244060475163,-2.0311555075593954,complete
josh_christopher_2022_HOU,Josh Christopher,2022-23,3,re_signed_standard,roster_continuity,-3.5,-2.2,-1.3,1334,1,-4.3,-3,-1.4,786,1,786,-0.7999999999999998,-0.7999999999999998,-0.09999999999999987,complete
josh_giddey_2022_OKC,Josh Giddey,2022-23,3,re_signed_standard,roster_continuity,-0.9,-1.2,0.3,1700,1,1.8795842956120092,1.4755658198614316,0.3730561970746729,6495,3,2165,2.7795842956120094,2.675565819861432,0.07305619707467292,complete
josh_green_2022_DAL,Josh Green,2022-23,3,re_signed_standard,roster_continuity,-1,-2.4,1.4,1039,1,-3.218657473129183,-3.047576556479416,-0.20229162441695397,4931,3,1643.6666666666667,-2.218657473129183,-0.6475765564794163,-1.6022916244169538,complete
josh_hart_2022_NYK,Josh Hart,2022-23,3,new_team,team_change,0.16964968152866244,-0.18738853503184716,0.4140764331210191,3140,2,1.2807396376272027,-0.1021593447505584,1.4524447753785057,8058,3,2686,1.11108995609854,0.08522919028128875,1.0383683422574865,complete
josh_okogie_2022_PHX,Josh Okogie,2022-23,3,new_team,team_change,-3.1192644483362524,-3.7,0.4807355516637478,1713,2,0.06388415672913117,-0.8144804088586031,0.8323679727427598,2935,3,978.3333333333334,3.1831486050653837,2.885519591141397,0.35163242107901194,complete
josh_richardson_2022_NOP,Josh Richardson,2022-23,3,new_team,team_change,-0.8504424778761062,-1.075221238938053,0.2247787610619469,3390,2,-1.2418913786555261,-1.125674135966578,-0.05810862134447398,2633,2,1316.5,-0.39144890077941996,-0.05045289702852496,-0.2828873824064209,complete
joshua_primo_2022_SAS,Joshua Primo,2022-23,3,re_signed_standard,roster_continuity,-5,-3.8,-1.1,965,1,NA,NA,NA,NA,NA,NA,NA,NA,NA,missing_data
jrue_holiday_2022_MIL,Jrue Holiday,2022-23,3,re_signed_standard,roster_continuity,3.2926852976913734,2.8536573511543133,0.4390279465370595,4115,2,2.02567013560391,1.2997792494481237,0.7258908861557869,6342,3,2114,-1.2670151620874632,-1.5538781017061896,0.2868629396187274,complete
jt_thor_2022_CHA,JT Thor,2022-23,3,re_signed_standard,roster_continuity,NA,NA,NA,NA,NA,-4.610742857142857,-3.9429714285714286,-0.7124,1750,2,875,NA,NA,NA,missing_data
juan_toscano-anderson_2022_UTA,Juan Toscano-Anderson,2022-23,3,new_team,team_change,0.04302712993812469,-2.298905283198477,2.2946216087577342,2101,2,-3.8,-4.6,0.8,700,1,700,-3.8430271299381245,-2.3010947168015226,-1.4946216087577342,complete
juancho_hernangomez_2022_TOR,Juancho Hernangomez,2022-23,3,new_team,team_change,-2.9,-1.1,-1.8,900,1,-3.3,-3.5,0.2,614,1,614,-0.3999999999999999,-2.4,2,complete
julius_randle_2022_NYK,Julius Randle,2022-23,3,re_signed_standard,roster_continuity,2.1889464594127808,1.6795048934945307,0.5582613701784687,5211,2,2.4446685878962535,2.6693917791597146,-0.22472319126346124,6593,3,2197.6666666666665,0.25572212848347275,0.9898868856651839,-0.78298456144193,complete
justin_champagnie_2022_BOS,Justin Champagnie,2022-23,3,new_team,team_change,NA,NA,NA,NA,NA,-0.5,-0.3,-0.2,1340,1,1340,NA,NA,NA,missing_data
justin_holiday_2022_DAL,Justin Holiday,2022-23,3,new_team,team_change,-1.5821698113207547,-1.1425707547169812,-0.43959905660377363,4240,2,-2.6355867346938777,-3.04030612244898,0.4497448979591837,1568,2,784,-1.053416923373123,-1.8977353677319988,0.8893439545629573,complete
justise_winslow_2022_POR,Justise Winslow,2022-23,3,re_signed_standard,roster_continuity,-3.400546021840874,-4.0841653666146644,0.6836193447737909,1282,2,-2.8,-3.4,0.6,776,1,776,0.600546021840874,0.6841653666146645,-0.08361934477379096,complete
jusuf_nurkic_2022_POR,Jusuf Nurkic,2022-23,3,re_signed_standard,roster_continuity,1.0873119154127693,0.31472143147620985,0.7725904839365596,2459,2,0.2301412180052957,-1.1586937334510152,1.3888349514563105,4532,3,1510.6666666666667,-0.8571706974074735,-1.4734151649272251,0.6162444675197509,complete
kai_jones_2022_CHA,Kai Jones,2022-23,3,re_signed_standard,roster_continuity,NA,NA,NA,NA,NA,-4,-4.8,0.8,550,1,550,NA,NA,NA,missing_data
karl-anthony_towns_2022_MIN,Karl-Anthony Towns,2022-23,3,re_signed_supermax,supermax,4.797238895558223,4.41889555822329,0.37834333733493397,4165,2,3.0904000000000003,2.556509090909091,0.5338909090909091,5500,3,1833.3333333333333,-1.706838895558223,-1.8623864673141988,0.1555475717559751,complete
keita_bates-diop_2022_SAS,Keita Bates-Diop,2022-23,3,re_signed_standard,roster_continuity,-2.6,-2.1,-0.5,957,1,-0.7256495040151156,-0.26542276806802084,-0.49163911195087384,2117,2,1058.5,1.8743504959848845,1.8345772319319793,0.008360888049126158,complete
keldon_johnson_2022_SAS,Keldon Johnson,2022-23,3,re_signed_standard,roster_continuity,-0.99651376146789,-0.02220183486238536,-0.9743119266055046,4360,2,-1.7037885165852835,0.14020878935847786,-1.8439973059437615,5939,3,1979.6666666666667,-0.7072747551173936,0.16241062422086322,-0.869685379338257,complete
kelly_olynyk_2022_UTA,Kelly Olynyk,2022-23,3,new_team,team_change,1.310684534588917,0.35534226729445856,0.9276711336472293,2761,2,0.7228440766550523,-0.11445993031358888,0.8795949477351916,4592,3,1530.6666666666667,-0.5878404579338647,-0.4698021976080474,-0.04807618591203766,complete
kelly_oubre_2022_CHA,Kelly Oubre Jr.,2022-23,3,re_signed_standard,roster_continuity,-1.6288388497015733,-0.5322843190450353,-1.0965545306565383,3686,2,-1.9730153142052458,-1.2734201725048406,-0.6634219327583172,5681,3,1893.6666666666667,-0.34417646450367245,-0.7411358534598054,0.4331325978982211,complete
kemba_walker_2022_DAL,Kemba Walker,2022-23,3,new_team,team_change,1.4044454035390592,1.9407854984894257,-0.49542511868795863,2317,2,NA,NA,NA,NA,NA,NA,NA,NA,NA,missing_data
kenrich_williams_2022_OKC,Kenrich Williams,2022-23,3,re_signed_standard,roster_continuity,-0.5283426741393115,-1.2429143314651723,0.7574859887910328,2498,2,0.13632313632313628,-0.4348381348381349,0.5375408375408376,3367,3,1122.3333333333333,0.6646658104624478,0.8080761966270373,-0.2199451512501952,complete
kentavious_caldwell-pope_2022_DEN,Kentavious Caldwell-Pope,2022-23,3,new_team,team_change,-1.0504608839517844,-1.214677381233751,0.11926258567714491,4231,2,-1.2651373548569809,-2.221863494760691,0.9567261399037099,7062,3,2354,-0.21467647090519648,-1.00718611352694,0.837463554226565,complete
keon_johnson_2022_POR,Keon Johnson,2022-23,3,re_signed_standard,roster_continuity,-5.9,-4,-2,697,1,-3.3,-3.1,-0.1,1925,1,1925,2.6000000000000005,0.8999999999999999,1.9,complete
kessler_edwards_2022_SAC,Kessler Edwards,2022-23,3,new_team,team_change,-3.8,-3.1,-0.8,987,1,-1.4,-2,0.6,608,1,608,2.4,1.1,1.4,complete
kevin_durant_2022_PHX,Kevin Durant,2022-23,3,new_team,team_change,7.2,6.4,0.7361111111111112,3204,2,4.501070154577883,4.463362068965517,0.10404280618311532,6728,3,2242.6666666666665,-2.698929845422117,-1.9366379310344835,-0.6320683049279958,complete
kevin_huerter_2022_SAC,Kevin Huerter,2022-23,3,new_team,team_change,-0.7564673157162726,-0.5492814093648586,-0.15790449698655537,4314,2,-0.44169728141072745,-0.13207200587803095,-0.2978508449669361,5444,3,1814.6666666666667,0.3147700343055451,0.41720940348682767,-0.13994634798038072,complete
kevin_knox_2022_POR,Kevin Knox II,2022-23,3,new_team,team_change,NA,NA,NA,NA,NA,-3.9074074074074074,-2.359259259259259,-1.5481481481481483,1512,2,756,NA,NA,NA,missing_data
kevin_love_2022_MIA,Kevin Love,2022-23,3,new_team,team_change,3.24892872759073,3.448097944905991,-0.17197201574114562,2287,2,1.8809611829944548,1.267467652495379,0.6561922365988909,2164,2,1082,-1.3679675445962753,-2.180630292410612,0.8281642523400365,complete
kevin_porter_2022_HOU,Kevin Porter Jr.,2022-23,3,re_signed_standard,roster_continuity,-2.178592268417214,-0.40452224653537566,-1.8436177972283008,2742,2,0.09275527666856814,0.13188819167142032,-0.08140330861380493,3506,2,1753,2.271347545085782,0.536410438206796,1.762214488614496,complete
kevon_looney_2022_GSW,Kevon Looney,2022-23,3,re_signed_standard,roster_continuity,0.17763567231247834,-1.261182163843761,1.4190805392326304,2893,2,1.2040512223515718,-0.078183934807916175,1.3278230500582071,4295,3,1431.6666666666667,1.0264155500390935,1.182998229035845,-0.09125748917442333,complete
khem_birch_2022_TOR,Khem Birch,2022-23,3,re_signed_standard,roster_continuity,-1.1179761904761905,-1.2752777777777777,0.2179761904761905,2520,2,NA,NA,NA,NA,NA,NA,NA,NA,NA,missing_data
khris_middleton_2022_MIL,Khris Middleton,2022-23,3,re_signed_standard,roster_continuity,1.4456462585034016,1.797097505668934,-0.3,4410,2,0.9155541360587671,0.8859469817949537,0.004024273395081442,3131,3,1043.6666666666667,-0.5300921224446344,-0.9111505238739803,0.3040242733950814,complete
killian_hayes_2022_DET,Killian Hayes,2022-23,3,re_signed_standard,roster_continuity,-4.569917997410444,-4.878334052654294,0.30841605524384985,2317,2,-3.449335863377609,-3.1724857685009487,-0.27685009487666035,3162,2,1581,1.1205821340328352,1.7058482841533453,-0.5852661501205102,complete
kj_martin_2022_HOU,KJ Martin,2022-23,3,re_signed_standard,roster_continuity,-1.4352422907488986,-0.5488986784140969,-0.8863436123348016,2724,2,-2.0116962025316454,-1.146126582278481,-0.8424810126582277,3950,3,1316.6666666666667,-0.5764539117827467,-0.5972279038643841,0.04386259967657391,complete
kristaps_porzingis_2022_WAS,Kristaps Porzingis,2022-23,3,re_signed_standard,roster_continuity,3.0966168091168087,3.1582264957264954,-0.06160968660968665,2808,2,4.665737051792829,3.6266932270916334,1.0390438247011953,5020,3,1673.3333333333333,1.56912024267602,0.46846673136513806,1.100653511310882,complete
kyle_anderson_2022_MIN,Kyle Anderson,2022-23,3,new_team,team_change,2.3755265499851674,0.3874814595075644,1.988045090477603,3371,2,1.762434085635942,-0.6456443788230332,2.429213246150601,4741,3,1580.3333333333333,-0.6130924643492255,-1.0331258383305975,0.44116815567299805,complete
kyle_kuzma_2022_WAS,Kyle Kuzma,2022-23,3,re_signed_standard,roster_continuity,-0.293987493987494,-0.08196248196248196,-0.25901875901875904,4158,2,-2.447614622057001,-0.7623451053283766,-1.6852695167286247,6456,3,2152,-2.153627128069507,-0.6803826233658947,-1.4262507577098655,complete
kyle_lowry_2022_MIA,Kyle Lowry,2022-23,3,re_signed_standard,roster_continuity,1.8284949116229245,1.48588644884842,0.28548473486877346,3734,2,-0.5417014998770593,-1.538923039095156,0.9549791000737645,4067,3,1355.6666666666667,-2.370196411499984,-3.024809487943576,0.6694943652049911,complete
lamar_stevens_2022_CLE,Lamar Stevens,2022-23,3,re_signed_standard,roster_continuity,-2.9,-3.2,0.3,1015,1,-2.6002382370458608,-2.733650982727814,0.10011911852293032,1679,2,839.5,0.29976176295413914,0.46634901727218603,-0.19988088147706967,complete
lamelo_ball_2022_CHA,LaMelo Ball,2022-23,3,re_signed_standard,roster_continuity,2.795939347211514,2.4694166024158313,0.32652274479568233,3891,2,2.929247990815155,3.711222732491389,-0.7819747416762343,3484,3,1161.3333333333333,0.13330864360364103,1.2418061300755578,-1.1084974864719166,complete
landry_shamet_2022_PHX,Landry Shamet,2022-23,3,re_signed_standard,roster_continuity,-1.7928169014084505,-0.9,-0.9434154929577465,2840,2,-2.554509803921569,-1.8717647058823528,-0.7159477124183007,2295,3,765,-0.7616929025131183,-0.9717647058823528,0.22746778053944583,complete
larry_nance_2022_NOP,Larry Nance Jr.,2022-23,3,re_signed_standard,roster_continuity,0.1559831065227593,-0.9119662130455185,1.0679493195682779,2131,2,2,-0.09364651520985753,2.093646515209858,2597,2,1298.5,1.8440168934772407,0.8183196978356609,1.0256971956415801,complete
lauri_markkanen_2022_UTA,Lauri Markkanen,2022-23,3,new_team,team_change,0.2763380281690141,0.6473239436619718,-0.4297652582159624,3195,2,2.64797988866942,4.143742144011492,-1.454947028191776,5569,3,1856.3333333333333,2.371641860500406,3.4964182003495203,-1.0251817699758137,complete
leandro_bolmaro_2022_UTA,Leandro Bolmaro,2022-23,3,new_team,team_change,NA,NA,NA,NA,NA,NA,NA,NA,NA,NA,NA,NA,NA,NA,missing_data
lebron_james_2022_LAL,LeBron James,2022-23,3,re_signed_standard,roster_continuity,7.867670011148272,6.48082497212932,1.42876254180602,3588,2,6.068067226890757,5.287539843523616,0.7442480440452042,6902,3,2300.6666666666665,-1.799602784257515,-1.1932851286057042,-0.6845144977608157,complete
lonnie_walker_2022_LAL,Lonnie Walker IV,2022-23,3,new_team,team_change,-3.0827696234843653,-1.7342054881940012,-1.3485641352903637,3134,2,-1.4,-0.6809792027729636,-0.7190207972270364,2308,2,1154,1.6827696234843654,1.0532262854210375,0.6295433380633273,complete
luguentz_dort_2022_OKC,Luguentz Dort,2022-23,3,re_signed_standard,roster_continuity,-2.8771820448877805,-2.0290835411471324,-0.7961970074812967,3208,2,-1.5164618419056288,-1.3552116522530722,-0.1612501896525565,6591,3,2197,1.3607202029821517,0.6738718888940602,0.6349468178287403,complete
luka_doncic_2022_DAL,Luka Doncic,2022-23,3,re_signed_standard,roster_continuity,7.505982905982905,6.251282051282051,1.2547008547008547,4563,2,8.713119103773586,7.323157429245283,1.463885613207547,6784,3,2261.3333333333335,1.207136197790681,1.0718753779632317,0.20918475850669238,complete
luka_garza_2022_MIN,Luka Garza,2022-23,3,new_team,team_change,NA,NA,NA,NA,NA,NA,NA,NA,NA,NA,NA,NA,NA,NA,missing_data
luke_kennard_2022_MEM,Luke Kennard,2022-23,3,new_team,team_change,0.22630910821961284,0.604506505871152,-0.37819739765153915,3151,2,0.5221870047543582,0.7166402535657685,-0.19445324881141046,3786,3,1262,0.2958778965347454,0.11213374769461659,0.18374414884012868,complete
malachi_flynn_2022_TOR,Malachi Flynn,2022-23,3,re_signed_standard,roster_continuity,-2.19679180887372,-2.2434129692832765,0.01993174061433446,1465,2,-3.0378430121250797,-2.573261008296107,-0.46458200382897263,1567,2,783.5,-0.8410512032513595,-0.32984803901283044,-0.4845137444433071,complete
malcolm_brogdon_2022_BOS,Malcolm Brogdon,2022-23,3,new_team,team_change,2.1769132653061223,2.9230867346938774,-0.7461734693877551,3136,2,1.8312044327792358,2.036016331291922,-0.1703995333916594,3429,3,1143,-0.34570883252688644,-0.8870704034019554,0.5757739359960957,complete
malik_beasley_2022_LAL,Malik Beasley,2022-23,3,new_team,team_change,-0.5097178683385579,1.0425078369905956,-1.6141692789968654,3190,2,-0.9781319827200955,0.05143750931029346,-0.9983911812900342,6713,3,2237.6666666666665,-0.46841411438153757,-0.9910703276803021,0.6157780977068311,complete
malik_monk_2022_SAC,Malik Monk,2022-23,3,new_team,team_change,-0.8783228372555519,0.4126947298641034,-1.2910175671196553,3017,2,-7.617360496014292e-4,1.0938175376439327,-1.158193091231178,5645,3,1881.6666666666667,0.8775611012059505,0.6811228077798294,0.13282447588847734,complete
marcus_morris_2022_LAC,Marcus Morris Sr.,2022-23,3,re_signed_standard,roster_continuity,-0.7141552511415524,0.28786692759295496,-0.9020221787345076,3066,2,-2.487547312641938,-2.0164647993943983,-0.5401589704769115,2642,2,1321,-1.7733920615003855,-2.3043317269873533,0.3618632082575961,complete
marcus_smart_2022_BOS,Marcus Smart,2022-23,3,re_signed_standard,roster_continuity,0.17376837761155534,-0.8737683776115553,1.088315708021666,3877,2,-1.366132017273288,-2.0379703886489824,0.6718383713756941,3242,3,1080.6666666666667,-1.5399003948848433,-1.164202011037427,-0.416477336645972,complete
marvin_bagley_2022_DET,Marvin Bagley III,2022-23,3,re_signed_standard,roster_continuity,-2.6927593818984548,-0.45090507726269313,-2.2418543046357615,2265,2,-0.6422907488986784,0.6607929515418502,-1.3030837004405285,2043,2,1021.5,2.0504686329997766,1.1116980288045433,0.9387706041952331,complete
mason_plumlee_2022_LAC,Mason Plumlee,2022-23,3,new_team,team_change,1.0017618469015797,-0.7259113001215066,1.7276731470230862,3292,2,0.7943396226415095,-0.056256206554121245,0.8996027805362462,4028,3,1342.6666666666667,-0.20742222426007018,0.6696550935673854,-0.82807036648684,complete
matisse_thybulle_2022_POR,Matisse Thybulle,2022-23,3,new_team,team_change,1.4481059336238686,-2.374052966811935,3.8221589004358028,2983,2,0.10874581317454407,-2.755340528470413,2.864086341644957,2687,2,1343.5,-1.3393601204493246,-0.3812875616584783,-0.9580725587908456,complete
max_strus_2022_MIA,Max Strus,2022-23,3,re_signed_standard,roster_continuity,0.14942693409742114,0.9399713467048709,-0.7147564469914041,2094,2,-0.6139177040110649,-0.4979598893499308,-0.11595781466113415,5784,3,1928,-0.7633446381084861,-1.4379312360548018,0.5987986323302699,complete
maxi_kleber_2022_DAL,Maxi Kleber,2022-23,3,re_signed_standard,roster_continuity,-0.20781082049444644,-1.0714797563597276,0.8636689358652813,2791,2,-2.2965135356849875,-2.758285479901559,0.4617719442165709,2438,3,812.6666666666666,-2.088702715190541,-1.6868057235418312,-0.40189699164871034,complete
mikal_bridges_2022_BKN,Mikal Bridges,2022-23,3,new_team,team_change,2.3673202614379085,1.35759323337178,1.0097270280661286,5202,2,0.26855303287021337,0.8648706653111939,-0.5640799728905456,8853,3,2951,-2.098767228567695,-0.492722568060586,-1.5738070009566743,complete
mike_conley_2022_MIN,Mike Conley,2022-23,3,new_team,team_change,3.858267716535433,2.905511811023622,0.952755905511811,3556,2,1.9052358648377383,1.0437269989963198,0.8615088658414186,5978,3,1992.6666666666667,-1.9530318516976946,-1.8617848120273024,-0.09124703967039238,complete
mike_muscala_2022_BOS,Mike Muscala,2022-23,3,new_team,team_change,2.3407437348423605,2.2878738884397736,0.052869846402586886,1237,2,-2.3029126213592233,-1.6980582524271846,-0.6048543689320388,1545,2,772.5,-4.643656356201584,-3.985932140866958,-0.6577242153346257,complete
miles_mcbride_2022_NYK,Miles McBride,2022-23,3,re_signed_standard,roster_continuity,NA,NA,NA,NA,NA,-0.510948111926107,-1.0606900298831838,0.606465634338495,3681,3,1227,NA,NA,NA,missing_data
mitchell_robinson_2022_NYK,Mitchell Robinson,2022-23,3,re_signed_standard,roster_continuity,1.8841910403554243,0.5894483524620511,1.2947426878933728,2701,2,1.6186519711742262,0.5767698177193725,1.074438321322594,2359,2,1179.5,-0.2655390691811981,-0.012678534742678549,-0.22030436657077868,complete
mo_bamba_2022_LAL,Mo Bamba,2022-23,3,new_team,team_change,0.5293448411141624,-0.08622989407610829,0.6440172616712436,2549,2,-0.2355864811133201,-1.229821073558648,1.043273691186216,1509,2,754.5,-0.7649313222274825,-1.1435911794825395,0.3992564295149723,complete
monte_morris_2022_WAS,Monte Morris,2022-23,3,new_team,team_change,-0.10445414847161573,0.5562736535662299,-0.6955458515283842,3435,2,-0.07956751985878198,0.3464254192409532,-0.5007943512797881,2266,2,1133,0.02488662861283375,-0.20984823432527672,0.1947515002485961,complete
montrezl_harrell_2022_PHI,Montrezl Harrell,2022-23,3,new_team,team_change,3.4585221980751317,3.0132567525613165,0.3943185346165787,3221,2,-1.3,-0.8999999999999999,-0.4000000000000001,681,1,681,-4.7585221980751315,-3.9132567525613164,-0.7943185346165788,complete
moritz_wagner_2022_ORL,Moritz Wagner,2022-23,3,re_signed_standard,roster_continuity,-0.20285374554102262,-0.3028537455410226,0.14292508917954816,1682,2,1.8624999999999998,1.3975064766839378,0.46499352331606214,3088,3,1029.3333333333333,2.0653537455410222,1.7003602222249605,0.322068434136514,complete
moses_brown_2022_BKN,Moses Brown,2022-23,3,new_team,team_change,-2.4,-1.3,-1.2,920,1,NA,NA,NA,NA,NA,NA,NA,NA,NA,missing_data
moses_moody_2022_GSW,Moses Moody,2022-23,3,re_signed_standard,roster_continuity,-2.5,-1.4,-1.1,607,1,-1.0281336278299285,-0.8570403092214246,-0.1710933186085036,3622,3,1207.3333333333333,1.4718663721700715,0.5429596907785753,0.9289066813914965,complete
myles_turner_2022_IND,Myles Turner,2022-23,3,re_signed_standard,roster_continuity,0.8591078066914498,-0.8195167286245353,1.7245353159851302,2690,2,1.0815637860082306,0.7623045267489712,0.31925925925925924,6075,3,2025,0.22245597931678074,1.5818212553735065,-1.4052760567258709,complete
naji_marshall_2022_NOP,Naji Marshall,2022-23,3,re_signed_standard,roster_continuity,-2.273170731707317,-2.4073170731707316,0.13414634146341464,1435,2,-1.1714774557165861,-1.1301529790660225,-0.06662640901771337,4968,3,1656,1.1016932759907307,1.277164094104709,-0.20077275048112803,complete
nassir_little_2022_POR,Nassir Little,2022-23,3,re_signed_standard,roster_continuity,-1.8814814814814813,-0.9740740740740741,-0.9703703703703703,1728,2,-3,-1.6,-1.4,976,1,976,-1.1185185185185187,-0.625925925925926,-0.4296296296296296,complete
nathan_knight_2022_MIN,Nathan Knight,2022-23,3,re_signed_standard,roster_continuity,NA,NA,NA,NA,NA,NA,NA,NA,NA,NA,NA,NA,NA,NA,missing_data
naz_reid_2022_MIN,Naz Reid,2022-23,3,re_signed_standard,roster_continuity,-0.10515222482435599,-0.2896955503512881,0.1319672131147541,2562,2,1.4251154201292706,0.5394090489381348,0.908808864265928,5415,3,1805,1.5302676449536265,0.8291045992894228,0.7768416511511739,complete
nic_claxton_2022_BKN,Nic Claxton,2022-23,3,re_signed_standard,roster_continuity,0.46211734693877554,-0.19247448979591839,0.6545918367346938,1568,2,1.6481256978784495,-0.10545541553676825,1.753581113415218,6269,3,2089.6666666666665,1.186008350939674,0.08701907425915013,1.0989892766805243,complete
nick_richards_2022_CHA,Nick Richards,2022-23,3,re_signed_standard,roster_continuity,NA,NA,NA,NA,NA,-2.3092155009451796,-1.5461720226843099,-0.7342863894139886,4232,3,1410.6666666666667,NA,NA,NA,missing_data
nickeil_alexander-walker_2022_MIN,Nickeil Alexander-Walker,2022-23,3,new_team,team_change,-2.2484836231298018,-1.6371209057824505,-0.6113627173473515,2473,2,-0.25432554325543255,-1.0268757687576877,0.7544280442804429,4878,3,1626,1.9941580798743692,0.6102451370247628,1.3657907616277942,complete
nicolas_batum_2022_LAC,Nicolas Batum,2022-23,3,re_signed_standard,roster_continuity,2.1887204366282593,0.5556397816858702,1.6774408732565191,3298,2,0.29022801302931595,-1.0847557003257329,1.3046688382193268,4605,3,1535,-1.8984924235989433,-1.6403954820116031,-0.37277203503719236,complete
nikola_jokic_2022_DEN,Nikola Jokic,2022-23,3,re_signed_supermax,supermax,12.898066075745367,9.149879129734085,3.7481869460112813,4964,2,13.172808282007603,9.151015594286463,3.988101166295374,7631,3,2543.6666666666665,0.27474220626223556,0.0011364645523777028,0.23991422028409248,complete
nikola_vucevic_2022_CHI,Nikola Vucevic,2022-23,3,re_signed_standard,roster_continuity,3.0676877885018885,2.819890893831305,0.2477968946705833,4766,2,1.781241812942101,1.7029604401362326,0.042310715221378054,7634,3,2544.6666666666665,-1.2864459755597875,-1.1169304536950724,-0.20548617944920525,complete
norman_powell_2022_LAC,Norman Powell,2022-23,3,re_signed_standard,roster_continuity,0.12137592137592139,1.13980343980344,-1.0184275184275184,3663,2,0.32912058023572077,1.003608340888486,-0.7029011786038079,5515,3,1838.3333333333333,0.20774465885979937,-0.13619509891495407,0.3155263398237106,complete
obi_toppin_2022_NYK,Obi Toppin,2022-23,3,re_signed_standard,roster_continuity,1.0360167276529013,0.5932043910088867,0.4428123366440146,1913,2,1.0858959537572255,1.4358381502890174,-0.3499421965317919,4325,3,1441.6666666666667,0.04987922610432416,0.8426337592801307,-0.7927545331758066,complete
og_anunoby_2022_TOR,OG Anunoby,2022-23,3,re_signed_standard,roster_continuity,0.8173362859854476,0.581335020563113,0.2360012654223347,3161,2,0.2689726229025611,-0.07706800117750959,0.410921401236385,6794,3,2264.6666666666665,-0.5483636630828865,-0.6584030217406226,0.17492013581405028,complete
omer_yurtseven_2022_MIA,Omer Yurtseven,2022-23,3,re_signed_standard,roster_continuity,-1,-1.4,0.4,706,1,-3,-1.6,-1.5,545,1,545,-2,-0.20000000000000018,-1.9,complete
onyeka_okongwu_2022_ATL,Onyeka Okongwu,2022-23,3,re_signed_standard,roster_continuity,-0.030006277463904555,-0.8300062774639047,0.8,1593,2,0.6770214366303122,0.46573899962391874,0.22367431365174878,5318,3,1772.6666666666667,0.7070277140942168,1.2957452770878235,-0.5763256863482513,complete
oshae_brissett_2022_IND,Oshae Brissett,2022-23,3,re_signed_standard,roster_continuity,-1.502352376380221,-0.10134421507441187,-1.4010081613058087,2083,2,-2.6851138353765327,-2,-0.6851138353765324,1713,2,856.5,-1.1827614589963118,-1.898655784925588,0.7158943259292764,complete
otto_porter_2022_TOR,Otto Porter Jr.,2022-23,3,new_team,team_change,2.161638361638362,0.6973026973026973,1.4643356643356642,2002,2,NA,NA,NA,NA,NA,NA,NA,NA,NA,missing_data
pascal_siakam_2022_TOR,Pascal Siakam,2022-23,3,re_signed_standard,roster_continuity,2.3184554973821987,1.956064572425829,0.31863001745200703,4584,2,2.240180730558737,2.706554664630266,-0.43262059310169276,7857,3,2619,-0.07827476682346157,0.7504900922044371,-0.7512506105536998,complete
pat_connaughton_2022_MIL,Pat Connaughton,2022-23,3,re_signed_standard,roster_continuity,0.6213104715248009,0.17308634415186777,0.3964482547458665,3266,2,-1.4807898979043526,-1.4512896292315962,-0.0132993014508329,3722,3,1240.6666666666667,-2.1021003694291536,-1.624375973383464,-0.4097475561966994,complete
patrick_beverley_2022_CHI,Patrick Beverley,2022-23,3,new_team,team_change,1.9790294627383018,0.13136915077989603,1.8476603119584054,2308,2,-1.1553996339231238,-2.275594874923734,1.1647956070774863,3278,2,1639,-3.1344290966614254,-2.4069640257036298,-0.6828647048809191,complete
patty_mills_2022_BKN,Patty Mills,2022-23,3,re_signed_standard,roster_continuity,-1.4909947903745968,-0.17459687422475811,-1.3163979161498387,4031,2,-3.1,-1.4,-1.7,567,1,567,-1.6090052096254033,-1.2254031257752418,-0.38360208385016126,complete
paul_reed_2022_PHI,Paul Reed,2022-23,3,re_signed_standard,roster_continuity,NA,NA,NA,NA,NA,0.2390191897654584,-0.9219616204690831,1.1609808102345416,2345,2,1172.5,NA,NA,NA,missing_data
payton_pritchard_2022_BOS,Payton Pritchard,2022-23,3,re_signed_standard,roster_continuity,0.4029087703834288,0.5823270163067431,-0.17941824592331423,2269,2,1.6010339734121124,1.8450305971723993,-0.14399662376028696,4739,3,1579.6666666666667,1.1981252030286835,1.2627035808656561,0.03542162216302727,complete
pj_tucker_2022_PHI,P.J. Tucker,2022-23,3,new_team,team_change,-1.3098591549295775,-2.3441414444111475,1.0342822894815702,3337,2,-3,-3.2,0.2,1920,1,1920,-1.6901408450704225,-0.8558585555888527,-0.8342822894815702,complete
pj_washington_2022_CHA,P.J. Washington,2022-23,3,re_signed_standard,roster_continuity,-0.5199892530897368,-0.8824825362708221,0.40999462654486835,3722,2,-1.4620261031696706,-1.270074580484773,-0.19195152268489746,6436,3,2145.3333333333335,-0.9420368500799339,-0.387592044213951,-0.6019461492297657,complete
precious_achiuwa_2022_TOR,Precious Achiuwa,2022-23,3,re_signed_standard,roster_continuity,-3.049025182778229,-2.4789601949634448,-0.5700649878147848,2462,2,-1.809506863243518,-1.7320284697508894,-0.048500254194204374,3934,3,1311.3333333333333,1.2395183195347108,0.7469317252125554,0.5215647336205804,complete
quentin_grimes_2022_NYK,Quentin Grimes,2022-23,3,re_signed_standard,roster_continuity,-0.3,-1.2,0.9,786,1,-0.3221360728823416,-0.13266136848226398,-0.23058732312463653,5159,3,1719.6666666666667,-0.022136072882341595,1.067338631517736,-1.1305873231246366,complete
raul_neto_2022_CLE,Raul Neto,2022-23,3,new_team,team_change,-1.737153153153153,-1.9438558558558559,0.20781981981981984,2775,2,-0.2,-1.7,1.5,505,1,505,1.537153153153153,0.2438558558558559,1.2921801801801802,complete
reggie_bullock_2022_DAL,Reggie Bullock Jr.,2022-23,3,re_signed_standard,roster_continuity,-0.7420669955855621,-1.1469488444559854,0.4048818488704233,3851,2,-2.6,-2.3,-0.3,2364,1,2364,-1.857933004414438,-1.1530511555440144,-0.7048818488704233,complete
reggie_jackson_2022_DEN,Reggie Jackson,2022-23,3,new_team,team_change,-1.6473589281113115,-0.6043287812419479,-1.0430301468693637,3881,2,-3.5338802533103055,-2.324668969487622,-1.3092112838226828,3474,2,1737,-1.886521325198994,-1.7203401882456744,-0.26618113695331913,complete
richaun_holmes_2022_SAC,Richaun Holmes,2022-23,3,re_signed_standard,roster_continuity,0.18634453781512605,0.22394957983193278,-0.03760504201680673,2856,2,-1.1424242424242423,-0.6347107438016529,-0.40771349862258954,1089,2,544.5,-1.3287687802393684,-0.8586603236335857,-0.37010845660578284,complete
rj_barrett_2022_NYK,RJ Barrett,2022-23,3,re_signed_standard,roster_continuity,-1.396185064935065,-0.6057224025974026,-0.7904626623376623,4928,2,-1.2975574247816242,0.09048851504367512,-1.4182788741507601,6182,3,2060.6666666666665,0.09862764015344072,0.6962109176410778,-0.6278162118130979,complete
rj_hampton_2022_DET,R.J. Hampton,2022-23,3,new_team,team_change,-3.9836681222707417,-3.457117903930131,-0.5265502183406113,2290,2,-2.9,-2.3,-0.6,750,1,750,1.0836681222707418,1.1571179039301311,-0.07344978165938865,complete
robert_covington_2022_LAC,Robert Covington,2022-23,3,re_signed_standard,roster_continuity,0.2,-1.4391345923978005,1.592756394931867,4183,2,1.7,-0.5,2.1,779,1,779,1.5,0.9391345923978005,0.507243605068133,complete
robert_williams_2022_BOS,Robert Williams III,2022-23,3,re_signed_standard,roster_continuity,5.67658659017569,2.57658659017569,3.1000000000000005,2789,2,3.3,1,2.4,824,1,824,-2.37658659017569,-1.57658659017569,-0.7000000000000006,complete
robin_lopez_2022_CLE,Robin Lopez,2022-23,3,new_team,team_change,-1.871617497456765,-0.6093591047812817,-1.2622583926754831,1966,2,NA,NA,NA,NA,NA,NA,NA,NA,NA,missing_data
rodney_mcgruder_2022_DET,Rodney McGruder,2022-23,3,re_signed_standard,roster_continuity,-1.4,-0.7,-0.7,754,1,-1.5,-0.8,-0.7,524,1,524,-0.10000000000000009,-0.10000000000000009,0,complete
romeo_langford_2022_SAS,Romeo Langford,2022-23,3,re_signed_standard,roster_continuity,-1.4,-2.3,1,771,1,-4.2,-2.6,-1.5,844,1,844,-2.8000000000000003,-0.30000000000000027,-2.5,complete
royce_oneale_2022_BKN,Royce O'Neale,2022-23,3,new_team,team_change,0.8964493221433183,-0.9928986442866365,1.8928986442866365,4647,2,-0.39777419354838717,-0.9164354838709677,0.5186612903225806,6200,3,2066.6666666666665,-1.2942235156917055,0.07646316041566881,-1.3742373539640558,complete
rudy_gay_2022_UTA,Rudy Gay,2022-23,3,re_signed_standard,roster_continuity,-0.4898998330550918,-0.35993322203672784,-0.12996661101836393,2396,2,-4,-3.6,-0.4,816,1,816,-3.510100166944908,-3.240066777963272,-0.2700333889816361,complete
rudy_gobert_2022_MIN,Rudy Gobert,2022-23,3,new_team,team_change,4.752333410726725,2.493777571395403,2.2585558393313208,4307,2,1.5021178120617111,0.23740532959326785,1.2647124824684433,7130,3,2376.6666666666665,-3.2502155986650134,-2.2563722418021355,-0.9938433568628775,complete
rui_hachimura_2022_LAL,Rui Hachimura,2022-23,3,new_team,team_change,-2.5149270072992698,-1.3740145985401462,-1.2409124087591241,2740,2,-1.1968416973454759,-0.40548343344313115,-0.8197636117031584,5161,3,1720.3333333333333,1.318085309953794,0.968531165097015,0.42114879705596575,complete
russell_westbrook_2022_LAC,Russell Westbrook,2022-23,3,new_team,team_change,0.8877551020408165,0.8489795918367349,0.0387755102040816,5047,2,-0.19340525491560817,-0.269845136593005,0.07643988167739689,5747,3,1915.6666666666667,-1.0811603569564248,-1.11882472842974,0.03766437147331529,complete
saben_lee_2022_PHX,Saben Lee,2022-23,3,new_team,team_change,-1.3022382671480144,-2.0127797833935017,0.7669314079422384,1385,2,NA,NA,NA,NA,NA,NA,NA,NA,NA,missing_data
saddiq_bey_2022_ATL,Saddiq Bey,2022-23,3,new_team,team_change,-0.38276609581617166,0.6517017125514849,-1.0344678083676566,4613,2,-1.0380100214745884,0.5063946552135529,-1.5936053447864469,4191,2,2095.5,-0.6552439256584168,-0.14530705733793203,-0.5591375364187903,complete
sam_hauser_2022_BOS,Sam Hauser,2022-23,3,re_signed_standard,roster_continuity,NA,NA,NA,NA,NA,1.0087489063867017,0.9295931758530185,0.07915573053368329,4572,3,1524,NA,NA,NA,missing_data
sandro_mamukelashvili_2022_SAS,Sandro Mamukelashvili,2022-23,3,new_team,team_change,NA,NA,NA,NA,NA,-0.013199105145413904,1.1344519015659953,-1.1476510067114094,1341,2,670.5,NA,NA,NA,missing_data
santi_aldama_2022_MEM,Santi Aldama,2022-23,3,re_signed_standard,roster_continuity,NA,NA,NA,NA,NA,1.1752822580645161,0.5066129032258065,0.6360483870967742,4960,3,1653.3333333333333,NA,NA,NA,missing_data
scottie_barnes_2022_TOR,Scottie Barnes,2022-23,3,re_signed_standard,roster_continuity,0.9,0.5,0.39999999999999997,2617,1,2.018621488560672,1.5367216912829422,0.4818997972777295,6906,3,2302,1.118621488560672,1.0367216912829422,0.08189979727772956,complete
serge_ibaka_2022_MIL,Serge Ibaka,2022-23,3,re_signed_standard,roster_continuity,0.011735807860262008,0.0032205240174671746,0.008515283842794756,1832,2,NA,NA,NA,NA,NA,NA,NA,NA,NA,missing_data
seth_curry_2022_BKN,Seth Curry,2022-23,3,re_signed_standard,roster_continuity,-0.4697588126159555,0.2131725417439703,-0.6829313543599257,3773,2,-2.2088265835929386,-1.3514710972654898,-0.8360332294911734,2889,3,963,-1.739067770976983,-1.56464363900946,-0.15310187513124773,complete
shai_gilgeous-alexander_2022_OKC,Shai Gilgeous-Alexander,2022-23,3,re_signed_standard,roster_continuity,3.6645739910313897,3.277962844330557,0.3866111467008328,3122,2,9.31555438086428,7.136051275274217,2.147574996696181,7567,3,2522.3333333333335,5.65098038983289,3.85808843094366,1.760963849995348,complete
shake_milton_2022_PHI,Shake Milton,2022-23,3,re_signed_standard,roster_continuity,-1.8679545454545454,-1.101931818181818,-0.8213636363636364,2640,2,-2.3869681742043554,-1.8385929648241206,-0.4958793969849246,2985,3,995,-0.5190136287498099,-0.7366611466423025,0.3254842393787118,complete
skylar_mays_2022_POR,Skylar Mays,2022-23,3,new_team,team_change,NA,NA,NA,NA,NA,NA,NA,NA,NA,NA,NA,NA,NA,NA,missing_data
spencer_dinwiddie_2022_BKN,Spencer Dinwiddie,2022-23,3,new_team,team_change,0.3,0.8,-0.4,1980,1,-0.7983601882218737,-0.051333238271780976,-0.7470269499500927,7013,3,2337.6666666666665,-1.0983601882218736,-0.851333238271781,-0.34702694995009264,complete
stanley_johnson_2022_SAS,Stanley Johnson,2022-23,3,new_team,team_change,-2.6041904761904764,-3.279047619047619,0.626952380952381,2100,2,NA,NA,NA,NA,NA,NA,NA,NA,NA,missing_data
stephen_curry_2022_GSW,Stephen Curry,2022-23,3,re_signed_standard,roster_continuity,7.230391932156772,6.830391932156774,0.4000000000000001,4363,2,6.249516177804657,6.686211067432718,-0.3732990625944966,6614,3,2204.6666666666665,-0.9808757543521152,-0.14418086472405545,-0.7732990625944967,complete
sterling_brown_2022_LAL,Sterling Brown,2022-23,3,new_team,team_change,-2.039633817985999,-2.208723747980614,0.16908992999461497,1857,2,NA,NA,NA,NA,NA,NA,NA,NA,NA,missing_data
steven_adams_2022_MEM,Steven Adams,2022-23,3,re_signed_standard,roster_continuity,0.9757214206437292,0.3765260821309656,0.5991953385127636,3604,2,0.4763881681370005,-0.1763881681370005,0.6527763362740011,1927,2,963.5,-0.4993332525067287,-0.5529142502679661,0.05358099776123748,complete
svi_mykhailiuk_2022_CHA,Svi Mykhailiuk,2022-23,3,new_team,team_change,-2.705294117647059,-2.18078431372549,-0.5245098039215687,2040,2,-3.5,-1.4,-2.1,760,1,760,-0.7947058823529409,0.7807843137254902,-1.5754901960784315,complete
taj_gibson_2022_WAS,Taj Gibson,2022-23,3,new_team,team_change,-0.3587672688629118,-1.8561105207226354,1.5470775770456962,1882,2,NA,NA,NA,NA,NA,NA,NA,NA,NA,missing_data
talen_horton-tucker_2022_UTA,Talen Horton-Tucker,2022-23,3,new_team,team_change,-2.3272113676731796,-2.922060390763766,0.5874955595026643,2815,2,-1.6576493762311226,-1.1050558108995403,-0.6094878529218647,3046,3,1015.3333333333334,0.669561991442057,1.8170045798642256,-1.196983412424529,complete
taurean_prince_2022_MIN,Taurean Prince,2022-23,3,re_signed_standard,roster_continuity,-1.2912103746397696,-1.0869356388088376,-0.260806916426513,2082,2,-2.4731430662275886,-2.362239297475302,-0.08909623124771314,5466,3,1822,-1.181932691587819,-1.2753036586664643,0.17171068517879984,complete
terance_mann_2022_LAC,Terance Mann,2022-23,3,re_signed_standard,roster_continuity,-0.4588826815642459,-0.6941620111731844,0.23527932960893855,3580,2,-0.9734638495832526,-0.7830199651095173,-0.21785229695677455,5159,3,1719.6666666666667,-0.5145811680190067,-0.08885795393633289,-0.4531316265657131,complete
terence_davis_2022_SAC,Terence Davis,2022-23,3,re_signed_standard,roster_continuity,-1.433664596273292,-0.8001242236024845,-0.7335403726708074,1610,2,-1.5,-1.3,-0.3,841,1,841,-0.0663354037267081,-0.49987577639751557,0.4335403726708074,complete
terrence_ross_2022_PHX,Terrence Ross,2022-23,3,new_team,team_change,-3.025295169946333,-1.9698747763864044,-0.9554203935599287,2795,2,-2.1,-1.8,-0.3,1330,1,1330,0.9252951699463328,0.16987477638640436,0.6554203935599288,complete
terry_rozier_2022_CHA,Terry Rozier,2022-23,3,re_signed_standard,roster_continuity,1.650774633340219,2.301549266680438,-0.601549266680438,4841,2,-0.7445852339922285,0.25507687109309,-0.934127386382835,5919,3,1973,-2.3953598673324477,-2.046472395587348,-0.33257811970239703,complete
terry_taylor_2022_CHI,Terry Taylor,2022-23,3,new_team,team_change,-0.6,2.1,-2.8,714,1,NA,NA,NA,NA,NA,NA,NA,NA,NA,missing_data
thaddeus_young_2022_TOR,Thaddeus Young,2022-23,3,re_signed_standard,roster_continuity,2.9277533039647574,1.2908690428514216,1.6368842611133358,2497,2,0.1,-1.8,1.9,795,1,795,-2.8277533039647573,-3.0908690428514216,0.26311573888666406,complete
thanasis_antetokounmpo_2022_MIL,Thanasis Antetokounmpo,2022-23,3,re_signed_standard,roster_continuity,-3.5,-3.7,0.2,551,1,NA,NA,NA,NA,NA,NA,NA,NA,NA,missing_data
theo_maledon_2022_CHA,Theo Maledon,2022-23,3,new_team,team_change,-4.79717051377513,-3.898585256887565,-0.8985852568875651,2686,2,-2.5,-3,0.5,854,1,854,2.2971705137751304,0.8985852568875652,1.3985852568875652,complete
tim_hardaway_2022_DAL,Tim Hardaway Jr.,2022-23,3,re_signed_standard,roster_continuity,0.16873065015479877,1.074922600619195,-0.9676470588235294,3230,2,-2.263486381322957,-0.7330583657587549,-1.4969182879377434,6425,3,2141.6666666666665,-2.432217031477756,-1.8079809663779498,-0.529271229114214,complete
tobias_harris_2022_PHI,Tobias Harris,2022-23,3,re_signed_standard,roster_continuity,1.6352424840904105,1.6165020847048497,0.018740399385560696,4557,2,0.5720112517580872,0.3764556962025316,0.19555555555555554,7110,3,2370,-1.0632312323323232,-1.240046388502318,0.17681515616999485,complete
tony_bradley_2022_CHI,Tony Bradley,2022-23,3,re_signed_standard,roster_continuity,-0.08029197080291971,-0.22481751824817522,0.14452554744525548,1233,2,NA,NA,NA,NA,NA,NA,NA,NA,NA,missing_data
torrey_craig_2022_PHX,Torrey Craig,2022-23,3,re_signed_standard,roster_continuity,-1.0636098374322636,-1.2313880783659858,0.16777824093372234,2399,2,-1.0900233566900235,-1.4750083416750084,0.38498498498498496,2997,2,1498.5,-0.02641351925775992,-0.24362026330902253,0.2172067440512626,complete
trae_young_2022_ATL,Trae Young,2022-23,3,re_signed_standard,roster_continuity,4.532740213523132,6.299288256227758,-1.8665480427046264,4777,2,2.0498476876211575,4.4339241207421765,-2.346150650789255,7222,3,2407.3333333333335,-2.4828925259019745,-1.8653641354855814,-0.47960260808462873,complete
tre_jones_2022_SAS,Tre Jones,2022-23,3,re_signed_standard,roster_continuity,-0.5,-0.9,0.4,1148,1,-0.29474835886214446,-0.15904117764074,-0.09317684503680128,5027,3,1675.6666666666667,0.20525164113785554,0.74095882235926,-0.4931768450368013,complete
tre_mann_2022_OKC,Tre Mann,2022-23,3,re_signed_standard,roster_continuity,-4.4,-3.3,-1.1,1367,1,-2.7174193548387096,-2.408709677419355,-0.3632258064516129,2170,2,1085,1.6825806451612908,0.891290322580645,0.7367741935483871,complete
trendon_watford_2022_POR,Trendon Watford,2022-23,3,re_signed_standard,roster_continuity,-1.7,-1.4,-0.4,869,1,-1.82511013215859,-1.533412402575398,-0.2916977295831922,2951,3,983.6666666666666,-0.12511013215859013,-0.133412402575398,0.10830227041680784,complete
trent_forrest_2022_ATL,Trent Forrest,2022-23,3,new_team,team_change,-1,-2.3,1.2,765,1,NA,NA,NA,NA,NA,NA,NA,NA,NA,missing_data
trey_lyles_2022_SAC,Trey Lyles,2022-23,3,re_signed_standard,roster_continuity,-0.3,0.5,-0.8,1537,1,-0.9230420884389985,-0.26712839637719765,-0.6226957911561002,3754,3,1251.3333333333333,-0.6230420884389984,-0.7671283963771977,0.17730420884389986,complete
trey_murphy_2022_NOP,Trey Murphy III,2022-23,3,re_signed_standard,roster_continuity,-1.2,0.2,-1.4,864,1,1.6880173564753005,1.9268357810413885,-0.26975967957276364,5992,3,1997.3333333333333,2.8880173564753004,1.7268357810413886,1.1302403204272362,complete
troy_brown_2022_LAL,Troy Brown Jr.,2022-23,3,new_team,team_change,-2.5300823305889804,-2.2309689677010764,-0.33274224192526913,1579,2,-1.492445106066245,-2.1077781912914033,0.6153330852251582,2687,2,1343.5,1.0376372245227354,0.12319077640967313,0.9480753271504273,complete
ty_jerome_2022_GSW,Ty Jerome,2022-23,3,new_team,team_change,-1.5065449968533666,-1.059408432976715,-0.4975456261799875,1589,2,2.416070620190131,1.8007695789950204,0.615301041195111,2209,2,1104.5,3.9226156170434976,2.8601780119717355,1.1128466673750985,complete
tyler_herro_2022_MIA,Tyler Herro,2022-23,3,re_signed_standard,roster_continuity,-0.16370839936608564,0.7794770206022188,-0.9431854199683043,3786,2,1.6965991652496522,2.468851445354769,-0.7361261400525584,6469,3,2156.3333333333335,1.8603075646157379,1.6893744247525502,0.2070592799157459,complete
tyrese_haliburton_2022_IND,Tyrese Haliburton,2022-23,3,re_signed_standard,roster_continuity,2.1282143661337534,2.3854762440891695,-0.25726187795541544,4441,2,6.575022872827081,6.615873741994511,-0.0034766697163769373,6558,3,2186,4.446808506693328,4.230397497905342,0.2537852082390385,complete
tyrese_maxey_2022_PHI,Tyrese Maxey,2022-23,3,re_signed_standard,roster_continuity,0.05230125523012552,0.700139470013947,-0.6478382147838215,3585,2,2.0100272644653137,3.1610118146016357,-1.0907603756437443,6602,3,2200.6666666666665,1.9577260092351882,2.4608723445876888,-0.44292216085992275,complete
tyus_jones_2022_MEM,Tyus Jones,2022-23,3,re_signed_standard,roster_continuity,1.3031035727174305,0.6267051605918441,0.6763984121255864,2771,2,0.7730279477426824,1.3678022159748637,-0.6588225566396562,6047,3,2015.6666666666667,-0.5300756249747481,0.7410970553830196,-1.3352209687652425,complete
udonis_haslem_2022_MIA,Udonis Haslem,2022-23,3,re_signed_standard,roster_continuity,NA,NA,NA,NA,NA,NA,NA,NA,NA,NA,NA,NA,NA,NA,missing_data
usman_garuba_2022_HOU,Usman Garuba,2022-23,3,re_signed_standard,roster_continuity,NA,NA,NA,NA,NA,-1.4,-2,0.6,970,1,970,NA,NA,NA,missing_data
vit_krejci_2022_ATL,Vit Krejci,2022-23,3,new_team,team_change,-5.3,-4.3,-1,690,1,-0.7051948051948053,-1.0538961038961039,0.3487012987012987,1694,2,847,4.594805194805194,3.2461038961038957,1.3487012987012987,complete
wendell_carter_2022_ORL,Wendell Carter Jr.,2022-23,3,re_signed_standard,roster_continuity,0.36433219708707787,0.10520607375271143,0.2591261233343663,3227,2,0.17424804285125672,-0.338607334157396,0.4766378244746601,4854,3,1618,-0.19008415423582115,-0.4438134079101075,0.21751170114029378,complete
wesley_matthews_2022_MIL,Wesley Matthews,2022-23,3,re_signed_standard,roster_continuity,-2.4519699812382743,-3.053001876172608,0.601031894934334,2132,2,-2.7,-3.4,0.8,820,1,820,-0.24803001876172592,-0.34699812382739204,0.1989681050656661,complete
will_barton_2022_TOR,Will Barton,2022-23,3,new_team,team_change,-1.1056316969847992,-0.20563169698479938,-0.8567405930725144,4013,2,-2.6,-2,-0.6,993,1,993,-1.4943683030152008,-1.7943683030152007,0.2567405930725144,complete
willy_hernangomez_2022_NOP,Willy Hernangomez,2022-23,3,re_signed_standard,roster_continuity,0.0995845697329377,1.3983382789317507,-1.2489614243323441,1685,2,NA,NA,NA,NA,NA,NA,NA,NA,NA,missing_data
xavier_tillman_2022_MEM,Xavier Tillman,2022-23,3,re_signed_standard,roster_continuity,0.1532474804031355,-1.2215005599104143,1.37474804031355,1786,2,0.49823584029712165,-1.2374187558031569,1.7904363974001856,2154,2,1077,0.34498835989398613,-0.01591819589274257,0.41568835708663565,complete
yuta_watanabe_2022_BKN,Yuta Watanabe,2022-23,3,new_team,team_change,-0.7,-1.1,0.5,723,1,-0.6,-0.4,-0.2,928,1,928,0.09999999999999998,0.7000000000000001,-0.7,complete
zach_lavine_2022_CHI,Zach LaVine,2022-23,3,re_signed_standard,roster_continuity,3.146079779917469,4.366299862448418,-1.1735900962861072,4362,2,1.14831784684396,2.267830823454021,-1.075168215315604,6242,3,2080.6666666666665,-1.997761933073509,-2.098469038994397,0.0984218809705033,complete
zeke_nnaji_2022_DEN,Zeke Nnaji,2022-23,3,re_signed_standard,roster_continuity,-2.2,-0.7,-1.5999999999999999,698,1,-2.9368200836820084,-2.840585774058577,-0.08995815899581594,1912,3,637.3333333333334,-0.7368200836820082,-2.140585774058577,1.5100418410041838,complete
ziaire_williams_2022_MEM,Ziaire Williams,2022-23,3,re_signed_standard,roster_continuity,-3,-2.4,-0.6,1346,1,-3.6168471337579615,-3.2416878980891726,-0.324235668789809,3140,3,1046.6666666666667,-0.6168471337579615,-0.8416878980891727,0.275764331210191,complete
aaron_gordon_2023_DEN,Aaron Gordon,2023-24,3,re_signed_standard,roster_continuity,0.6522004062288422,1.3811780636425186,-0.7289776574136765,4431,2,1.35417982733207,2.0168035375868603,-0.6626237102547905,4749,3,1583,0.7019794211032278,0.6356254739443417,0.06635394715888598,complete
aaron_holiday_2023_HOU,Aaron Holiday,2023-24,3,new_team,team_change,-1.8358520900321542,-2.352840300107181,0.5717041800643087,1866,2,-1.385045742434905,-1.5197748064743142,0.10686136523574946,2842,3,947.3333333333334,0.45080634759724925,0.8330654936328667,-0.4648428148285592,complete
aaron_nesmith_2023_IND,Aaron Nesmith,2023-24,3,re_signed_standard,roster_continuity,-3.312217573221757,-2.9244351464435145,-0.363765690376569,2390,2,-1.369609164420485,-0.6442048517520216,-0.6954177897574124,4452,3,1484,1.942608408801272,2.280230294691493,-0.33165209938084345,complete
aaron_wiggins_2023_OKC,Aaron Wiggins,2023-24,3,re_signed_standard,roster_continuity,-3.1613727055067837,-2.4166400638467675,-0.692976855546688,2506,2,0.3432284541723666,0.08084815321477441,0.25813953488372093,4386,3,1462,3.5046011596791504,2.497488217061542,0.951116390430409,complete
admiral_schofield_2023_ORL,Admiral Schofield,2023-24,3,re_signed_standard,roster_continuity,NA,NA,NA,NA,NA,NA,NA,NA,NA,NA,NA,NA,NA,NA,missing_data
aj_green_2023_MIL,AJ Green,2023-24,3,re_signed_standard,roster_continuity,NA,NA,NA,NA,NA,-2.7361215056130312,-1.4243671582654633,-1.2752366277790006,4543,3,1514.3333333333333,NA,NA,NA,missing_data
aj_griffin_2023_ATL,AJ Griffin,2023-24,3,re_signed_standard,roster_continuity,-0.7999999999999999,-0.3,-0.5,1401,1,NA,NA,NA,NA,NA,NA,NA,NA,NA,missing_data
al_horford_2023_BOS,Al Horford,2023-24,3,re_signed_standard,roster_continuity,3.8105678635090396,1.4978864272981922,2.312681436210848,3927,2,2.24478021978022,0.7817307692307692,1.5028846153846154,4368,3,1456,-1.5657876437288198,-0.716155658067423,-0.8097968208262325,complete
alec_burks_2023_NYK,Alec Burks,2023-24,3,new_team,team_change,0.9304651162790698,0.31755813953488377,0.6455232558139534,3440,2,-1.2186506024096384,-0.1752289156626506,-1.0434216867469879,2075,2,1037.5,-2.149115718688708,-0.49278705519753435,-1.6889449425609413,complete
alex_caruso_2023_CHI,Alex Caruso,2023-24,3,re_signed_standard,roster_continuity,0.7207567964731816,-2.2,2.8786186627479795,2722,2,2.731528895391368,-0.22333577176298464,2.9548646671543524,4101,3,1367,2.0107720989181868,1.9766642282370155,0.07624600440637286,complete
alex_len_2023_SAC,Alex Len,2023-24,3,re_signed_standard,roster_continuity,-2.9,-3.2,0.3,620,1,NA,NA,NA,NA,NA,NA,NA,NA,NA,missing_data
alperen_sengun_2023_HOU,Alperen Sengun,2023-24,3,re_signed_standard,roster_continuity,0.42360655737704905,0.0015573770491804024,0.4813661202185793,3660,2,4.479456060827606,2.784646878198567,1.66489252814739,6839,3,2279.6666666666665,4.055849503450557,2.783089501149387,1.1835264079288108,complete
amir_coffey_2023_LAC,Amir Coffey,2023-24,3,re_signed_standard,roster_continuity,-1.6401003649635035,-1.4405109489051096,-0.19958941605839417,2192,2,-1.927556109725686,-1.6820448877805487,-0.24551122194513716,3208,2,1604,-0.2874557447621824,-0.24153393887543917,-0.045921805886742995,complete
andre_drummond_2023_CHI,Andre Drummond,2023-24,3,re_signed_standard,roster_continuity,0.5200787401574803,-0.5085301837270341,1.065748031496063,2286,2,-0.9021002100210022,-0.36423642364236425,-0.5378637863786379,3333,3,1111,-1.4221789501784825,0.14429376008466982,-1.6036118178747008,complete
andrew_nembhard_2023_IND,Andrew Nembhard,2023-24,3,re_signed_standard,roster_continuity,-3.2,-2.4,-0.8,2073,1,-1.7689224459358688,-1.0516778523489934,-0.68560775540641306,5364,3,1788,1.4310775540641314,1.3483221476510066,0.11439224459358699,complete
andrew_wiggins_2023_GSW,Andrew Wiggins,2023-24,3,re_signed_standard,roster_continuity,0.09573863636363636,0.16477272727272727,-0.0690340909090909,3520,2,-0.11443776824034337,0.16592274678111588,-0.31332188841201714,5825,3,1941.6666666666667,-0.21017640460397974,0.0011500195083886111,-0.24428779750292623,complete
anfernee_simons_2023_POR,Anfernee Simons,2023-24,3,re_signed_standard,roster_continuity,-0.9254413291796469,1.5618380062305295,-2.5872793354101766,3852,2,-0.009531071292413268,1.7834159359512012,-1.7492565764391919,5246,3,1748.6666666666667,0.9159102578872337,0.2215779297206717,0.8380227589709848,complete
anthony_davis_2023_LAL,Anthony Davis,2023-24,3,re_signed_standard,roster_continuity,5.238935912938331,3.751148730350665,1.487787182587666,3308,2,4.865818759936407,3.386804451510334,1.5326709062003179,5032,3,1677.3333333333333,-0.3731171530019237,-0.3643442788403308,0.044883723612651805,complete
anthony_edwards_2023_MIN,Anthony Edwards,2023-24,3,re_signed_standard,roster_continuity,1.0929163526752073,1.2787490580256218,-0.1858327053504145,5308,2,3.9988171766520955,3.876999228593469,0.15059141167395218,7778,3,2592.6666666666665,2.9059008239768884,2.598250170567847,0.3364241170243667,complete
anthony_gill_2023_WAS,Anthony Gill,2023-24,3,re_signed_standard,roster_continuity,-3.3,-2.4,-0.9,624,1,-2.6,-1.3,-1.3,951,1,951,0.6999999999999997,1.0999999999999999,-0.4,complete
austin_reaves_2023_LAL,Austin Reaves,2023-24,3,re_signed_standard,roster_continuity,-0.4305734437289175,-0.2261882858019013,-0.20438515792701625,3261,2,1.560322720069154,2.0857081112231666,-0.48750900446621526,6941,3,2313.6666666666665,1.9908961637980715,2.311896397025068,-0.283123846539199,complete
ayo_dosunmu_2023_CHI,Ayo Dosunmu,2023-24,3,re_signed_standard,roster_continuity,-2.249287072243346,-2.4484315589353614,0.2490019011406844,4208,2,-0.3861855294332058,-0.15190450154911606,-0.23428102788408967,5487,3,1829,1.86310154281014,2.2965270573862453,-0.4832829290247741,complete
bam_adebayo_2023_MIA,Bam Adebayo,2023-24,3,re_signed_standard,roster_continuity,2.449016504634863,1.1713542844223377,1.3364006330544878,4423,2,2.1296311200536553,1.0938028169014085,1.0365124077800134,7455,3,2485,-0.3193853845812078,-0.07755146752092923,-0.29988822527447434,complete
ben_simmons_2023_BKN,Ben Simmons,2023-24,3,re_signed_standard,roster_continuity,0.4,-2.2,2.6,1105,1,-0.5,-2.3,1.8,1120,1,1120,-0.9,-0.09999999999999964,-0.8,complete
bennedict_mathurin_2023_IND,Bennedict Mathurin,2023-24,3,re_signed_standard,roster_continuity,-3.6999999999999997,-1.2,-2.5,2222,1,-2.92280007537215,-1.209967966836254,-1.701319012624835,5307,3,1769,0.7771999246278498,-0.009967966836254005,0.798680987375165,complete
bismack_biyombo_2023_OKC,Bismack Biyombo,2023-24,3,new_team,team_change,-1.0466666666666666,-2.7766666666666664,1.73,1380,2,-3.4800606520090978,-4.319636087945413,0.8395754359363153,1319,2,659.5,-2.4333939853424313,-1.5429694212787464,-0.8904245640636846,complete
blake_wesley_2023_SAS,Blake Wesley,2023-24,3,re_signed_standard,roster_continuity,-9.6,-7.9,-1.8,669,1,-4.087620269403464,-3.956189865298268,-0.07524053880692752,1559,2,779.5,5.512379730596535,3.9438101347017325,1.7247594611930726,complete
boban_marjanovic_2023_HOU,Boban Marjanovic,2023-24,3,re_signed_standard,roster_continuity,NA,NA,NA,NA,NA,NA,NA,NA,NA,NA,NA,NA,NA,NA,missing_data
bobby_portis_2023_MIL,Bobby Portis,2023-24,3,re_signed_standard,roster_continuity,0.43634945397815905,1.2,-0.8109204368174727,3846,2,-0.27871073701498666,0.6517963457195648,-0.9637446109628414,4871,3,1623.6666666666667,-0.7150601909931458,-0.5482036542804352,-0.15282417414536864,complete
bogdan_bogdanovic_2023_ATL,Bogdan Bogdanovic,2023-24,3,re_signed_standard,roster_continuity,0.9405244338498212,1.3202622169249107,-0.4246722288438617,3356,2,-0.5910376100293412,-0.0708188850360096,-0.5202187249933314,3749,2,1874.5,-1.5315620438791624,-1.3910811019609204,-0.09554649614946975,complete
bojan_bogdanovic_2023_NYK,Bojan Bogdanovic,2023-24,3,new_team,team_change,0.3763419483101392,2.0704274353876744,-1.6940854870775348,4024,2,-3.2,-0.7,-2.5,1478,1,1478,-3.5763419483101395,-2.770427435387674,-0.8059145129224652,complete
bol_bol_2023_PHX,Bol Bol,2023-24,3,new_team,team_change,-0.9,-1.8,0.9,1505,1,NA,NA,NA,NA,NA,NA,NA,NA,NA,missing_data
bones_hyland_2023_LAC,Bones Hyland,2023-24,3,re_signed_standard,roster_continuity,-0.5812108559498956,0.3453027139874739,-0.9265135699373696,2395,2,0.03313919627256835,-0.0580081537565522,0.09114735002912056,1717,2,858.5,0.614350052222464,-0.40331086774402614,1.01766091996649,complete
bradley_beal_2023_PHX,Bradley Beal,2023-24,3,new_team,team_change,1.3375964010282777,2.48383676092545,-1.2,3112,2,-0.3359469587777458,0.40936869414816945,-0.7962525223407322,3469,2,1734.5,-1.6735433598060234,-2.0744680667772806,0.4037474776592678,complete
brandon_boston_2023_LAC,Brandon Boston,2023-24,3,re_signed_standard,roster_continuity,-3.3,-3,-0.4,760,1,-2.5,-2.3,-0.2,993,1,993,0.7999999999999998,0.7000000000000002,0.2,complete
brandon_clarke_2023_MEM,Brandon Clarke,2023-24,3,re_signed_standard,roster_continuity,3.406763698630137,2.0267979452054794,1.4266267123287673,2336,2,0.8,0,0.8,1207,1,1207,-2.606763698630137,-2.0267979452054794,-0.6266267123287672,complete
brandon_ingram_2023_NOP,Brandon Ingram,2023-24,3,re_signed_standard,roster_continuity,1.8645729380686822,2.419430584091576,-0.509715292045788,3407,2,0.6878725009430403,1.2035458317615995,-0.5553376084496416,5302,3,1767.3333333333333,-1.1767004371256418,-1.2158847523299767,-0.04562231640385361,complete
brook_lopez_2023_MIL,Brook Lopez,2023-24,3,re_signed_standard,roster_continuity,2.1,0.8,1.3,2373,1,0.4515018203883495,-0.09479672330097086,0.5462985436893204,6592,3,2197.3333333333335,-1.6484981796116505,-0.8947967233009709,-0.7537014563106796,complete
bruce_brown_2023_TOR,Bruce Brown,2023-24,3,new_team,team_change,0.025111001480019723,-0.7936852491366552,0.8187962506166749,4054,2,-3.020601755119097,-2.5958629335562056,-0.4637275386544087,4786,3,1595.3333333333333,-3.0457127565991167,-1.8021776844195503,-1.2825237892710837,complete
bruno_fernando_2023_ATL,Bruno Fernando,2023-24,3,re_signed_standard,roster_continuity,NA,NA,NA,NA,NA,-2.3,-3.1000000000000005,0.9000000000000001,682,1,682,NA,NA,NA,missing_data
bryce_mcgowens_2023_CHA,Bryce McGowens,2023-24,3,re_signed_standard,roster_continuity,-6,-4.6,-1.4,787,1,-3.8511918274687855,-2.850964812712826,-1.0001135073779797,1762,2,881,2.1488081725312145,1.7490351872871734,0.39988649262202025,complete
buddy_hield_2023_PHI,Buddy Hield,2023-24,3,new_team,team_change,0.3447098976109216,1.4965870307167235,-1.151877133105802,4981,2,-0.3754646840148699,0.024535315985130125,-0.39999999999999997,4842,3,1614,-0.7201745816257914,-1.4720517147315935,0.7518771331058021,complete
caleb_houstan_2023_ORL,Caleb Houstan,2023-24,3,re_signed_standard,roster_continuity,-4,-3.1000000000000005,-0.9000000000000001,812,1,-2.047473487211479,-1.8915782907049281,-0.1558951965065502,1603,2,801.5,1.9525265127885212,1.2084217092950724,0.7441048034934499,complete
caleb_martin_2023_MIA,Caleb Martin,2023-24,3,re_signed_standard,roster_continuity,-0.2850681356915048,-1.0441867207886344,0.6591185850971296,3449,2,-2.426318537859008,-2.8249086161879893,0.4080417754569191,3830,3,1276.6666666666667,-2.141250402167503,-1.7807218953993549,-0.2510768096402105,complete
cam_reddish_2023_LAL,Cam Reddish,2023-24,3,new_team,team_change,-2.3384615384615386,-1.7912087912087913,-0.5472527472527472,2002,2,-3.0127781309599495,-4.1497774952320405,1.0995549904640816,1573,2,786.5,-0.6743165924984109,-2.3585687040232495,1.6468077377168289,complete
cam_thomas_2023_BKN,Cam Thomas,2023-24,3,re_signed_standard,roster_continuity,-3.0875706214689265,-1.419774011299435,-1.6677966101694914,2124,2,-1.8295156542681295,0.6909553117473908,-2.517795022745518,3737,3,1245.6666666666667,1.258054967200797,2.110729323046826,-0.8499984125760265,complete
cameron_johnson_2023_BKN,Cameron Johnson,2023-24,3,re_signed_standard,roster_continuity,2.659064527142369,2,0.6590645271423694,2929,2,1.0367419738406658,1.6316290130796671,-0.5948870392390012,5046,3,1682,-1.6223225533017034,-0.3683709869203329,-1.2539515663813705,complete
cameron_payne_2023_PHI,Cameron Payne,2023-24,3,new_team,team_change,-0.5171861086375779,-0.44309884238646485,-0.07408726625111303,2246,2,-0.6902255639097745,-0.3178780284043442,-0.4178780284043442,2394,2,1197,-0.17303945527219666,0.12522081398212065,-0.3437907621532311,complete
caris_levert_2023_CLE,Caris LeVert,2023-24,3,re_signed_standard,roster_continuity,-0.6432553509208562,-0.5567446490791439,-0.08651070184171221,4018,2,0.2902293967714529,-0.4195412064570943,0.7342820730671198,4708,3,1569.3333333333333,0.933484747692309,0.1372034426220496,0.820792774908832,complete
cedi_osman_2023_SAS,Cedi Osman,2023-24,3,new_team,team_change,-0.2628571428571428,-0.5571428571428572,0.3457142857142857,3010,2,-2.1,-1.6999999999999997,-0.3,1269,1,1269,-1.8371428571428572,-1.1428571428571426,-0.6457142857142857,complete
chimezie_metu_2023_DET,Chimezie Metu,2023-24,3,new_team,team_change,-1.009857723577236,-1.1448678861788617,0.13501016260162604,1968,2,-1.3,-2.1,0.8,859,1,859,-0.29014227642276413,-0.9551321138211384,0.664989837398374,complete
chris_boucher_2023_TOR,Chris Boucher,2023-24,3,re_signed_standard,roster_continuity,0.005197634609399312,0.5948023653906006,-0.5896047307812013,3213,2,0.5003828972559029,1.4603063178047222,-0.9599234205488193,1567,2,783.5,0.4951852626465036,0.8655039524141216,-0.37031868976761795,complete
chris_duarte_2023_SAC,Chris Duarte,2023-24,3,new_team,team_change,-3.1094339622641507,-1.8254716981132075,-1.2839622641509434,2438,2,-3.4,-3.5,0.1,719,1,719,-0.2905660377358492,-1.6745283018867925,1.3839622641509435,complete
chris_paul_2023_GSW,Chris Paul,2023-24,3,new_team,team_change,4.368272095332672,2.584136047666336,1.7841360476663357,4028,2,0.8800941668846457,0.0997645827883861,0.7803295840962594,3823,2,1911.5,-3.488177928448026,-2.4843714648779502,-1.0038064635700763,complete
christian_braun_2023_DEN,Christian Braun,2023-24,3,re_signed_standard,roster_continuity,-2.4,-2.5,0.1,1181,1,-0.7018327805899808,-0.2152382614766975,-0.5110141385931227,5729,3,1909.6666666666667,1.6981672194100192,2.2847617385233026,-0.6110141385931227,complete
christian_wood_2023_LAL,Christian Wood,2023-24,3,new_team,team_change,1.6453549060542798,2.0092901878914406,-0.35464509394572025,3832,2,-2.8,-2.6000000000000005,-0.2,872,1,872,-4.44535490605428,-4.609290187891441,0.15464509394572024,complete
chuma_okeke_2023_ORL,Chuma Okeke,2023-24,3,re_signed_standard,roster_continuity,-0.44274371415968244,-1.7827966475518309,1.3400529333921483,2267,2,NA,NA,NA,NA,NA,NA,NA,NA,NA,missing_data
cj_mccollum_2023_NOP,CJ McCollum,2023-24,3,re_signed_standard,roster_continuity,1.2921777221526911,2.2606382978723403,-0.9684605757196496,4794,2,0.5513828936850521,1.997234212629896,-1.4803677058353315,6255,3,2085,-0.740794828467639,-0.2634040852424442,-0.5119071301156819,complete
clint_capela_2023_ATL,Clint Capela,2023-24,3,re_signed_standard,roster_continuity,2.091728525980912,2.1917285259809116,-0.1,3772,2,-0.15490589711417815,0.17927227101631116,-0.38143036386449186,3985,3,1328.3333333333333,-2.2466344230950903,-2.0124562549646003,-0.28143036386449183,complete
coby_white_2023_CHI,Coby White,2023-24,3,re_signed_standard,roster_continuity,-1.4395007342143906,-0.7048458149779736,-0.734654919236417,3405,2,-0.8883586626139817,0.6065501519756838,-1.4511246200607901,6580,3,2193.3333333333335,0.551142071600409,1.3113959669536575,-0.7164697008243731,complete
cole_anthony_2023_ORL,Cole Anthony,2023-24,3,re_signed_standard,roster_continuity,-0.12550540016615885,-0.04126280808640266,-0.1272223760731099,3611,2,-0.6069871436556736,-1.155030743432085,0.5333147009502516,3578,3,1192.6666666666667,-0.4814817434895148,-1.1137679353456824,0.6605370770233615,complete
collin_sexton_2023_UTA,Collin Sexton,2023-24,3,re_signed_standard,roster_continuity,-1.3,0.1,-1.5,1145,1,0.7079309711767946,2.3221957040572794,-1.6142647328804847,5447,3,1815.6666666666667,2.0079309711767945,2.2221957040572793,-0.11426473288048467,complete
corey_kispert_2023_WAS,Corey Kispert,2023-24,3,re_signed_standard,roster_continuity,-1.8700051361068308,-0.42375449409347715,-1.4462506420133538,3894,2,-2.5942514213518635,-0.5365761212886924,-2.067466835123184,4749,3,1583,-0.7242462852450327,-0.11282162719521521,-0.6212161931098301,complete
cory_joseph_2023_GSW,Cory Joseph,2023-24,3,new_team,team_change,-1.839582596391935,-1.4357622921825257,-0.40382030420940923,2827,2,-0.8,-2.3,1.4,612,1,612,1.039582596391935,-0.8642377078174741,1.8038203042094092,complete
daishen_nix_2023_MIN,Daishen Nix,2023-24,3,new_team,team_change,-6.5,-5,-1.5,914,1,NA,NA,NA,NA,NA,NA,NA,NA,NA,missing_data
dalano_banton_2023_POR,Dalano Banton,2023-24,3,new_team,team_change,-3.1,-3.5,0.4,696,1,-1.0415782187355793,-0.6483156437471159,-0.3932625749884633,2167,2,1083.5,2.0584217812644208,2.851684356252884,-0.7932625749884633,complete
dalen_terry_2023_CHI,Dalen Terry,2023-24,3,re_signed_standard,roster_continuity,NA,NA,NA,NA,NA,-2.8182063992789543,-3.4185669220369537,0.625191527715187,2219,3,739.6666666666666,NA,NA,NA,missing_data
damian_jones_2023_CLE,Damian Jones,2023-24,3,new_team,team_change,0.3,-0.2,0.5,1017,1,NA,NA,NA,NA,NA,NA,NA,NA,NA,missing_data
damian_lillard_2023_MIL,Damian Lillard,2023-24,3,new_team,team_change,5.16361049636421,6.864400885235536,-1.7007903888713247,3163,2,2.9511772260273976,3.9823844178082193,-0.986408390410959,4672,2,2336,-2.212433270336813,-2.882016467427317,0.7143819984603658,complete
dangelo_russell_2023_LAL,D'Angelo Russell,2023-24,3,re_signed_standard,roster_continuity,1.1681351289659896,2.1474092672905734,-1.0792741383245834,4381,2,0.41463168516649845,1.065287588294652,-0.6506559031281534,3964,2,1982,-0.7535034437994912,-1.0821216789959214,0.42861823519643005,complete
daniel_gafford_2023_DAL,Daniel Gafford,2023-24,3,new_team,team_change,1.284251968503937,0.7316272965879265,0.5526246719160105,3048,2,2.411307837582625,0.940321057601511,1.4709867799811143,4236,3,1412,1.1270558690786878,0.2086937610135845,0.9183621080651038,complete
danuel_house_2023_PHI,Danuel House Jr.,2023-24,3,re_signed_standard,roster_continuity,-2.0995436766623206,-1.9312907431551498,-0.1682529335071708,1534,2,-4,-3.4,-0.5,509,1,509,-1.9004563233376794,-1.46870925684485,-0.3317470664928292,complete
dario_saric_2023_GSW,Dario Saric,2023-24,3,new_team,team_change,-1.4,-1.5,0.1,806,1,1,0.6,0.4,1098,1,1098,2.4,2.1,0.30000000000000004,complete
darius_bazley_2023_UTA,Darius Bazley,2023-24,3,new_team,team_change,-1.6059842519685041,-2.075748031496063,0.469763779527559,2540,2,NA,NA,NA,NA,NA,NA,NA,NA,NA,missing_data
darius_garland_2023_CLE,Darius Garland,2023-24,3,re_signed_standard,roster_continuity,2.499651425056387,3.2996514250563873,-0.7498257125281935,4877,2,0.8949332852506311,2.219780021637216,-1.324846736386585,5546,3,1848.6666666666667,-1.604718139805756,-1.0798714034191712,-0.5750210238583915,complete
david_duke_2023_SAS,David Duke Jr.,2023-24,3,new_team,team_change,NA,NA,NA,NA,NA,NA,NA,NA,NA,NA,NA,NA,NA,NA,missing_data
david_roddy_2023_PHX,David Roddy,2023-24,3,new_team,team_change,-3.9,-3.2,-0.7,1258,1,-5,-4,-1,1177,1,1177,-1.1,-0.7999999999999998,-0.30000000000000004,complete
davion_mitchell_2023_SAC,Davion Mitchell,2023-24,3,re_signed_standard,roster_continuity,-3.3892705080896963,-2.223218847573091,-1.1660516605166051,3523,2,-2.108736349453978,-2.1290951638065523,0.020358814352574108,5128,3,1709.3333333333333,1.2805341586357182,0.09412368376653868,1.1864104748691793,complete
davis_bertans_2023_CHA,Davis Bertans,2023-24,3,new_team,team_change,-2.6000000000000005,-1.6999999999999997,-0.9000000000000001,807,1,-1.4,-0.8,-0.6,674,1,674,1.2000000000000006,0.8999999999999997,0.30000000000000016,complete
dayron_sharpe_2023_BKN,Day'Ron Sharpe,2023-24,3,re_signed_standard,roster_continuity,-2.3,-1.8,-0.6,552,1,0.8167280026764804,0.03198394111743057,0.7847440615590499,2989,3,996.3333333333334,3.11672800267648,1.8319839411174306,1.3847440615590498,complete
deaaron_fox_2023_SAC,De'Aaron Fox,2023-24,3,re_signed_standard,roster_continuity,1.0703916795751274,2.1087408718743084,-1.038349192299181,4519,2,1.8207684756696119,1.8473145421399524,-0.08925816855980928,7131,3,2377,0.7503767960944845,-0.261426329734356,0.9490910237393717,complete
dean_wade_2023_CLE,Dean Wade,2023-24,3,re_signed_standard,roster_continuity,-0.6476215927311597,-2.376215927311598,1.6809727418492786,1871,2,0.2039151712887439,-1.1392060902664491,1.3090810222947253,3678,3,1226,0.8515367640199036,1.2370098370451488,-0.37189171955455325,complete
deandre_ayton_2023_POR,Deandre Ayton,2023-24,3,new_team,team_change,1.7683831376734258,1.4941568836712915,0.27422625400213446,3748,2,-0.41859337105901373,0.10715440582053355,-0.5257477768795473,4948,3,1649.3333333333333,-2.1869765087324398,-1.387002477850758,-0.7999740308816818,complete
deandre_hunter_2023_ATL,De'Andre Hunter,2023-24,3,re_signed_standard,roster_continuity,-3.5555225492843636,-2.11293545773697,-1.442587091547394,3703,2,-1.7239068958016095,-0.514444202740918,-1.2350445943006307,4597,3,1532.3333333333333,1.8316156534827541,1.598491254996052,0.2075424972467632,complete
deandre_jordan_2023_DEN,DeAndre Jordan,2023-24,3,re_signed_standard,roster_continuity,-1.5940397350993376,-1.9365894039735096,0.3910596026490066,1208,2,-1.2,-1.4,0.2,691,1,691,0.39403973509933765,0.5365894039735097,-0.19105960264900657,complete
deanthony_melton_2023_PHI,De'Anthony Melton,2023-24,3,re_signed_standard,roster_continuity,1.3352508536905698,-0.26474914630943003,1.6,3807,2,-1.0712290502793296,-1.6951117318435753,0.6238826815642458,2148,2,1074,-2.4064799039698994,-1.4303625855341453,-0.9761173184357543,complete
dejounte_murray_2023_ATL,Dejounte Murray,2023-24,3,re_signed_standard,roster_continuity,3.0577979837912634,2.3159715358766553,0.7950583119193516,5059,2,0.82,1.3399999999999999,-0.52,3795,2,1897.5,-2.2377979837912636,-0.9759715358766554,-1.3150583119193517,complete
delon_wright_2023_MIA,Delon Wright,2023-24,3,new_team,team_change,2.748148148148148,0.07407407407407407,2.719753086419753,2673,2,-0.4300653594771242,-2.3689179375453886,1.9927378358750907,1377,2,688.5,-3.178213507625272,-2.4429920116194626,-0.7270152505446623,complete
demar_derozan_2023_CHI,DeMar DeRozan,2023-24,3,re_signed_standard,roster_continuity,2.252811059907834,2.5595576036866357,-0.3067465437788019,5425,2,0.5957123606517212,1.441124586549063,-0.8115031238515252,8163,3,2721,-1.657098699256113,-1.1184330171375727,-0.5047565800727234,complete
deni_avdija_2023_WAS,Deni Avdija,2023-24,3,re_signed_standard,roster_continuity,-2.0026973026973027,-2.4531468531468534,0.45044955044955043,4004,2,1.8078434335801723,1.4807163367084781,0.3271270968716941,6617,3,2205.6666666666665,3.810540736277475,3.9338631898553316,-0.12332245357785632,complete
dennis_schroder_2023_BKN,Dennis Schroder,2023-24,3,new_team,team_change,-2.4194873136280406,-1.9675385822652367,-0.4519487313628041,3823,2,-2.0418575063613233,-0.875763358778626,-1.1660941475826971,6288,3,2096,0.37762980726671724,1.0917752234866107,-0.714145416219893,complete
dennis_smith_2023_BKN,Dennis Smith Jr.,2023-24,3,new_team,team_change,-2.0427021696252465,-3.279783037475345,1.2,2028,2,-0.8,-2.6,1.8,1059,1,1059,1.2427021696252465,0.6797830374753451,0.6000000000000001,complete
derrick_jones_2023_DAL,Derrick Jones Jr.,2023-24,3,new_team,team_change,-0.6508370535714286,-1.350502232142857,0.6494977678571429,1792,2,-0.8352776667998402,-0.9989812225329604,0.12808629644426686,5006,3,1668.6666666666667,-0.18444061322841154,0.35152100960989663,-0.521411471412876,complete
derrick_rose_2023_MEM,Derrick Rose,2023-24,3,new_team,team_change,2.3,2.3,0,636,1,NA,NA,NA,NA,NA,NA,NA,NA,NA,missing_data
derrick_white_2023_BOS,Derrick White,2023-24,3,re_signed_standard,roster_continuity,1.6699203187250995,0.7592961487383798,0.9592961487383799,4518,2,3.490343007915567,2.4326121372031664,1.0577308707124011,7580,3,2526.6666666666665,1.8204226891904676,1.6733159884647866,0.09843472197402126,complete
desmond_bane_2023_MEM,Desmond Bane,2023-24,3,re_signed_standard,roster_continuity,3.0586072559045534,2.8586072559045532,0.21034818602386168,4107,2,2.3352279825109306,2.2823079325421616,0.05292004996876951,6404,3,2134.6666666666665,-0.7233792733936228,-0.5762993233623916,-0.15742813605509218,complete
devin_booker_2023_PHX,Devin Booker,2023-24,3,re_signed_standard,roster_continuity,4.1438995215311,4.1633971291866025,-0.019497607655502392,4180,2,1.7840010828370332,3.3136437466161346,-1.5296426637791012,7388,3,2462.6666666666665,-2.359898438694067,-0.849753382570468,-1.5101450561235987,complete
devin_vassell_2023_SAS,Devin Vassell,2023-24,3,re_signed_standard,roster_continuity,-0.15964686998394861,0.18070626003210274,-0.3403531300160514,3115,2,-0.18474900398406377,0.26019123505976094,-0.4775139442231076,6275,3,2091.6666666666665,-0.025102134000115156,0.0794849750276582,-0.13716081420705623,complete
devonte_graham_2023_SAS,Devonte' Graham,2023-24,3,re_signed_standard,roster_continuity,-0.6559428571428572,0.1617714285714286,-0.8177142857142857,3500,2,NA,NA,NA,NA,NA,NA,NA,NA,NA,missing_data
dillon_brooks_2023_HOU,Dillon Brooks,2023-24,3,new_team,team_change,-3.300290416263311,-2.71461761858664,-0.5856727976766699,3099,2,-2.4180782016780116,-1.9620547728352065,-0.4560234288428051,6317,3,2105.6666666666665,0.8822122145852993,0.7525628457514337,0.1296493688338648,complete
domantas_sabonis_2023_SAC,Domantas Sabonis,2023-24,3,re_signed_standard,roster_continuity,5.054679802955665,3.7054187192118224,1.4054187192118228,4872,2,5.404695152845803,3.767708157405844,1.6190339469684174,5921,3,1973.6666666666667,0.35001534989013816,0.06228943819402177,0.21361522775659458,complete
donovan_mitchell_2023_CLE,Donovan Mitchell,2023-24,3,re_signed_standard,roster_continuity,5.335334184759472,5.117667092379735,0.16590038314176248,4698,2,4.829066912216083,4.541620626151013,0.21724984653161447,6516,3,2172,-0.506267272543389,-0.5760464662287221,0.051349463389851996,complete
donte_divincenzo_2023_NYK,Donte DiVincenzo,2023-24,3,new_team,team_change,-0.34068965517241373,-1.0162758620689654,0.6755862068965518,2900,2,2.023312693498452,1.1121981424148608,0.8725077399380804,6460,3,2153.3333333333335,2.364002348670866,2.1284740044838264,0.1969215330415286,complete
dorian_finney-smith_2023_BKN,Dorian Finney-Smith,2023-24,3,re_signed_standard,roster_continuity,-0.40894046851493654,-0.6771760154738877,0.2682355469589512,4653,2,-1.9103385178408052,-1.9519213174748398,-0.016834400731930467,4372,3,1457.3333333333333,-1.5013980493258687,-1.274745302000952,-0.2850699476908817,complete
doug_mcdermott_2023_IND,Doug McDermott,2023-24,3,new_team,team_change,-2.8625541978715017,-0.5553803705163579,-2.307173827355144,2537,2,-3.4,-1.5,-1.9,904,1,904,-0.5374458021284982,-0.9446196294836421,0.4071738273551442,complete
draymond_green_2023_GSW,Draymond Green,2023-24,3,re_signed_standard,roster_continuity,1.6796469939327083,-1.6533921676778822,3.3330391616105897,3626,2,0.3652002995132909,-1.860819917633845,2.226020217147136,5342,3,1780.6666666666667,-1.3144466944194173,-0.2074277499559627,-1.1070189444634537,complete
drew_eubanks_2023_PHX,Drew Eubanks,2023-24,3,new_team,team_change,-0.5601272534464474,-0.7239660657476141,0.10784729586426303,2829,2,-1.6081880826915282,-1.9818402918524523,0.4038913660316174,2467,3,822.3333333333334,-1.0480608292450808,-1.2578742261048381,0.29604407016735435,complete
duane_washington_2023_NYK,Duane Washington Jr.,2023-24,3,new_team,team_change,-4.7,-1.9,-2.8,968,1,NA,NA,NA,NA,NA,NA,NA,NA,NA,missing_data
duncan_robinson_2023_MIA,Duncan Robinson,2023-24,3,re_signed_standard,roster_continuity,-1.7120702267739576,-1.1087783467446966,-0.6032918800292612,2734,2,-0.527274293590627,-0.08826671261199168,-0.5061853893866299,5804,3,1934.6666666666667,1.1847959331833304,1.020511634132705,0.09710649064263122,complete
dwight_powell_2023_DAL,Dwight Powell,2023-24,3,re_signed_standard,roster_continuity,-0.04035626535626531,-0.3164619164619164,0.2761056511056511,3256,2,-0.6618943692710606,-1.9064600611086862,1.2445656918376256,2291,3,763.6666666666666,-0.6215381039147952,-1.5899981446467697,0.9684600407319744,complete
dyson_daniels_2023_NOP,Dyson Daniels,2023-24,3,re_signed_standard,roster_continuity,-1.8,-3.4,1.6,1042,1,1.2323305938905258,-1.073081097844627,2.2663358660257407,6449,3,2149.6666666666665,3.032330593890526,2.3269189021553727,0.6663358660257406,complete
eric_gordon_2023_PHX,Eric Gordon,2023-24,3,new_team,team_change,-2.0837689133425035,-0.31623108665749655,-1.7675378266850068,3635,2,-1.671138669673055,-1.1556933483652763,-0.5865839909808344,2661,2,1330.5,0.41263024366944845,-0.8394622617077797,1.1809538357041724,complete
eugene_omoruyi_2023_WAS,Eugene Omoruyi,2023-24,3,new_team,team_change,-4.4,-3.5,-0.9,645,1,NA,NA,NA,NA,NA,NA,NA,NA,NA,missing_data
evan_fournier_2023_DET,Evan Fournier,2023-24,3,new_team,team_change,-0.7,-0.4,-0.3,2358,1,-4.3,-4.7,0.3,580,1,580,-3.5999999999999996,-4.3,0.6,complete
evan_mobley_2023_CLE,Evan Mobley,2023-24,3,re_signed_standard,roster_continuity,1.1918549346016647,-0.4157550535077289,1.5538049940546967,5046,2,3.5740516196085226,2.0491425601940065,1.5249090594145158,5773,3,1924.3333333333333,2.382196685006858,2.4648976137017353,-0.02889593464018092,complete
frank_ntilikina_2023_CHA,Frank Ntilikina,2023-24,3,new_team,team_change,-4.155108359133127,-4.3503869969040245,0.14829721362229104,1292,2,NA,NA,NA,NA,NA,NA,NA,NA,NA,missing_data
franz_wagner_2023_ORL,Franz Wagner,2023-24,3,re_signed_standard,roster_continuity,-0.3892814608971814,0.014291385470424795,-0.40357284636760615,5038,2,2.1608477412158393,1.8614054656999441,0.280498233872467,5379,3,1793,2.5501292021130206,1.8471140802295194,0.6840710802400731,complete
fred_vanvleet_2023_HOU,Fred VanVleet,2023-24,3,new_team,team_change,3.0419651791074647,2.5419651791074647,0.5,4997,2,2.299374348279458,1.2792492179353494,1.0201251303441083,4795,2,2397.5,-0.7425908308280067,-1.2627159611721153,0.5201251303441083,complete
furkan_korkmaz_2023_PHI,Furkan Korkmaz,2023-24,3,re_signed_standard,roster_continuity,-3.1000000000000005,-2,-1.1,1414,1,NA,NA,NA,NA,NA,NA,NA,NA,NA,missing_data
gabe_vincent_2023_LAL,Gabe Vincent,2023-24,3,new_team,team_change,-2.450776583034647,-2.5304659498207887,0.079689366786141,3348,2,-4.109600997506234,-3.8,-0.2461346633416459,2406,2,1203,-1.6588244144715873,-1.2695340501792112,-0.32582403012778693,complete
garrett_temple_2023_TOR,Garrett Temple,2023-24,3,new_team,team_change,-2.5,-2.8,0.3,1098,1,NA,NA,NA,NA,NA,NA,NA,NA,NA,missing_data
garrison_mathews_2023_ATL,Garrison Mathews,2023-24,3,re_signed_standard,roster_continuity,-2.3286071726438697,-1.5002502085070892,-0.8283569641367807,2398,2,-2.362239297475302,-1.6444566410537873,-0.717782656421515,1822,2,911,-0.033632124831432186,-0.14420643254669807,0.11057430771526577,complete
gary_harris_2023_ORL,Gary Harris,2023-24,3,re_signed_standard,roster_continuity,-1.7092656142759095,-1.7562113932738506,0.04694577899794096,2914,2,-1.9215436493068567,-2.949119520419633,1.0275758711127763,2669,3,889.6666666666666,-0.21227803503094722,-1.1929081271457826,0.9806300921148353,complete
gary_trent_2023_TOR,Gary Trent Jr.,2023-24,3,re_signed_standard,roster_continuity,0.2,0.03915900131406045,0.16084099868593954,4566,2,-2.9728343465045595,-1.7231762917933129,-1.2496580547112461,5264,3,1754.6666666666667,-3.1728343465045596,-1.7623352931073732,-1.4104990533971857,complete
georges_niang_2023_CLE,Georges Niang,2023-24,3,new_team,team_change,-1.6672413793103444,-0.613793103448276,-1.0534482758620691,3248,2,-2.6113945578231292,-1.8265873015873015,-0.7848072562358277,3528,2,1764,-0.9441531785127848,-1.2127941981390256,0.26864101962624143,complete
giannis_antetokounmpo_2023_MIL,Giannis Antetokounmpo,2023-24,3,re_signed_standard,roster_continuity,9.907473982970673,6.7383159886471145,3.1170293282876065,4228,2,9.282273112807465,6.953910093299407,2.3330788804071245,5895,3,1965,-0.6252008701632086,0.21559410465229245,-0.783950447880482,complete
goga_bitadze_2023_ORL,Goga Bitadze,2023-24,3,re_signed_standard,roster_continuity,-0.8,-0.2,-0.6,729,1,2.4728490622208987,-0.09565346829413515,2.5685025305150337,3359,3,1119.6666666666667,3.2728490622208986,0.10434653170586486,3.168502530515034,complete
gordon_hayward_2023_OKC,Gordon Hayward,2023-24,3,new_team,team_change,-1.0514485832537406,-0.5024832855778414,-0.5489652976758994,3141,2,-2.1,-1.6,-0.5,1245,1,1245,-1.0485514167462595,-1.0975167144221587,0.04896529767589941,complete
grant_williams_2023_CHA,Grant Williams,2023-24,3,new_team,team_change,-0.7651785714285714,-1.6086734693877551,0.8913265306122449,3920,2,-1.5488912354804645,-1.2743400211193243,-0.27455121436114044,2841,2,1420.5,-0.7837126640518931,0.3343334482684308,-1.1658777449733853,complete
grayson_allen_2023_PHX,Grayson Allen,2023-24,3,new_team,team_change,0.24336775218427326,-0.02652899126290708,0.2698967434471803,3777,2,1.0652425778421435,1.2006517016654596,-0.1809015206372194,5524,3,1841.3333333333333,0.8218748256578703,1.2271806929283666,-0.4507982640843997,complete
greg_brown_2023_DAL,Greg Brown III,2023-24,3,new_team,team_change,-4.7,-4,-0.7,640,1,NA,NA,NA,NA,NA,NA,NA,NA,NA,missing_data
hamidou_diallo_2023_WAS,Hamidou Diallo,2023-24,3,new_team,team_change,-0.8957615894039734,-1.463841059602649,0.5680794701986756,2265,2,NA,NA,NA,NA,NA,NA,NA,NA,NA,missing_data
harrison_barnes_2023_SAC,Harrison Barnes,2023-24,3,re_signed_standard,roster_continuity,-0.4093857306371614,0.9921785578023655,-1.401564288439527,5242,2,-0.6797635288767623,0.29789298165832956,-0.9776565105350916,6597,3,2199,-0.2703777982396009,-0.694285576144036,0.42390777790443535,complete
haywood_highsmith_2023_MIA,Haywood Highsmith,2023-24,3,re_signed_standard,roster_continuity,-3.1,-3.7,0.7,969,1,-1.3851758793969848,-2.3138819095477388,0.9858040201005026,3184,2,1592,1.7148241206030153,1.3861180904522614,0.28580402010050265,complete
herbert_jones_2023_NOP,Herbert Jones,2023-24,3,re_signed_standard,roster_continuity,-0.40895940270648623,-1.9544797013532431,1.5910405972935138,4286,2,-1.2865920561773097,-2.3023260917270134,1.0015141540487162,4557,3,1519,-0.8776326534708234,-0.3478463903737703,-0.5895264432447975,complete
immanuel_quickley_2023_TOR,Immanuel Quickley,2023-24,3,new_team,team_change,1.0480463096960926,0.821900627110468,0.2261456825856247,4146,2,1.9389365017530191,2.2484417608102842,-0.2660498636540709,5134,3,1711.3333333333333,0.8908901920569265,1.4265411336998164,-0.49219554623969564,complete
isaac_okoro_2023_CLE,Isaac Okoro,2023-24,3,re_signed_standard,roster_continuity,-1.0633911368015414,-2.172639691714836,1.1092485549132949,3633,2,-1.9510679611650488,-2.0798058252427185,0.12873786407766985,4635,3,1545,-0.8876768243635074,0.09283386647211733,-0.980510690835625,complete
isaiah_hartenstein_2023_NYK,Isaiah Hartenstein,2023-24,3,re_signed_standard,roster_continuity,1.753764954257565,-0.2591836734693878,2.0129486277269524,2842,2,3.568981181051266,0.7393900064892927,2.8295911745619726,4623,3,1541,1.8152162267937009,0.9985736799586804,0.8166425468350202,complete
isaiah_jackson_2023_IND,Isaiah Jackson,2023-24,3,re_signed_standard,roster_continuity,-1.073404927353127,-1.665824384080859,0.5924194567277322,1583,2,0.13168552709946404,-0.8897558070279927,1.07552114353782,1679,2,839.5,1.205090454452591,0.7760685770528664,0.4831016868100878,complete
isaiah_joe_2023_OKC,Isaiah Joe,2023-24,3,re_signed_standard,roster_continuity,-0.7714071856287423,-0.037125748502994056,-0.7342814371257484,2004,2,1.5700614574187886,1.5033143107989466,0.03503072870939421,4556,3,1518.6666666666667,2.3414686430475307,1.5404400593019407,0.7693121658351426,complete
isaiah_livers_2023_WAS,Isaiah Livers,2023-24,3,new_team,team_change,-2.4,-2.1,-0.3,1199,1,NA,NA,NA,NA,NA,NA,NA,NA,NA,missing_data
isaiah_stewart_2023_DET,Isaiah Stewart,2023-24,3,re_signed_standard,roster_continuity,-2.7746749226006187,-1.843343653250774,-0.9313312693498453,3230,2,-0.5779827503593674,-1.4422376617153811,0.8298993770963105,4174,3,1391.3333333333333,2.196692172241251,0.40110599153539295,1.7612306464461558,complete
ish_smith_2023_CHA,Ish Smith,2023-24,3,new_team,team_change,-2.9,-2.2,-0.6,1126,1,-6.8,-5.6,-1.2,741,1,741,-3.9,-3.3999999999999995,-0.6,complete
ish_wainright_2023_PHX,Ish Wainright,2023-24,3,re_signed_standard,roster_continuity,-1.2,-2.7,1.5,915,1,NA,NA,NA,NA,NA,NA,NA,NA,NA,missing_data
ivica_zubac_2023_LAC,Ivica Zubac,2023-24,3,re_signed_standard,roster_continuity,-0.16325211337642967,-0.6395325708602685,0.4762804574838389,4022,2,1.5579467939972718,1.446555252387449,0.13605047748976812,5864,3,1954.6666666666667,1.7211989073737015,2.0860878232477176,-0.3402299799940708,complete
ja_morant_2023_MEM,Ja Morant,2023-24,3,re_signed_standard,roster_continuity,5.896924680740161,5.692311701850405,0.20461297888975763,3837,2,1.3372126436781608,2.3914750957854407,-1.0542624521072799,2088,2,1044,-4.559712037062001,-3.300836606064964,-1.2588754309970376,complete
jabari_smith_2023_HOU,Jabari Smith Jr.,2023-24,3,re_signed_standard,roster_continuity,-3.7,-2.3,-1.3,2451,1,-0.5937618699780861,-0.5752081811541271,-0.01855368882395909,6845,3,2281.6666666666665,3.106238130021914,1.7247918188458726,1.281446311176041,complete
jabari_walker_2023_POR,Jabari Walker,2023-24,3,re_signed_standard,roster_continuity,-6.1,-3.9,-2.1,619,1,-2.5744627841793837,-2.048894425412644,-0.5022422921208346,3211,3,1070.3333333333333,3.525537215820616,1.851105574587356,1.5977577078791656,complete
jack_white_2023_MEM,Jack White,2023-24,3,new_team,team_change,NA,NA,NA,NA,NA,NA,NA,NA,NA,NA,NA,NA,NA,NA,missing_data
jaden_hardy_2023_DAL,Jaden Hardy,2023-24,3,re_signed_standard,roster_continuity,-2.3,-0.39999999999999997,-1.9000000000000001,708,1,-4.519756621331425,-2.0989978525411597,-2.4207587687902645,2794,3,931.3333333333334,-2.219756621331425,-1.6989978525411598,-0.5207587687902644,complete
jaden_ivey_2023_DET,Jaden Ivey,2023-24,3,re_signed_standard,roster_continuity,-3.3,-1.4,-1.8999999999999997,2304,1,-1.815772787318362,-0.6656274768824305,-1.1501453104359314,3785,3,1261.6666666666667,1.4842272126816378,0.7343725231175694,0.7498546895640683,complete
jaden_mcdaniels_2023_MIN,Jaden McDaniels,2023-24,3,re_signed_standard,roster_continuity,-1.9264991704195307,-2.212822943825551,0.24358852808722448,4219,2,-0.876730632551528,-1.803909026297086,0.9271783937455579,7035,3,2345,1.0497685378680026,0.40891391752846507,0.6835898656583335,complete
jaden_springer_2023_BOS,Jaden Springer,2023-24,3,new_team,team_change,NA,NA,NA,NA,NA,-3.4,-4.9,1.5,507,1,507,NA,NA,NA,missing_data
jake_laravia_2023_MEM,Jake LaRavia,2023-24,3,re_signed_standard,roster_continuity,NA,NA,NA,NA,NA,-1.0005692599620493,-1.305787476280835,0.4052182163187856,4216,3,1405.3333333333333,NA,NA,NA,missing_data
jakob_poeltl_2023_TOR,Jakob Poeltl,2023-24,3,re_signed_standard,roster_continuity,1.7475232198142414,0.9983488132094944,0.7491744066047472,3876,2,1.4765767934520944,0.24417428984111697,1.2324025036109774,4154,3,1384.6666666666667,-0.27094642636214705,-0.7541745233683774,0.48322809700623015,complete
jalen_brunson_2023_NYK,Jalen Brunson,2023-24,3,re_signed_standard,roster_continuity,2.3556394044462574,2.598245971853967,-0.24260656740770956,4903,2,4.126703426545884,5.034593672049363,-0.8418931337797034,7617,3,2539,1.7710640220996265,2.436347700195396,-0.5992865663719938,complete
jalen_duren_2023_DET,Jalen Duren,2023-24,3,re_signed_standard,roster_continuity,-0.8,-0.4,-0.4,1670,1,2.7661482633488856,2.0033523414549856,0.7286504233627095,5787,3,1929,3.566148263348886,2.4033523414549856,1.1286504233627095,complete
jalen_green_2023_HOU,Jalen Green,2023-24,3,re_signed_standard,roster_continuity,-2.46084388185654,0.048945147679324896,-2.509789029535865,4740,2,-0.14084231145935358,0.627081292850147,-0.7238981390793341,6126,3,2042,2.3200015703971864,0.5781361451708221,1.785890890456531,complete
jalen_johnson_2023_ATL,Jalen Johnson,2023-24,3,re_signed_standard,roster_continuity,0.3,-1.2,1.5,1042,1,2.6665030674846624,1.4876774758983347,1.2013321647677475,5705,3,1901.6666666666667,2.3665030674846625,2.687677475898335,-0.2986678352322525,complete
jalen_mcdaniels_2023_TOR,Jalen McDaniels,2023-24,3,new_team,team_change,-2.163746438746439,-2.4450142450142454,0.28126780626780623,2808,2,-9,-7.2,-1.8,538,1,538,-6.836253561253561,-4.754985754985755,-2.0812678062678063,complete
jalen_smith_2023_IND,Jalen Smith,2023-24,3,re_signed_standard,roster_continuity,-1.4284936479128858,-0.14455535390199642,-1.225907441016334,2204,2,0.84152706185567006,1.6148195876288658,-0.773292525773196,3104,3,1034.6666666666667,2.2700207097685556,1.7593749415308622,0.452614915243138,complete
jalen_suggs_2023_ORL,Jalen Suggs,2023-24,3,re_signed_standard,roster_continuity,-3.3549549549549553,-3.5918135526831176,0.28805327066196634,2553,2,1.3824820691154098,-0.19882634209954358,1.6030862855900891,4601,3,1533.6666666666667,4.737437024070365,3.392987210583574,1.3150330149281229,complete
jalen_williams_2023_OKC,Jalen Williams,2023-24,3,re_signed_standard,roster_continuity,0.3,-0.4,0.7,2276,1,2.9700704225352115,2.134080800593032,0.8774462564862862,5396,3,1798.6666666666667,2.6700704225352117,2.5340808005930318,0.1774462564862862,complete
jamal_cain_2023_MIA,Jamal Cain,2023-24,3,re_signed_standard,roster_continuity,NA,NA,NA,NA,NA,-3.4,-2.5,-0.8,502,1,502,NA,NA,NA,missing_data
jamal_murray_2023_DEN,Jamal Murray,2023-24,3,re_signed_standard,roster_continuity,1.3,2.6,-1.3,2133,1,2.948737555908238,3.9406867695859185,-0.99194921367768,6931,3,2310.3333333333335,1.648737555908238,1.3406867695859184,0.3080507863223201,complete
james_bouknight_2023_CHA,James Bouknight,2023-24,3,re_signed_standard,roster_continuity,-6.5,-5.4,-1.1,515,1,NA,NA,NA,NA,NA,NA,NA,NA,NA,missing_data
james_harden_2023_LAC,James Harden,2023-24,3,new_team,team_change,4.6563460693895475,4.356346069389549,0.29999999999999993,4554,2,4.109120436533714,3.9446927374301675,0.13275302065739902,7697,3,2565.6666666666665,-0.5472256328558336,-0.41165333195938114,-0.1672469793426009,complete
james_johnson_2023_IND,James Johnson,2023-24,3,re_signed_standard,roster_continuity,-2.2,-2.7,0.6,1191,1,NA,NA,NA,NA,NA,NA,NA,NA,NA,missing_data
james_wiseman_2023_DET,James Wiseman,2023-24,3,re_signed_standard,roster_continuity,-3.5,-2.1,-1.4,867,1,-3.5,-2.6,-0.9,1091,1,1091,0,-0.5,0.4999999999999999,complete
jaren_jackson_2023_MEM,Jaren Jackson Jr.,2023-24,3,re_signed_standard,roster_continuity,1.2243802708918985,-0.16930743674929727,1.348019422438027,3913,2,0.8735177182368192,0.33393258426966294,0.5777355229040623,5785,3,1928.3333333333333,-0.35086255265507926,0.5032400210189603,-0.7702838995339648,complete
jarred_vanderbilt_2023_LAL,Jarred Vanderbilt,2023-24,3,re_signed_standard,roster_continuity,0.6498802873104549,-0.7000266028198988,1.2999201915403031,3759,2,-1.3985152838427948,-2.501484716157205,1.1029694323144106,2290,3,763.3333333333334,-2.0483955711532498,-1.8014581133373064,-0.19695075922589256,complete
jarrett_allen_2023_CLE,Jarrett Allen,2023-24,3,re_signed_standard,roster_continuity,3.073697270471464,1.9287841191066997,1.0898263027295285,4030,2,3.3432315806296953,2.454530925363593,0.888700655266102,6257,3,2085.6666666666665,0.26953431015823126,0.5257468062568933,-0.20112564746342654,complete
javale_mcgee_2023_SAC,JaVale McGee,2023-24,3,new_team,team_change,0.8,-0.1,0.8999999999999999,1172,1,NA,NA,NA,NA,NA,NA,NA,NA,NA,missing_data
jaxson_hayes_2023_LAL,Jaxson Hayes,2023-24,3,new_team,team_change,-0.2252988047808765,-0.25059760956175303,0.09492031872509961,2008,2,-0.171797293043752,-1.0194523135033051,0.847655020459553,3177,3,1059,0.0535015117371245,-0.7688547039415521,0.7527347017344533,complete
jaylen_brown_2023_BOS,Jaylen Brown,2023-24,3,re_signed_supermax,supermax,1.684,1.692,-0.056,4625,2,1.3971774193548387,1.659331797235023,-0.19323156682027653,6944,3,2314.6666666666665,-0.2868225806451612,-0.03266820276497695,-0.13723156682027654,complete
jaylen_nowell_2023_DET,Jaylen Nowell,2023-24,3,new_team,team_change,-1.055231252806466,-0.18657386618769645,-0.8686573866187697,2227,2,NA,NA,NA,NA,NA,NA,NA,NA,NA,missing_data
jaylin_williams_2023_OKC,Jaylin Williams,2023-24,3,re_signed_standard,roster_continuity,-1.7,-2.3,0.6,914,1,2.6388776200135227,0.15496957403651115,2.500574712643678,2958,3,986,4.338877620013522,2.454969574036511,1.900574712643678,complete
jayson_tatum_2023_BOS,Jayson Tatum,2023-24,3,re_signed_standard,roster_continuity,5.250045762401611,4.550045762401611,0.6500091524803222,5463,2,5.118269728889656,4.310464513900881,0.798791227767225,5791,3,1930.3333333333333,-0.13177603351195533,-0.23958124850073048,0.1487820752869028,complete
jeff_dowtin_2023_PHI,Jeff Dowtin Jr.,2023-24,3,new_team,team_change,NA,NA,NA,NA,NA,0.2,0.7,-0.5,621,1,621,NA,NA,NA,missing_data
jeff_green_2023_HOU,Jeff Green,2023-24,3,new_team,team_change,-2.8339795918367345,-1.6453061224489796,-1.1886734693877552,2940,2,-2.1,-1.6000000000000003,-0.4000000000000001,1307,1,1307,0.7339795918367344,0.04530612244897925,0.7886734693877551,complete
jerami_grant_2023_POR,Jerami Grant,2023-24,3,re_signed_standard,roster_continuity,0.3605979711692472,1.2800854244527495,-0.9194874532835023,3746,2,-0.5191919191919192,0.24200831847890672,-0.7913844325609032,5049,3,1683,-0.8797898903611664,-1.0380771059738427,0.12810302072259916,complete
jeremiah_robinson-earl_2023_NOP,Jeremiah Robinson-Earl,2023-24,3,new_team,team_change,-1.9002630194634405,-1.4289847448711204,-0.5284587059442398,1901,2,-2.5,-0.9000000000000001,-1.6,1239,1,1239,-0.5997369805365595,0.5289847448711202,-1.0715412940557603,complete
jeremy_sochan_2023_SAS,Jeremy Sochan,2023-24,3,re_signed_standard,roster_continuity,-4,-2.8,-1.2,1458,1,-2.5563677256114703,-2.0330615687377,-0.52330615687377,3557,2,1778.5,1.4436322743885297,0.7669384312622998,0.6766938431262299,complete
jericho_sims_2023_NYK,Jericho Sims,2023-24,3,re_signed_standard,roster_continuity,-0.9871982443306511,-1.7307973664959766,0.7435991221653255,1367,2,-2.775069033530572,-2.4185404339250494,-0.2814595660749507,2535,3,845,-1.7878707891999208,-0.6877430674290728,-1.0250586882402764,complete
jevon_carter_2023_CHI,Jevon Carter,2023-24,3,new_team,team_change,-1.1333333333333333,-1.8666666666666667,0.6666666666666666,2715,2,-2.656173169428113,-2.419561731694281,-0.19027258150721535,1871,2,935.5,-1.52283983609478,-0.5528950650276143,-0.856939248173882,complete
jimmy_butler_2023_MIA,Jimmy Butler III,2023-24,3,re_signed_standard,roster_continuity,7.561046940280167,5.655959695256819,1.9525436225116735,4069,2,4.91943661971831,4.196740442655935,0.7578269617706237,4970,3,1656.6666666666667,-2.641610320561857,-1.4592192526008843,-1.1947166607410498,complete
jock_landale_2023_HOU,Jock Landale,2023-24,3,new_team,team_change,-0.8370535714285714,-0.17410714285714285,-0.6629464285714286,1568,2,-0.00971469844709281,0.3517154207295053,-0.361430119176598,2769,3,923,0.8273388729814786,0.5258225635866481,0.3015163093948306,complete
joe_harris_2023_DET,Joe Harris,2023-24,3,new_team,team_change,-1.1,-0.6,-0.6,1527,1,NA,NA,NA,NA,NA,NA,NA,NA,NA,missing_data
joe_ingles_2023_ORL,Joe Ingles,2023-24,3,new_team,team_change,-0.4927977839335179,-1.1337950138504156,0.6445983379501385,2166,2,-0.5,-1.7,1.2,1169,1,1169,-0.007202216066482081,-0.5662049861495844,0.5554016620498614,complete
joel_embiid_2023_PHI,Joel Embiid,2023-24,3,re_signed_standard,roster_continuity,9.2,7.000567561667758,2.1495743287491815,4581,2,7.4832360570687415,6.282555123216603,1.1820687418936446,3084,3,1028,-1.7167639429312578,-0.7180124384511553,-0.9675055868555369,complete
john_butler_2023_WAS,John Butler Jr.,2023-24,3,new_team,team_change,NA,NA,NA,NA,NA,NA,NA,NA,NA,NA,NA,NA,NA,NA,missing_data
john_collins_2023_UTA,John Collins,2023-24,3,new_team,team_change,-0.07237015554969681,-0.12852623253361456,0.11231215396783549,3793,2,-0.2857800921289806,0.5324454235930303,-0.8182255157220107,4993,3,1664.3333333333333,-0.21340993657928378,0.6609716561266448,-0.9305376696898462,complete
john_konchar_2023_MEM,John Konchar,2023-24,3,re_signed_standard,roster_continuity,0.9637473079684135,-0.9261306532663316,1.8898779612347452,2786,2,0.5210470836261419,-1.71816584680253,2.2196064652143357,2846,3,948.6666666666666,-0.4427002243422715,-0.7920351935361984,0.3297285039795905,complete
johnny_davis_2023_WAS,Johnny Davis,2023-24,3,re_signed_standard,roster_continuity,NA,NA,NA,NA,NA,-6.6,-5.5,-1.1,613,1,613,NA,NA,NA,missing_data
jonas_valanciunas_2023_NOP,Jonas Valanciunas,2023-24,3,re_signed_standard,roster_continuity,0.8243346007604563,1.064638783269962,-0.24030418250950572,4208,2,0.7463888888888889,0.6949537037037037,0.08671296296296296,4320,3,1440,-0.0779457118715674,-0.3696850795662583,0.3270171454724687,complete
jonathan_kuminga_2023_GSW,Jonathan Kuminga,2023-24,3,re_signed_standard,roster_continuity,-1.6081039162466069,-1.5162078324932142,-0.14594804187669638,2579,2,-0.7968391537088962,-0.46316594443028297,-0.3336732092786133,3923,3,1307.6666666666667,0.8112647625377106,1.0530418880629313,-0.18772516740191694,complete
jordan_clarkson_2023_UTA,Jordan Clarkson,2023-24,3,re_signed_standard,roster_continuity,-0.9851780092031969,0.7407362557519981,-1.7777670138047952,4129,2,-3.3731073158297225,-1.0296966607188376,-2.3434106551108846,3923,3,1307.6666666666667,-2.3879293066265257,-1.7704329164708357,-0.5656436413060895,complete
jordan_goodwin_2023_MEM,Jordan Goodwin,2023-24,3,new_team,team_change,0.7,-0.7,1.4,1106,1,0.422776025236593,-0.6416403785488959,1.0472870662460567,3170,3,1056.6666666666667,-0.27722397476340693,0.05835962145110407,-0.3527129337539432,complete
jordan_mclaughlin_2023_MIN,Jordan McLaughlin,2023-24,3,re_signed_standard,roster_continuity,-0.07202531645569617,-1.2429113924050632,1.1708860759493671,1580,2,4.2,1.4,2.9,626,1,626,4.2720253164556965,2.642911392405063,1.7291139240506328,complete
jordan_nwora_2023_TOR,Jordan Nwora,2023-24,3,new_team,team_change,-3.0987357774968394,-1.7487989886219972,-1.399873577749684,2373,2,-2.5,-1.1,-1.5,712,1,712,0.5987357774968394,0.6487989886219971,-0.10012642225031598,complete
jordan_poole_2023_WAS,Jordan Poole,2023-24,3,new_team,team_change,-0.503522463615271,0.5741615692891795,-1.0776840329044506,4741,2,-2.199715909090909,-0.3073863636363636,-1.91,5280,3,1760,-1.6961934454756382,-0.8815479329255431,-0.8323159670955493,complete
jose_alvarado_2023_NOP,Jose Alvarado,2023-24,3,re_signed_standard,roster_continuity,0.0058768656716417485,-1.4165111940298507,1.3612873134328358,2144,2,-0.8993623804463337,-1.1005844845908608,0.22853347502656748,3764,3,1254.6666666666667,-0.9052392461179753,0.31592670943898993,-1.1327538384062683,complete
josh_christopher_2023_UTA,Josh Christopher,2023-24,3,new_team,team_change,-3.796603773584905,-2.496603773584906,-1.3370754716981132,2120,2,NA,NA,NA,NA,NA,NA,NA,NA,NA,missing_data
josh_giddey_2023_OKC,Josh Giddey,2023-24,3,re_signed_standard,roster_continuity,0.3222030981067126,0.371403983280059,-0.049200885173346455,4067,2,2.3965181771633386,1.7092677931387605,0.6529271206690562,5859,3,1953,2.074315079056626,1.3378638098587015,0.7021280058424026,complete
josh_green_2023_DAL,Josh Green,2023-24,3,re_signed_standard,roster_continuity,-1.8357641582622188,-2.101512800620636,0.20605120248254458,2578,2,-2.9798139534883723,-3.1737441860465117,0.19393023255813954,4300,3,1433.3333333333333,-1.1440497952261535,-1.0722313854258756,-0.012120969924405034,complete
josh_hart_2023_NYK,Josh Hart,2023-24,3,re_signed_standard,roster_continuity,0.9,0.0953356890459364,0.8468551236749117,4245,2,1.8549091866280598,0.21868912871808374,1.7099763095551461,7598,3,2532.6666666666665,0.9549091866280598,0.12335343967214735,0.8631211858802345,complete
josh_minott_2023_MIN,Josh Minott,2023-24,3,re_signed_standard,roster_continuity,NA,NA,NA,NA,NA,2.5,1.4,1.1,834,1,834,NA,NA,NA,missing_data
josh_okogie_2023_PHX,Josh Okogie,2023-24,3,re_signed_standard,roster_continuity,-0.8913183279742766,-1.6019292604501607,0.6106109324758843,1866,2,-0.3971759101735284,-1.5055120789384144,1.108336168764886,2939,3,979.6666666666666,0.4941424178007482,0.09641718151174627,0.4977252362890018,complete
josh_richardson_2023_MIA,Josh Richardson,2023-24,3,new_team,team_change,-0.5354632587859425,-0.7955271565495208,0.30894568690095847,3130,2,-1.3,-1.3,0,1103,1,1103,-0.7645367412140576,-0.5044728434504793,-0.30894568690095847,complete
jrue_holiday_2023_BOS,Jrue Holiday,2023-24,3,new_team,team_change,3.150284673195172,2.9497153268048284,0.2005693463903439,4391,2,1.5813079209652037,0.9509005070816576,0.6304074138835462,5719,3,1906.3333333333333,-1.5689767522299685,-1.9988148197231708,0.42983806749320225,complete
jt_thor_2023_CHA,JT Thor,2023-24,3,re_signed_standard,roster_continuity,-4.7,-4.3,-0.4,969,1,-4.5,-3.5,-1.1,781,1,781,0.20000000000000018,0.7999999999999998,-0.7000000000000001,complete
juan_toscano-anderson_2023_SAC,Juan Toscano-Anderson,2023-24,3,new_team,team_change,-2.039669421487603,-3.8371900826446272,1.7388429752066115,1694,2,NA,NA,NA,NA,NA,NA,NA,NA,NA,missing_data
julius_randle_2023_NYK,Julius Randle,2023-24,3,re_signed_standard,roster_continuity,2.158473773906457,2.2139556902101876,-0.007309221738307133,5281,2,1.5319826786266624,1.676461490875348,-0.14447881224868545,6466,3,2155.3333333333335,-0.6264910952797946,-0.5374941993348397,-0.1371695905103783,complete
justin_holiday_2023_DEN,Justin Holiday,2023-24,3,new_team,team_change,-2.634382917119074,-1.9876945349258053,-0.6211364458921462,2763,2,-1.6,-2.5,0.9000000000000001,862,1,862,1.034382917119074,-0.5123054650741947,1.5211364458921464,complete
justin_jackson_2023_MIN,Justin Jackson,2023-24,3,new_team,team_change,NA,NA,NA,NA,NA,NA,NA,NA,NA,NA,NA,NA,NA,NA,missing_data
jusuf_nurkic_2023_PHX,Jusuf Nurkic,2023-24,3,new_team,team_change,0.2063299663299663,-0.22784511784511785,0.43417508417508416,2970,2,0.49602272727272734,-1.1737926136363637,1.669815340909091,4224,3,1408,0.28969276094276103,-0.9459474957912458,1.2356402567340068,complete
kai_jones_2023_PHI,Kai Jones,2023-24,3,new_team,team_change,-4,-4.8,0.8,550,1,NA,NA,NA,NA,NA,NA,NA,NA,NA,missing_data
kawhi_leonard_2023_LAC,Kawhi Leonard,2023-24,3,re_signed_standard,roster_continuity,6.1,5.1,0.9,1748,1,5.925469168900804,5.2838248436103665,0.6,5595,3,1865,-0.17453083109919554,0.18382484361036688,-0.30000000000000004,complete
keegan_murray_2023_SAC,Keegan Murray,2023-24,3,re_signed_standard,roster_continuity,-0.6,0.4,-1,2382,1,-1.4961609080287097,-0.786045735269571,-0.6968786513102988,5991,3,1997,-0.8961609080287097,-1.186045735269571,0.3031213486897012,complete
keita_bates-diop_2023_BKN,Keita Bates-Diop,2023-24,3,new_team,team_change,-1.3945205479452054,-0.6534246575342466,-0.7410958904109589,2409,2,-1,-1.5,0.4,665,1,665,0.3945205479452054,-0.8465753424657534,1.141095890410959,complete
keldon_johnson_2023_SAS,Keldon Johnson,2023-24,3,re_signed_standard,roster_continuity,-1.1019977553310887,0.7,-1.8019977553310886,4455,2,-0.8096595818213237,0.29061689994815965,-1.1002764817694834,5787,3,1929,0.292338173509765,-0.4093831000518403,0.7017212735616052,complete
kelly_olynyk_2023_TOR,Kelly Olynyk,2023-24,3,new_team,team_change,0.7388026607538803,-0.14589800443458983,0.9282335550628235,2706,2,0.9594339622641511,0.09479245283018865,0.8646415094339623,2650,2,1325,0.22063130151027077,0.2406904572647785,-0.06359204562886112,complete
kelly_oubre_2023_PHI,Kelly Oubre Jr.,2023-24,3,new_team,team_change,-1.2690724555962785,-0.06185508880744292,-1.2072173667888357,3547,2,-2.051778517609953,-1.5176625197126334,-0.4981075871736464,5707,3,1902.3333333333333,-0.7827060620136743,-1.4558074309051905,0.7091097796151893,complete
kenneth_lofton_2023_UTA,Kenneth Lofton Jr.,2023-24,3,new_team,team_change,NA,NA,NA,NA,NA,NA,NA,NA,NA,NA,NA,NA,NA,NA,missing_data
kenrich_williams_2023_OKC,Kenrich Williams,2023-24,3,re_signed_standard,roster_continuity,0.1235294117647059,-0.5588235294117648,0.7294117647058824,2278,2,0.008952254641909777,-0.5537798408488064,0.5251989389920424,3016,3,1005.3333333333334,-0.11457715712279612,0.005043688562958448,-0.20421282571384003,complete
kentavious_caldwell-pope_2023_DEN,Kentavious Caldwell-Pope,2023-24,3,re_signed_standard,roster_continuity,-1.2472399150743099,-1.2538641188959663,0.00662420382165606,4710,2,-1.6074536314785923,-2.4932570636158777,0.8858034321372854,5769,3,1923,-0.36021371640428246,-1.2393929447199115,0.8791792283156293,complete
keon_johnson_2023_BKN,Keon Johnson,2023-24,3,new_team,team_change,-5.9,-4,-2,697,1,-3.3,-3.1,-0.1,1925,1,1925,2.6000000000000005,0.8999999999999999,1.9,complete
kessler_edwards_2023_SAC,Kessler Edwards,2023-24,3,re_signed_standard,roster_continuity,-3.8,-3.1,-0.8,987,1,-1.4,-2,0.6,608,1,608,2.4,1.1,1.4,complete
kevin_durant_2023_PHX,Kevin Durant,2023-24,3,re_signed_standard,roster_continuity,7.155041677870395,6.220166711481582,0.9247916106480236,3719,2,3.950354609929078,4.115184903748734,-0.12948328267477202,7896,3,2632,-3.2046870679413173,-2.104981807732848,-1.0542748933227957,complete
kevin_huerter_2023_SAC,Kevin Huerter,2023-24,3,re_signed_standard,roster_continuity,-0.09624231382373033,0.4532452744249601,-0.4993167843315873,4391,2,-1.1559498956158665,-1.1497077244258873,-0.038851774530271416,4790,3,1596.6666666666667,-1.0597075817921362,-1.6029529988508475,0.4604650098013159,complete
kevin_knox_2023_DET,Kevin Knox II,2023-24,3,new_team,team_change,-3.5,-2.1,-1.4,952,1,-4.6,-2.8,-1.8,560,1,560,-1.0999999999999996,-0.6999999999999997,-0.40000000000000013,complete
kevin_love_2023_MIA,Kevin Love,2023-24,3,re_signed_standard,roster_continuity,2.8352839931153184,2.607228915662651,0.22805507745266781,2905,2,2.243981782693559,2.0618737800910867,0.24222511385816523,1537,2,768.5,-0.5913022104217593,-0.5453551355715645,0.01417003640549741,complete
kevon_harris_2023_ORL,Kevon Harris,2023-24,3,re_signed_standard,roster_continuity,NA,NA,NA,NA,NA,NA,NA,NA,NA,NA,NA,NA,NA,NA,missing_data
kevon_looney_2023_GSW,Kevon Looney,2023-24,3,re_signed_standard,roster_continuity,1.536747967479675,0.055121951219512216,1.487750677506775,3690,2,0.4534017971758665,-0.897732135216089,1.3511339323919556,2337,2,1168.5,-1.0833461703038085,-0.9528540864356012,-0.13661674511481947,complete
killian_hayes_2023_DET,Killian Hayes,2023-24,3,re_signed_standard,roster_continuity,-3.6700078926598265,-3.733307024467245,0.06329913180741914,3801,2,-2.7,-2.9,0.2,1008,1,1008,0.9700078926598263,0.8333070244672451,0.13670086819258087,complete
kira_lewis_2023_UTA,Kira Lewis Jr.,2023-24,3,new_team,team_change,NA,NA,NA,NA,NA,NA,NA,NA,NA,NA,NA,NA,NA,NA,missing_data
kj_martin_2023_PHI,KJ Martin,2023-24,3,new_team,team_change,-0.9097264437689968,0.34832826747720363,-1.2580547112462004,3948,2,-3.82496984318456,-3.5599517490952954,-0.21001206272617612,1658,2,829,-2.915243399415563,-3.908280016572499,1.0480426485200243,complete
klay_thompson_2023_GSW,Klay Thompson,2023-24,3,re_signed_standard,roster_continuity,0.10913043478260875,1.8214596273291928,-1.6707763975155279,3220,2,-0.8657152801949182,0.7287330316742082,-1.5341977027497389,5746,3,1915.3333333333333,-0.9748457149775269,-1.0927265956549845,0.136578694765789,complete
kristaps_porzingis_2023_BOS,Kristaps Porzingis,2023-24,3,new_team,team_change,4.135490141627326,3.594362677034157,0.5411274645931685,3601,2,4.297383483237939,3.1017715998909785,1.195611883346961,3669,3,1223,0.16189334161061364,-0.4925910771431785,0.6544844187537924,complete
kyle_anderson_2023_MIN,Kyle Anderson,2023-24,3,re_signed_standard,roster_continuity,1.9393490264458007,-0.2743969776227841,2.2137460040685846,3441,2,1.0460269452845752,-1.254138025845477,2.327715149848777,3637,3,1212.3333333333333,-0.8933220811612255,-0.9797410482226929,0.11396914578019235,complete
kyle_kuzma_2023_WAS,Kyle Kuzma,2023-24,3,re_signed_standard,roster_continuity,-0.9559081701553004,-0.0015755120414134593,-0.9543326581138871,4443,2,-2.681271791466047,-1.0426531628756432,-1.6386186285904036,6023,3,2007.6666666666667,-1.7253636213107466,-1.0410776508342299,-0.6842859704765165,complete
kyle_lowry_2023_PHI,Kyle Lowry,2023-24,3,new_team,team_change,1.196987795377824,0.296987795377824,0.8,3851,2,-1.084163473818646,-2.152490421455939,1.0683269476372925,2349,2,1174.5,-2.28115126919647,-2.449478216833763,0.2683269476372925,complete
kyrie_irving_2023_DAL,Kyrie Irving,2023-24,3,re_signed_standard,roster_continuity,3.7398259303721484,4.603541416566626,-0.8637154861944777,3332,2,4.194209702660406,4.3765258215962435,-0.18231611893583724,3834,2,1917,0.45438377228825777,-0.22701559497038293,0.6813993672586405,complete
lamar_stevens_2023_MEM,Lamar Stevens,2023-24,3,new_team,team_change,-2.8475409836065575,-3.095081967213115,0.24754098360655738,2135,2,-2.2,-2.2,-0.1,559,1,559,0.6475409836065573,0.8950819672131147,-0.3475409836065574,complete
landry_shamet_2023_WAS,Landry Shamet,2023-24,3,new_team,team_change,-1.2719251336898394,-0.9719251336898396,-0.36403743315508025,2244,2,-1.9120345994734864,-1.4578412937194434,-0.4828506957502821,2659,3,886.3333333333334,-0.640109465783647,-0.4859161600296038,-0.11881326259520186,complete
larry_nance_2023_NOP,Larry Nance Jr.,2023-24,3,re_signed_standard,roster_continuity,1.097893432465923,-0.1718298223874432,1.2697232548533663,2421,2,2,-0.2,2.2,1216,1,1216,0.9021065675340769,-0.0281701776125568,0.9302767451466338,complete
lauri_markkanen_2023_UTA,Lauri Markkanen,2023-24,3,re_signed_standard,roster_continuity,2.261768248614792,2.864105034931342,-0.5928210069862684,4151,2,2.0808187381304073,3.919940915805022,-1.839122177674615,4739,3,1579.6666666666667,-0.18094951048438457,1.0558358808736799,-1.2463011706883464,complete
lebron_james_2023_LAL,LeBron James,2023-24,3,re_signed_standard,roster_continuity,6.925755324418029,6.222535908865774,0.7032194155522535,4038,2,5.322747585411562,4.657820383451059,0.6288309067320167,6937,3,2312.3333333333335,-1.6030077390064674,-1.564715525414715,-0.07438850882023684,complete
lindy_waters_2023_OKC,Lindy Waters III,2023-24,3,re_signed_standard,roster_continuity,0.1,0.5,-0.4,531,1,-2.7999999999999994,-3,0.20000000000000004,778,1,778,-2.8999999999999995,-3.5,0.6000000000000001,complete
lonnie_walker_2023_BKN,Lonnie Walker IV,2023-24,3,new_team,team_change,-2.009556548642145,-1.0662426950842214,-0.9433138535579236,2909,2,-1.4,-0.4,-1,1011,1,1011,0.609556548642145,0.6662426950842214,-0.05668614644207637,complete
luguentz_dort_2023_OKC,Luguentz Dort,2023-24,3,re_signed_standard,roster_continuity,-2.703962407924816,-1.7885445770891542,-0.8731267462534925,3937,2,-1.1149481193255513,-1.550810635538262,0.43586251621271077,6168,3,2056,1.5890142885992646,0.23773394155089211,1.3089892624662034,complete
luka_doncic_2023_DAL,Luka Doncic,2023-24,3,re_signed_standard,roster_continuity,8.556713554987212,7.0115089514066495,1.59616368286445,4692,2,8.847291230170608,7.455956300508829,1.4306046093983835,6682,3,2227.3333333333335,0.29057767518339617,0.4444473491021794,-0.16555907346606658,complete
luka_garza_2023_MIN,Luka Garza,2023-24,3,re_signed_standard,roster_continuity,NA,NA,NA,NA,NA,2.4,2.2,0.2,1118,1,1118,NA,NA,NA,missing_data
luke_kennard_2023_MEM,Luke Kennard,2023-24,3,re_signed_standard,roster_continuity,0.5,0.7186765615337043,-0.21867656153370438,3234,2,0.3582851637764933,0.5039258188824663,-0.10515414258188824,4152,3,1384,-0.14171483622350672,-0.21475074265123795,0.11352241895181614,complete
luke_kornet_2023_BOS,Luke Kornet,2023-24,3,re_signed_standard,roster_continuity,1,-0.4,1.3,804,1,3.4397191308956017,1.5999999999999999,1.8776099629040806,3774,3,1258,2.4397191308956017,2,0.5776099629040805,complete
malachi_flynn_2023_DET,Malachi Flynn,2023-24,3,new_team,team_change,-2.963029315960912,-2.6440553745928335,-0.27524429967426717,1228,2,-2.2,-2,-0.2,876,1,876,0.7630293159609116,0.6440553745928335,0.07524429967426716,complete
malaki_branham_2023_SAS,Malaki Branham,2023-24,3,re_signed_standard,roster_continuity,-5.2,-3,-2.1,1550,1,-5.6,-3.3999999999999995,-2.2,1594,1,1594,-0.39999999999999947,-0.39999999999999947,-0.10000000000000009,complete
malcolm_brogdon_2023_POR,Malcolm Brogdon,2023-24,3,new_team,team_change,2.595593220338983,2.504406779661017,0.15030508474576268,2950,2,0.828486646884273,1.7627893175074185,-0.9677744807121661,1685,2,842.5,-1.76710657345471,-0.7416174621535985,-1.1180795654579287,complete
malik_beasley_2023_MIL,Malik Beasley,2023-24,3,new_team,team_change,-1.3686900958466452,-0.12300319488817897,-1.2428115015974441,4069,2,-0.5151948051948052,0.4824675324675325,-0.9976623376623376,4620,2,2310,0.85349529065184,0.6054707273557115,0.24514916393510655,complete
malik_monk_2023_SAC,Malik Monk,2023-24,3,re_signed_standard,roster_continuity,-0.14354587869362365,0.9901244167962675,-1.1782270606531884,3858,2,-0.4334971644612476,0.8535727788279772,-1.3224574669187146,5290,3,1763.3333333333333,-0.28995128576762397,-0.13655163796829028,-0.1442304062655262,complete
mamadi_diakite_2023_NYK,Mamadi Diakite,2023-24,3,new_team,team_change,NA,NA,NA,NA,NA,NA,NA,NA,NA,NA,NA,NA,NA,NA,missing_data
marcus_morris_2023_CLE,Marcus Morris Sr.,2023-24,3,new_team,team_change,-1.6692534670994394,-1.107760401298318,-0.5691944526408971,3389,2,-3.8,-2.5,-1.3000000000000003,817,1,817,-2.1307465329005604,-1.392239598701682,-0.7308055473591032,complete
marcus_smart_2023_MEM,Marcus Smart,2023-24,3,new_team,team_change,-0.1902186691747002,-1.4760874676698799,1.28586879849518,4253,2,-2.083759004584152,-2.6897838899803532,0.5481008513425016,3054,3,1018,-1.8935403354094515,-1.2136964223104734,-0.7377679471526783,complete
marjon_beauchamp_2023_MIL,MarJon Beauchamp,2023-24,3,re_signed_standard,roster_continuity,-4.8,-4.1,-0.6,701,1,-3.2,-2.3,-0.9,608,1,608,1.5999999999999996,1.7999999999999998,-0.30000000000000004,complete
mark_williams_2023_CHA,Mark Williams,2023-24,3,re_signed_standard,roster_continuity,0.10000000000000002,-0.5,0.6,828,1,2.3705654281098543,1.8947657512116318,0.43796445880452345,3095,3,1031.6666666666667,2.270565428109854,2.394765751211632,-0.16203554119547653,complete
markelle_fultz_2023_ORL,Markelle Fultz,2023-24,3,re_signed_standard,roster_continuity,0.5,-0.1,0.7,1778,1,-1.4,-2.6,1.2,910,1,910,-1.9,-2.5,0.5,complete
markieff_morris_2023_DAL,Markieff Morris,2023-24,3,re_signed_standard,roster_continuity,NA,NA,NA,NA,NA,NA,NA,NA,NA,NA,NA,NA,NA,NA,missing_data
marvin_bagley_2023_WAS,Marvin Bagley III,2023-24,3,new_team,team_change,-1.6532431171255249,-0.13042463835744283,-1.522818478768082,2143,2,0.239396628216504,1.4262644188110027,-1.1868677905944987,2254,2,1127,1.892639745342029,1.5566890571684455,0.3359506881735834,complete
mason_plumlee_2023_LAC,Mason Plumlee,2023-24,3,re_signed_standard,roster_continuity,1.1746295814920718,-0.05840914998700293,1.2330387314790745,3847,2,-0.6682877406281662,-1.3634245187436678,0.7951367781155014,1974,2,987,-1.842917322120238,-1.3050153687566648,-0.43790195336357307,complete
matisse_thybulle_2023_POR,Matisse Thybulle,2023-24,3,re_signed_standard,roster_continuity,0.4344887348353554,-2.4079722703639517,2.842461005199307,2885,2,0.6,-2.8,3.4,1487,1,1487,0.1655112651646446,-0.39202772963604815,0.557538994800693,complete
matt_ryan_2023_NOP,Matt Ryan,2023-24,3,new_team,team_change,NA,NA,NA,NA,NA,NA,NA,NA,NA,NA,NA,NA,NA,NA,missing_data
max_christie_2023_LAL,Max Christie,2023-24,3,re_signed_standard,roster_continuity,-3.1,-3.2,0,512,1,-2.273170272812794,-1.830950141110066,-0.5244590780809031,5315,3,1771.6666666666667,0.826829727187206,1.3690498588899342,-0.5244590780809031,complete
max_strus_2023_CLE,Max Strus,2023-24,3,new_team,team_change,-0.6307592640580462,0.10474216118165318,-0.6943767815496242,3859,2,0.08869589977220964,-0.3025626423690205,0.39125854214123007,3512,2,1756,0.7194551638302558,-0.40730480355067367,1.0856353236908542,complete
michael_porter_2023_DEN,Michael Porter Jr.,2023-24,3,re_signed_standard,roster_continuity,0.2,2,-1.8,1798,1,0.739623192639112,2.0915145319117863,-1.3893530013144442,6847,3,2282.3333333333335,0.539623192639112,0.09151453191178627,0.4106469986855559,complete
mikal_bridges_2023_BKN,Mikal Bridges,2023-24,3,re_signed_standard,roster_continuity,1.6509369090596528,1.0093690905965274,0.6415678184631253,5817,2,0.5370309951060359,0.782078769517595,-0.21179212304824055,8582,3,2860.6666666666665,-1.113905913953617,-0.22729032107893232,-0.8533599415113658,complete
mike_conley_2023_MIN,Mike Conley,2023-24,3,re_signed_standard,roster_continuity,2.007805236114509,1.7049669684365059,0.30283826767800337,4087,2,1.6751214574898785,0.39091093117408915,1.2842105263157895,4940,3,1646.6666666666667,-0.3326837786246306,-1.3140560372624166,0.9813722586377861,complete
mike_muscala_2023_OKC,Mike Muscala,2023-24,3,new_team,team_change,1.6798959011060508,1.2791802212101495,0.40071567989590107,1537,2,-5.3,-3.9,-1.4,600,1,600,-6.979895901106051,-5.179180221210149,-1.800715679895901,complete
miles_mcbride_2023_NYK,Miles McBride,2023-24,3,re_signed_standard,roster_continuity,-2.3,-3.6,1.4,760,1,0.2907273181704574,-0.022094476380904796,0.3460134966258436,4001,3,1333.6666666666667,2.5907273181704573,3.577905523619095,-1.0539865033741562,complete
mitchell_robinson_2023_NYK,Mitchell Robinson,2023-24,3,re_signed_standard,roster_continuity,2.292526897353882,1,1.292526897353882,3439,2,2.1165723108594956,1.030416881111683,1.0652084405558413,1943,2,971.5,-0.17595458649438633,0.030416881111682947,-0.22731845679804064,complete
mo_bamba_2023_PHI,Mo Bamba,2023-24,3,new_team,team_change,0.6406864635557269,-0.2,0.840686463555727,2593,2,-1,-2.3,1.4,740,1,740,-1.6406864635557268,-2.0999999999999996,0.559313536444273,complete
monte_morris_2023_MIN,Monte Morris,2023-24,3,new_team,team_change,0.2154295882053889,0.7999999999999999,-0.6276563294356888,3934,2,-1.7999999999999998,-1,-0.8,571,1,571,-2.0154295882053885,-1.7999999999999998,-0.1723436705643112,complete
moritz_wagner_2023_ORL,Moritz Wagner,2023-24,3,re_signed_standard,roster_continuity,1.0639922667955535,0.9103914934751087,0.15360077332044467,2069,2,2.569984840828701,1.9564931783729156,0.6134916624557857,1979,2,989.5,1.5059925740331477,1.0461016848978069,0.45989088913534104,complete
moses_brown_2023_POR,Moses Brown,2023-24,3,new_team,team_change,NA,NA,NA,NA,NA,NA,NA,NA,NA,NA,NA,NA,NA,NA,missing_data
moses_moody_2023_GSW,Moses Moody,2023-24,3,re_signed_standard,roster_continuity,-2.5573735955056183,-1.5721207865168538,-0.985252808988764,1424,2,-0.40361334867663984,-0.3238895281933257,-0.07972382048331415,4345,3,1448.3333333333333,2.1537602468289783,1.248231258323528,0.9055289885054498,complete
myles_turner_2023_IND,Myles Turner,2023-24,3,re_signed_standard,roster_continuity,1.817483660130719,0.8753267973856209,0.982516339869281,3060,2,0.16507627393703345,0.057643622200584235,0.10743265173644921,6162,3,2054,-1.6524073861936854,-0.8176831751850366,-0.8750836881328318,complete
naji_marshall_2023_NOP,Naji Marshall,2023-24,3,re_signed_standard,roster_continuity,-2.2781163434903045,-2.132686980609418,-0.14542936288088643,2527,2,-0.6950559701492537,-0.6975,-0.021007462686567162,5360,3,1786.6666666666667,1.5830603733410507,1.4351869806094182,0.12442190019431926,complete
nassir_little_2023_PHX,Nassir Little,2023-24,3,new_team,team_change,-2.1565891472868217,-1.2310077519379845,-0.9782945736434108,2064,2,NA,NA,NA,NA,NA,NA,NA,NA,NA,missing_data
naz_reid_2023_MIN,Naz Reid,2023-24,3,re_signed_standard,roster_continuity,0.5072992700729927,-0.09416058394160584,0.6521897810218978,2466,2,1.340512072597634,0.37998703613676876,0.9605250364608653,6171,3,2057,0.8332128025246414,0.47414762007837463,0.30833525543896745,complete
nic_claxton_2023_BKN,Nic Claxton,2023-24,3,re_signed_standard,roster_continuity,2.3195993836671804,0.7199075500770415,1.599691833590139,3245,2,0.8482595471443055,-0.3597499155119973,1.2080094626563027,5918,3,1972.6666666666667,-1.471339836522875,-1.079657465589039,-0.3916823709338362,complete
nick_richards_2023_CHA,Nick Richards,2023-24,3,re_signed_standard,roster_continuity,-1.3,-1,-0.2,1217,1,-3.3548439181916034,-2.357723358449946,-0.9971205597416576,3716,3,1238.6666666666667,-2.0548439181916036,-1.3577233584499462,-0.7971205597416575,complete
nickeil_alexander-walker_2023_MIN,Nickeil Alexander-Walker,2023-24,3,re_signed_standard,roster_continuity,-2.147659574468085,-1.6495319148936172,-0.5357446808510639,2350,2,0.40603304532363194,0.05961800818553884,0.3464150371380931,6597,3,2199,2.553692619791717,1.709149923079156,0.8821597179891569,complete
nicolas_batum_2023_PHI,Nicolas Batum,2023-24,3,new_team,team_change,1.330201765447667,-0.20040983606557378,1.5228562421185372,3172,2,-0.19398711524695775,-1.3909806728704368,1.1605106179909328,4191,3,1397,-1.5241888806946247,-1.190570836804863,-0.3623456241276044,complete
nikola_jokic_2023_DEN,Nikola Jokic,2023-24,3,re_signed_standard,roster_continuity,13.361158574703062,8.861158574703062,4.5,4799,2,13.53303842598706,9.63454377393371,3.8645450944143667,7573,3,2524.3333333333335,0.17187985128399852,0.7733851992306491,-0.6354549055856333,complete
nikola_vucevic_2023_CHI,Nikola Vucevic,2023-24,3,re_signed_standard,roster_continuity,1.8571649883811001,1.3849341595662277,0.4190549961270333,5164,2,1.328780196838652,1.540143155383239,-0.2113629585445869,6706,3,2235.3333333333335,-0.5283847915424482,0.1552089958170113,-0.6304179546716202,complete
norman_powell_2023_LAC,Norman Powell,2023-24,3,re_signed_standard,roster_continuity,0.010809917355371897,1.044595041322314,-1.085586776859504,3025,2,0.7223654015887027,1.2736451897616945,-0.5815887025595763,5665,3,1888.3333333333333,0.7115554842333308,0.22905014843938054,0.5039980742999277,complete
obi_toppin_2023_IND,Obi Toppin,2023-24,3,new_team,team_change,0.8486842105263158,1.055263157894737,-0.20657894736842106,2280,2,1.594351145038168,1.8,-0.20564885496183205,3275,2,1637.5,0.7456669345118522,0.7447368421052631,9.300924065890059e-4,complete
ochai_agbaji_2023_TOR,Ochai Agbaji,2023-24,3,new_team,team_change,-3,-1.6999999999999997,-1.4,1209,1,-2.8324603721571333,-2.4613140362968067,-0.37114633586032625,4353,3,1451,0.1675396278428667,-0.7613140362968069,1.0288536641396737,complete
og_anunoby_2023_NYK,OG Anunoby,2023-24,3,new_team,team_change,0.44200291686922705,-0.00597958191541077,0.44798249878463775,4114,2,0.8023220747889023,0.3307901085645356,0.5379975874547648,6632,3,2210.6666666666665,0.3603191579196752,0.33676969047994637,0.09001508867012703,complete
onyeka_okongwu_2023_ATL,Onyeka Okongwu,2023-24,3,re_signed_standard,roster_continuity,0.8,0,0.8,2841,2,0.6467395074575096,0.389715574054804,0.2684530003468609,5766,3,1922,-0.1532604925424904,0.389715574054804,-0.5315469996531391,complete
oshae_brissett_2023_BOS,Oshae Brissett,2023-24,3,new_team,team_change,-2.609142425387231,-1.1137136380808463,-1.4954287873063845,2647,2,-1.8,-2,0.2,630,1,630,0.809142425387231,-0.8862863619191537,1.6954287873063845,complete
ousmane_dieng_2023_OKC,Ousmane Dieng,2023-24,3,re_signed_standard,roster_continuity,-3.6,-3.1,-0.5,569,1,-3.8,-2.6,-1.2,1099,1,1099,-0.19999999999999973,0.5,-0.7,complete
paolo_banchero_2023_ORL,Paolo Banchero,2023-24,3,re_signed_standard,roster_continuity,-1.5,-0.7,-0.7,2430,1,1.8420020339968037,1.8190178701147754,0.04596832776405638,6883,3,2294.3333333333335,3.3420020339968035,2.5190178701147756,0.7459683277640563,complete
pascal_siakam_2023_IND,Pascal Siakam,2023-24,3,new_team,team_change,3.29717017208413,3.004244741873805,0.3436328871892925,5230,2,1.4899201321949875,2.2330487469016798,-0.7148030845497108,7262,3,2420.6666666666665,-1.8072500398891425,-0.7711959949721252,-1.0584359717390033,complete
pat_connaughton_2023_MIL,Pat Connaughton,2023-24,3,re_signed_standard,roster_continuity,0.18704530950861514,-0.16691129546904912,0.3,3134,2,-1.7852128126371216,-1.5470820535322511,-0.21167178587099605,2279,2,1139.5,-1.9722581221457367,-1.380170758063202,-0.511671785870996,complete
patrick_baldwin_2023_WAS,Patrick Baldwin Jr.,2023-24,3,new_team,team_change,NA,NA,NA,NA,NA,NA,NA,NA,NA,NA,NA,NA,NA,NA,missing_data
patrick_beverley_2023_MIL,Patrick Beverley,2023-24,3,new_team,team_change,0.5486026731470233,-1.3307411907654918,1.879343863912515,3292,2,-1.1,-1.5,0.5,1462,1,1462,-1.6486026731470234,-0.1692588092345082,-1.379343863912515,complete
patrick_williams_2023_CHI,Patrick Williams,2023-24,3,re_signed_standard,roster_continuity,-1.3,-1.7,0.4,2323,1,-3.5900568181818184,-2.889441287878788,-0.6728219696969697,4224,3,1408,-2.290056818181818,-1.1894412878787881,-1.0728219696969696,complete
patty_mills_2023_MIA,Patty Mills,2023-24,3,new_team,team_change,-1.9725025746652933,-0.5141091658084449,-1.4583934088568484,2913,2,NA,NA,NA,NA,NA,NA,NA,NA,NA,missing_data
paul_george_2023_LAC,Paul George,2023-24,3,re_signed_standard,roster_continuity,3.1213859416445624,2.185742705570292,0.8713527851458885,3016,2,1.891430295715148,1.5537718768859385,0.2873264936632468,4971,3,1657,-1.2299556459294143,-0.6319708286843533,-0.5840262914826417,complete
paul_reed_2023_PHI,Paul Reed,2023-24,3,re_signed_standard,roster_continuity,-0.1,-1.6,1.5,755,1,2.1723404255319148,0.48510638297872344,1.6872340425531913,2491,2,1245.5,2.272340425531915,2.0851063829787235,0.18723404255319132,complete
payton_pritchard_2023_BOS,Payton Pritchard,2023-24,3,re_signed_standard,roster_continuity,-0.23381995133819944,0.21374695863746965,-0.40845498783454987,1644,2,2.3530216476247743,2.516461214672279,-0.10186410102224894,6652,3,2217.3333333333335,2.5868415989629736,2.3027142560348093,0.30659088681230096,complete
peyton_watson_2023_DEN,Peyton Watson,2023-24,3,re_signed_standard,roster_continuity,NA,NA,NA,NA,NA,-1.723323492197385,-1.944327288064108,0.18730493462673978,4742,3,1580.6666666666667,NA,NA,NA,missing_data
pj_tucker_2023_LAC,P.J. Tucker,2023-24,3,new_team,team_change,-1.1718533709305305,-1.9812355806203539,0.809382209689823,3901,2,NA,NA,NA,NA,NA,NA,NA,NA,NA,missing_data
pj_washington_2023_DAL,P.J. Washington,2023-24,3,new_team,team_change,-0.7885245901639345,-0.659016393442623,-0.08688524590163933,4148,2,-1.5699585635359117,-1.509910220994475,-0.06004834254143648,5792,3,1930.6666666666667,-0.7814339733719772,-0.85089382755185206,0.026836903360202856,complete
precious_achiuwa_2023_NYK,Precious Achiuwa,2023-24,3,new_team,team_change,-2.480628272251309,-1.7612565445026178,-0.6795811518324607,2865,2,-1.6057721965190572,-1.34177131526768,-0.264000881251377,4539,3,1513,0.8748560757322517,0.4194852292349378,0.4155802705810837,complete
quentin_grimes_2023_DET,Quentin Grimes,2023-24,3,new_team,team_change,-0.1540763673890609,-0.5433436532507739,0.31630546955624356,2907,2,-0.94954233409611,-0.3877765064836003,-0.5196987032799391,5244,3,1748,-0.7954659667070492,0.15556714676717365,-0.8360041728361827,complete
reggie_bullock_2023_HOU,Reggie Bullock Jr.,2023-24,3,new_team,team_change,-2.0649789029535865,-1.8987341772151898,-0.1662447257383966,4266,2,NA,NA,NA,NA,NA,NA,NA,NA,NA,missing_data
reggie_jackson_2023_DEN,Reggie Jackson,2023-24,3,re_signed_standard,roster_continuity,-3.3733850776164243,-2.022308462694041,-1.392563845768653,3994,2,-3.2,-1.8,-1.5,1817,1,1817,0.17338507761642408,0.22230846269404103,-0.10743615423134689,complete
richaun_holmes_2023_WAS,Richaun Holmes,2023-24,3,new_team,team_change,-0.5,-0.4,-0.1,1074,1,-1.1424242424242423,-0.6347107438016529,-0.40771349862258954,1089,2,544.5,-0.6424242424242423,-0.2347107438016529,-0.30771349862258957,complete
rj_barrett_2023_TOR,RJ Barrett,2023-24,3,new_team,team_change,-2.358892068683565,-0.755335241210139,-1.603556827473426,4892,2,-6.994294128474474e-4,0.9673108779679734,-0.9706423706975889,5433,3,1811,2.3581926392707175,1.7226461191781124,0.6329144567758371,complete
rj_hampton_2023_WAS,R.J. Hampton,2023-24,3,new_team,team_change,-3.6817843866171005,-3.407527881040892,-0.2742565055762082,2152,2,NA,NA,NA,NA,NA,NA,NA,NA,NA,missing_data
robert_covington_2023_PHI,Robert Covington,2023-24,3,new_team,team_change,0.6297535858771607,-1.284847370356749,1.8146009562339094,2719,2,NA,NA,NA,NA,NA,NA,NA,NA,NA,missing_data
robin_lopez_2023_MIL,Robin Lopez,2023-24,3,new_team,team_change,-3.8,-2.4,-1.4,612,1,NA,NA,NA,NA,NA,NA,NA,NA,NA,missing_data
royce_oneale_2023_PHX,Royce O'Neale,2023-24,3,new_team,team_change,-0.15059190031152647,-1.2502803738317758,1.149657320872274,4815,2,0.28860759493670884,-0.3748334443704197,0.6634410393071286,6004,3,2001.3333333333333,0.4391994952482353,0.875446929461356,-0.4862162815651454,complete
rudy_gobert_2023_MIN,Rudy Gobert,2023-24,3,re_signed_standard,roster_continuity,2.637207122774133,1.4404873477038425,1.1967197750702907,4268,2,1.573825047541429,0.22992393371366474,1.3115729421352893,7362,3,2454,-1.0633820752327041,-1.2105634139901778,0.1148531670649986,complete
rui_hachimura_2023_LAL,Rui Hachimura,2023-24,3,re_signed_standard,roster_continuity,-1.8868410128684099,-0.7128268991282689,-1.274014113740141,2409,2,-1.2790999644254715,-0.3074528637495554,-1.005923159018143,5622,3,1874,0.6077410484429384,0.4053740353787135,0.26809095472199806,complete
russell_westbrook_2023_LAC,Russell Westbrook,2023-24,3,re_signed_standard,roster_continuity,-0.8034138218151541,-0.25745212323064115,-0.5459616985845129,4804,2,-0.4161308001461455,-0.19671172816952867,-0.21941907197661675,5474,3,1824.6666666666667,0.3872830216690086,0.06074039506111248,0.3265426266078962,complete
ryan_arcidiacono_2023_NYK,Ryan Arcidiacono,2023-24,3,new_team,team_change,NA,NA,NA,NA,NA,NA,NA,NA,NA,NA,NA,NA,NA,NA,missing_data
ryan_rollins_2023_MIL,Ryan Rollins,2023-24,3,new_team,team_change,NA,NA,NA,NA,NA,0.02040050062578224,0.16120150187734664,-0.14080100125156444,3196,2,1598,NA,NA,NA,missing_data
saddiq_bey_2023_ATL,Saddiq Bey,2023-24,3,re_signed_standard,roster_continuity,-0.3,0.8999999999999999,-1.2,4833,2,-0.6008820798514392,1.2469823584029711,-1.895728876508821,4308,2,2154,-0.30088207985143917,0.3469823584029712,-0.695728876508821,complete
sam_hauser_2023_BOS,Sam Hauser,2023-24,3,re_signed_standard,roster_continuity,1,0.6,0.4,1290,1,0.8593558282208589,0.8888995398773006,-0.02954371165644172,5216,3,1738.6666666666667,-0.14064417177914113,0.28889953987730066,-0.42954371165644173,complete
sandro_mamukelashvili_2023_SAS,Sandro Mamukelashvili,2023-24,3,re_signed_standard,roster_continuity,-2.4,-1.1,-1.3,660,1,2.659991776315789,2.436019736842105,0.22397203947368413,2432,2,1216,5.059991776315789,3.536019736842105,1.5239720394736842,complete
santi_aldama_2023_MEM,Santi Aldama,2023-24,3,re_signed_standard,roster_continuity,0.5,-0.3,0.8,1682,1,1.5694816800714924,1.0220732797140304,0.5112600536193029,4476,3,1492,1.0694816800714924,1.3220732797140304,-0.2887399463806971,complete
scottie_barnes_2023_TOR,Scottie Barnes,2023-24,3,re_signed_standard,roster_continuity,0.6471199244570349,0.5,0.14711992445703495,5295,2,3.492488059053408,2.0795339412360687,1.4129541178173395,6909,3,2303,2.8453681345963733,1.5795339412360687,1.2658341933603046,complete
seth_curry_2023_CHA,Seth Curry,2023-24,3,new_team,team_change,-1.142887029288703,-0.24288702928870295,-0.9,3346,2,-2.2873659117997613,-1.460786650774732,-0.7898688915375448,1678,2,839,-1.1444788825110583,-1.2178996214860291,0.11013110846245522,complete
shaedon_sharpe_2023_POR,Shaedon Sharpe,2023-24,3,re_signed_standard,roster_continuity,-3.3,-1.3,-2,1779,1,-1.662944374738603,-0.543810121288164,-1.0883730656629027,4782,3,1594,1.6370556252613968,0.7561898787118361,0.9116269343370973,complete
shai_gilgeous-alexander_2023_OKC,Shai Gilgeous-Alexander,2023-24,3,re_signed_standard,roster_continuity,5.562092703074804,4.452271684258834,1.054382744378155,4358,2,10.699635627530364,8.081052631578949,2.6185829959514173,7410,3,2470,5.13754292445556,3.6287809473201147,1.5642002515732623,complete
shake_milton_2023_NYK,Shake Milton,2023-24,3,new_team,team_change,-2.085870356882739,-1.2576110706482155,-0.7711944646758921,2746,2,-2.8145980253878706,-2.7653032440056418,-0.049294781382228516,1418,2,709,-0.7287276685051318,-1.5076921733574262,0.7218996832936636,complete
simone_fontecchio_2023_DET,Simone Fontecchio,2023-24,3,new_team,team_change,-5.2,-3,-2.1,766,1,-1.14573260976813,-0.46874691662555507,-0.6769856931425753,4054,3,1351.3333333333333,4.05426739023187,2.531253083374445,1.4230143068574248,complete
spencer_dinwiddie_2023_LAL,Spencer Dinwiddie,2023-24,3,new_team,team_change,0.5316684378320935,1.263336875664187,-0.6895855472901169,4705,2,-1.7505597014925371,-1.1007462686567164,-0.6498134328358208,4288,2,2144,-2.282228139324631,-2.3640831443209036,0.03977211445429607,complete
stephen_curry_2023_GSW,Stephen Curry,2023-24,3,re_signed_standard,roster_continuity,6.594725433526011,6.381719653179191,0.2597543352601156,4152,2,5.657014328557148,6.337520826391203,-0.6651282905698102,6002,3,2000.6666666666667,-0.9377111049688631,-0.04419882678798803,-0.9248826258299258,complete
svi_mykhailiuk_2023_BOS,Svi Mykhailiuk,2023-24,3,new_team,team_change,-2.9,-2.7,-0.2,716,1,-2.4139874739039664,-0.374321503131524,-2.0396659707724427,1916,2,958,0.4860125260960335,2.325678496868476,-1.8396659707724428,complete
taj_gibson_2023_DET,Taj Gibson,2023-24,3,new_team,team_change,-2,-3,1,946,1,NA,NA,NA,NA,NA,NA,NA,NA,NA,missing_data
talen_horton-tucker_2023_UTA,Talen Horton-Tucker,2023-24,3,re_signed_standard,roster_continuity,-2.509596317280453,-2.2236189801699715,-0.3394830028328612,2824,2,-1.7013271783035198,-1.1088863242931333,-0.6924408540103866,1733,2,866.5,0.8082691389769334,1.1147326558768382,-0.3529578511775254,complete
tari_eason_2023_HOU,Tari Eason,2023-24,3,re_signed_standard,roster_continuity,-1.7,-1.3,-0.4,1767,1,0.887032670932974,-0.4608285618053217,1.3478612327382957,2969,2,1484.5,2.587032670932974,0.8391714381946783,1.7478612327382956,complete
taurean_prince_2023_LAL,Taurean Prince,2023-24,3,new_team,team_change,-2.1075981426762347,-1.8050654284508234,-0.30189953566905864,2369,2,-2.3497850562947797,-2.1713613101330607,-0.17842374616171955,4885,3,1628.3333333333333,-0.24218691361854505,-0.36629588168223726,0.12347578950733909,complete
terance_mann_2023_LAC,Terance Mann,2023-24,3,re_signed_standard,roster_continuity,-0.42124612079255197,-0.57655765099069,0.15531153019813798,4189,2,-2.0444975083056476,-1.5793812292358804,-0.4944767441860464,4816,3,1605.3333333333333,-1.6232513875130956,-1.0028235782451904,-0.6497882743841844,complete
terry_rozier_2023_MIA,Terry Rozier,2023-24,3,new_team,team_change,0.608249625988459,1.5455866638170548,-0.8898696302628768,4679,2,-0.8314223904813414,0.047917793401838785,-0.8345051379123851,3698,2,1849,-1.4396720164698005,-1.497668870415216,0.05536449235049168,complete
terry_taylor_2023_CHI,Terry Taylor,2023-24,3,re_signed_standard,roster_continuity,-0.6,2.1,-2.8,714,1,NA,NA,NA,NA,NA,NA,NA,NA,NA,missing_data
thaddeus_young_2023_PHX,Thaddeus Young,2023-24,3,new_team,team_change,1.1820121951219513,-0.8210365853658537,2.0030487804878048,1640,2,NA,NA,NA,NA,NA,NA,NA,NA,NA,missing_data
thanasis_antetokounmpo_2023_MIL,Thanasis Antetokounmpo,2023-24,3,re_signed_standard,roster_continuity,NA,NA,NA,NA,NA,NA,NA,NA,NA,NA,NA,NA,NA,NA,missing_data
theo_maledon_2023_PHX,Theo Maledon,2023-24,3,new_team,team_change,-3.47911464245176,-3.3607264472190694,-0.11838819523269008,1762,2,NA,NA,NA,NA,NA,NA,NA,NA,NA,missing_data
thomas_bryant_2023_MIA,Thomas Bryant,2023-24,3,new_team,team_change,0.6,1.1,-0.5,1081,1,0.384070796460177,0.7431858407079645,-0.3023008849557522,1695,2,847.5,-0.21592920353982298,-0.35681415929203564,0.1976991150442478,complete
tim_hardaway_2023_DAL,Tim Hardaway Jr.,2023-24,3,re_signed_standard,roster_continuity,-1.2136002355019135,-0.3366499852811304,-0.876950250220783,3397,2,-1.8997187500000001,-0.20300000000000004,-1.62984375,6400,3,2133.3333333333335,-0.6861185144980866,0.13364998528113034,-0.752893499779217,complete
tj_mcconnell_2023_IND,T.J. McConnell,2023-24,3,re_signed_standard,roster_continuity,0.6197428833792471,0.16051423324150596,0.4891643709825527,2178,2,2.1745707277187245,1.8029980921231945,0.3715726355955301,3669,3,1223,1.5548278443394774,1.6424838588816886,-0.11759173538702261,complete
tj_warren_2023_MIN,T.J. Warren,2023-24,3,new_team,team_change,-2,-1.6999999999999997,-0.2,687,1,NA,NA,NA,NA,NA,NA,NA,NA,NA,missing_data
tobias_harris_2023_PHI,Tobias Harris,2023-24,3,re_signed_standard,roster_continuity,0.34247840931914036,0.6,-0.25752159068085956,4979,2,0.7486292834890965,0.3524299065420561,0.3961993769470405,6420,3,2140,0.40615087416995616,-0.2475700934579439,0.6537209676279001,complete
torrey_craig_2023_CHI,Torrey Craig,2023-24,3,new_team,team_change,-1.1404063205417607,-1.480135440180587,0.3397291196388262,3544,2,-2,-1.8,-0.2,1049,1,1049,-0.8595936794582393,-0.319864559819413,-0.5397291196388262,complete
trae_young_2023_ATL,Trae Young,2023-24,3,re_signed_standard,roster_continuity,4.270306181398035,6.219237435008665,-2,5193,2,1.3712240974150822,3.9637897885067295,-2.5340525528733178,4681,2,2340.5,-2.899082083982953,-2.2554476465019357,-0.5340525528733178,complete
tre_jones_2023_SAS,Tre Jones,2023-24,3,re_signed_standard,roster_continuity,-0.8167305236270753,-0.4565772669220945,-0.36015325670498083,3132,2,0.5797497393117831,0.35447340980187697,0.26986444212721583,4795,3,1598.3333333333333,1.3964802629388584,0.8110506767239715,0.6300176988321966,complete
tre_mann_2023_CHA,Tre Mann,2023-24,3,new_team,team_change,-4.1680392156862744,-3.1608235294117644,-1.0536078431372549,2550,2,-2.915942028985507,-2.831159420289855,-0.0847826086956522,1656,2,828,1.2520971867007673,0.32966410912190947,0.9688252344416026,complete
trendon_watford_2023_BKN,Trendon Watford,2023-24,3,new_team,team_change,-1.757630424183325,-1.4,-0.4,2051,2,-1.8609570831750852,-1.8120394986707176,-0.0817318647930118,2633,3,877.6666666666666,-0.1033266589917603,-0.41203949867071765,0.3182681352069882,complete
trent_forrest_2023_ATL,Trent Forrest,2023-24,3,re_signed_standard,roster_continuity,-1,-2.3,1.2,765,1,NA,NA,NA,NA,NA,NA,NA,NA,NA,missing_data
trey_lyles_2023_SAC,Trey Lyles,2023-24,3,re_signed_standard,roster_continuity,-0.6135416666666667,0.2760416666666667,-0.8447916666666667,2784,2,-0.8847626645392901,-0.4,-0.48476266453928996,2507,2,1253.5,-0.27122099787262344,-0.6760416666666667,0.36002900212737676,complete
trey_murphy_2023_NOP,Trey Murphy III,2023-24,3,re_signed_standard,roster_continuity,1.0173913043478262,1.0869565217391304,-0.06956521739130431,3312,2,1.924655904842821,2.572880203908241,-0.6797281223449447,5885,3,1961.6666666666667,0.9072646004949947,1.4859236821691106,-0.6101629049536405,complete
troy_brown_2023_DET,Troy Brown Jr.,2023-24,3,new_team,team_change,-1.2895368782161234,-1.7638078902229846,0.43807890222984563,2915,2,-2.6000000000000005,-2.8,0.2,827,1,827,-1.3104631217838771,-1.0361921097770153,-0.23807890222984562,complete
ty_jerome_2023_CLE,Ty Jerome,2023-24,3,new_team,team_change,-1.5430426716141001,-1.6448979591836737,0.052319109461966586,1617,2,4.3,3.5,0.8,1393,1,1393,5.8430426716141,5.144897959183673,0.7476808905380334,complete
tyler_herro_2023_MIA,Tyler Herro,2023-24,3,re_signed_standard,roster_continuity,0.6479278074866309,1.5479278074866312,-0.847927807486631,4488,2,2.253455953533398,2.893455953533398,-0.64,5165,3,1721.6666666666667,1.6055281460467667,1.3455281460467667,0.20792780748663098,complete
tyrese_haliburton_2023_IND,Tyrese Haliburton,2023-24,3,re_signed_standard,roster_continuity,4.492048929663608,4.468654434250764,0.02339449541284404,4578,2,6.323294117647059,6.461155080213904,-0.0854331550802139,4675,2,2337.5,1.831245187983451,1.9925006459631396,-0.10882765049305794,complete
tyrese_maxey_2023_PHI,Tyrese Maxey,2023-24,3,re_signed_standard,roster_continuity,0.6,1.5592370338619803,-0.9160308615516501,4666,2,3.647026355733407,4.187056713122671,-0.4762660411204636,7247,3,2415.6666666666665,3.047026355733407,2.627819679260691,0.43976482043118653,complete
tyty_washington_2023_MIL,TyTy Washington Jr.,2023-24,3,new_team,team_change,NA,NA,NA,NA,NA,NA,NA,NA,NA,NA,NA,NA,NA,NA,missing_data
tyus_jones_2023_WAS,Tyus Jones,2023-24,3,new_team,team_change,1.6443966752651187,1.2,0.3887933505302379,3489,2,-0.1531852143138026,0.6103027919779788,-0.8014942980731421,5086,3,1695.3333333333333,-1.7975818895789213,-0.5896972080220212,-1.19028764860338,complete
udoka_azubuike_2023_PHX,Udoka Azubuike,2023-24,3,new_team,team_change,NA,NA,NA,NA,NA,NA,NA,NA,NA,NA,NA,NA,NA,NA,missing_data
usman_garuba_2023_GSW,Usman Garuba,2023-24,3,new_team,team_change,-1.4,-2,0.6,970,1,NA,NA,NA,NA,NA,NA,NA,NA,NA,missing_data
victor_oladipo_2023_MEM,Victor Oladipo,2023-24,3,new_team,team_change,-2.1,-2.9,0.8,1106,1,NA,NA,NA,NA,NA,NA,NA,NA,NA,missing_data
vince_williams_2023_MEM,Vince Williams Jr.,2023-24,3,re_signed_standard,roster_continuity,NA,NA,NA,NA,NA,-0.8090425531914893,-1.627304964539007,0.8182624113475178,2256,2,1128,NA,NA,NA,missing_data
vit_krejci_2023_ATL,Vit Krejci,2023-24,3,re_signed_standard,roster_continuity,-5.3,-4.3,-1,690,1,-1.1088139987038237,-1.2551198963058976,0.1914128321451717,3086,3,1028.6666666666667,4.191186001296176,3.0448801036941022,1.1914128321451718,complete
walker_kessler_2023_UTA,Walker Kessler,2023-24,3,re_signed_standard,roster_continuity,2.9,1.4,1.5,1703,1,1.3843798329724712,0.4072997216207857,0.9770801113516858,3233,2,1616.5,-1.5156201670275287,-0.9927002783792143,-0.5229198886483142,complete
wendell_carter_2023_ORL,Wendell Carter Jr.,2023-24,3,re_signed_standard,roster_continuity,1.3137210615471486,0.9522868435911914,0.3614342179559571,3542,2,-0.4066397652237711,-1.0001100513573002,0.6031914893617021,5452,3,1817.3333333333333,-1.7203608267709196,-1.9523968949484916,0.241757271405745,complete
wendell_moore_2023_MIN,Wendell Moore Jr.,2023-24,3,re_signed_standard,roster_continuity,NA,NA,NA,NA,NA,NA,NA,NA,NA,NA,NA,NA,NA,NA,missing_data
wenyen_gabriel_2023_MEM,Wenyen Gabriel,2023-24,3,new_team,team_change,-2.2,-2.3,0.1,1024,1,NA,NA,NA,NA,NA,NA,NA,NA,NA,missing_data
wesley_matthews_2023_ATL,Wesley Matthews,2023-24,3,new_team,team_change,-3.0299670691547753,-3.1800219538968166,0.1950603732162459,1822,2,NA,NA,NA,NA,NA,NA,NA,NA,NA,missing_data
xavier_tillman_2023_BOS,Xavier Tillman,2023-24,3,new_team,team_change,1.452791068580542,-0.22174375332270072,1.7372674109516215,1881,2,-1.2,-3.1,1.9,974,1,974,-2.652791068580542,-2.8782562466772994,0.1627325890483784,complete
yuta_watanabe_2023_MEM,Yuta Watanabe,2023-24,3,new_team,team_change,-0.6,-0.4,-0.2,928,1,NA,NA,NA,NA,NA,NA,NA,NA,NA,missing_data
zach_collins_2023_SAS,Zach Collins,2023-24,3,re_signed_standard,roster_continuity,-0.2,-0.6808543489449306,0.4808543489449305,1943,2,-1.219336795844986,-1.5316020775069916,0.2512984418697563,2503,2,1251.5,-1.0193367958449862,-0.850747728562061,-0.2295559070751742,complete
zach_lavine_2023_CHI,Zach LaVine,2023-24,3,re_signed_standard,roster_continuity,2.128414442700157,3.2481946624803766,-1.0654631083202513,5096,2,0.015453384418901633,1.5786717752234993,-1.5892720306513408,4698,3,1566,-2.1129610582812552,-1.6695228872568773,-0.5238089223310896,complete
zeke_nnaji_2023_DEN,Zeke Nnaji,2023-24,3,re_signed_standard,roster_continuity,-2.9657784011220194,-1.721037868162693,-1.2426367461430574,1426,2,-2.8246408839779007,-3.159779005524862,0.26696132596685085,1810,3,603.3333333333334,0.1411375171441187,-1.4387411373621688,1.5095980721099083,complete
ziaire_williams_2023_MEM,Ziaire Williams,2023-24,3,re_signed_standard,roster_continuity,-3.764866282118511,-3.076612480335606,-0.6588358678552702,1907,2,-2.6924870466321242,-2.6176683937823837,-0.01474093264248707,3860,3,1286.6666666666667,1.0723792354863866,0.45894408655322216,0.644094935212783,complete
aaron_gordon_2024_DEN,Aaron Gordon,2024-25,3,re_signed_standard,roster_continuity,1.6777573529411764,1.7666360294117647,-0.08887867647058822,4352,2,1.4049347471451874,2.781973898858075,-1.3770391517128875,2452,2,1226,-0.27282260579598905,1.0153378694463102,-1.2881604752422993,complete
aaron_holiday_2024_HOU,Aaron Holiday,2024-25,3,re_signed_standard,roster_continuity,-1.6998580889309367,-2.2396877956480608,0.5398297067171239,2114,2,-1.2923076923076924,-1.2937062937062938,-0.04895104895104896,1573,2,786.5,0.4075503966232443,0.945981501941767,-0.5887807556681729,complete
aaron_nesmith_2024_IND,Aaron Nesmith,2024-25,3,re_signed_standard,roster_continuity,-1.6912883757543953,-1.253030700603516,-0.438257675150879,3811,2,-2.075702075702076,-0.9236874236874237,-1.0976800976800978,2457,2,1228.5,-0.3844136999476806,0.3293432769160922,-0.6594224225292188,complete
aaron_wiggins_2024_OKC,Aaron Wiggins,2024-25,3,re_signed_standard,roster_continuity,-0.7382574257425744,-0.5759603960396039,-0.062297029702970276,2525,2,0.2044965167827739,-0.04325522482583897,0.20297656744775175,3158,2,1579,0.9427539425253483,0.5327051712137649,0.265273597150722,complete
aj_green_2024_MIL,AJ Green,2024-25,3,re_signed_standard,roster_continuity,-2.1,-0.4,-1.7,614,1,-2.8355306693815217,-1.5844489692033594,-1.2088572155764827,3929,2,1964.5,-0.7355306693815216,-1.1844489692033595,0.4911427844235172,complete
aj_lawson_2024_TOR,A.J. Lawson,2024-25,3,new_team,team_change,NA,NA,NA,NA,NA,NA,NA,NA,NA,NA,NA,NA,NA,NA,missing_data
al_horford_2024_BOS,Al Horford,2024-25,3,re_signed_standard,roster_continuity,3.442545057345712,1.6475150191152377,1.8425450573457127,3662,2,1.3474885844748858,0.17374429223744292,1.173744292237443,2628,2,1314,-2.0950564728708265,-1.4737707268777949,-0.6688007651082697,complete
alec_burks_2024_MIA,Alec Burks,2024-25,3,new_team,team_change,-0.6174807197943445,0.7095115681233934,-1.2789203084832905,2334,2,0.3,0,0.3,863,1,863,0.9174807197943444,-0.7095115681233934,1.5789203084832906,complete
alex_caruso_2024_OKC,Alex Caruso,2024-25,3,new_team,team_change,1.8900414937759336,-0.8456431535269711,2.7356846473029046,3615,2,2.960698689956332,-0.6423580786026202,3.6030567685589516,2061,2,1030.5,1.0706571961803983,0.20328507492435088,0.867372121256047,complete
alex_len_2024_LAL,Alex Len,2024-25,3,new_team,team_change,NA,NA,NA,NA,NA,NA,NA,NA,NA,NA,NA,NA,NA,NA,missing_data
alperen_sengun_2024_HOU,Alperen Sengun,2024-25,3,re_signed_standard,roster_continuity,3.098126630305905,2.070358074460517,1.030732748399336,4217,2,4.299937408721052,2.6500312956394745,1.6499061130815773,4793,2,2396.5,1.2018107784151466,0.5796732211789575,0.6191733646822413,complete
amen_thompson_2024_HOU,Amen Thompson,2024-25,3,re_signed_standard,roster_continuity,1.8,-0.1,1.9,1388,1,3.2445538818076476,1.514059482425647,1.6875241405948243,5178,2,2589,1.4445538818076475,1.6140594824256471,-0.21247585940517566,complete
amir_coffey_2024_LAC,Amir Coffey,2024-25,3,re_signed_standard,roster_continuity,-3.0393285371702636,-2.6194244604316546,-0.41990407673860913,2085,2,-1.7,-1.5,-0.2,1748,1,1748,1.3393285371702637,1.1194244604316546,0.21990407673860912,complete
andre_drummond_2024_PHI,Andre Drummond,2024-25,3,new_team,team_change,-0.24731818181818183,0.028181818181818183,-0.23690909090909087,2200,2,-1.5851664984863776,-1.1578203834510594,-0.42734611503531794,1982,2,991,-1.3378483166681958,-1.1860022016328775,-0.19043702412622707,complete
andre_jackson_2024_MIL,Andre Jackson Jr.,2024-25,3,re_signed_standard,roster_continuity,-3.6000000000000005,-3.6000000000000005,0,572,1,-3.4,-3.6,0.2,980,1,980,0.20000000000000062,4.440892098500626e-16,0.2,complete
andrew_nembhard_2024_IND,Andrew Nembhard,2024-25,3,re_signed_standard,roster_continuity,-2.749867374005305,-2.039893899204244,-0.6649602122015915,3770,2,-1.5694300518134714,-0.7979274611398963,-0.771502590673575,3667,2,1833.5,1.1804373221918336,1.2419664380643478,-0.10654237847198345,complete
andrew_wiggins_2024_MIA,Andrew Wiggins,2024-25,3,new_team,team_change,-1.734726688102894,-0.9025723472668811,-0.8938906752411575,3110,2,1.0584891165172854,0.9358514724711908,0.12263764404609474,3905,2,1952.5,2.7932158046201794,1.8384238197380718,1.0165283192872523,complete
anfernee_simons_2024_POR,Anfernee Simons,2024-25,3,re_signed_standard,roster_continuity,-0.5520117239541701,1.8901412203570478,-2.5,3753,2,-0.1,1.3876637554585152,-1.4251091703056769,3664,2,1832,0.4520117239541701,-0.5024774648985326,1.0748908296943231,complete
anthony_black_2024_ORL,Anthony Black,2024-25,3,re_signed_standard,roster_continuity,-3,-3.8,0.8,1164,1,-1.2460626810639976,-2.1442454569396894,0.9484856465630761,3797,2,1898.5,1.7539373189360024,1.6557545430603104,0.14848564656307606,complete
anthony_davis_2024_DAL,Anthony Davis,2024-25,3,new_team,team_change,5.596264118158123,3.95490877497828,1.6999999999999997,4604,2,4.594682675814751,3.2557461406518007,1.3389365351629503,2332,2,1166,-1.0015814423433715,-0.6991626343264792,-0.36106346483704943,complete
anthony_edwards_2024_MIN,Anthony Edwards,2024-25,3,re_signed_standard,roster_continuity,2.1352459016393444,1.8390947968638631,0.24679258731290094,5612,2,4.385343450479233,4.52801517571885,-0.04267172523961662,5008,2,2504,2.250097548839889,2.688920378854987,-0.28946431255251753,complete
anthony_gill_2024_WAS,Anthony Gill,2024-25,3,re_signed_standard,roster_continuity,-3.3,-2.4,-0.9,624,1,-2.6,-1.3,-1.3,951,1,951,0.6999999999999997,1.0999999999999999,-0.4,complete
ausar_thompson_2024_DET,Ausar Thompson,2024-25,3,re_signed_standard,roster_continuity,-2.2,-2.8,0.6,1583,1,2.52332506203474,-0.6823821339950372,3.1468982630272953,3224,2,1612,4.72332506203474,2.1176178660049625,2.546898263027295,complete
austin_reaves_2024_LAL,Austin Reaves,2024-25,3,re_signed_standard,roster_continuity,0.5236359570661896,0.7763640429338103,-0.19394007155635068,4472,2,2.2677643784786636,2.8086270871985155,-0.5408627087198515,4312,2,2156,1.7441284214124742,2.032263044264705,-0.34692263716350086,complete
ayo_dosunmu_2024_CHI,Ayo Dosunmu,2024-25,3,re_signed_standard,roster_continuity,-1.6275174013921114,-1.768259860788863,0.18941995359628766,4310,2,-0.10668702290076339,0.15074809160305352,-0.2574351145038168,3275,2,1637.5,1.520830378491348,1.9190079523919166,-0.44685506810010445,complete
bam_adebayo_2024_MIA,Bam Adebayo,2024-25,3,re_signed_standard,roster_continuity,1.9336657359393696,0.8,1.23366573593937,5014,2,2,1.2346695772970828,0.7183965072435007,5039,2,2519.5,0.06633426406063037,0.4346695772970828,-0.5152692286958692,complete
ben_sheppard_2024_IND,Ben Sheppard,2024-25,3,re_signed_standard,roster_continuity,-3.4,-3.3,-0.1,814,1,-2.5307369224895,-2.3061473844979,-0.22458953799159986,2619,2,1309.5,0.8692630775104999,0.9938526155020999,-0.12458953799159986,complete
bennedict_mathurin_2024_IND,Bennedict Mathurin,2024-25,3,re_signed_standard,roster_continuity,-3.577287234042553,-1.2,-2.418191489361702,3760,2,-2.728071106394269,-1.2140355531971347,-1.4570177765985672,3769,2,1884.5,0.8492161276482841,-0.014035553197134787,0.9611737127631348,complete
bilal_coulibaly_2024_WAS,Bilal Coulibaly,2024-25,3,re_signed_standard,roster_continuity,-4.2,-3.6,-0.5,1715,1,-3.012412177985949,-2.441334894613583,-0.5710772833723653,3416,2,1708,1.1875878220140512,1.158665105386417,-0.0710772833723653,complete
bismack_biyombo_2024_SAS,Bismack Biyombo,2024-25,3,new_team,team_change,-2.0876876876876875,-4.065105105105105,1.9774174174174173,1665,2,-3.6,-3.6,0,528,1,528,-1.5123123123123126,0.46510510510510494,-1.9774174174174173,complete
blake_wesley_2024_SAS,Blake Wesley,2024-25,3,re_signed_standard,roster_continuity,-6.4248543689320385,-5.6887378640776705,-0.7227184466019418,1545,2,-4.2,-3.9,-0.3,683,1,683,2.2248543689320384,1.7887378640776705,0.42271844660194186,complete
bobby_portis_2024_MIL,Bobby Portis,2024-25,3,re_signed_standard,roster_continuity,-0.08724516466283329,0.5702038682697333,-0.7049660219550444,3826,2,0.08690185120502969,1.1089416695773664,-1.078588892769822,2863,2,1431.5,0.17414701586786296,0.538737801307633,-0.3736228708147775,complete
bogdan_bogdanovic_2024_LAC,Bogdan Bogdanovic,2024-25,3,new_team,team_change,0.3157329240214889,0.9771552826809926,-0.7,3909,2,-2,-1.8,-0.2,1348,1,1348,-2.315732924021489,-2.777155282680993,0.49999999999999994,complete
bol_bol_2024_PHX,Bol Bol,2024-25,3,re_signed_standard,roster_continuity,-0.9,-1.8,0.9,1505,1,NA,NA,NA,NA,NA,NA,NA,NA,NA,missing_data
bones_hyland_2024_MIN,Bones Hyland,2024-25,3,new_team,team_change,-1.7304615384615385,-0.6633846153846154,-1.067076923076923,1625,2,1.7,1.2,0.5,1177,1,1177,3.4304615384615387,1.8633846153846152,1.567076923076923,complete
bradley_beal_2024_PHX,Bradley Beal,2024-25,3,re_signed_standard,roster_continuity,1.0808720930232558,1.8726744186046511,-0.8918023255813954,3440,2,-1.1,-0.1,-1,1702,1,1702,-2.1808720930232557,-1.9726744186046512,-0.10819767441860462,complete
brandin_podziemski_2024_GSW,Brandin Podziemski,2024-25,3,re_signed_standard,roster_continuity,-0.1,-0.5,0.4,1968,1,0.4119041738700913,0.13047666090392687,0.28142751296616453,4049,2,2024.5,0.5119041738700914,0.6304766609039268,-0.1185724870338355,complete
brandon_boston_2024_NOP,Brandon Boston,2024-25,3,new_team,team_change,NA,NA,NA,NA,NA,-2.5,-2.3,-0.2,993,1,993,NA,NA,NA,missing_data
brandon_ingram_2024_TOR,Brandon Ingram,2024-25,3,new_team,team_change,1.4112057127162867,1.7379291403460588,-0.3422411425432573,3641,2,0.35120350109409193,1.074398249452954,-0.7231947483588621,3199,2,1599.5,-1.0600022116221948,-0.6635308908931048,-0.3809536058156048,complete
brandon_miller_2024_CHA,Brandon Miller,2024-25,3,re_signed_standard,roster_continuity,-2.6,-0.9000000000000001,-1.6,2383,1,1.0887966804979254,1.412448132780083,-0.3236514522821577,2892,2,1446,3.6887966804979255,2.312448132780083,1.2763485477178425,complete
braxton_key_2024_GSW,Braxton Key,2024-25,3,new_team,team_change,NA,NA,NA,NA,NA,NA,NA,NA,NA,NA,NA,NA,NA,NA,missing_data
brice_sensabaugh_2024_UTA,Brice Sensabaugh,2024-25,3,re_signed_standard,roster_continuity,-5.5,-3.3,-2.1,584,1,-1.9723231058234187,0.4,-2.372323105823419,3194,2,1597,3.5276768941765813,3.6999999999999997,-0.272323105823419,complete
brook_lopez_2024_MIL,Brook Lopez,2024-25,3,re_signed_standard,roster_continuity,1.54563127090301,0.49761705685618735,1.048014214046823,4784,2,0.13520688830423347,-0.2647931116957665,0.4,4181,2,2090.5,-1.4104243825987766,-0.7624101685519539,-0.6480142140468229,complete
bruce_brown_2024_NOP,Bruce Brown,2024-25,3,new_team,team_change,-1.7602026049204051,-1.6850940665701881,-0.12011577424023155,4146,2,-2.8420547945205477,-2.721027397260274,-0.12102739726027395,2920,2,1460,-1.0818521896001425,-1.0359333306900858,-9.116230200423986e-4,complete
bruno_fernando_2024_TOR,Bruno Fernando,2024-25,3,new_team,team_change,-2.3,-3.1000000000000005,0.9000000000000001,682,1,NA,NA,NA,NA,NA,NA,NA,NA,NA,missing_data
bryce_mcgowens_2024_POR,Bryce McGowens,2024-25,3,new_team,team_change,-5.418693828639904,-4.124385859796285,-1.2414619532654283,1669,2,-2.8,-2,-0.9,880,1,880,2.6186938286399037,2.124385859796285,0.3414619532654283,complete
buddy_hield_2024_GSW,Buddy Hield,2024-25,3,new_team,team_change,1.2020249892287806,1.8020249892287807,-0.6,4642,2,-1,-0.7610738255033557,-0.23892617449664427,2682,2,1341,-2.2020249892287804,-2.5630988147321365,0.3610738255033557,complete
cade_cunningham_2024_DET,Cade Cunningham,2024-25,3,re_signed_standard,roster_continuity,0.3,2,-1.6,2074,1,5.027335640138409,4.269723183391004,0.7576124567474048,4624,2,2312,4.727335640138409,2.2697231833910037,2.357612456747405,complete
caleb_houstan_2024_ORL,Caleb Houstan,2024-25,3,re_signed_standard,roster_continuity,-2.9480639213275968,-2.2484326982175786,-0.6996312231100186,1627,2,-2.2,-2.4,0.20000000000000004,788,1,788,0.7480639213275966,-0.15156730178242128,0.8996312231100186,complete
caleb_martin_2024_DAL,Caleb Martin,2024-25,3,new_team,team_change,-1.5665014349073831,-1.9832507174536917,0.3625619619097313,3833,2,-2.787270973963356,-3.3540019286403084,0.5841851494696239,2074,2,1037,-1.220769539055973,-1.3707512111866167,0.22162318755989258,complete
cam_reddish_2024_LAL,Cam Reddish,2024-25,3,re_signed_standard,roster_continuity,-3.3003039513677814,-3.297872340425532,-0.0024316109422492173,1974,2,-2.7,-4.4,1.6,589,1,589,0.6003039513677813,-1.1021276595744682,1.6024316109422494,complete
cam_thomas_2024_BKN,Cam Thomas,2024-25,3,re_signed_standard,roster_continuity,-1.670393648693351,0.26096592788620576,-1.9313595765795568,3023,2,-2.61546329723225,0.6796630565583632,-3.289109506618532,1662,2,831,-0.945069648538899,0.41869712867215747,-1.357749930038975,complete
cam_whitmore_2024_HOU,Cam Whitmore,2024-25,3,re_signed_standard,roster_continuity,0.1,1,-0.9,880,1,0.3,0.7,-0.4,827,1,827,0.19999999999999998,-0.30000000000000004,0.5,complete
cameron_johnson_2024_BKN,Cameron Johnson,2024-25,3,re_signed_standard,roster_continuity,1.3427448177269479,1.371372408863474,-0.028627591136526097,2798,2,1.3321148825065274,1.9710182767624023,-0.6389033942558747,3447,2,1723.5,-0.010629935220420439,0.5996458678989283,-0.6102758031193486,complete
cameron_payne_2024_NYK,Cameron Payne,2024-25,3,new_team,team_change,-1.142605633802817,-0.5,-0.6426056338028169,2272,2,-0.2,-0.1,-0.2,1090,1,1090,0.942605633802817,0.4,0.44260563380281687,complete
caris_levert_2024_ATL,Caris LeVert,2024-25,3,new_team,team_change,-0.013301549463647202,-0.8133015494636472,0.8,4195,2,0.3544727272727273,-0.2910545454545455,0.687490909090909,2750,2,1375,0.3677742767363745,0.5222470040091016,-0.112509090909091,complete
cason_wallace_2024_OKC,Cason Wallace,2024-25,3,re_signed_standard,roster_continuity,0.1,-0.9,1,1692,1,1.1043345232024477,-1.8130035696073432,2.965170831208567,3922,2,1961,1.0043345232024476,-0.9130035696073432,1.965170831208567,complete
chet_holmgren_2024_OKC,Chet Holmgren,2024-25,3,re_signed_standard,roster_continuity,3.3999999999999995,1.8000000000000003,1.5,2413,1,3.6507306889352815,1.8202157272094641,1.9,2874,2,1437,0.25073068893528205,0.020215727209463852,0.3999999999999999,complete
chris_boucher_2024_TOR,Chris Boucher,2024-25,3,re_signed_standard,roster_continuity,-0.6062836624775584,0.383572710951526,-0.9898563734290844,2228,2,2.3,2.8999999999999995,-0.5999999999999999,862,1,862,2.9062836624775583,2.5164272890484733,0.3898563734290845,complete
chris_duarte_2024_CHI,Chris Duarte,2024-25,3,new_team,team_change,-4.010581683168317,-3.166955445544554,-0.8436262376237623,1616,2,NA,NA,NA,NA,NA,NA,NA,NA,NA,missing_data
chris_livingston_2024_MIL,Chris Livingston,2024-25,3,re_signed_standard,roster_continuity,NA,NA,NA,NA,NA,NA,NA,NA,NA,NA,NA,NA,NA,NA,missing_data
chris_paul_2024_SAS,Chris Paul,2024-25,3,new_team,team_change,2.2151461988304093,1.0151461988304094,1.2,3420,2,0.8,0.3,0.5,2292,1,2292,-1.4151461988304093,-0.7151461988304093,-0.7,complete
christian_braun_2024_DEN,Christian Braun,2024-25,3,re_signed_standard,roster_continuity,-2.108215796897038,-2.033145275035261,-0.07507052186177714,2836,2,-0.21509572901325477,0.3879234167893962,-0.6373588610702013,4074,2,2037,1.8931200678837834,2.421068691824657,-0.5622883392084242,complete
christian_wood_2024_LAL,Christian Wood,2024-25,3,re_signed_standard,roster_continuity,0.19655172413793104,0.3965517241379309,-0.2665900383141762,2610,2,NA,NA,NA,NA,NA,NA,NA,NA,NA,missing_data
chuma_okeke_2024_CLE,Chuma Okeke,2024-25,3,new_team,team_change,-1.6,-2.4,0.8,518,1,NA,NA,NA,NA,NA,NA,NA,NA,NA,missing_data
cj_mccollum_2024_NOP,CJ McCollum,2024-25,3,re_signed_standard,roster_continuity,1.8327995008319469,2.3082778702163065,-0.5203826955074875,4808,2,-0.7919921874999999,1.310546875,-2.1025390625,4096,2,2048,-2.6247916883319466,-0.9977309952163065,-1.5821563669925125,complete
clint_capela_2024_ATL,Clint Capela,2024-25,3,re_signed_standard,roster_continuity,1.1055355660116248,1.6224743980071963,-0.569056185995018,3613,2,-0.3832540437678401,-0.5559467174119885,0.1726926736441484,2102,2,1051,-1.4887896097794648,-2.1784211154191846,0.7417488596391664,complete
coby_white_2024_CHI,Coby White,2024-25,3,re_signed_standard,roster_continuity,-0.7375189763608762,0.06217740186510514,-0.7372153545868576,4611,2,-1.0350635306839686,0.5337658826709922,-1.568829413354961,3699,2,1849.5,-0.29754455432309246,0.4715884808058871,-0.8316140587681033,complete
colby_jones_2024_WAS,Colby Jones,2024-25,3,new_team,team_change,NA,NA,NA,NA,NA,-2.8,-3.3,0.4,515,1,515,NA,NA,NA,missing_data
cole_anthony_2024_ORL,Cole Anthony,2024-25,3,re_signed_standard,roster_continuity,0.6528049866429207,-0.0011279311368359104,0.6078658355595131,3369,2,-1.3364565587734243,-1.7277115275411699,0.361328790459966,1761,2,880.5,-1.989261545416345,-1.726583596404334,-0.2465370450995471,complete
cole_swider_2024_TOR,Cole Swider,2024-25,3,new_team,team_change,NA,NA,NA,NA,NA,NA,NA,NA,NA,NA,NA,NA,NA,NA,missing_data
collin_gillespie_2024_PHX,Collin Gillespie,2024-25,3,new_team,team_change,NA,NA,NA,NA,NA,2.5,1.9000000000000001,0.6,2282,1,2282,NA,NA,NA,missing_data
collin_sexton_2024_UTA,Collin Sexton,2024-25,3,re_signed_standard,roster_continuity,0.762111801242236,2.4843167701863353,-1.7577639751552796,3220,2,-0.025622775800711737,1.4128113879003559,-1.4384341637010676,3372,2,1686,-0.7877345770429477,-1.0715053822859795,0.319329811454212,complete
corey_kispert_2024_WAS,Corey Kispert,2024-25,3,re_signed_standard,roster_continuity,-1.798125,-0.1496875,-1.6981249999999999,4160,2,-2.9751677852348997,-0.795973154362416,-2.119463087248322,2682,2,1341,-1.1770427852348997,-0.646285654362416,-0.4213380872483221,complete
cory_joseph_2024_ORL,Cory Joseph,2024-25,3,new_team,team_change,-1.5,-0.7,-0.8,1227,1,-0.8,-2.3,1.4,612,1,612,0.7,-1.5999999999999999,2.2,complete
craig_porter_2024_CLE,Craig Porter Jr.,2024-25,3,re_signed_standard,roster_continuity,0.5,-0.6,1.1,649,1,1.7220349187236605,0.0308850090307044,1.6220349187236602,1661,2,830.5,1.2220349187236605,0.6308850090307043,0.5220349187236601,complete
daishen_nix_2024_SAC,Daishen Nix,2024-25,3,new_team,team_change,-6.5,-5,-1.5,914,1,NA,NA,NA,NA,NA,NA,NA,NA,NA,missing_data
dalano_banton_2024_POR,Dalano Banton,2024-25,3,re_signed_standard,roster_continuity,-1.3,-0.7,-0.6,1047,1,-0.8,-0.6,-0.2,1120,1,1120,0.5,0.09999999999999998,0.39999999999999997,complete
dalen_terry_2024_CHI,Dalen Terry,2024-25,3,re_signed_standard,roster_continuity,-2.3,-3.4000000000000004,1.1,681,1,-3.047659297789337,-3.426788036410923,0.4149544863459038,1538,2,769,-0.7476592977893373,-0.026788036410922533,-0.6850455136540963,complete
damian_lillard_2024_MIL,Damian Lillard,2024-25,3,re_signed_standard,roster_continuity,4.3481860862142545,5.603222364489971,-1.255036278275715,4686,2,4,4.7,-0.6,2093,1,2093,-0.3481860862142545,-0.9032223644899711,0.655036278275715,complete
dangelo_russell_2024_BKN,D'Angelo Russell,2024-25,3,new_team,team_change,1.1887218045112782,1.8924812030075189,-0.7518796992481203,4788,2,-0.4,0,-0.4,1480,1,1480,-1.588721804511278,-1.8924812030075189,0.35187969924812024,complete
daniel_gafford_2024_DAL,Daniel Gafford,2024-25,3,re_signed_standard,roster_continuity,1.8493711611582333,0.5592570927171687,1.2901140684410646,3419,2,2.269847170590665,1.1204874019000415,1.1493597686906238,2421,2,1210.5,0.4204760094324318,0.5612303091828728,-0.14075429975044074,complete
daniel_theis_2024_NOP,Daniel Theis,2024-25,3,new_team,team_change,-1.6,-1.7,0.1,1015,1,-3.2999999999999994,-3.2999999999999994,0,621,1,621,-1.6999999999999993,-1.5999999999999994,-0.1,complete
dante_exum_2024_DAL,Dante Exum,2024-25,3,re_signed_standard,roster_continuity,-0.6,-0.3,-0.3,1088,1,NA,NA,NA,NA,NA,NA,NA,NA,NA,missing_data
daquan_jeffries_2024_CHA,DaQuan Jeffries,2024-25,3,new_team,team_change,NA,NA,NA,NA,NA,-4.7,-4,-0.7,1071,1,1071,NA,NA,NA,missing_data
dario_saric_2024_DEN,Dario Saric,2024-25,3,new_team,team_change,-0.015966386554621778,-0.28897058823529415,0.2730042016806723,1904,2,NA,NA,NA,NA,NA,NA,NA,NA,NA,missing_data
darius_garland_2024_CLE,Darius Garland,2024-25,3,re_signed_standard,roster_continuity,0.913477460901564,1.88836246550138,-0.9186062557497698,4348,2,1.88320987654321,3.2731687242798357,-1.3899588477366254,3645,2,1822.5,0.9697324156416459,1.3848062587784558,-0.47135259198685553,complete
david_roddy_2024_HOU,David Roddy,2024-25,3,new_team,team_change,-4.43170431211499,-3.586694045174538,-0.8450102669404517,2435,2,NA,NA,NA,NA,NA,NA,NA,NA,NA,missing_data
davion_mitchell_2024_MIA,Davion Mitchell,2024-25,3,new_team,team_change,-3.0592621664050235,-2.4,-0.6592621664050237,2548,2,-1.7556990315371244,-2.055028557238639,0.2993295257015148,4027,2,2013.5,1.303563134867899,0.34497144276136105,0.9585916921065385,complete
dayron_sharpe_2024_BKN,Day'Ron Sharpe,2024-25,3,re_signed_standard,roster_continuity,-0.8619144602851323,-0.924643584521385,0.02525458248472508,1473,2,1.1804642166344292,0.22437137330754353,0.9560928433268859,2068,2,1034,2.0423786769195615,1.1490149578289284,0.9308382608421608,complete
deaaron_fox_2024_SAS,De'Aaron Fox,2024-25,3,new_team,team_change,2.604397330192383,2.9824106792304677,-0.378013349038084,5094,2,1.2979874776386404,1.3997763864042934,-0.20178890876565297,4472,2,2236,-1.3064098525537424,-1.5826342928261743,0.176224440272431,complete
dean_wade_2024_CLE,Dean Wade,2024-25,3,re_signed_standard,roster_continuity,-0.2565782891445722,-2.2348674337168584,1.9337168584292146,1999,2,0.24871595330739302,-0.897431906614786,1.097431906614786,2570,2,1285,0.5052942424519652,1.3374355271020724,-0.8362849518144286,complete
deandre_ayton_2024_POR,Deandre Ayton,2024-25,3,re_signed_standard,roster_continuity,0.6197172034564021,0.7131448023042681,-0.09342759884786593,3819,2,-0.8237673830594184,-0.11434892541087231,-0.7094184576485462,3164,2,1582,-1.4434845865158206,-0.8274937277151404,-0.6159908588006803,complete
deandre_hunter_2024_CLE,De'Andre Hunter,2024-25,3,new_team,team_change,-2.9026004728132384,-1.4584449697924873,-1.4441555030207511,3807,2,-1.3341563786008228,-0.29218106995884774,-1.0823045267489713,2916,2,1458,1.5684440942124156,1.1662638998336394,0.36185097627177987,complete
deandre_jordan_2024_DEN,DeAndre Jordan,2024-25,3,re_signed_standard,roster_continuity,-1.7999999999999998,-2.4,0.7,586,1,-1.2,-1.4,0.2,691,1,691,0.5999999999999999,1,-0.49999999999999994,complete
deanthony_melton_2024_GSW,De'Anthony Melton,2024-25,3,new_team,team_change,0.7710368736211787,-0.7,1.4710368736211787,3173,2,-2.5,-2.6,0.1,1125,1,1125,-3.2710368736211786,-1.9000000000000001,-1.3710368736211787,complete
dejounte_murray_2024_NOP,Dejounte Murray,2024-25,3,new_team,team_change,1.3557523739956172,1.7098612125639154,-0.3049306062819576,5476,2,-1.6,-1.3,-0.3,1012,1,1012,-2.955752373995617,-3.0098612125639157,0.004930606281957628,complete
delon_wright_2024_NYK,Delon Wright,2024-25,3,new_team,team_change,2.26602139582272,-0.5071828833418237,2.8732042791645442,1963,2,-1.4,-2.8,1.4,635,1,635,-3.66602139582272,-2.292817116658176,-1.4732042791645443,complete
demar_derozan_2024_SAC,DeMar DeRozan,2024-25,3,new_team,team_change,1.8945864926820668,1.9108270146358666,-0.01624052195380002,5671,2,-0.10000000000000002,1.0604947816003092,-1.1069965210668729,5174,2,2587,-1.994586492682067,-0.8503322330355574,-1.0907559991130729,complete
deni_avdija_2024_POR,Deni Avdija,2024-25,3,new_team,team_change,-1.5612111292962356,-1.6918166939443535,0.13060556464811782,4277,2,3.2095871559633027,2.6095871559633026,0.6,4360,2,2180,4.770798285259538,4.301403849907656,0.4693944353518822,complete
dennis_schroder_2024_DET,Dennis Schroder,2024-25,3,new_team,team_change,-2.28850626118068,-1.343783542039356,-0.9447227191413239,4472,2,-2.1999999999999997,-1.121462388216728,-1.0785376117832721,3802,2,1901,0.08850626118068039,0.22232115382262796,-0.13381489264194824,complete
dennis_smith_2024_BKN,Dennis Smith Jr.,2024-25,3,re_signed_standard,roster_continuity,-1.5946100449162928,-3.1108207431604735,1.4594528378930174,2449,2,NA,NA,NA,NA,NA,NA,NA,NA,NA,missing_data
dereck_lively_2024_DAL,Dereck Lively II,2024-25,3,re_signed_standard,roster_continuity,0.5,-0.3,0.8,1294,1,3.2999999999999994,1.1,2.2,833,1,833,2.7999999999999994,1.4000000000000001,1.4000000000000001,complete
derrick_jones_2024_LAC,Derrick Jones Jr.,2024-25,3,new_team,team_change,-1.1329222720478325,-1.266629297458894,0.06707772795216746,2676,2,-0.46754576481538934,-0.8324542351846106,0.3649084703692212,3223,2,1611.5,0.6653765072324431,0.4341750622742834,0.29783074241705376,complete
derrick_white_2024_BOS,Derrick White,2024-25,3,re_signed_standard,roster_continuity,3.109234042553191,1.7585744680851063,1.3506595744680852,4700,2,3.3485285631852277,2.4475476053087135,0.9009809578765149,5199,2,2599.5,0.2392945206320367,0.6889731372236072,-0.44967861659157027,complete
desmond_bane_2024_MEM,Desmond Bane,2024-25,3,re_signed_standard,roster_continuity,3.19241778319123,3.2121193666260655,-0.07576126674786844,3284,2,2.2000403144527314,2.044466841362629,0.1555734730901028,4961,2,2480.5,-0.9923774687384985,-1.1676525252634367,0.23133473983797126,complete
devin_booker_2024_PHX,Devin Booker,2024-25,3,re_signed_standard,roster_continuity,3.514245679588977,4.214269033162074,-0.7000233535730966,4282,2,1.181785063752277,2.973730014167173,-1.7919449504148959,4941,2,2470.5,-2.3324606158367,-1.2405390189949008,-1.0919215968417992,complete
devin_vassell_2024_SAS,Devin Vassell,2024-25,3,re_signed_standard,roster_continuity,0.13753648569760654,1.0375364856976066,-0.9,3426,2,-0.28788179786441526,-0.0969704494661038,-0.24166873603178549,4027,2,2013.5,-0.4254182835620218,-1.1345069351637105,0.6583312639682145,complete
dillon_brooks_2024_HOU,Dillon Brooks,2024-25,3,re_signed_standard,roster_continuity,-3.7495609097050213,-3.3498536365683402,-0.3997072731366809,4441,2,-1.774523227383863,-1.2335452322738385,-0.5409779951100244,4090,2,2045,1.9750376823211584,2.116308404294502,-0.1412707219733435,complete
domantas_sabonis_2024_SAC,Domantas Sabonis,2024-25,3,re_signed_standard,roster_continuity,6.161864406779662,4.0483050847457624,2.110169491525424,5664,2,4.333177413965921,3.5404610758436355,0.8550283995990644,2993,2,1496.5,-1.8286869928137408,-0.507844008902127,-1.2551410919263595,complete
dominick_barlow_2024_ATL,Dominick Barlow,2024-25,3,new_team,team_change,NA,NA,NA,NA,NA,-1.1,-1.5,0.4,1689,1,1689,NA,NA,NA,missing_data
donovan_mitchell_2024_CLE,Donovan Mitchell,2024-25,3,re_signed_standard,roster_continuity,6.078006401463192,5.156012802926383,0.8663923182441702,4374,2,4.416834280717096,4.516834280717097,-0.2,4574,2,2287,-1.6611721207460954,-0.6391785222092858,-1.0663923182441701,complete
donte_divincenzo_2024_MIN,Donte DiVincenzo,2024-25,3,new_team,team_change,2.197884344146685,1.1197931358721205,1.0780912082745653,4254,2,1.2308780487804876,0.31336585365853664,0.8566829268292683,4100,2,2050,-0.9670062953661975,-0.8064272822135838,-0.221408281445297,complete
dorian_finney-smith_2024_LAL,Dorian Finney-Smith,2024-25,3,new_team,team_change,-2,-1.847146842505706,-0.20190210499619576,3943,2,-1.8392124692370795,-1.9137817883511075,0.04913863822805579,2438,2,1219,0.16078753076292052,-0.06663494584540142,0.2510407432242516,complete
doug_mcdermott_2024_SAC,Doug McDermott,2024-25,3,new_team,team_change,-3.2815148782687102,-1.0260595130748422,-2.2554553651938685,2218,2,NA,NA,NA,NA,NA,NA,NA,NA,NA,missing_data
draymond_green_2024_GSW,Draymond Green,2024-25,3,re_signed_standard,roster_continuity,1.4295220491153948,-1.327858463163454,2.757380512278849,3787,2,-0.4218847352024922,-2.348520249221184,1.9266355140186915,3852,2,1926,-1.851406784317887,-1.0206617860577298,-0.8307449982601576,complete
drew_eubanks_2024_LAC,Drew Eubanks,2024-25,3,new_team,team_change,-0.45201598256447506,-1.3670904467853253,0.8575372321104251,2753,2,-1.975808936825886,-1.9654853620955315,0.04714946070878273,1298,2,649,-1.523792954261411,-0.5983949153102062,-0.8103877714016423,complete
duncan_robinson_2024_MIA,Duncan Robinson,2024-25,3,re_signed_standard,roster_continuity,-1.9913328197226503,-1.2985362095531587,-0.6927966101694916,2596,2,-0.34516542703257236,0.1129007437804566,-0.558066170813029,3899,2,1949.5,1.646167392690078,1.4114369533336153,0.13473043935646256,complete
duop_reath_2024_POR,Duop Reath,2024-25,3,re_signed_standard,roster_continuity,-0.9000000000000001,-0.2,-0.7,1214,1,NA,NA,NA,NA,NA,NA,NA,NA,NA,missing_data
dwight_powell_2024_DAL,Dwight Powell,2024-25,3,re_signed_standard,roster_continuity,-0.8720139494333042,-1.1635571054925893,0.2915431560592851,2294,2,-0.869828178694158,-2.369828178694158,1.5,1455,2,727.5,0.0021857707391462755,-1.206271073201569,1.2084568439407148,complete
dyson_daniels_2024_ATL,Dyson Daniels,2024-25,3,new_team,team_change,-0.44200000000000006,-2.55125,2.10925,2400,2,1.4010017678255746,-0.8525044195639364,2.204007071302298,5091,2,2545.5,1.8430017678255748,1.6987455804360636,0.09475707130229827,complete
eric_gordon_2024_PHI,Eric Gordon,2024-25,3,new_team,team_change,-1.8018662519440125,-0.8925349922239503,-0.9583981337480559,3858,2,-1.6000000000000003,-0.8000000000000002,-0.8000000000000002,768,1,768,0.2018662519440122,0.09253499222395012,0.15839813374805578,complete
eugene_omoruyi_2024_TOR,Eugene Omoruyi,2024-25,3,new_team,team_change,-4.4,-3.5,-0.9,645,1,NA,NA,NA,NA,NA,NA,NA,NA,NA,missing_data
evan_mobley_2024_CLE,Evan Mobley,2024-25,3,re_signed_standard,roster_continuity,2.1328702613609605,0.3246526960207205,1.7442900871203202,4247,2,3.8175430323037016,2.464253713746758,1.353289318556944,4241,2,2120.5,1.6846727709427411,2.1396010177260374,-0.3910007685633763,complete
franz_wagner_2024_ORL,Franz Wagner,2024-25,3,re_signed_standard,roster_continuity,0.5142539425798626,0.6362515163768703,-0.12199757379700768,4946,2,2.899013806706114,2.6,0.26551610782380014,3042,2,1521,2.3847598641262513,1.9637484836231298,0.3875136816208078,complete
fred_vanvleet_2024_HOU,Fred VanVleet,2024-25,3,re_signed_standard,roster_continuity,2.9628472887526347,2.308564859168423,0.6542824295842116,5219,2,0.9,-0.4,1.3,2111,1,2111,-2.062847288752635,-2.708564859168423,0.6457175704157885,complete
garrett_temple_2024_TOR,Garrett Temple,2024-25,3,re_signed_standard,roster_continuity,NA,NA,NA,NA,NA,NA,NA,NA,NA,NA,NA,NA,NA,NA,missing_data
garrison_mathews_2024_ATL,Garrison Mathews,2024-25,3,re_signed_standard,roster_continuity,-2.7547079856972583,-2.0591179976162097,-0.6955899880810489,1678,2,-1.6,-1.1,-0.5,830,1,830,1.1547079856972582,0.9591179976162096,0.19558998808104888,complete
gary_harris_2024_ORL,Gary Harris,2024-25,3,re_signed_standard,roster_continuity,-0.9613865376864167,-1.87049576783555,0.9091092301491334,2481,2,-2.6036443148688044,-3.562755102040817,0.9591107871720116,1372,2,686,-1.6422577771823876,-1.6922593342052668,0.05000155702287823,complete
gary_payton_2024_GSW,Gary Payton II,2024-25,3,re_signed_standard,roster_continuity,0.9,-1.3,2.2,680,1,1.6759787336877716,0.16234896085065248,1.6136297728371196,2069,2,1034.5,0.7759787336877716,1.4623489608506526,-0.5863702271628806,complete
gary_trent_2024_MIL,Gary Trent Jr.,2024-25,3,new_team,team_change,-1.1577821011673153,-0.47889105058365755,-0.6788910505836576,4112,2,-3.200183486238532,-2.0422018348623854,-1.157981651376147,3270,2,1635,-2.0424013850712166,-1.5633107842787277,-0.47909060079248933,complete
georges_niang_2024_ATL,Georges Niang,2024-25,3,new_team,team_change,-2.221567454382291,-1.550194436135208,-0.6713730182470835,3343,2,-2.3,-1.1,-1.2,1697,1,1697,-0.07843254561770863,0.45019443613520793,-0.5286269817529164,complete
gg_jackson_2024_MEM,GG Jackson,2024-25,3,re_signed_standard,roster_continuity,-2,-0.2,-1.8,1233,1,-1.2,0,-1.2,1178,1,1178,0.8,0.2,0.6000000000000001,complete
giannis_antetokounmpo_2024_MIL,Giannis Antetokounmpo,2024-25,3,re_signed_standard,roster_continuity,8.779568721411458,6.303223698540623,2.5322587671531256,4591,2,9.5,7.149759615384616,2.2814603365384616,3328,2,1664,0.7204312785885421,0.846535916843993,-0.250798430614664,complete
goga_bitadze_2024_ORL,Goga Bitadze,2024-25,3,re_signed_standard,roster_continuity,2.1,-0.7,2.8,957,1,2.6213988343047463,0.14512905911740218,2.476269775187344,2402,2,1201,0.5213988343047462,0.8451290591174021,-0.3237302248126559,complete
gradey_dick_2024_TOR,Gradey Dick,2024-25,3,re_signed_standard,roster_continuity,-5.4,-3.2,-2.2,1268,1,-3.360813865862849,-2.4226450640542576,-0.9381688018085909,2654,2,1327,2.0391861341371516,0.7773549359457426,1.2618311981914094,complete
grant_williams_2024_CHA,Grant Williams,2024-25,3,re_signed_standard,roster_continuity,-1.8652694610778444,-1.8510179640718563,-0.014251497005988024,4175,2,1.6,0.6,1,711,1,711,3.4652694610778445,2.4510179640718563,1.014251497005988,complete
grayson_allen_2024_PHX,Grayson Allen,2024-25,3,re_signed_standard,roster_continuity,0.7723745819397994,0.3525306577480491,0.36381270903010027,4485,2,0.8693125207572237,1.2846562603786116,-0.4153437396213882,3011,2,1505.5,0.0969379388174243,0.9321256026305624,-0.7791564486514885,complete
gui_santos_2024_GSW,Gui Santos,2024-25,3,re_signed_standard,roster_continuity,NA,NA,NA,NA,NA,-0.9885952712100138,-1.359248956884562,0.370653685674548,2157,2,1078.5,NA,NA,NA,missing_data
harrison_barnes_2024_SAS,Harrison Barnes,2024-25,3,new_team,team_change,-1.37771167955582,-0.01935355938925241,-1.3583581201665675,5043,2,-0.04710626185958255,0.8049810246679318,-0.8520872865275142,4216,2,2108,1.3306054176962374,0.8243345840571842,0.5062708336390533,complete
haywood_highsmith_2024_MIA,Haywood Highsmith,2024-25,3,re_signed_standard,roster_continuity,-1.6959743040685225,-2.5884796573875803,0.9340042826552463,2335,2,-1.9,-2.7,0.9,1818,1,1818,-0.20402569593147746,-0.11152034261241983,-0.03400428265524624,complete
herbert_jones_2024_NOP,Herbert Jones,2024-25,3,re_signed_standard,roster_continuity,0.1889747191011236,-1.356694756554307,1.5913389513108613,4272,2,-3.244901610017889,-3.7579606440071553,0.4840787119856887,2236,2,1118,-3.4338763291190126,-2.4012658874528485,-1.1072602393251727,complete
hunter_tyson_2024_DEN,Hunter Tyson,2024-25,3,re_signed_standard,roster_continuity,NA,NA,NA,NA,NA,NA,NA,NA,NA,NA,NA,NA,NA,NA,missing_data
immanuel_quickley_2024_TOR,Immanuel Quickley,2024-25,3,re_signed_standard,roster_continuity,1.5165858165858164,1.7126819126819128,-0.1960960960960961,4329,2,2.341695776436964,2.278977453159733,0.1335662114957129,3149,2,1574.5,0.8251099598511478,0.5662955404778203,0.32966230759180903,complete
isaac_okoro_2024_CLE,Isaac Okoro,2024-25,3,re_signed_standard,roster_continuity,-0.7265611754732976,-1.8466798530658377,1.1201186775925405,3539,2,-2.535480349344978,-2.271943231441048,-0.26353711790393014,2748,2,1374,-1.8089191738716806,-0.4252633783752102,-1.3836557954964706,complete
isaiah_hartenstein_2024_OKC,Isaiah Hartenstein,2024-25,3,new_team,team_change,1.7456558773424191,-0.3156729131175469,2.0613287904599655,3522,2,3.6169416941694177,0.7667766776677668,2.85016501650165,2727,2,1363.5,1.8712858168269986,1.0824495907853138,0.7888362260416844,complete
isaiah_jackson_2024_IND,Isaiah Jackson,2024-25,3,re_signed_standard,roster_continuity,0.2631549917264203,-0.8494760066188637,1.112630998345284,1813,2,-1.2,-1.8999999999999997,0.8000000000000002,908,1,908,-1.4631549917264204,-1.0505239933811361,-0.31263099834528385,complete
isaiah_joe_2024_OKC,Isaiah Joe,2024-25,3,re_signed_standard,roster_continuity,0.9,1.1982394366197182,-0.34911971830985916,2840,2,1.8812921890067504,1.6906460945033752,0.19064609450337514,3111,2,1555.5,0.9812921890067504,0.492406657883657,0.5397658128132343,complete
isaiah_stewart_2024_DET,Isaiah Stewart,2024-25,3,re_signed_standard,roster_continuity,-2.200317236517448,-1.3009517095523442,-0.899365526965104,2837,2,0.31275899672846236,-1.3606324972737187,1.6212649945474373,2751,2,1375.5,2.5130762332459105,-0.05968078772137453,2.5206305215125413,complete
ivica_zubac_2024_LAC,Ivica Zubac,2024-25,3,re_signed_standard,roster_continuity,-0.13062563067608476,-0.24011099899091826,0.1094853683148335,3964,2,1.8920393120393122,1.7315479115479115,0.19601965601965607,4070,2,2035,2.022664942715397,1.9716589105388298,0.08653428770482256,complete
jabari_smith_2024_HOU,Jabari Smith Jr.,2024-25,3,re_signed_standard,roster_continuity,-2.0591384615384616,-1.4049846153846153,-0.6038769230769231,4875,2,-0.7,-0.6164442433838498,-0.08355575661615018,4421,2,2210.5,1.3591384615384616,0.7885403720007654,0.5203211664607729,complete
jabari_walker_2024_POR,Jabari Walker,2024-25,3,re_signed_standard,roster_continuity,-4.047391116860716,-2.800388098318241,-1.2203104786545926,2319,2,-1.7581733951025813,-1.6538716082064857,-0.054731965585704825,1511,2,755.5,2.289217721758135,1.1465164901117553,1.1655785130688878,complete
jaden_hardy_2024_DAL,Jaden Hardy,2024-25,3,re_signed_standard,roster_continuity,-3.3490276959340006,-1.3324690630524454,-2.016558632881556,1697,2,-4.7497506925207755,-2.1532409972299167,-2.596509695290859,1805,2,902.5,-1.400722996586775,-0.8207719341774713,-0.5799510624093029,complete
jaden_ivey_2024_DET,Jaden Ivey,2024-25,3,re_signed_standard,roster_continuity,-3.2019243530192436,-1.4,-1.8019243530192435,4521,2,0,0.3727040816326531,-0.3727040816326531,1568,2,784,3.2019243530192436,1.7727040816326531,1.4292202713865905,complete
jaden_mcdaniels_2024_MIN,Jaden McDaniels,2024-25,3,re_signed_standard,roster_continuity,-1.8518469365184695,-2.4449679274496794,0.59312099093121,4521,2,-0.14093306288032453,-1.1651115618661259,1.0241784989858012,4930,2,2465,1.710913873638145,1.2798563655835535,0.4310575080545912,complete
jaden_springer_2024_UTA,Jaden Springer,2024-25,3,new_team,team_change,-3.4,-4.9,1.5,507,1,NA,NA,NA,NA,NA,NA,NA,NA,NA,missing_data
jae_crowder_2024_SAC,Jae Crowder,2024-25,3,new_team,team_change,-2.6,-2.6,0,1156,1,NA,NA,NA,NA,NA,NA,NA,NA,NA,missing_data
jaesean_tate_2024_HOU,Jae'Sean Tate,2024-25,3,re_signed_standard,roster_continuity,-2.775644028103044,-3.3432669789227165,0.6279859484777517,1708,2,-0.7,-2.1,1.4,588,1,588,2.075644028103044,1.2432669789227164,0.7720140515222482,complete
jaime_jaquez_2024_MIA,Jaime Jaquez Jr.,2024-25,3,re_signed_standard,roster_continuity,-1.9,-2.2,0.3,2113,1,-0.29208942390369735,-0.36655202063628545,0.1352536543422184,3489,2,1744.5,1.6079105760963026,1.8334479793637146,-0.1647463456577816,complete
jake_laravia_2024_SAC,Jake LaRavia,2024-25,3,new_team,team_change,-2.5,-1.4,-1,806,1,-0.6461583577712608,-1.2835190615835779,0.7373607038123168,3410,2,1705,1.8538416422287392,0.11648093841642204,1.7373607038123167,complete
jakob_poeltl_2024_TOR,Jakob Poeltl,2024-25,3,re_signed_standard,roster_continuity,1.4092093023255814,0.5274108527131784,0.8817984496124032,3225,2,1.8378835978835977,0.49735449735449727,1.3405291005291005,2835,2,1417.5,0.4286742955580163,-0.030056355358681175,0.4587306509166973,complete
jalen_brunson_2024_NYK,Jalen Brunson,2024-25,3,re_signed_standard,roster_continuity,4.914573947110676,5.414573947110676,-0.4466013712047013,5105,2,3.1940911878961358,4.329319157636475,-1.0881823757922715,4891,2,2445.5,-1.7204827592145402,-1.0852547894742006,-0.6415810045875703,complete
jalen_duren_2024_DET,Jalen Duren,2024-25,3,re_signed_standard,roster_continuity,-0.43913548012764725,-0.2968958514650421,-0.14223962866260514,3447,2,4.036259351620948,2.979750623441397,1.0072319201995013,4010,2,2005,4.475394831748595,3.276646474906439,1.1494715488621063,complete
jalen_green_2024_HOU,Jalen Green,2024-25,3,re_signed_standard,roster_continuity,-1.3001537574476263,0.45000960984047667,-1.7501633672881032,5203,2,0.12417021276595742,0.7946382978723405,-0.5939574468085106,3525,2,1762.5,1.4243239702135837,0.34462868803186386,1.1562059204795925,complete
jalen_hood-schifino_2024_PHI,Jalen Hood-Schifino,2024-25,3,new_team,team_change,NA,NA,NA,NA,NA,NA,NA,NA,NA,NA,NA,NA,NA,NA,missing_data
jalen_johnson_2024_ATL,Jalen Johnson,2024-25,3,re_signed_standard,roster_continuity,0.8800409416581371,-0.16881610371886724,1.0488570453770043,2931,2,3.392452830188679,2.0261006289308177,1.4,3816,2,1908,2.512411888530542,2.194916732649685,0.3511429546229956,complete
jalen_mcdaniels_2024_WAS,Jalen McDaniels,2024-25,3,new_team,team_change,-3.614565483476132,-3.687760097919217,0.07319461444308445,2451,2,NA,NA,NA,NA,NA,NA,NA,NA,NA,missing_data
jalen_pickett_2024_DEN,Jalen Pickett,2024-25,3,re_signed_standard,roster_continuity,NA,NA,NA,NA,NA,-1.9382892057026475,-0.9643584521384929,-0.9191446028513239,1473,2,736.5,NA,NA,NA,missing_data
jalen_smith_2024_CHI,Jalen Smith,2024-25,3,new_team,team_change,-0.07441960447119535,0.9455288048151334,-0.9649613069647464,2326,2,0.04827418570734082,0.8079727758872144,-0.7596985901798735,2057,2,1028.5,0.12269379017853617,-0.13755602892791896,0.20526271678487285,complete
jalen_suggs_2024_ORL,Jalen Suggs,2024-25,3,re_signed_standard,roster_continuity,0.23815346988688474,-1.0571079180678693,1.2952613879547539,3271,2,1.6831521739130435,0.11653726708074531,1.6055124223602486,2576,2,1288,1.4449987040261587,1.1736451851486147,0.31025103440549473,complete
jalen_williams_2024_OKC,Jalen Williams,2024-25,3,re_signed_standard,roster_continuity,1.2882196043565237,0.7858635252278284,0.5023560791286953,4499,2,3.4395209580838326,2.2280176489127013,1.282004412228175,3173,2,1586.5,2.151301353727309,1.442154123684873,0.7796483330994798,complete
jalen_wilson_2024_BKN,Jalen Wilson,2024-25,3,re_signed_standard,roster_continuity,-2.9,-1.8,-1.1,664,1,-4.405294117647059,-2.8972318339100345,-1.537785467128028,2890,2,1445,-1.505294117647059,-1.0972318339100344,-0.4377854671280279,complete
jamal_cain_2024_NOP,Jamal Cain,2024-25,3,new_team,team_change,NA,NA,NA,NA,NA,-3.4,-2.5,-0.8,502,1,502,NA,NA,NA,missing_data
jamal_murray_2024_DEN,Jamal Murray,2024-25,3,re_signed_standard,roster_continuity,2.604656985478217,3.4853029544316474,-0.8806459689534302,3994,2,2.526153846153846,3.7353846153846155,-1.209230769230769,5070,2,2535,-0.07850313932437114,0.25008166095296813,-0.32858480027733894,complete
james_harden_2024_LAC,James Harden,2024-25,3,re_signed_standard,roster_continuity,4.70271444082519,4.40271444082519,0.3,4605,2,4.113430265926917,4.013066768700976,0.05372106370767174,5227,2,2613.5,-0.5892841748982729,-0.38964767212421414,-0.24627893629232825,complete
james_johnson_2024_IND,James Johnson,2024-25,3,re_signed_standard,roster_continuity,NA,NA,NA,NA,NA,NA,NA,NA,NA,NA,NA,NA,NA,NA,missing_data
james_wiseman_2024_IND,James Wiseman,2024-25,3,new_team,team_change,-3.5,-2.378600612870276,-1.121399387129724,1958,2,NA,NA,NA,NA,NA,NA,NA,NA,NA,missing_data
jarace_walker_2024_IND,Jarace Walker,2024-25,3,re_signed_standard,roster_continuity,NA,NA,NA,NA,NA,-1.8329617834394905,-1.8,-0.13296178343949042,3140,2,1570,NA,NA,NA,missing_data
jared_butler_2024_PHI,Jared Butler,2024-25,3,new_team,team_change,-2.1,-1.5,-0.5,566,1,-1,0.5,-1.5,1044,1,1044,1.1,2,-1,complete
jaren_jackson_2024_MEM,Jaren Jackson Jr.,2024-25,3,re_signed_standard,roster_continuity,1.4965993352083866,0.31984147276911273,1.131066223472258,3911,2,1.1482381862878994,0.5276700355094237,0.6808522261677138,3661,2,1830.5,-0.3483611489204872,0.20782856274031097,-0.45021399730454414,complete
jarrett_allen_2024_CLE,Jarrett Allen,2024-25,3,re_signed_standard,roster_continuity,2.7142857142857144,1.719047619047619,0.9476190476190477,4662,2,3.562935779816514,2.681467889908257,0.8814678899082569,3815,2,1907.5,0.8486500655307996,0.962420270860638,-0.06615115771079083,complete
jaxson_hayes_2024_LAL,Jaxson Hayes,2024-25,3,re_signed_standard,roster_continuity,-1.6128446536650975,-2.553866845998655,0.9410221923335577,1487,2,0.48717391304347823,-0.3405217391304349,0.827695652173913,2300,2,1150,2.1000185667085756,2.21334510686822,-0.1133265401596446,complete
jay_huff_2024_MEM,Jay Huff,2024-25,3,new_team,team_change,NA,NA,NA,NA,NA,1.3399270368869072,0.13088771787596265,1.2090393190109445,2467,2,1233.5,NA,NA,NA,missing_data
jaylen_brown_2024_BOS,Jaylen Brown,2024-25,3,re_signed_standard,roster_continuity,1.0039174389216512,1.2039174389216514,-0.15065290648694185,4748,2,1.7522060421647467,2.046011736579005,-0.24070854162138666,4601,2,2300.5,0.7482886032430955,0.8420942976573536,-0.09005563513444481,complete
jaylin_williams_2024_OKC,Jaylin Williams,2024-25,3,re_signed_standard,roster_continuity,-0.31314191054665924,-1.5570403092214244,1.2438983986747651,1811,2,3.3086365841824357,0.5705967976710334,2.7619602134885977,2061,2,1030.5,3.621778494729095,2.127637106892458,1.5180618148138325,complete
jayson_tatum_2024_BOS,Jayson Tatum,2024-25,3,re_signed_supermax,supermax,5.303236005207364,4.652427003905523,0.6508090013018412,5377,2,5.133630006357279,4.151112523839797,0.9659249841068024,3146,2,1573,-0.1696059988500851,-0.5013144800657265,0.3151159828049612,complete
jeff_green_2024_HOU,Jeff Green,2024-25,3,re_signed_standard,roster_continuity,-2.6914512093411176,-1.9639699749791495,-0.6729774812343621,2398,2,NA,NA,NA,NA,NA,NA,NA,NA,NA,missing_data
jerami_grant_2024_POR,Jerami Grant,2024-25,3,re_signed_standard,roster_continuity,-0.15510304219823356,1.1102060843964672,-1.2653091265947005,4076,2,-0.7575023299161231,-0.18890959925442682,-0.6159366262814538,3219,2,1609.5,-0.6023992877178895,-1.299115683650894,0.6493725003132467,complete
jeremiah_robinson-earl_2024_NOP,Jeremiah Robinson-Earl,2024-25,3,re_signed_standard,roster_continuity,-1.5,-0.8,-0.7,814,1,-2.5,-0.9000000000000001,-1.6,1239,1,1239,-1,-0.10000000000000009,-0.9000000000000001,complete
jeremy_sochan_2024_SAS,Jeremy Sochan,2024-25,3,re_signed_standard,roster_continuity,-3.6396055875102715,-2.8,-0.839605587510271,3651,2,-1.2,-0.8,-0.4,1364,1,1364,2.439605587510272,1.9999999999999998,0.439605587510271,complete
jericho_sims_2024_MIL,Jericho Sims,2024-25,3,new_team,team_change,-1.0443808160343593,-1.5862562634216177,0.5837508947745168,1397,2,-3.067589743589744,-2.424102564102564,-0.5758974358974359,1950,2,975,-2.023208927555385,-0.8378463006809465,-1.1596483306719527,complete
jevon_carter_2024_CHI,Jevon Carter,2024-25,3,re_signed_standard,roster_continuity,-1.8130774697938876,-2.399502487562189,0.5221037668798862,2814,2,-1.1,-1.4,0.4,867,1,867,0.7130774697938875,0.999502487562189,-0.12210376687988622,complete
jimmy_butler_2024_GSW,Jimmy Butler III,2024-25,3,new_team,team_change,6.697081339712917,5.332153110047847,1.3649282296650718,4180,2,5.142213114754099,4.403688524590164,0.798155737704918,2928,2,1464,-1.5548682249588186,-0.9284645854576832,-0.5667724919601538,complete
jock_landale_2024_HOU,Jock Landale,2024-25,3,re_signed_standard,roster_continuity,-0.6619977037887486,-0.6123995407577497,-0.04959816303099887,1742,2,0.024626121635094717,0.6756729810568296,-0.6510468594217348,2006,2,1003,0.6866238254238433,1.2880725218145792,-0.601448696390736,complete
joe_ingles_2024_MIN,Joe Ingles,2024-25,3,new_team,team_change,-0.5943515589697244,-1.6528242205151378,1.0112968820605512,2213,2,NA,NA,NA,NA,NA,NA,NA,NA,NA,missing_data
joel_embiid_2024_PHI,Joel Embiid,2024-25,3,re_signed_standard,roster_continuity,10.07436682438074,7.41934316726969,2.5914556081269136,3593,2,4.447267605633803,4.647267605633803,-0.23233802816901408,1775,2,887.5,-5.627099218746936,-2.772075561635887,-2.8237936362959277,complete
john_collins_2024_UTA,John Collins,2024-25,3,re_signed_standard,roster_continuity,-1.111361944926817,-0.5039692384023815,-0.5545522202927312,4031,2,0.09184993531694696,0.5523932729624839,-0.46054333764553684,3092,2,1546,1.2032118802437641,1.0563625113648654,0.09400888264719437,complete
john_konchar_2024_MEM,John Konchar,2024-25,3,re_signed_standard,roster_continuity,0.10416197975253091,-2.207874015748031,2.3120359955005627,2667,2,1.1668260609683203,-1.0998804542737597,2.2333532576210398,1673,2,836.5,1.0626640812157895,1.1079935614742715,-0.07868273787952296,complete
johnny_davis_2024_WAS,Johnny Davis,2024-25,3,re_signed_standard,roster_continuity,-6.6,-5.5,-1.1,613,1,NA,NA,NA,NA,NA,NA,NA,NA,NA,missing_data
jonas_valanciunas_2024_SAC,Jonas Valanciunas,2024-25,3,new_team,team_change,0.39116362702286156,0.3461340868225019,0.04502954020035961,3893,2,0.3817954070981211,0.6908977035490605,-0.2454697286012526,2395,2,1197.5,-0.009368219924740462,0.34476361672655864,-0.2904992688016122,complete
jonathan_isaac_2024_ORL,Jonathan Isaac,2024-25,3,re_signed_standard,roster_continuity,3.8,1.4,2.4,914,1,-0.04382371198013658,-1.6821229050279327,1.6382991930477966,1611,2,805.5,-3.8438237119801366,-3.0821229050279326,-0.7617008069522033,complete
jonathan_kuminga_2024_GSW,Jonathan Kuminga,2024-25,3,re_signed_standard,roster_continuity,-0.942087944959617,-0.7088842357164223,-0.27490278193239603,3343,2,-1.1886524822695035,-0.9204660587639311,-0.2681864235055724,1974,2,987,-0.24656453730988648,-0.21158182304750872,0.00671635842682361,complete
jordan_clarkson_2024_UTA,Jordan Clarkson,2024-25,3,re_signed_standard,roster_continuity,-2.8207629427792917,-0.054114441416893706,-2.766648501362398,3670,2,-2.527309236947791,-0.82681838464971,-1.7004908522980813,2241,2,1120.5,0.29345370583150077,-0.7727039432328163,1.0661576490643165,complete
jordan_goodwin_2024_LAL,Jordan Goodwin,2024-25,3,new_team,team_change,-0.1299398426654327,-1.0905599259602035,0.9606200832947708,2161,2,1.132482269503546,-0.21347517730496457,1.3202836879432625,2115,2,1057.5,1.2624221121689787,0.8770847486552389,0.3596636046484917,complete
jordan_hawkins_2024_NOP,Jordan Hawkins,2024-25,3,re_signed_standard,roster_continuity,-3.1,-1.3,-1.7,1160,1,-5.675012419274715,-2.6750124192747142,-3,2013,2,1006.5,-2.575012419274715,-1.3750124192747142,-1.3,complete
jordan_mclaughlin_2024_SAS,Jordan McLaughlin,2024-25,3,new_team,team_change,1.6523006134969327,-0.003834355828220859,1.7041411042944783,1304,2,NA,NA,NA,NA,NA,NA,NA,NA,NA,missing_data
jordan_poole_2024_WAS,Jordan Poole,2024-25,3,re_signed_standard,roster_continuity,-2.876686094920899,-1.0278517901748543,-1.8488343047460447,4804,2,-0.8401840490797545,1.0460122699386503,-1.91799591002045,2934,2,1467,2.0365020458411447,2.0738640601135048,-0.06916160527440529,complete
jose_alvarado_2024_NOP,Jose Alvarado,2024-25,3,re_signed_standard,roster_continuity,-0.71633875106929,-1.7801539777587683,1.051753635585971,2338,2,-1.199707602339181,-0.9505116959064327,-0.24919590643274853,2736,2,1368,-0.48336885126989104,0.8296422818523356,-1.3009495420187194,complete
josh_giddey_2024_CHI,Josh Giddey,2024-25,3,new_team,team_change,1.3378026496116948,1.270328917313842,0.021539515760621304,4378,2,2.8650467775467776,2.0799376299376298,0.7851091476091477,3848,2,1924,1.5272441279350828,0.8096087126237879,0.7635696318485264,complete
josh_green_2024_CHA,Josh Green,2024-25,3,new_team,team_change,-2.5483245729303547,-2.1472076215505913,-0.45167542706964525,3044,2,-3.130483005366726,-3.5903756708407872,0.4598926654740609,2795,2,1397.5,-0.5821584324363713,-1.443168049290196,0.9115680925437062,complete
josh_hart_2024_NYK,Josh Hart,2024-25,3,re_signed_standard,roster_continuity,0.4279403216430924,-0.776961829102887,1.257353226118969,5161,2,2.881537517890002,1.059231241054999,1.881537517890002,4891,2,2445.5,2.453597196246909,1.8361930701578861,0.624184291771033,complete
josh_minott_2024_MIN,Josh Minott,2024-25,3,re_signed_standard,roster_continuity,NA,NA,NA,NA,NA,2.5,1.4,1.1,834,1,834,NA,NA,NA,missing_data
josh_okogie_2024_CHA,Josh Okogie,2024-25,3,new_team,team_change,-0.3246753246753247,-1.0077922077922077,0.6246753246753247,2310,2,-0.34729661445174326,-1.6052046488125316,1.2579080343607882,1979,2,989.5,-0.022621289776418585,-0.5974124410203239,0.6332327096854635,complete
josh_richardson_2024_MIA,Josh Richardson,2024-25,3,re_signed_standard,roster_continuity,-1.2418913786555261,-1.125674135966578,-0.05810862134447398,2633,2,NA,NA,NA,NA,NA,NA,NA,NA,NA,missing_data
jrue_holiday_2024_BOS,Jrue Holiday,2024-25,3,re_signed_standard,roster_continuity,2.5910031488978857,1.9820062977957715,0.6089968511021143,4446,2,1.2416666666666667,0.91875,0.3229166666666667,3456,2,1728,-1.349336482231219,-1.0632562977957716,-0.28608018443544764,complete
jt_thor_2024_WAS,JT Thor,2024-25,3,new_team,team_change,-4.610742857142857,-3.9429714285714286,-0.7124,1750,2,NA,NA,NA,NA,NA,NA,NA,NA,NA,missing_data
julian_champagnie_2024_SAS,Julian Champagnie,2024-25,3,re_signed_standard,roster_continuity,-1.9,-1.8,-0.1,1468,1,0.1574082896617436,0.13182467841829443,0.01762744163887571,4198,2,2099,2.0574082896617436,1.9318246784182944,0.11762744163887572,complete
julian_phillips_2024_CHI,Julian Phillips,2024-25,3,re_signed_standard,roster_continuity,NA,NA,NA,NA,NA,-3,-2.6,-0.4,1123,1,1123,NA,NA,NA,missing_data
julian_strawther_2024_DEN,Julian Strawther,2024-25,3,re_signed_standard,roster_continuity,-6,-4.6,-1.4,545,1,-3.6562583518930953,-2.371314031180401,-1.2849443207126947,2245,2,1122.5,2.3437416481069047,2.228685968819599,0.1150556792873052,complete
julius_randle_2024_MIN,Julius Randle,2024-25,3,new_team,team_change,3.028142889855736,3.2654682848637506,-0.23732539500801467,4367,2,1.4079404466501242,1.5,-0.09205955334987594,4836,2,2418,-1.620202443205612,-1.7654682848637506,0.14526584165813872,complete
justin_minaya_2024_POR,Justin Minaya,2024-25,3,re_signed_standard,roster_continuity,NA,NA,NA,NA,NA,NA,NA,NA,NA,NA,NA,NA,NA,NA,missing_data
jusuf_nurkic_2024_CHA,Jusuf Nurkic,2024-25,3,new_team,team_change,0.6990198904583453,-0.8396079561833382,1.5386278466416834,3469,2,-0.08881640260950602,-1.3420782851817337,1.2532618825722275,2146,2,1073,-0.7878362930678513,-0.5024703289983955,-0.2853659640694559,complete
karl-anthony_towns_2024_NYK,Karl-Anthony Towns,2024-25,3,new_team,team_change,2.6604089842440497,1.7604089842440496,0.9000000000000001,2983,2,3.4560446373217606,3.1161190328580286,0.3399256044637322,4839,2,2419.5,0.7956356530777109,1.355710048613979,-0.5600743955362679,complete
kawhi_leonard_2024_LAC,Kawhi Leonard,2024-25,3,re_signed_standard,roster_continuity,5.757184894556155,4.928592447278077,0.7285924472780775,4078,2,6.229096477794793,5.629096477794794,0.6,3265,2,1632.5,0.47191158323863824,0.7005040305167167,-0.1285924472780775,complete
keegan_murray_2024_SAC,Keegan Murray,2024-25,3,re_signed_standard,roster_continuity,-0.7562173038229377,-0.016579476861166998,-0.7396378269617706,4970,2,-1.949544519541581,-1.0796356156332647,-0.8466059359388775,3403,2,1701.5,-1.1933272157186434,-1.0630561387720978,-0.10696810897710685,complete
keldon_johnson_2024_SAS,Keldon Johnson,2024-25,3,re_signed_standard,roster_continuity,-1.750304803706413,0.2030480370641307,-1.9533528407705438,4101,2,-0.32566017604694586,0.6116831154974659,-0.937343291544412,3749,2,1874.5,1.4246446276594673,0.40863507843333524,1.0160095492261318,complete
kelly_olynyk_2024_NOP,Kelly Olynyk,2024-25,3,new_team,team_change,1.0653877330451231,0.12280464739259657,0.9950553904350176,3701,2,-0.7,-1.1,0.4,891,1,891,-1.765387733045123,-1.2228046473925966,-0.5950553904350175,complete
kelly_oubre_2024_PHI,Kelly Oubre Jr.,2024-25,3,re_signed_standard,roster_continuity,-1.7844296419650292,-1.0273938384679433,-0.7,3603,2,-1.91210295728368,-1.5276013143483023,-0.38450164293537786,3652,2,1826,-0.1276733153186509,-0.500207475880359,0.3154983570646221,complete
kendall_brown_2024_BKN,Kendall Brown,2024-25,3,new_team,team_change,NA,NA,NA,NA,NA,NA,NA,NA,NA,NA,NA,NA,NA,NA,missing_data
kenrich_williams_2024_OKC,Kenrich Williams,2024-25,3,re_signed_standard,roster_continuity,-0.09852348993288593,-0.4524832214765101,0.35395973154362415,2235,2,0.4278812279818822,-0.2709109209864117,0.6418218419728234,1987,2,993.5,0.5264047179147682,0.18157230049009843,0.2878621104291993,complete
kentavious_caldwell-pope_2024_ORL,Kentavious Caldwell-Pope,2024-25,3,new_team,team_change,-1.2008781099728203,-1.8510976374660253,0.6502195274932051,4783,2,-1.7554499554499556,-2.773804573804574,1.0183546183546184,3367,2,1683.5,-0.5545718454771353,-0.9227069363385485,0.36813509086141327,complete
keon_ellis_2024_SAC,Keon Ellis,2024-25,3,re_signed_standard,roster_continuity,1.2,-0.9,2.1,978,1,0.8646234676007005,-0.8333917104495039,1.6980151780502042,3426,2,1713,-0.33537653239929943,0.06660828955049614,-0.4019848219497959,complete
kessler_edwards_2024_DAL,Kessler Edwards,2024-25,3,new_team,team_change,NA,NA,NA,NA,NA,-1.4,-2,0.6,608,1,608,NA,NA,NA,missing_data
kevin_durant_2024_PHX,Kevin Durant,2024-25,3,re_signed_standard,roster_continuity,5.161371274927179,4.749271790275599,0.5120994846515796,4463,2,3.9232125367286974,4.178158667972576,-0.25494613124387855,5105,2,2552.5,-1.2381587381984813,-0.5711131223030232,-0.7670456158954582,complete
kevin_huerter_2024_CHI,Kevin Huerter,2024-25,3,new_team,team_change,0.2532270916334661,0.6117397078353253,-0.3414873837981408,3765,2,-1.3281908302354397,-1.4640954151177201,0.13590458488228005,3228,2,1614,-1.5814179218689057,-2.0758351229530456,0.4773919686804209,complete
kevin_knox_2024_GSW,Kevin Knox II,2024-25,3,new_team,team_change,-3.9074074074074074,-2.359259259259259,-1.5481481481481483,1512,2,NA,NA,NA,NA,NA,NA,NA,NA,NA,missing_data
kevin_love_2024_MIA,Kevin Love,2024-25,3,re_signed_standard,roster_continuity,1.8809611829944548,1.267467652495379,0.6561922365988909,2164,2,0.2,1.1,-0.9,613,1,613,-1.6809611829944549,-0.16746765249537887,-1.556192236598891,complete
kevon_looney_2024_GSW,Kevon Looney,2024-25,3,re_signed_standard,roster_continuity,1.5314938154138915,0.2556929908024104,1.3379004123057405,3153,2,0.3,-1,1.3,1142,1,1142,-1.2314938154138915,-1.2556929908024104,-0.03790041230574048,complete
keyonte_george_2024_UTA,Keyonte George,2024-25,3,re_signed_standard,roster_continuity,-4.4,-1.5,-2.9,2023,1,-1.0492682926829269,1.2673170731707317,-2.316585365853659,3895,2,1947.5,3.3507317073170735,2.767317073170732,0.5834146341463411,complete
khris_middleton_2024_WAS,Khris Middleton,2024-25,3,new_team,team_change,0.9949737762237763,1.0649912587412587,-0.10502622377622377,2288,2,-2.5159947414548642,-1.6178790534618754,-0.835056967572305,2282,2,1141,-3.5109685176786405,-2.682870312203134,-0.7300307437960812,complete
killian_hayes_2024_BKN,Killian Hayes,2024-25,3,new_team,team_change,-3.449335863377609,-3.1724857685009487,-0.27685009487666035,3162,2,NA,NA,NA,NA,NA,NA,NA,NA,NA,missing_data
kj_martin_2024_UTA,KJ Martin,2024-25,3,new_team,team_change,-1.5348913759052007,-0.5295589203423304,-1.0053324555628702,3038,2,-3.6,-3.2,-0.3,912,1,912,-2.0651086240947993,-2.6704410796576696,0.7053324555628702,complete
klay_thompson_2024_DAL,Klay Thompson,2024-25,3,new_team,team_change,-0.350054788516327,1.299780845934692,-1.5998904229673458,4563,2,-1.1729636048526861,0.4837954939341421,-1.5567590987868285,3462,2,1731,-0.8229088163363592,-0.8159853520005499,0.04313132418051735,complete
kobe_brown_2024_LAC,Kobe Brown,2024-25,3,re_signed_standard,roster_continuity,NA,NA,NA,NA,NA,-2.7,-1.2,-1.4,963,1,963,NA,NA,NA,missing_data
kris_dunn_2024_LAC,Kris Dunn,2024-25,3,new_team,team_change,0.6815079801871216,-0.812272977435333,1.4937809576224546,1817,2,-0.17797159232494394,-2.5221530027410912,2.3441814104161476,4013,2,2006.5,-0.8594795725120655,-1.7098800253057582,0.850400452793693,complete
kris_murray_2024_POR,Kris Murray,2024-25,3,re_signed_standard,roster_continuity,-3.6,-3.5,-0.2,1348,1,-2.1573957016434893,-2.6506110408765275,0.4932153392330384,2373,2,1186.5,1.4426042983565108,0.8493889591234725,0.6932153392330385,complete
kristaps_porzingis_2024_BOS,Kristaps Porzingis,2024-25,3,re_signed_standard,roster_continuity,4.65485564304462,3.6669291338582677,0.9879265091863517,3810,2,3.6119757453259225,2.761697827185447,0.850277918140475,1979,2,989.5,-1.0428798977186973,-0.9052313066728206,-0.13764859104587668,complete
kyle_anderson_2024_MIA,Kyle Anderson,2024-25,3,new_team,team_change,1.83276277079433,-0.6578764375501471,2.490639208344477,3739,2,0.994177897574124,-0.9218867924528301,1.9700808625336927,1855,2,927.5,-0.8385848732202059,-0.264010354902683,-0.5205583458107843,complete
kyle_kuzma_2024_MIL,Kyle Kuzma,2024-25,3,new_team,team_change,-1.3972123893805308,0.15325221238938055,-1.5504646017699115,4520,2,-3.645163014430786,-1.9830037413148047,-1.6621592731159809,3742,2,1871,-2.2479506250502554,-2.136255953704185,-0.11169467134606936,complete
kyle_lowry_2024_PHI,Kyle Lowry,2024-25,3,re_signed_standard,roster_continuity,-0.3950704225352113,-1.2950704225352114,0.8495892018779343,3408,2,-1.3,-2.8,1.5,659,1,659,-0.9049295774647887,-1.5049295774647884,0.6504107981220657,complete
kyrie_irving_2024_DAL,Kyrie Irving,2024-25,3,re_signed_standard,roster_continuity,4.4802388199484895,4.8,-0.31976118005151016,4271,2,3.4,3.9,-0.5,1804,1,1804,-1.0802388199484896,-0.8999999999999999,-0.18023881994848984,complete
lamar_stevens_2024_MEM,Lamar Stevens,2024-25,3,re_signed_standard,roster_continuity,-2.6002382370458608,-2.733650982727814,0.10011911852293032,1679,2,NA,NA,NA,NA,NA,NA,NA,NA,NA,missing_data
landry_shamet_2024_NYK,Landry Shamet,2024-25,3,new_team,team_change,-2.631311154598826,-1.857729941291585,-0.7735812133072407,1533,2,-1.127832384893947,-0.9913088463528195,-0.1759441282979824,1933,2,966.5,1.5034787697048788,0.8664210949387656,0.5976370850092583,complete
larry_nance_2024_ATL,Larry Nance Jr.,2024-25,3,new_team,team_change,2,-0.09364651520985753,2.093646515209858,2597,2,NA,NA,NA,NA,NA,NA,NA,NA,NA,missing_data
lauri_markkanen_2024_UTA,Lauri Markkanen,2024-25,3,re_signed_standard,roster_continuity,3.7110676765208894,4.988932323479111,-1.2223308086977767,4093,2,1.1336073997944502,3.184172661870503,-2.0505652620760535,2919,2,1459.5,-2.5774602767264394,-1.8047596616086081,-0.8282344533782768,complete
lebron_james_2024_LAL,LeBron James,2024-25,3,re_signed_standard,roster_continuity,6.324674742036788,5.5,0.7685060565275909,4458,2,4.657771260997068,4.182111436950146,0.4756598240469208,4433,2,2216.5,-1.6669034810397205,-1.3178885630498538,-0.29284623248067004,complete
lester_quinones_2024_NOP,Lester Quinones,2024-25,3,new_team,team_change,NA,NA,NA,NA,NA,NA,NA,NA,NA,NA,NA,NA,NA,NA,missing_data
lindy_waters_2024_DET,Lindy Waters III,2024-25,3,new_team,team_change,0.1,0.5,-0.4,531,1,-2.7999999999999994,-3,0.20000000000000004,778,1,778,-2.8999999999999995,-3.5,0.6000000000000001,complete
lonnie_walker_2024_PHI,Lonnie Walker IV,2024-25,3,new_team,team_change,-1.4,-0.6809792027729636,-0.7190207972270364,2308,2,NA,NA,NA,NA,NA,NA,NA,NA,NA,missing_data
luguentz_dort_2024_OKC,Luguentz Dort,2024-25,3,re_signed_standard,roster_continuity,-2.3040283311199645,-1.7017264276228419,-0.6023019034971225,4518,2,-0.8371749107598164,-1.6371749107598164,0.8,3922,2,1961,1.466853420360148,0.06455151686302552,1.4023019034971225,complete
luka_doncic_2024_LAL,Luka Doncic,2024-25,3,new_team,team_change,9.423230309072782,7.966261216350948,1.5569690927218345,5015,2,8.166584524396255,6.910177427304091,1.2564070970921637,4058,2,2029,-1.256645784676527,-1.0560837890468573,-0.3005619956296708,complete
luka_garza_2024_MIN,Luka Garza,2024-25,3,re_signed_standard,roster_continuity,NA,NA,NA,NA,NA,2.4,2.2,0.2,1118,1,1118,NA,NA,NA,missing_data
luke_kennard_2024_MEM,Luke Kennard,2024-25,3,re_signed_standard,roster_continuity,0.15462402765773553,0.6000000000000001,-0.44537597234226445,2314,2,0.5668569616238504,0.47348556929908026,0.14668569616238505,3153,2,1576.5,0.4122329339661148,-0.12651443070091983,0.5920616685046495,complete
luke_kornet_2024_BOS,Luke Kornet,2024-25,3,re_signed_standard,roster_continuity,2.3202014549524344,0.7001678791270287,1.5750419697817573,1787,2,3.4537083482622712,1.6,1.9049444643496953,2791,2,1395.5,1.133506893309837,0.8998321208729714,0.3299024945679381,complete
malachi_flynn_2024_CHA,Malachi Flynn,2024-25,3,new_team,team_change,-3.0378430121250797,-2.573261008296107,-0.46458200382897263,1567,2,NA,NA,NA,NA,NA,NA,NA,NA,NA,missing_data
malaki_branham_2024_SAS,Malaki Branham,2024-25,3,re_signed_standard,roster_continuity,-5.402798982188296,-3.2027989821882947,-2.1506997455470738,3144,2,NA,NA,NA,NA,NA,NA,NA,NA,NA,missing_data
malcolm_brogdon_2024_WAS,Malcolm Brogdon,2024-25,3,new_team,team_change,2.486980802792321,2.4565095986038394,0.09134380453752179,2865,2,-1.5,-0.1,-1.5,564,1,564,-3.986980802792321,-2.5565095986038395,-1.5913438045375219,complete
malik_beasley_2024_DET,Malik Beasley,2024-25,3,new_team,team_change,-1.8944920993227992,-0.9527539503386004,-0.8944920993227992,4430,2,0.8,2,-1.2,2283,1,2283,2.694492099322799,2.9527539503386,-0.3055079006772008,complete
malik_monk_2024_SAC,Malik Monk,2024-25,3,re_signed_standard,roster_continuity,0.45639097744360907,1.5478696741854636,-1.1914786967418547,3591,2,-0.9995318899941487,0.49953188999414866,-1.4990637799882973,3418,2,1709,-1.4559228674377578,-1.048337784191315,-0.3075850832464426,complete
marcus_sasser_2024_DET,Marcus Sasser,2024-25,3,re_signed_standard,roster_continuity,-2.6,-1.5,-1.1,1351,1,-0.6,-0.4,-0.2,811,1,811,2,1.1,0.9000000000000001,complete
marjon_beauchamp_2024_NYK,MarJon Beauchamp,2024-25,3,new_team,team_change,-4.0568372803666914,-3.2639419404125287,-0.7393430099312452,1309,2,NA,NA,NA,NA,NA,NA,NA,NA,NA,missing_data
markelle_fultz_2024_SAC,Markelle Fultz,2024-25,3,new_team,team_change,-0.14322916666666666,-0.9463541666666667,0.8692708333333333,2688,2,NA,NA,NA,NA,NA,NA,NA,NA,NA,missing_data
markieff_morris_2024_LAL,Markieff Morris,2024-25,3,new_team,team_change,NA,NA,NA,NA,NA,NA,NA,NA,NA,NA,NA,NA,NA,NA,missing_data
marvin_bagley_2024_MEM,Marvin Bagley III,2024-25,3,new_team,team_change,-0.6422907488986784,0.6607929515418502,-1.3030837004405285,2043,2,0.8,1.8,-1,1201,1,1201,1.4422907488986785,1.1392070484581498,0.30308370044052846,complete
mason_plumlee_2024_PHX,Mason Plumlee,2024-25,3,new_team,team_change,1.4587976539589445,0.6317448680351905,0.8517595307917888,2728,2,-0.6,-1.5,1,1300,1,1300,-2.0587976539589445,-2.1317448680351907,0.1482404692082112,complete
matisse_thybulle_2024_POR,Matisse Thybulle,2024-25,3,re_signed_standard,roster_continuity,0.10874581317454407,-2.755340528470413,2.864086341644957,2687,2,NA,NA,NA,NA,NA,NA,NA,NA,NA,missing_data
matt_ryan_2024_NYK,Matt Ryan,2024-25,3,new_team,team_change,NA,NA,NA,NA,NA,NA,NA,NA,NA,NA,NA,NA,NA,NA,missing_data
max_christie_2024_DAL,Max Christie,2024-25,3,new_team,team_change,-3.4241758241758244,-3.2000000000000006,-0.25934065934065936,1456,2,-1.9866163349347976,-1.5352779684282774,-0.5513383665065201,4371,2,2185.5,1.4375594892410268,1.6647220315717233,-0.29199770716586076,complete
max_strus_2024_CLE,Max Strus,2024-25,3,re_signed_standard,roster_continuity,-1.1540234981157171,-0.9489026823320772,-0.20512081578363997,4511,2,1.3,1.1,0.2,1273,1,1273,2.454023498115717,2.048902682332077,0.40512081578364,complete
maxi_kleber_2024_DAL,Maxi Kleber,2024-25,3,re_signed_standard,roster_continuity,-1.764741810105497,-2.2483620210993895,0.4836202109938923,1801,2,-3.8,-4.2,0.4,637,1,637,-2.0352581898945026,-1.9516379789006106,-0.08362021099389227,complete
maxwell_lewis_2024_BKN,Maxwell Lewis,2024-25,3,new_team,team_change,NA,NA,NA,NA,NA,NA,NA,NA,NA,NA,NA,NA,NA,NA,missing_data
michael_porter_2024_DEN,Michael Porter Jr.,2024-25,3,re_signed_standard,roster_continuity,0.1412101764840706,1.5296814118725648,-1.4472610589044235,4363,2,1.1227697337692666,2.625548808967772,-1.5027790751985053,4282,2,2141,0.981559557285196,1.0958673970952073,-0.05551801629408182,complete
mikal_bridges_2024_NYK,Mikal Bridges,2024-25,3,new_team,team_change,0.6696750902527074,1.107495272477222,-0.38875709128416713,5817,2,1.0039106145251397,0.8229748603351955,0.18093575418994406,5728,2,2864,0.3342355242724323,-0.2845204121420265,0.5696928454741113,complete
mike_conley_2024_MIN,Mike Conley,2024-25,3,re_signed_standard,roster_continuity,2.198555187115111,1.5194220748460445,0.6791331122690667,4222,2,0.2981070258463778,-0.8936658172551873,1.1917728431015655,2747,2,1373.5,-1.9004481612687334,-2.413087892101232,0.5126397308324988,complete
miles_bridges_2024_CHA,Miles Bridges,2024-25,3,re_signed_standard,roster_continuity,-1.1,0.2,-1.3,2581,1,1.4216259057971015,1.7054121376811595,-0.283786231884058,4416,2,2208,2.5216259057971016,1.5054121376811596,1.016213768115942,complete
miles_mcbride_2024_NYK,Miles McBride,2024-25,3,re_signed_standard,roster_continuity,-0.9007662835249041,-1.564750957854406,0.7639846743295019,2088,2,0.48484848484848486,0.16565656565656564,0.3191919191919192,2673,2,1336.5,1.3856147683733888,1.7304075235109717,-0.4447927551375827,complete
mo_bamba_2024_NOP,Mo Bamba,2024-25,3,new_team,team_change,-0.2355864811133201,-1.229821073558648,1.043273691186216,1509,2,NA,NA,NA,NA,NA,NA,NA,NA,NA,missing_data
moritz_wagner_2024_ORL,Moritz Wagner,2024-25,3,re_signed_standard,roster_continuity,1.38486529318542,1.1288034865293186,0.2560618066561014,2524,2,4,2.6,1.4,564,1,564,2.61513470681458,1.4711965134706815,1.1439381933438986,complete
moses_brown_2024_DAL,Moses Brown,2024-25,3,new_team,team_change,NA,NA,NA,NA,NA,NA,NA,NA,NA,NA,NA,NA,NA,NA,missing_data
moses_moody_2024_GSW,Moses Moody,2024-25,3,re_signed_standard,roster_continuity,-1.13522554485555,-0.8211353269133299,-0.31409021794222,1973,2,-0.5136719974913766,-0.36879899655064285,-0.14487300094073377,3189,2,1594.5,0.6215535473641733,0.45233633036268706,0.1692172170014862,complete
myles_turner_2024_IND,Myles Turner,2024-25,3,re_signed_standard,roster_continuity,1.4613945142271212,1.1871315047423738,0.2742630094847475,3901,2,-0.20832109642682328,-0.4211453744493392,0.2128242780225159,4086,2,2043,-1.6697156106539444,-1.608276879191713,-0.06143873146223161,complete
naji_marshall_2024_DAL,Naji Marshall,2024-25,3,new_team,team_change,-1.4052804198097737,-1.6526402099048867,0.2061331584125943,3049,2,-0.6935413112356812,-0.5129173775286375,-0.18062393370704363,4103,2,2051.5,0.7117391085740925,1.1397228323762492,-0.38675709211963794,complete
nate_williams_2024_HOU,Nate Williams,2024-25,3,re_signed_standard,roster_continuity,NA,NA,NA,NA,NA,NA,NA,NA,NA,NA,NA,NA,NA,NA,missing_data
naz_reid_2024_MIN,Naz Reid,2024-25,3,re_signed_standard,roster_continuity,1.3054432348367029,0.3610886469673406,0.9832659409020219,3215,2,1.2660565723793678,0.3706441644877585,0.8954124078916093,4207,2,2103.5,-0.03938666245733513,0.009555517520417889,-0.08785353301041265,complete
neemias_queta_2024_BOS,Neemias Queta,2024-25,3,re_signed_standard,roster_continuity,NA,NA,NA,NA,NA,1.7169953388311219,0.09548225170311947,1.6905700968088921,2789,2,1394.5,NA,NA,NA,missing_data
nic_claxton_2024_BKN,Nic Claxton,2024-25,3,re_signed_standard,roster_continuity,2.1835650786414407,0.32119899703669935,1.8623660816047414,4387,2,0.6524986849026828,-0.3930036822724882,1.0455023671751709,3802,2,1901,-1.5310663937387579,-0.7142026793091876,-0.8168637144295705,complete
nick_richards_2024_PHX,Nick Richards,2024-25,3,new_team,team_change,-1.8910618279569893,-1.3546370967741936,-0.49553091397849464,2976,2,-4.3029637199795605,-3.0387838528359734,-1.264179867143587,1957,2,978.5,-2.411901892022571,-1.6841467560617798,-0.7686489531650924,complete
nick_smith_2024_CHA,Nick Smith Jr.,2024-25,3,re_signed_standard,roster_continuity,-5.9,-3.1,-2.8,729,1,-5.7,-3.2,-2.6,1369,1,1369,0.20000000000000018,-0.10000000000000009,0.19999999999999973,complete
nickeil_alexander-walker_2024_MIN,Nickeil Alexander-Walker,2024-25,3,re_signed_standard,roster_continuity,-0.14666666666666667,-1.1945454545454546,1.0163636363636364,2805,2,0.4906757912745936,0.5360136869118906,-0.045337895637296836,4676,2,2338,0.6373424579412603,1.7305591414573451,-1.061701532000933,complete
nicolas_batum_2024_LAC,Nicolas Batum,2024-25,3,new_team,team_change,0.07501544163063618,-1.0361025324274244,1.0111179740580605,3238,2,-0.07565740045078882,-1.4432381667918857,1.3675807663410968,2662,2,1331,-0.150672842081425,-0.4071356343644612,0.35646279228303634,complete
nikola_jokic_2024_DEN,Nikola Jokic,2024-25,3,re_signed_standard,roster_continuity,13.108181818181817,8.770454545454545,4.337727272727273,5060,2,13.721526054590571,9.993672456575682,3.6746898263027292,4836,2,2418,0.6133442364087536,1.2232179111211376,-0.6630374464245437,complete
nikola_jovic_2024_MIA,Nikola Jovic,2024-25,3,re_signed_standard,roster_continuity,0.3,-0.9,1.3,896,1,-1.2633401221995926,-1.6164969450101834,0.31201629327902236,1964,2,982,-1.5633401221995926,-0.7164969450101834,-0.9879837067209777,complete
nikola_vucevic_2024_CHI,Nikola Vucevic,2024-25,3,re_signed_standard,roster_continuity,1.4330097087378642,1.363965646004481,0.017774458551157588,5356,2,2.111767578125,2.011767578125,0.1,4096,2,2048,0.6787578693871357,0.6478019321205193,0.08222554144884242,complete
norman_powell_2024_LAC,Norman Powell,2024-25,3,re_signed_standard,roster_continuity,-0.3154062412145066,0.6202698903570425,-0.9797301096429575,3557,2,1.5467210884353744,1.746721088435374,-0.24672108843537416,3675,2,1837.5,1.862127329649881,1.1264511980783316,0.7330090212075833,complete
obi_toppin_2024_IND,Obi Toppin,2024-25,3,re_signed_standard,roster_continuity,0.7446043165467626,1.233453237410072,-0.48884892086330933,2780,2,1.7,1.8,-0.1,1545,1,1545,0.9553956834532373,0.5665467625899281,0.38884892086330936,complete
ochai_agbaji_2024_TOR,Ochai Agbaji,2024-25,3,re_signed_standard,roster_continuity,-3.806105263157895,-2.7364210526315786,-1.1121052631578947,2850,2,-1.8839601769911505,-1.8328171091445429,-0.051143067846607666,2712,2,1356,1.9221450861667446,0.9036039434870358,1.060962195311287,complete
og_anunoby_2024_NYK,OG Anunoby,2024-25,3,re_signed_standard,roster_continuity,-0.016340508806262193,-0.5914383561643836,0.6167318982387475,4088,2,1.286450304259635,0.7902231237322516,0.5511156186612576,4930,2,2465,1.3027908130658972,1.3816614798966351,-0.06561627957748994,complete
olivier-maxence_prosper_2024_DAL,Olivier-Maxence Prosper,2024-25,3,re_signed_standard,roster_continuity,NA,NA,NA,NA,NA,-0.8448979591836736,0.09438775510204081,-0.9392857142857143,1568,2,784,NA,NA,NA,missing_data
onyeka_okongwu_2024_ATL,Onyeka Okongwu,2024-25,3,re_signed_standard,roster_continuity,0.2818684695759066,0,0.23869084204056548,3254,2,0.9839715661545518,0.5152717266681953,0.5160284338454483,4361,2,2180.5,0.7021030965786452,0.5152717266681953,0.2773375918048828,complete
orlando_robinson_2024_TOR,Orlando Robinson,2024-25,3,new_team,team_change,NA,NA,NA,NA,NA,-3.4,-3,-0.4,770,1,770,NA,NA,NA,missing_data
oshae_brissett_2024_PHI,Oshae Brissett,2024-25,3,new_team,team_change,-2.6851138353765327,-2,-0.6851138353765324,1713,2,NA,NA,NA,NA,NA,NA,NA,NA,NA,missing_data
paolo_banchero_2024_ORL,Paolo Banchero,2024-25,3,re_signed_standard,roster_continuity,-0.0012048192771083816,0.37056798623063686,-0.3253012048192771,5229,2,2.213467189030362,2.174730656219393,0.07747306562193929,4084,2,2042,2.2146720083074705,1.804162669988756,0.4027742704412164,complete
pascal_siakam_2024_IND,Pascal Siakam,2024-25,3,re_signed_standard,roster_continuity,2.4994349218308534,2.9496703710679975,-0.40028253908457334,5309,2,1.2533116178067316,2.0213246471226927,-0.7233441910966341,4605,2,2302.5,-1.2461233040241217,-0.9283457239453048,-0.3230616520120607,complete
pat_connaughton_2024_MIL,Pat Connaughton,2024-25,3,re_signed_standard,roster_continuity,-1.322411029176018,-1.461205514588009,0.13879448541199102,3119,2,-2.3,-1.4,-0.8,603,1,603,-0.9775889708239818,0.06120551458800905,-0.9387944854119911,complete
patrick_baldwin_2024_LAC,Patrick Baldwin Jr.,2024-25,3,new_team,team_change,NA,NA,NA,NA,NA,NA,NA,NA,NA,NA,NA,NA,NA,NA,missing_data
patrick_williams_2024_CHI,Patrick Williams,2024-25,3,re_signed_standard,roster_continuity,-1.6357163282813842,-1.8342865313125536,0.232141835859308,3497,2,-4.086622950819672,-3.1933114754098355,-0.893311475409836,3050,2,1525,-2.450906622538288,-1.359024944097282,-1.125453311269144,complete
patty_mills_2024_LAC,Patty Mills,2024-25,3,new_team,team_change,-3.1,-1.4,-1.7,567,1,NA,NA,NA,NA,NA,NA,NA,NA,NA,missing_data
paul_george_2024_PHI,Paul George,2024-25,3,new_team,team_change,3.025354649853637,2.6816933123170457,0.24366133753659083,4441,2,0.565370595382746,0.18955042527339003,0.375820170109356,2469,2,1234.5,-2.459984054470891,-2.4921428870436557,0.13215883257276514,complete
paul_reed_2024_DET,Paul Reed,2024-25,3,new_team,team_change,0.2390191897654584,-0.9219616204690831,1.1609808102345416,2345,2,5.3,2.4,2.9,901,1,901,5.0609808102345415,3.321961620469083,1.7390191897654583,complete
payton_pritchard_2024_BOS,Payton Pritchard,2024-25,3,re_signed_standard,roster_continuity,-0.14635332252836297,0.4141815235008104,-0.4605348460291734,2468,2,2.864574269732753,2.976382846488502,-0.06476072094468611,4827,2,2413.5,3.0109275922611163,2.5622013229876917,0.3957741250844873,complete
peyton_watson_2024_DEN,Peyton Watson,2024-25,3,re_signed_standard,roster_continuity,-2.2,-3,0.8,1488,1,-1.5053472649047326,-1.4615857406269208,-0.0928703134603565,3254,2,1627,0.6946527350952676,1.5384142593730792,-0.8928703134603565,complete
pj_tucker_2024_NYK,P.J. Tucker,2024-25,3,new_team,team_change,-3,-3.2,0.2,1920,1,NA,NA,NA,NA,NA,NA,NA,NA,NA,missing_data
pj_washington_2024_DAL,P.J. Washington,2024-25,3,re_signed_standard,roster_continuity,-1.686176918061291,-1.3379048033036296,-0.3482721147576614,4601,2,-1.2402968356202746,-1.391683001960235,0.1513861663399608,3571,2,1785.5,0.4458800824410165,-0.05377819865660549,0.4996582810976222,complete
precious_achiuwa_2024_NYK,Precious Achiuwa,2024-25,3,re_signed_standard,roster_continuity,-1.7712011577424025,-1.5762662807525323,-0.15369030390738062,2764,2,-1.7204116638078901,-1.1421955403087478,-0.5782161234991424,2915,2,1457.5,0.050789493934512375,0.43407074044378446,-0.42452581959176183,complete
quentin_grimes_2024_PHI,Quentin Grimes,2024-25,3,new_team,team_change,-0.7842021614748887,-1.0493642720915448,0.19774316592498412,3146,2,-0.645745437307419,0.1496800189618393,-0.7431381844038872,4219,2,2109.5,0.1384567241674698,1.199044291053384,-0.9408813503288713,complete
rayan_rupert_2024_POR,Rayan Rupert,2024-25,3,re_signed_standard,roster_continuity,-6.7,-5.6,-1.2,633,1,-5.1,-5,-0.1,1072,1,1072,1.6000000000000005,0.5999999999999996,1.0999999999999999,complete
reggie_jackson_2024_PHI,Reggie Jackson,2024-25,3,new_team,team_change,-3.5338802533103055,-2.324668969487622,-1.3092112838226828,3474,2,NA,NA,NA,NA,NA,NA,NA,NA,NA,missing_data
richaun_holmes_2024_WAS,Richaun Holmes,2024-25,3,re_signed_standard,roster_continuity,-3.3,-2.4,-0.8,555,1,1.1,1.2,0,534,1,534,4.4,3.5999999999999996,0.8,complete
ricky_council_2024_PHI,Ricky Council IV,2024-25,3,re_signed_standard,roster_continuity,NA,NA,NA,NA,NA,-4.3,-2,-2.3,1250,1,1250,NA,NA,NA,missing_data
rj_barrett_2024_TOR,RJ Barrett,2024-25,3,re_signed_standard,roster_continuity,-2.1198469742638535,-0.3903083700440529,-1.7295386042198007,4313,2,0.40795549374130735,1.1039777468706535,-0.7,3595,2,1797.5,2.5278024680051607,1.4942861169147064,1.0295386042198007,complete
royce_oneale_2024_PHX,Royce O'Neale,2024-25,3,re_signed_standard,roster_continuity,-0.6073573229429292,-1.3865001146000457,0.7791427916571165,4363,2,0.4278518518518518,-0.07320987654320986,0.5010617283950617,4050,2,2025,1.035209174794781,1.3132902380568359,-0.27808106326205484,complete
rudy_gobert_2024_MIN,Rudy Gobert,2024-25,3,re_signed_standard,roster_continuity,1.3016241299303943,0.05469310272094495,1.2469310272094491,4741,2,1.4508492346403856,0.30056615642692386,1.1003774376179494,4769,2,2384.5,0.14922510470999129,0.2458730537059789,-0.14655358959149978,complete
rui_hachimura_2024_LAL,Rui Hachimura,2024-25,3,re_signed_standard,roster_continuity,-1.4789185905224789,-0.5789185905224787,-0.9445321992709599,3292,2,-1.461459430979979,-0.45534773445732357,-1.0568756585879873,3796,2,1898,0.01745915954249977,0.12357085606515517,-0.11234345931702738,complete
russell_westbrook_2024_DEN,Russell Westbrook,2024-25,3,new_team,team_change,0.325499316005472,0.09083447332421339,0.23466484268125853,3655,2,-0.7712040557667935,-0.19543726235741446,-0.575766793409379,3945,2,1972.5,-1.0967033717722656,-0.28627173568162784,-0.8104316360906375,complete
sam_hauser_2024_BOS,Sam Hauser,2024-25,3,re_signed_standard,roster_continuity,1.1148795776971296,0.9446387330913889,0.17024084460574068,3031,2,0.6886906474820144,0.7330359712230217,-0.0443453237410072,3475,2,1737.5,-0.4261889302151153,-0.21160276186836724,-0.21458616834674787,complete
sam_merrill_2024_CLE,Sam Merrill,2024-25,3,re_signed_standard,roster_continuity,0.5,1.3,-0.8,1069,1,0.20086393088552915,0.2939524838012959,-0.1426565874730022,2778,2,1389,-0.2991360691144709,-1.0060475161987041,0.6573434125269979,complete
sandro_mamukelashvili_2024_SAS,Sandro Mamukelashvili,2024-25,3,re_signed_standard,roster_continuity,-2.4,-1.1,-1.3,660,1,2.659991776315789,2.436019736842105,0.22397203947368413,2432,2,1216,5.059991776315789,3.536019736842105,1.5239720394736842,complete
santi_aldama_2024_MEM,Santi Aldama,2024-25,3,re_signed_standard,roster_continuity,0.15678787878787878,-0.4961212121212121,0.6038787878787879,3300,2,2.5712386284114768,1.9969909027291812,0.5742477256822953,2858,2,1429,2.414450749623598,2.493112114850393,-0.029631062196492586,complete
scoot_henderson_2024_POR,Scoot Henderson,2024-25,3,re_signed_standard,roster_continuity,-5.8,-3.5,-2.3,1765,1,-2.2,-1.4895093737534901,-0.7104906262465098,2507,2,1253.5,3.5999999999999996,2.0104906262465096,1.58950937375349,complete
scottie_barnes_2024_TOR,Scottie Barnes,2024-25,3,re_signed_standard,roster_continuity,1.8480720871751886,1.5531433361274098,0.2949287510477787,4772,2,3.4022429906542055,1.7227206645898234,1.6795223260643821,4815,2,2407.5,1.554170903479017,0.16957732846241358,1.3845935750166034,complete
seth_curry_2024_CHA,Seth Curry,2024-25,3,re_signed_standard,roster_continuity,-2.504597701149425,-1.6720306513409964,-0.7988505747126436,1827,2,-1.7,-0.8,-0.9,1062,1,1062,0.8045977011494252,0.8720306513409963,-0.10114942528735638,complete
shaedon_sharpe_2024_POR,Shaedon Sharpe,2024-25,3,re_signed_standard,roster_continuity,-3.113424947145877,-1.5238900634249473,-1.5895348837209304,2838,2,-1.3395111469245233,-0.15804458769809293,-1.1419554123019071,3723,2,1861.5,1.7739138002213537,1.3658454757268543,0.4475794714190233,complete
shai_gilgeous-alexander_2024_OKC,Shai Gilgeous-Alexander,2024-25,3,re_signed_standard,roster_continuity,8.173435298852889,6.213785469913464,1.9110283759307707,4969,2,11.59302038295244,8.80697961704756,2.7860407659048794,4857,2,2428.5,3.419585084099552,2.5931941471340956,0.8750123899741087,complete
shake_milton_2024_LAL,Shake Milton,2024-25,3,new_team,team_change,-2.4598230912476726,-1.8925977653631283,-0.4942737430167598,2148,2,-2.2,-1.6999999999999997,-0.5,837,1,837,0.25982309124767244,0.19259776536312856,-0.005726256983240197,complete
simone_fontecchio_2024_DET,Simone Fontecchio,2024-25,3,re_signed_standard,roster_continuity,-2.3349377593361,-0.9535269709543569,-1.3496265560165976,2410,2,-1.2451452282157676,-0.7885062240663901,-0.4566390041493776,2410,2,1205,1.0897925311203323,0.16502074688796675,0.8929875518672201,complete
spencer_dinwiddie_2024_DAL,Spencer Dinwiddie,2024-25,3,new_team,team_change,-0.44726266147221655,0.3203608775886816,-0.7676235390608981,4877,2,-1.6,-0.9,-0.7,2136,1,2136,-1.1527373385277835,-1.2203608775886816,0.06762353906089813,complete
stanley_umude_2024_MIL,Stanley Umude,2024-25,3,new_team,team_change,NA,NA,NA,NA,NA,NA,NA,NA,NA,NA,NA,NA,NA,NA,missing_data
stephen_curry_2024_GSW,Stephen Curry,2024-25,3,re_signed_standard,roster_continuity,6.223452544704264,6.833975240715268,-0.5660247592847318,4362,2,5.965987154426138,6.362887461602904,-0.37112538397095785,3581,2,1790.5,-0.2574653902781261,-0.47108777911236377,0.194899375313774,complete
svi_mykhailiuk_2024_UTA,Svi Mykhailiuk,2024-25,3,new_team,team_change,NA,NA,NA,NA,NA,-2.4139874739039664,-0.374321503131524,-2.0396659707724427,1916,2,958,NA,NA,NA,missing_data
talen_horton-tucker_2024_CHI,Talen Horton-Tucker,2024-25,3,new_team,team_change,-1.4261843238587426,-1.0130921619293713,-0.4565460809646856,2322,2,-2.4,-1.4,-1.1,724,1,724,-0.9738156761412573,-0.38690783807062856,-0.6434539190353146,complete
taurean_prince_2024_MIL,Taurean Prince,2024-25,3,new_team,team_change,-2.9806060606060605,-2.6,-0.34448484848484845,3300,2,-2.0080302484695713,-1.8459848757652144,-0.16204537270435723,2777,2,1388.5,0.9725758121364891,0.7540151242347857,0.18243947578049122,complete
taylor_hendricks_2024_UTA,Taylor Hendricks,2024-25,3,re_signed_standard,roster_continuity,-1.6,-1.3,-0.4,856,1,-2.4,-1.5,-0.9,1118,1,1118,-0.7999999999999998,-0.19999999999999996,-0.5,complete
terance_mann_2024_ATL,Terance Mann,2024-25,3,new_team,team_change,-0.850173564753004,-0.5500667556742324,-0.3001068090787717,3745,2,-2.3910295616717634,-2.0753992524634723,-0.36367652055725447,2943,2,1471.5,-1.5408559969187594,-1.52533249678924,-0.06356971147848278,complete
terry_rozier_2024_MIA,Terry Rozier,2024-25,3,re_signed_standard,roster_continuity,0.40539779394508335,1.3660173668153017,-0.9084956582961747,4261,2,-3.7,-2.6,-1,1658,1,1658,-4.105397793945084,-3.9660173668153016,-0.09150434170382526,complete
terry_taylor_2024_SAC,Terry Taylor,2024-25,3,new_team,team_change,NA,NA,NA,NA,NA,NA,NA,NA,NA,NA,NA,NA,NA,NA,missing_data
thomas_bryant_2024_IND,Thomas Bryant,2024-25,3,new_team,team_change,0.6,1.1,-0.5,1081,1,0.384070796460177,0.7431858407079645,-0.3023008849557522,1695,2,847.5,-0.21592920353982298,-0.35681415929203564,0.1976991150442478,complete
tim_hardaway_2024_DET,Tim Hardaway Jr.,2024-25,3,new_team,team_change,-2.345880149812734,-0.54812734082397,-1.797752808988764,4272,2,-1.4042523364485981,0.09271028037383171,-1.3969626168224298,4280,2,2140,0.9416278133641358,0.6408376211978016,0.40079019216633416,complete
tj_mcconnell_2024_IND,T.J. McConnell,2024-25,3,re_signed_standard,roster_continuity,1.64572239971601,1.54572239971601,0.09999999999999999,2817,2,1.7264507989907485,1.20744322960471,0.5190075693860388,2378,2,1189,0.08072839927473852,-0.33827917011130015,0.4190075693860388,complete
tobias_harris_2024_DET,Tobias Harris,2024-25,3,new_team,team_change,0.7985845129059118,0.7971690258118235,0.0014154870940882621,4804,2,0.6601678183613029,-0.026011846001974356,0.6861796643632774,4052,2,2026,-0.13841669454460892,-0.8231808718137978,0.6847641772691891,complete
torrey_craig_2024_BOS,Torrey Craig,2024-25,3,new_team,team_change,-1.0900233566900235,-1.4750083416750084,0.38498498498498496,2997,2,NA,NA,NA,NA,NA,NA,NA,NA,NA,missing_data
toumani_camara_2024_POR,Toumani Camara,2024-25,3,re_signed_standard,roster_continuity,-3.1000000000000005,-3.1000000000000005,0,1739,1,-0.565599545368441,-0.9517332828187158,0.3861337374502747,5279,2,2639.5,2.5344004546315597,2.1482667171812846,0.3861337374502747,complete
trae_young_2024_ATL,Trae Young,2024-25,3,re_signed_standard,roster_continuity,2.996765558777604,5.126723176444345,-2.1299576176667405,4483,2,0.5,3.3,-2.7,2739,1,2739,-2.496765558777604,-1.8267231764443448,-0.5700423823332597,complete
trayce_jackson-davis_2024_GSW,Trayce Jackson-Davis,2024-25,3,re_signed_standard,roster_continuity,2.8,1.5,1.2,1130,1,1.2,0.3,0.9,967,1,967,-1.5999999999999999,-1.2,-0.29999999999999993,complete
tre_jones_2024_CHI,Tre Jones,2024-25,3,new_team,team_change,-0.6887918486171761,-0.30373605046094126,-0.33318777292576424,4122,2,1.3681219420398947,0.9615732028603688,0.4065487391795258,2657,2,1328.5,2.0569137906570707,1.2653092533213102,0.73973651210529,complete
tre_mann_2024_CHA,Tre Mann,2024-25,3,re_signed_standard,roster_continuity,-2.7174193548387096,-2.408709677419355,-0.3632258064516129,2170,2,-5.3,-4.5,-0.8,669,1,669,-2.5825806451612903,-2.091290322580645,-0.43677419354838715,complete
trendon_watford_2024_BKN,Trendon Watford,2024-25,3,re_signed_standard,roster_continuity,-1.2539744847890089,-1.189990186457311,-0.06398429833169773,2038,2,-2.516544738323016,-2.2513787281935844,-0.313787281935847,1777,2,888.5,-1.2625702535340073,-1.0613885417362734,-0.24980298360414926,complete
trey_lyles_2024_SAC,Trey Lyles,2024-25,3,re_signed_standard,roster_continuity,-1.0481496881496881,-0.19259875259875261,-0.8037006237006237,2405,2,-0.7,-0.4,-0.3,1349,1,1349,0.34814968814968816,-0.2074012474012474,0.5037006237006236,complete
trey_murphy_2024_NOP,Trey Murphy III,2024-25,3,re_signed_standard,roster_continuity,2.085886901884969,1.8492508458192363,0.23663605606573224,4138,2,1.6928724672228843,2.6022407628128725,-0.9535637663885578,4195,2,2097.5,-0.3930144346620845,0.7529899169936363,-1.19019982245429,complete
tristan_thompson_2024_CLE,Tristan Thompson,2024-25,3,re_signed_standard,roster_continuity,-1.4,-2.1,0.6,549,1,NA,NA,NA,NA,NA,NA,NA,NA,NA,missing_data
tyler_herro_2024_MIA,Tyler Herro,2024-25,3,re_signed_standard,roster_continuity,0.6751602564102565,1.5,-0.7624198717948718,3744,2,2.797631718999468,3.415167642362959,-0.6175359233634912,3758,2,1879,2.1224714625892114,1.9151676423629591,0.14488394843138064,complete
tyrese_haliburton_2024_IND,Tyrese Haliburton,2024-25,3,re_signed_standard,roster_continuity,7.03754565376187,7.162454346238129,-0.12490869247626005,4107,2,5.8,5.7,0.2,2451,1,2451,-1.2375456537618703,-1.462454346238129,0.3249086924762601,complete
tyrese_maxey_2024_PHI,Tyrese Maxey,2024-25,3,re_signed_standard,roster_continuity,2.014261094355881,3.144549763033175,-1.0868591124515294,4642,2,3.957887903051288,4.236528889850682,-0.17864098679939408,4621,2,2310.5,1.9436268086954067,1.091979126817507,0.9082181256521353,complete
tyus_jones_2024_PHX,Tyus Jones,2024-25,3,new_team,team_change,1.1508133230054223,1.349728892331526,-0.2989155693261038,3873,2,-0.6762448461782429,0.06485886457342213,-0.7411037107516651,3153,2,1576.5,-1.8270581691836651,-1.284870027758104,-0.44218814142556134,complete
vasilije_micic_2024_PHX,Vasilije Micic,2024-25,3,new_team,team_change,-4.6,-2.5,-2.2,1176,1,-7,-4.6,-2.4,785,1,785,-2.4000000000000004,-2.0999999999999996,-0.19999999999999973,complete
victor_wembanyama_2024_SAS,Victor Wembanyama,2024-25,3,re_signed_standard,roster_continuity,5.2,1.9,3.3,2106,1,8.809814323607426,5.194871794871795,3.6149425287356323,3393,2,1696.5,3.6098143236074263,3.294871794871795,0.31494252873563244,complete
vince_williams_2024_MEM,Vince Williams Jr.,2024-25,3,re_signed_standard,roster_continuity,-0.7,-1.7,1,1436,1,-1,-1.5,0.5,820,1,820,-0.30000000000000004,0.19999999999999996,-0.5,complete
walker_kessler_2024_UTA,Walker Kessler,2024-25,3,re_signed_standard,roster_continuity,1.9657071339173966,0.559136420525657,1.4065707133917396,3196,2,1.8,1.1,0.7,1740,1,1740,-0.16570713391739655,0.540863579474343,-0.7065707133917396,complete
wendell_carter_2024_ORL,Wendell Carter Jr.,2024-25,3,re_signed_standard,roster_continuity,0.9545865633074936,0.7183462532299741,0.23624031007751936,3096,2,-0.8607019278299555,-1.5214038556599112,0.6738012852199703,4046,2,2023,-1.8152884911374492,-2.2397501088898855,0.43756097514245096,complete
wendell_moore_2024_CHA,Wendell Moore Jr.,2024-25,3,new_team,team_change,NA,NA,NA,NA,NA,NA,NA,NA,NA,NA,NA,NA,NA,NA,missing_data
xavier_tillman_2024_BOS,Xavier Tillman,2024-25,3,re_signed_standard,roster_continuity,0.49823584029712165,-1.2374187558031569,1.7904363974001856,2154,2,NA,NA,NA,NA,NA,NA,NA,NA,NA,missing_data
zach_collins_2024_CHI,Zach Collins,2024-25,3,new_team,team_change,-1.125783619817998,-1.2714863498483318,0.09427030670711158,2967,2,0,-0.8,0.8,977,1,977,1.125783619817998,0.4714863498483317,0.7057296932928885,complete
zeke_nnaji_2024_DEN,Zeke Nnaji,2024-25,3,re_signed_standard,roster_continuity,-3.7,-3.185889570552147,-0.4582822085889571,1304,2,-2.4160453808752025,-2.8609400324149106,0.3448946515397082,1234,2,617,1.2839546191247977,0.32494953813723626,0.8031768601286653,complete
ziaire_williams_2024_BKN,Ziaire Williams,2024-25,3,new_team,team_change,-4.885928705440901,-4.245590994371483,-0.5403377110694184,1599,2,-2.027639971651311,-2.1092133238837705,0.12696669029057406,2822,2,1411,2.85828873378959,2.1363776704877124,0.6673044013599925,complete
zion_williamson_2024_NOP,Zion Williamson,2024-25,3,re_signed_standard,roster_continuity,4.404489408789125,3.753367056591843,0.7208978817578248,3163,2,4.202335063009636,4.2623424759080795,-0.0917716827279466,2698,2,1349,-0.20215434577948876,0.5089754193162364,-0.8126695644857713,complete
