event_id,player_name,season,contract_start_season,signing_offseason_year,pre_signing_season,prior_team,signing_team,incumbent,treatment_category,contract_type,contract_years,age_at_signing,games_pre,years_of_service,yos_band,is_designated_veteran,supermax_full_35pct,average_annual_value,cap_percentage_at_signing
aaron_brooks_2017_MIN,Aaron Brooks,2017-18,2017-18,2017,2016-17,IND,MIN,FALSE,new_team,team_change,3,32,79,NA,NA,FALSE,FALSE,NA,NA
aaron_gordon_2017_ORL,Aaron Gordon,2017-18,2017-18,2017,2016-17,ORL,ORL,TRUE,re_signed_standard,roster_continuity,3,21,82,NA,NA,FALSE,FALSE,NA,NA
adreian_payne_2017_ORL,Adreian Payne,2017-18,2017-18,2017,2016-17,MIN,ORL,FALSE,new_team,team_change,3,25,74,NA,NA,FALSE,FALSE,NA,NA
aj_hammons_2017_MIA,AJ Hammons,2017-18,2017-18,2017,2016-17,DAL,MIA,FALSE,new_team,team_change,3,24,45,NA,NA,FALSE,FALSE,NA,NA
al_horford_2017_BOS,Al Horford,2017-18,2017-18,2017,2016-17,BOS,BOS,TRUE,re_signed_standard,roster_continuity,3,30,68,NA,NA,FALSE,FALSE,NA,NA
al_jefferson_2017_IND,Al Jefferson,2017-18,2017-18,2017,2016-17,IND,IND,TRUE,re_signed_standard,roster_continuity,3,32,79,NA,NA,FALSE,FALSE,NA,NA
al-farouq_aminu_2017_POR,Al-Farouq Aminu,2017-18,2017-18,2017,2016-17,POR,POR,TRUE,re_signed_standard,roster_continuity,3,26,66,NA,NA,FALSE,FALSE,NA,NA
alan_williams_2017_PHX,Alan Williams,2017-18,2017-18,2017,2016-17,PHX,PHX,TRUE,re_signed_standard,roster_continuity,3,24,82,NA,NA,FALSE,FALSE,NA,NA
alec_burks_2017_UTA,Alec Burks,2017-18,2017-18,2017,2016-17,UTA,UTA,TRUE,re_signed_standard,roster_continuity,3,25,47,NA,NA,FALSE,FALSE,NA,NA
alex_abrines_2017_OKC,Alex Abrines,2017-18,2017-18,2017,2016-17,OKC,OKC,TRUE,re_signed_standard,roster_continuity,3,23,77,NA,NA,FALSE,FALSE,NA,NA
alex_len_2017_PHX,Alex Len,2017-18,2017-18,2017,2016-17,PHX,PHX,TRUE,re_signed_standard,roster_continuity,3,23,81,NA,NA,FALSE,FALSE,NA,NA
allen_crabbe_2017_BKN,Allen Crabbe,2017-18,2017-18,2017,2016-17,POR,BKN,FALSE,new_team,team_change,3,24,82,NA,NA,FALSE,FALSE,NA,NA
amir_johnson_2017_PHI,Amir Johnson,2017-18,2017-18,2017,2016-17,BOS,PHI,FALSE,new_team,team_change,3,29,81,NA,NA,FALSE,FALSE,NA,NA
andre_drummond_2017_DET,Andre Drummond,2017-18,2017-18,2017,2016-17,DET,DET,TRUE,re_signed_standard,roster_continuity,3,23,81,NA,NA,FALSE,FALSE,NA,NA
andre_iguodala_2017_GSW,Andre Iguodala,2017-18,2017-18,2017,2016-17,GSW,GSW,TRUE,re_signed_standard,roster_continuity,3,33,78,NA,NA,FALSE,FALSE,NA,NA
andre_roberson_2017_OKC,Andre Roberson,2017-18,2017-18,2017,2016-17,OKC,OKC,TRUE,re_signed_standard,roster_continuity,3,25,81,NA,NA,FALSE,FALSE,NA,NA
andrew_bogut_2017_LAL,Andrew Bogut,2017-18,2017-18,2017,2016-17,CLE,LAL,FALSE,new_team,team_change,3,32,42,NA,NA,FALSE,FALSE,NA,NA
andrew_harrison_2017_MEM,Andrew Harrison,2017-18,2017-18,2017,2016-17,MEM,MEM,TRUE,re_signed_standard,roster_continuity,3,22,80,NA,NA,FALSE,FALSE,NA,NA
andrew_wiggins_2017_MIN,Andrew Wiggins,2017-18,2017-18,2017,2016-17,MIN,MIN,TRUE,re_signed_standard,roster_continuity,3,21,82,NA,NA,FALSE,FALSE,NA,NA
anthony_davis_2017_NOP,Anthony Davis,2017-18,2017-18,2017,2016-17,NOP,NOP,TRUE,re_signed_standard,roster_continuity,3,23,80,NA,NA,FALSE,FALSE,NA,NA
anthony_tolliver_2017_DET,Anthony Tolliver,2017-18,2017-18,2017,2016-17,SAC,DET,FALSE,new_team,team_change,3,31,79,NA,NA,FALSE,FALSE,NA,NA
aron_baynes_2017_BOS,Aron Baynes,2017-18,2017-18,2017,2016-17,DET,BOS,FALSE,new_team,team_change,3,30,82,NA,NA,FALSE,FALSE,NA,NA
arron_afflalo_2017_ORL,Arron Afflalo,2017-18,2017-18,2017,2016-17,SAC,ORL,FALSE,new_team,team_change,3,31,76,NA,NA,FALSE,FALSE,NA,NA
austin_rivers_2017_LAC,Austin Rivers,2017-18,2017-18,2017,2016-17,LAC,LAC,TRUE,re_signed_standard,roster_continuity,3,24,78,NA,NA,FALSE,FALSE,NA,NA
avery_bradley_2017_LAC,Avery Bradley,2017-18,2017-18,2017,2016-17,BOS,LAC,FALSE,new_team,team_change,3,26,56,NA,NA,FALSE,FALSE,NA,NA
ben_mclemore_2017_MEM,Ben McLemore,2017-18,2017-18,2017,2016-17,SAC,MEM,FALSE,new_team,team_change,3,23,79,NA,NA,FALSE,FALSE,NA,NA
bismack_biyombo_2017_ORL,Bismack Biyombo,2017-18,2017-18,2017,2016-17,ORL,ORL,TRUE,re_signed_standard,roster_continuity,3,24,82,NA,NA,FALSE,FALSE,NA,NA
blake_griffin_2017_DET,Blake Griffin,2017-18,2017-18,2017,2016-17,LAC,DET,FALSE,new_team,team_change,3,27,64,NA,NA,FALSE,FALSE,NA,NA
boban_marjanovic_2017_LAC,Boban Marjanovic,2017-18,2017-18,2017,2016-17,DET,LAC,FALSE,new_team,team_change,3,28,81,NA,NA,FALSE,FALSE,NA,NA
bobby_brown_2017_HOU,Bobby Brown,2017-18,2017-18,2017,2016-17,HOU,HOU,TRUE,re_signed_standard,roster_continuity,3,32,66,NA,NA,FALSE,FALSE,NA,NA
bobby_portis_2017_CHI,Bobby Portis,2017-18,2017-18,2017,2016-17,CHI,CHI,TRUE,re_signed_standard,roster_continuity,3,21,82,NA,NA,FALSE,FALSE,NA,NA
bojan_bogdanovic_2017_IND,Bojan Bogdanovic,2017-18,2017-18,2017,2016-17,WAS,IND,FALSE,new_team,team_change,3,27,82,NA,NA,FALSE,FALSE,NA,NA
bradley_beal_2017_WAS,Bradley Beal,2017-18,2017-18,2017,2016-17,WAS,WAS,TRUE,re_signed_standard,roster_continuity,3,23,80,NA,NA,FALSE,FALSE,NA,NA
brandon_ingram_2017_LAL,Brandon Ingram,2017-18,2017-18,2017,2016-17,LAL,LAL,TRUE,re_signed_standard,roster_continuity,3,19,79,NA,NA,FALSE,FALSE,NA,NA
brandon_jennings_2017_MIL,Brandon Jennings,2017-18,2017-18,2017,2016-17,WAS,MIL,FALSE,new_team,team_change,3,27,80,NA,NA,FALSE,FALSE,NA,NA
brandon_rush_2017_POR,Brandon Rush,2017-18,2017-18,2017,2016-17,MIN,POR,FALSE,new_team,team_change,3,31,77,NA,NA,FALSE,FALSE,NA,NA
brook_lopez_2017_LAL,Brook Lopez,2017-18,2017-18,2017,2016-17,BKN,LAL,FALSE,new_team,team_change,3,28,80,NA,NA,FALSE,FALSE,NA,NA
bryn_forbes_2017_SAS,Bryn Forbes,2017-18,2017-18,2017,2016-17,SAS,SAS,TRUE,re_signed_standard,roster_continuity,3,23,46,NA,NA,FALSE,FALSE,NA,NA
buddy_hield_2017_SAC,Buddy Hield,2017-18,2017-18,2017,2016-17,SAC,SAC,TRUE,re_signed_standard,roster_continuity,3,24,82,NA,NA,FALSE,FALSE,NA,NA
caris_levert_2017_BKN,Caris LeVert,2017-18,2017-18,2017,2016-17,BKN,BKN,TRUE,re_signed_standard,roster_continuity,3,22,62,NA,NA,FALSE,FALSE,NA,NA
carmelo_anthony_2017_OKC,Carmelo Anthony,2017-18,2017-18,2017,2016-17,NYK,OKC,FALSE,new_team,team_change,3,32,76,NA,NA,FALSE,FALSE,NA,NA
chandler_parsons_2017_MEM,Chandler Parsons,2017-18,2017-18,2017,2016-17,MEM,MEM,TRUE,re_signed_standard,roster_continuity,3,28,50,NA,NA,FALSE,FALSE,NA,NA
channing_frye_2017_LAL,Channing Frye,2017-18,2017-18,2017,2016-17,CLE,LAL,FALSE,new_team,team_change,3,33,76,NA,NA,FALSE,FALSE,NA,NA
cheick_diallo_2017_NOP,Cheick Diallo,2017-18,2017-18,2017,2016-17,NOP,NOP,TRUE,re_signed_standard,roster_continuity,3,20,51,NA,NA,FALSE,FALSE,NA,NA
chris_paul_2017_HOU,Chris Paul,2017-18,2017-18,2017,2016-17,LAC,HOU,FALSE,new_team,team_change,3,31,71,NA,NA,FALSE,FALSE,NA,NA
cj_mccollum_2017_POR,CJ McCollum,2017-18,2017-18,2017,2016-17,POR,POR,TRUE,re_signed_standard,roster_continuity,3,25,82,NA,NA,FALSE,FALSE,NA,NA
cj_miles_2017_TOR,CJ Miles,2017-18,2017-18,2017,2016-17,IND,TOR,FALSE,new_team,team_change,3,29,77,NA,NA,FALSE,FALSE,NA,NA
clint_capela_2017_HOU,Clint Capela,2017-18,2017-18,2017,2016-17,HOU,HOU,TRUE,re_signed_standard,roster_continuity,3,22,68,NA,NA,FALSE,FALSE,NA,NA
cody_zeller_2017_CHA,Cody Zeller,2017-18,2017-18,2017,2016-17,CHA,CHA,TRUE,re_signed_standard,roster_continuity,3,24,64,NA,NA,FALSE,FALSE,NA,NA
cole_aldrich_2017_MIN,Cole Aldrich,2017-18,2017-18,2017,2016-17,MIN,MIN,TRUE,re_signed_standard,roster_continuity,3,28,82,NA,NA,FALSE,FALSE,NA,NA
corey_brewer_2017_OKC,Corey Brewer,2017-18,2017-18,2017,2016-17,LAL,OKC,FALSE,new_team,team_change,3,30,82,NA,NA,FALSE,FALSE,NA,NA
cory_joseph_2017_IND,Cory Joseph,2017-18,2017-18,2017,2016-17,TOR,IND,FALSE,new_team,team_change,3,25,82,NA,NA,FALSE,FALSE,NA,NA
courtney_lee_2017_NYK,Courtney Lee,2017-18,2017-18,2017,2016-17,NYK,NYK,TRUE,re_signed_standard,roster_continuity,3,31,78,NA,NA,FALSE,FALSE,NA,NA
cristiano_felicio_2017_CHI,Cristiano Felicio,2017-18,2017-18,2017,2016-17,CHI,CHI,TRUE,re_signed_standard,roster_continuity,3,24,78,NA,NA,FALSE,FALSE,NA,NA
damian_lillard_2017_POR,Damian Lillard,2017-18,2017-18,2017,2016-17,POR,POR,TRUE,re_signed_standard,roster_continuity,3,26,77,NA,NA,FALSE,FALSE,NA,NA
dangelo_russell_2017_BKN,D'Angelo Russell,2017-18,2017-18,2017,2016-17,LAL,BKN,FALSE,new_team,team_change,3,20,63,NA,NA,FALSE,FALSE,NA,NA
danilo_gallinari_2017_LAC,Danilo Gallinari,2017-18,2017-18,2017,2016-17,DEN,LAC,FALSE,new_team,team_change,3,28,68,NA,NA,FALSE,FALSE,NA,NA
danny_green_2017_SAS,Danny Green,2017-18,2017-18,2017,2016-17,SAS,SAS,TRUE,re_signed_standard,roster_continuity,3,29,68,NA,NA,FALSE,FALSE,NA,NA
dante_cunningham_2017_BKN,Dante Cunningham,2017-18,2017-18,2017,2016-17,NOP,BKN,FALSE,new_team,team_change,3,29,82,NA,NA,FALSE,FALSE,NA,NA
dante_exum_2017_UTA,Dante Exum,2017-18,2017-18,2017,2016-17,UTA,UTA,TRUE,re_signed_standard,roster_continuity,3,21,76,NA,NA,FALSE,FALSE,NA,NA
dario_saric_2017_PHI,Dario Saric,2017-18,2017-18,2017,2016-17,PHI,PHI,TRUE,re_signed_standard,roster_continuity,3,22,82,NA,NA,FALSE,FALSE,NA,NA
darrell_arthur_2017_DEN,Darrell Arthur,2017-18,2017-18,2017,2016-17,DEN,DEN,TRUE,re_signed_standard,roster_continuity,3,28,70,NA,NA,FALSE,FALSE,NA,NA
darren_collison_2017_IND,Darren Collison,2017-18,2017-18,2017,2016-17,SAC,IND,FALSE,new_team,team_change,3,29,78,NA,NA,FALSE,FALSE,NA,NA
darrun_hilliard_2017_SAS,Darrun Hilliard,2017-18,2017-18,2017,2016-17,DET,SAS,FALSE,new_team,team_change,3,23,78,NA,NA,FALSE,FALSE,NA,NA
david_west_2017_GSW,David West,2017-18,2017-18,2017,2016-17,GSW,GSW,TRUE,re_signed_standard,roster_continuity,3,36,68,NA,NA,FALSE,FALSE,NA,NA
davis_bertans_2017_SAS,Davis Bertans,2017-18,2017-18,2017,2016-17,SAS,SAS,TRUE,re_signed_standard,roster_continuity,3,24,81,NA,NA,FALSE,FALSE,NA,NA
deandre_bembry_2017_ATL,DeAndre' Bembry,2017-18,2017-18,2017,2016-17,ATL,ATL,TRUE,re_signed_standard,roster_continuity,3,22,72,NA,NA,FALSE,FALSE,NA,NA
deandre_jordan_2017_LAC,DeAndre Jordan,2017-18,2017-18,2017,2016-17,LAC,LAC,TRUE,re_signed_standard,roster_continuity,3,28,81,NA,NA,FALSE,FALSE,NA,NA
deandre_liggins_2017_NOP,DeAndre Liggins,2017-18,2017-18,2017,2016-17,DAL,NOP,FALSE,new_team,team_change,3,28,77,NA,NA,FALSE,FALSE,NA,NA
dejounte_murray_2017_SAS,Dejounte Murray,2017-18,2017-18,2017,2016-17,SAS,SAS,TRUE,re_signed_standard,roster_continuity,3,20,52,NA,NA,FALSE,FALSE,NA,NA
delon_wright_2017_TOR,Delon Wright,2017-18,2017-18,2017,2016-17,TOR,TOR,TRUE,re_signed_standard,roster_continuity,3,24,42,NA,NA,FALSE,FALSE,NA,NA
demar_derozan_2017_TOR,DeMar DeRozan,2017-18,2017-18,2017,2016-17,TOR,TOR,TRUE,re_signed_standard,roster_continuity,3,27,74,NA,NA,FALSE,FALSE,NA,NA
demarcus_cousins_2017_NOP,DeMarcus Cousins,2017-18,2017-18,2017,2016-17,NOP,NOP,TRUE,re_signed_standard,roster_continuity,3,26,82,NA,NA,FALSE,FALSE,NA,NA
demarre_carroll_2017_BKN,DeMarre Carroll,2017-18,2017-18,2017,2016-17,TOR,BKN,FALSE,new_team,team_change,3,30,81,NA,NA,FALSE,FALSE,NA,NA
dennis_schroder_2017_ATL,Dennis Schroder,2017-18,2017-18,2017,2016-17,ATL,ATL,TRUE,re_signed_standard,roster_continuity,3,23,80,NA,NA,FALSE,FALSE,NA,NA
denzel_valentine_2017_CHI,Denzel Valentine,2017-18,2017-18,2017,2016-17,CHI,CHI,TRUE,re_signed_standard,roster_continuity,3,23,78,NA,NA,FALSE,FALSE,NA,NA
derrick_favors_2017_UTA,Derrick Favors,2017-18,2017-18,2017,2016-17,UTA,UTA,TRUE,re_signed_standard,roster_continuity,3,25,52,NA,NA,FALSE,FALSE,NA,NA
derrick_jones_2017_MIA,Derrick Jones Jr.,2017-18,2017-18,2017,2016-17,PHX,MIA,FALSE,new_team,team_change,3,19,40,NA,NA,FALSE,FALSE,NA,NA
derrick_rose_2017_MIN,Derrick Rose,2017-18,2017-18,2017,2016-17,NYK,MIN,FALSE,new_team,team_change,3,28,66,NA,NA,FALSE,FALSE,NA,NA
derrick_williams_2017_LAL,Derrick Williams,2017-18,2017-18,2017,2016-17,CLE,LAL,FALSE,new_team,team_change,3,25,82,NA,NA,FALSE,FALSE,NA,NA
devin_booker_2017_PHX,Devin Booker,2017-18,2017-18,2017,2016-17,PHX,PHX,TRUE,re_signed_standard,roster_continuity,3,20,79,NA,NA,FALSE,FALSE,NA,NA
devin_harris_2017_DEN,Devin Harris,2017-18,2017-18,2017,2016-17,DAL,DEN,FALSE,new_team,team_change,3,33,66,NA,NA,FALSE,FALSE,NA,NA
dewayne_dedmon_2017_ATL,Dewayne Dedmon,2017-18,2017-18,2017,2016-17,SAS,ATL,FALSE,new_team,team_change,3,27,76,NA,NA,FALSE,FALSE,NA,NA
deyonta_davis_2017_MEM,Deyonta Davis,2017-18,2017-18,2017,2016-17,MEM,MEM,TRUE,re_signed_standard,roster_continuity,3,20,61,NA,NA,FALSE,FALSE,NA,NA
dion_waiters_2017_MIA,Dion Waiters,2017-18,2017-18,2017,2016-17,MIA,MIA,TRUE,re_signed_standard,roster_continuity,3,25,63,NA,NA,FALSE,FALSE,NA,NA
dirk_nowitzki_2017_DAL,Dirk Nowitzki,2017-18,2017-18,2017,2016-17,DAL,DAL,TRUE,re_signed_standard,roster_continuity,3,38,59,NA,NA,FALSE,FALSE,NA,NA
dj_augustin_2017_ORL,D.J. Augustin,2017-18,2017-18,2017,2016-17,ORL,ORL,TRUE,re_signed_standard,roster_continuity,3,29,82,NA,NA,FALSE,FALSE,NA,NA
domantas_sabonis_2017_IND,Domantas Sabonis,2017-18,2017-18,2017,2016-17,OKC,IND,FALSE,new_team,team_change,3,20,82,NA,NA,FALSE,FALSE,NA,NA
dorian_finney-smith_2017_DAL,Dorian Finney-Smith,2017-18,2017-18,2017,2016-17,DAL,DAL,TRUE,re_signed_standard,roster_continuity,3,23,82,NA,NA,FALSE,FALSE,NA,NA
doug_mcdermott_2017_DAL,Doug McDermott,2017-18,2017-18,2017,2016-17,OKC,DAL,FALSE,new_team,team_change,3,25,67,NA,NA,FALSE,FALSE,NA,NA
dragan_bender_2017_PHX,Dragan Bender,2017-18,2017-18,2017,2016-17,PHX,PHX,TRUE,re_signed_standard,roster_continuity,3,19,51,NA,NA,FALSE,FALSE,NA,NA
draymond_green_2017_GSW,Draymond Green,2017-18,2017-18,2017,2016-17,GSW,GSW,TRUE,re_signed_standard,roster_continuity,3,26,80,NA,NA,FALSE,FALSE,NA,NA
dwight_howard_2017_CHA,Dwight Howard,2017-18,2017-18,2017,2016-17,ATL,CHA,FALSE,new_team,team_change,3,31,77,NA,NA,FALSE,FALSE,NA,NA
dwight_powell_2017_DAL,Dwight Powell,2017-18,2017-18,2017,2016-17,DAL,DAL,TRUE,re_signed_standard,roster_continuity,3,25,82,NA,NA,FALSE,FALSE,NA,NA
dwyane_wade_2017_MIA,Dwyane Wade,2017-18,2017-18,2017,2016-17,CHI,MIA,FALSE,new_team,team_change,3,35,66,NA,NA,FALSE,FALSE,NA,NA
ed_davis_2017_POR,Ed Davis,2017-18,2017-18,2017,2016-17,POR,POR,TRUE,re_signed_standard,roster_continuity,3,27,66,NA,NA,FALSE,FALSE,NA,NA
elfrid_payton_2017_PHX,Elfrid Payton,2017-18,2017-18,2017,2016-17,ORL,PHX,FALSE,new_team,team_change,3,22,82,NA,NA,FALSE,FALSE,NA,NA
emmanuel_mudiay_2017_NYK,Emmanuel Mudiay,2017-18,2017-18,2017,2016-17,DEN,NYK,FALSE,new_team,team_change,3,20,73,NA,NA,FALSE,FALSE,NA,NA
enes_freedom_2017_NYK,Enes Freedom,2017-18,2017-18,2017,2016-17,OKC,NYK,FALSE,new_team,team_change,3,24,72,NA,NA,FALSE,FALSE,NA,NA
eric_bledsoe_2017_MIL,Eric Bledsoe,2017-18,2017-18,2017,2016-17,PHX,MIL,FALSE,new_team,team_change,3,27,81,NA,NA,FALSE,FALSE,NA,NA
eric_gordon_2017_HOU,Eric Gordon,2017-18,2017-18,2017,2016-17,HOU,HOU,TRUE,re_signed_standard,roster_continuity,3,28,81,NA,NA,FALSE,FALSE,NA,NA
ersan_ilyasova_2017_PHI,Ersan Ilyasova,2017-18,2017-18,2017,2016-17,ATL,PHI,FALSE,new_team,team_change,3,29,83,NA,NA,FALSE,FALSE,NA,NA
etwaun_moore_2017_NOP,E'Twaun Moore,2017-18,2017-18,2017,2016-17,NOP,NOP,TRUE,re_signed_standard,roster_continuity,3,27,82,NA,NA,FALSE,FALSE,NA,NA
evan_fournier_2017_ORL,Evan Fournier,2017-18,2017-18,2017,2016-17,ORL,ORL,TRUE,re_signed_standard,roster_continuity,3,24,76,NA,NA,FALSE,FALSE,NA,NA
evan_turner_2017_POR,Evan Turner,2017-18,2017-18,2017,2016-17,POR,POR,TRUE,re_signed_standard,roster_continuity,3,28,68,NA,NA,FALSE,FALSE,NA,NA
frank_kaminsky_2017_CHA,Frank Kaminsky,2017-18,2017-18,2017,2016-17,CHA,CHA,TRUE,re_signed_standard,roster_continuity,3,23,80,NA,NA,FALSE,FALSE,NA,NA
fred_vanvleet_2017_TOR,Fred VanVleet,2017-18,2017-18,2017,2016-17,TOR,TOR,TRUE,re_signed_standard,roster_continuity,3,22,74,NA,NA,FALSE,FALSE,NA,NA
garrett_temple_2017_SAC,Garrett Temple,2017-18,2017-18,2017,2016-17,SAC,SAC,TRUE,re_signed_standard,roster_continuity,3,30,71,NA,NA,FALSE,FALSE,NA,NA
gary_harris_2017_DEN,Gary Harris,2017-18,2017-18,2017,2016-17,DEN,DEN,TRUE,re_signed_standard,roster_continuity,3,22,61,NA,NA,FALSE,FALSE,NA,NA
george_hill_2017_CLE,George Hill,2017-18,2017-18,2017,2016-17,UTA,CLE,FALSE,new_team,team_change,3,30,69,NA,NA,FALSE,FALSE,NA,NA
georges_niang_2017_UTA,Georges Niang,2017-18,2017-18,2017,2016-17,IND,UTA,FALSE,new_team,team_change,3,23,47,NA,NA,FALSE,FALSE,NA,NA
gerald_green_2017_HOU,Gerald Green,2017-18,2017-18,2017,2016-17,BOS,HOU,FALSE,new_team,team_change,3,31,76,NA,NA,FALSE,FALSE,NA,NA
giannis_antetokounmpo_2017_MIL,Giannis Antetokounmpo,2017-18,2017-18,2017,2016-17,MIL,MIL,TRUE,re_signed_standard,roster_continuity,3,22,82,NA,NA,FALSE,FALSE,NA,NA
glenn_robinson_2017_IND,Glenn Robinson III,2017-18,2017-18,2017,2016-17,IND,IND,TRUE,re_signed_standard,roster_continuity,3,23,71,NA,NA,FALSE,FALSE,NA,NA
goran_dragic_2017_MIA,Goran Dragic,2017-18,2017-18,2017,2016-17,MIA,MIA,TRUE,re_signed_standard,roster_continuity,3,30,82,NA,NA,FALSE,FALSE,NA,NA
gordon_hayward_2017_BOS,Gordon Hayward,2017-18,2017-18,2017,2016-17,UTA,BOS,FALSE,new_team,team_change,3,26,76,NA,NA,FALSE,FALSE,NA,NA
gorgui_dieng_2017_MIN,Gorgui Dieng,2017-18,2017-18,2017,2016-17,MIN,MIN,TRUE,re_signed_standard,roster_continuity,3,27,82,NA,NA,FALSE,FALSE,NA,NA
greg_monroe_2017_BOS,Greg Monroe,2017-18,2017-18,2017,2016-17,MIL,BOS,FALSE,new_team,team_change,3,26,82,NA,NA,FALSE,FALSE,NA,NA
harrison_barnes_2017_DAL,Harrison Barnes,2017-18,2017-18,2017,2016-17,DAL,DAL,TRUE,re_signed_standard,roster_continuity,3,24,82,NA,NA,FALSE,FALSE,NA,NA
hassan_whiteside_2017_MIA,Hassan Whiteside,2017-18,2017-18,2017,2016-17,MIA,MIA,TRUE,re_signed_standard,roster_continuity,3,27,82,NA,NA,FALSE,FALSE,NA,NA
henry_ellenson_2017_DET,Henry Ellenson,2017-18,2017-18,2017,2016-17,DET,DET,TRUE,re_signed_standard,roster_continuity,3,20,45,NA,NA,FALSE,FALSE,NA,NA
ian_clark_2017_NOP,Ian Clark,2017-18,2017-18,2017,2016-17,GSW,NOP,FALSE,new_team,team_change,3,25,81,NA,NA,FALSE,FALSE,NA,NA
iman_shumpert_2017_SAC,Iman Shumpert,2017-18,2017-18,2017,2016-17,CLE,SAC,FALSE,new_team,team_change,3,26,81,NA,NA,FALSE,FALSE,NA,NA
isaiah_canaan_2017_PHX,Isaiah Canaan,2017-18,2017-18,2017,2016-17,CHI,PHX,FALSE,new_team,team_change,3,25,72,NA,NA,FALSE,FALSE,NA,NA
isaiah_thomas_2017_LAL,Isaiah Thomas,2017-18,2017-18,2017,2016-17,BOS,LAL,FALSE,new_team,team_change,3,27,76,NA,NA,FALSE,FALSE,NA,NA
isaiah_whitehead_2017_BKN,Isaiah Whitehead,2017-18,2017-18,2017,2016-17,BKN,BKN,TRUE,re_signed_standard,roster_continuity,3,21,77,NA,NA,FALSE,FALSE,NA,NA
ish_smith_2017_DET,Ish Smith,2017-18,2017-18,2017,2016-17,DET,DET,TRUE,re_signed_standard,roster_continuity,3,28,82,NA,NA,FALSE,FALSE,NA,NA
ivica_zubac_2017_LAL,Ivica Zubac,2017-18,2017-18,2017,2016-17,LAL,LAL,TRUE,re_signed_standard,roster_continuity,3,19,50,NA,NA,FALSE,FALSE,NA,NA
jabari_parker_2017_MIL,Jabari Parker,2017-18,2017-18,2017,2016-17,MIL,MIL,TRUE,re_signed_standard,roster_continuity,3,21,51,NA,NA,FALSE,FALSE,NA,NA
jae_crowder_2017_UTA,Jae Crowder,2017-18,2017-18,2017,2016-17,BOS,UTA,FALSE,new_team,team_change,3,26,72,NA,NA,FALSE,FALSE,NA,NA
jahlil_okafor_2017_BKN,Jahlil Okafor,2017-18,2017-18,2017,2016-17,PHI,BKN,FALSE,new_team,team_change,3,21,82,NA,NA,FALSE,FALSE,NA,NA
jake_layman_2017_POR,Jake Layman,2017-18,2017-18,2017,2016-17,POR,POR,TRUE,re_signed_standard,roster_continuity,3,22,75,NA,NA,FALSE,FALSE,NA,NA
jakob_poeltl_2017_TOR,Jakob Poeltl,2017-18,2017-18,2017,2016-17,TOR,TOR,TRUE,re_signed_standard,roster_continuity,3,21,82,NA,NA,FALSE,FALSE,NA,NA
jamal_crawford_2017_MIN,Jamal Crawford,2017-18,2017-18,2017,2016-17,LAC,MIN,FALSE,new_team,team_change,3,36,82,NA,NA,FALSE,FALSE,NA,NA
jamal_murray_2017_DEN,Jamal Murray,2017-18,2017-18,2017,2016-17,DEN,DEN,TRUE,re_signed_standard,roster_continuity,3,19,82,NA,NA,FALSE,FALSE,NA,NA
jameer_nelson_2017_DET,Jameer Nelson,2017-18,2017-18,2017,2016-17,DEN,DET,FALSE,new_team,team_change,3,34,78,NA,NA,FALSE,FALSE,NA,NA
james_ennis_2017_DET,James Ennis III,2017-18,2017-18,2017,2016-17,MEM,DET,FALSE,new_team,team_change,3,26,81,NA,NA,FALSE,FALSE,NA,NA
james_harden_2017_HOU,James Harden,2017-18,2017-18,2017,2016-17,HOU,HOU,TRUE,re_signed_supermax,supermax,3,27,81,NA,NA,TRUE,TRUE,NA,NA
james_johnson_2017_MIA,James Johnson,2017-18,2017-18,2017,2016-17,MIA,MIA,TRUE,re_signed_standard,roster_continuity,3,29,82,NA,NA,FALSE,FALSE,NA,NA
james_michael_mcadoo_2017_PHI,James Michael McAdoo,2017-18,2017-18,2017,2016-17,GSW,PHI,FALSE,new_team,team_change,3,24,62,NA,NA,FALSE,FALSE,NA,NA
james_young_2017_PHI,James Young,2017-18,2017-18,2017,2016-17,BOS,PHI,FALSE,new_team,team_change,3,21,67,NA,NA,FALSE,FALSE,NA,NA
jamychal_green_2017_MEM,JaMychal Green,2017-18,2017-18,2017,2016-17,MEM,MEM,TRUE,re_signed_standard,roster_continuity,3,26,82,NA,NA,FALSE,FALSE,NA,NA
jared_dudley_2017_PHX,Jared Dudley,2017-18,2017-18,2017,2016-17,PHX,PHX,TRUE,re_signed_standard,roster_continuity,3,31,79,NA,NA,FALSE,FALSE,NA,NA
jarell_martin_2017_MEM,Jarell Martin,2017-18,2017-18,2017,2016-17,MEM,MEM,TRUE,re_signed_standard,roster_continuity,3,22,53,NA,NA,FALSE,FALSE,NA,NA
jason_smith_2017_WAS,Jason Smith,2017-18,2017-18,2017,2016-17,WAS,WAS,TRUE,re_signed_standard,roster_continuity,3,30,82,NA,NA,FALSE,FALSE,NA,NA
jason_terry_2017_MIL,Jason Terry,2017-18,2017-18,2017,2016-17,MIL,MIL,TRUE,re_signed_standard,roster_continuity,3,39,79,NA,NA,FALSE,FALSE,NA,NA
javale_mcgee_2017_GSW,JaVale McGee,2017-18,2017-18,2017,2016-17,GSW,GSW,TRUE,re_signed_standard,roster_continuity,3,29,82,NA,NA,FALSE,FALSE,NA,NA
jaylen_brown_2017_BOS,Jaylen Brown,2017-18,2017-18,2017,2016-17,BOS,BOS,TRUE,re_signed_standard,roster_continuity,3,20,79,NA,NA,FALSE,FALSE,NA,NA
jeff_green_2017_CLE,Jeff Green,2017-18,2017-18,2017,2016-17,ORL,CLE,FALSE,new_team,team_change,3,30,70,NA,NA,FALSE,FALSE,NA,NA
jeff_teague_2017_MIN,Jeff Teague,2017-18,2017-18,2017,2016-17,IND,MIN,FALSE,new_team,team_change,3,28,82,NA,NA,FALSE,FALSE,NA,NA
jeff_withey_2017_DAL,Jeff Withey,2017-18,2017-18,2017,2016-17,UTA,DAL,FALSE,new_team,team_change,3,26,82,NA,NA,FALSE,FALSE,NA,NA
jerami_grant_2017_OKC,Jerami Grant,2017-18,2017-18,2017,2016-17,OKC,OKC,TRUE,re_signed_standard,roster_continuity,3,22,81,NA,NA,FALSE,FALSE,NA,NA
jeremy_lamb_2017_CHA,Jeremy Lamb,2017-18,2017-18,2017,2016-17,CHA,CHA,TRUE,re_signed_standard,roster_continuity,3,24,73,NA,NA,FALSE,FALSE,NA,NA
jerian_grant_2017_CHI,Jerian Grant,2017-18,2017-18,2017,2016-17,CHI,CHI,TRUE,re_signed_standard,roster_continuity,3,24,79,NA,NA,FALSE,FALSE,NA,NA
jimmy_butler_2017_MIN,Jimmy Butler,2017-18,2017-18,2017,2016-17,CHI,MIN,FALSE,new_team,team_change,3,27,80,NA,NA,FALSE,FALSE,NA,NA
jj_barea_2017_DAL,J.J. Barea,2017-18,2017-18,2017,2016-17,DAL,DAL,TRUE,re_signed_standard,roster_continuity,3,32,40,NA,NA,FALSE,FALSE,NA,NA
jj_redick_2017_PHI,JJ Redick,2017-18,2017-18,2017,2016-17,LAC,PHI,FALSE,new_team,team_change,3,32,81,NA,NA,FALSE,FALSE,NA,NA
joakim_noah_2017_NYK,Joakim Noah,2017-18,2017-18,2017,2016-17,NYK,NYK,TRUE,re_signed_standard,roster_continuity,3,31,52,NA,NA,FALSE,FALSE,NA,NA
jodie_meeks_2017_WAS,Jodie Meeks,2017-18,2017-18,2017,2016-17,ORL,WAS,FALSE,new_team,team_change,3,29,40,NA,NA,FALSE,FALSE,NA,NA
joe_harris_2017_BKN,Joe Harris,2017-18,2017-18,2017,2016-17,BKN,BKN,TRUE,re_signed_standard,roster_continuity,3,25,55,NA,NA,FALSE,FALSE,NA,NA
joe_ingles_2017_UTA,Joe Ingles,2017-18,2017-18,2017,2016-17,UTA,UTA,TRUE,re_signed_standard,roster_continuity,3,29,82,NA,NA,FALSE,FALSE,NA,NA
joe_johnson_2017_HOU,Joe Johnson,2017-18,2017-18,2017,2016-17,UTA,HOU,FALSE,new_team,team_change,3,35,81,NA,NA,FALSE,FALSE,NA,NA
joe_young_2017_IND,Joe Young,2017-18,2017-18,2017,2016-17,IND,IND,TRUE,re_signed_standard,roster_continuity,3,24,74,NA,NA,FALSE,FALSE,NA,NA
joel_bolomboy_2017_MIL,Joel Bolomboy,2017-18,2017-18,2017,2016-17,UTA,MIL,FALSE,new_team,team_change,3,23,50,NA,NA,FALSE,FALSE,NA,NA
joel_embiid_2017_PHI,Joel Embiid,2017-18,2017-18,2017,2016-17,PHI,PHI,TRUE,re_signed_standard,roster_continuity,3,22,59,NA,NA,FALSE,FALSE,NA,NA
joffrey_lauvergne_2017_SAS,Joffrey Lauvergne,2017-18,2017-18,2017,2016-17,CHI,SAS,FALSE,new_team,team_change,3,25,82,NA,NA,FALSE,FALSE,NA,NA
john_henson_2017_MIL,John Henson,2017-18,2017-18,2017,2016-17,MIL,MIL,TRUE,re_signed_standard,roster_continuity,3,26,77,NA,NA,FALSE,FALSE,NA,NA
john_wall_2017_WAS,John Wall,2017-18,2017-18,2017,2016-17,WAS,WAS,TRUE,re_signed_supermax,supermax,3,26,79,NA,NA,TRUE,TRUE,NA,NA
jon_leuer_2017_DET,Jon Leuer,2017-18,2017-18,2017,2016-17,DET,DET,TRUE,re_signed_standard,roster_continuity,3,27,80,NA,NA,FALSE,FALSE,NA,NA
jonas_jerebko_2017_UTA,Jonas Jerebko,2017-18,2017-18,2017,2016-17,BOS,UTA,FALSE,new_team,team_change,3,29,80,NA,NA,FALSE,FALSE,NA,NA
jonas_valanciunas_2017_TOR,Jonas Valanciunas,2017-18,2017-18,2017,2016-17,TOR,TOR,TRUE,re_signed_standard,roster_continuity,3,24,82,NA,NA,FALSE,FALSE,NA,NA
jonathon_simmons_2017_ORL,Jonathon Simmons,2017-18,2017-18,2017,2016-17,SAS,ORL,FALSE,new_team,team_change,3,27,79,NA,NA,FALSE,FALSE,NA,NA
jordan_clarkson_2017_CLE,Jordan Clarkson,2017-18,2017-18,2017,2016-17,LAL,CLE,FALSE,new_team,team_change,3,24,82,NA,NA,FALSE,FALSE,NA,NA
jordan_mickey_2017_MIA,Jordan Mickey,2017-18,2017-18,2017,2016-17,BOS,MIA,FALSE,new_team,team_change,3,22,53,NA,NA,FALSE,FALSE,NA,NA
jose_calderon_2017_CLE,Jose Calderon,2017-18,2017-18,2017,2016-17,ATL,CLE,FALSE,new_team,team_change,3,35,68,NA,NA,FALSE,FALSE,NA,NA
josh_richardson_2017_MIA,Josh Richardson,2017-18,2017-18,2017,2016-17,MIA,MIA,TRUE,re_signed_standard,roster_continuity,3,23,82,NA,NA,FALSE,FALSE,NA,NA
jrue_holiday_2017_NOP,Jrue Holiday,2017-18,2017-18,2017,2016-17,NOP,NOP,TRUE,re_signed_standard,roster_continuity,3,26,81,NA,NA,FALSE,FALSE,NA,NA
juancho_hernangomez_2017_DEN,Juancho Hernangomez,2017-18,2017-18,2017,2016-17,DEN,DEN,TRUE,re_signed_standard,roster_continuity,3,21,81,NA,NA,FALSE,FALSE,NA,NA
julius_randle_2017_LAL,Julius Randle,2017-18,2017-18,2017,2016-17,LAL,LAL,TRUE,re_signed_standard,roster_continuity,3,22,79,NA,NA,FALSE,FALSE,NA,NA
justin_anderson_2017_PHI,Justin Anderson,2017-18,2017-18,2017,2016-17,PHI,PHI,TRUE,re_signed_standard,roster_continuity,3,23,82,NA,NA,FALSE,FALSE,NA,NA
justin_holiday_2017_CHI,Justin Holiday,2017-18,2017-18,2017,2016-17,NYK,CHI,FALSE,new_team,team_change,3,27,81,NA,NA,FALSE,FALSE,NA,NA
justise_winslow_2017_MIA,Justise Winslow,2017-18,2017-18,2017,2016-17,MIA,MIA,TRUE,re_signed_standard,roster_continuity,3,20,41,NA,NA,FALSE,FALSE,NA,NA
jusuf_nurkic_2017_POR,Jusuf Nurkic,2017-18,2017-18,2017,2016-17,POR,POR,TRUE,re_signed_standard,roster_continuity,3,22,76,NA,NA,FALSE,FALSE,NA,NA
karl-anthony_towns_2017_MIN,Karl-Anthony Towns,2017-18,2017-18,2017,2016-17,MIN,MIN,TRUE,re_signed_standard,roster_continuity,3,21,82,NA,NA,FALSE,FALSE,NA,NA
kawhi_leonard_2017_SAS,Kawhi Leonard,2017-18,2017-18,2017,2016-17,SAS,SAS,TRUE,re_signed_standard,roster_continuity,3,25,80,NA,NA,FALSE,FALSE,NA,NA
kay_felder_2017_DET,Kay Felder,2017-18,2017-18,2017,2016-17,CLE,DET,FALSE,new_team,team_change,3,21,60,NA,NA,FALSE,FALSE,NA,NA
kelly_olynyk_2017_MIA,Kelly Olynyk,2017-18,2017-18,2017,2016-17,BOS,MIA,FALSE,new_team,team_change,3,25,76,NA,NA,FALSE,FALSE,NA,NA
kelly_oubre_2017_WAS,Kelly Oubre Jr.,2017-18,2017-18,2017,2016-17,WAS,WAS,TRUE,re_signed_standard,roster_continuity,3,21,81,NA,NA,FALSE,FALSE,NA,NA
kemba_walker_2017_CHA,Kemba Walker,2017-18,2017-18,2017,2016-17,CHA,CHA,TRUE,re_signed_standard,roster_continuity,3,26,82,NA,NA,FALSE,FALSE,NA,NA
kenneth_faried_2017_DEN,Kenneth Faried,2017-18,2017-18,2017,2016-17,DEN,DEN,TRUE,re_signed_standard,roster_continuity,3,27,66,NA,NA,FALSE,FALSE,NA,NA
kent_bazemore_2017_ATL,Kent Bazemore,2017-18,2017-18,2017,2016-17,ATL,ATL,TRUE,re_signed_standard,roster_continuity,3,27,73,NA,NA,FALSE,FALSE,NA,NA
kentavious_caldwell-pope_2017_LAL,Kentavious Caldwell-Pope,2017-18,2017-18,2017,2016-17,DET,LAL,FALSE,new_team,team_change,3,23,77,NA,NA,FALSE,FALSE,NA,NA
kevin_durant_2017_GSW,Kevin Durant,2017-18,2017-18,2017,2016-17,GSW,GSW,TRUE,re_signed_standard,roster_continuity,3,28,62,NA,NA,FALSE,FALSE,NA,NA
kevin_love_2017_CLE,Kevin Love,2017-18,2017-18,2017,2016-17,CLE,CLE,TRUE,re_signed_standard,roster_continuity,3,28,68,NA,NA,FALSE,FALSE,NA,NA
kevon_looney_2017_GSW,Kevon Looney,2017-18,2017-18,2017,2016-17,GSW,GSW,TRUE,re_signed_standard,roster_continuity,3,20,76,NA,NA,FALSE,FALSE,NA,NA
klay_thompson_2017_GSW,Klay Thompson,2017-18,2017-18,2017,2016-17,GSW,GSW,TRUE,re_signed_standard,roster_continuity,3,26,81,NA,NA,FALSE,FALSE,NA,NA
kosta_koufos_2017_SAC,Kosta Koufos,2017-18,2017-18,2017,2016-17,SAC,SAC,TRUE,re_signed_standard,roster_continuity,3,27,82,NA,NA,FALSE,FALSE,NA,NA
kris_dunn_2017_CHI,Kris Dunn,2017-18,2017-18,2017,2016-17,MIN,CHI,FALSE,new_team,team_change,3,22,82,NA,NA,FALSE,FALSE,NA,NA
kristaps_porzingis_2017_NYK,Kristaps Porzingis,2017-18,2017-18,2017,2016-17,NYK,NYK,TRUE,re_signed_standard,roster_continuity,3,21,69,NA,NA,FALSE,FALSE,NA,NA
kyle_anderson_2017_SAS,Kyle Anderson,2017-18,2017-18,2017,2016-17,SAS,SAS,TRUE,re_signed_standard,roster_continuity,3,23,81,NA,NA,FALSE,FALSE,NA,NA
kyle_korver_2017_CLE,Kyle Korver,2017-18,2017-18,2017,2016-17,CLE,CLE,TRUE,re_signed_standard,roster_continuity,3,35,76,NA,NA,FALSE,FALSE,NA,NA
kyle_lowry_2017_TOR,Kyle Lowry,2017-18,2017-18,2017,2016-17,TOR,TOR,TRUE,re_signed_standard,roster_continuity,3,30,61,NA,NA,FALSE,FALSE,NA,NA
kyle_oquinn_2017_NYK,Kyle O'Quinn,2017-18,2017-18,2017,2016-17,NYK,NYK,TRUE,re_signed_standard,roster_continuity,3,26,79,NA,NA,FALSE,FALSE,NA,NA
kyle_singler_2017_OKC,Kyle Singler,2017-18,2017-18,2017,2016-17,OKC,OKC,TRUE,re_signed_standard,roster_continuity,3,28,67,NA,NA,FALSE,FALSE,NA,NA
kyrie_irving_2017_BOS,Kyrie Irving,2017-18,2017-18,2017,2016-17,CLE,BOS,FALSE,new_team,team_change,3,24,80,NA,NA,FALSE,FALSE,NA,NA
lamarcus_aldridge_2017_SAS,LaMarcus Aldridge,2017-18,2017-18,2017,2016-17,SAS,SAS,TRUE,re_signed_standard,roster_continuity,3,31,75,NA,NA,FALSE,FALSE,NA,NA
lance_thomas_2017_NYK,Lance Thomas,2017-18,2017-18,2017,2016-17,NYK,NYK,TRUE,re_signed_standard,roster_continuity,3,28,48,NA,NA,FALSE,FALSE,NA,NA
langston_galloway_2017_DET,Langston Galloway,2017-18,2017-18,2017,2016-17,SAC,DET,FALSE,new_team,team_change,3,25,82,NA,NA,FALSE,FALSE,NA,NA
larry_nance_2017_CLE,Larry Nance Jr.,2017-18,2017-18,2017,2016-17,LAL,CLE,FALSE,new_team,team_change,3,24,66,NA,NA,FALSE,FALSE,NA,NA
lebron_james_2017_CLE,LeBron James,2017-18,2017-18,2017,2016-17,CLE,CLE,TRUE,re_signed_standard,roster_continuity,3,32,81,NA,NA,FALSE,FALSE,NA,NA
lou_williams_2017_LAC,Lou Williams,2017-18,2017-18,2017,2016-17,HOU,LAC,FALSE,new_team,team_change,3,30,82,NA,NA,FALSE,FALSE,NA,NA
luc_mbah_a_moute_2017_HOU,Luc Mbah a Moute,2017-18,2017-18,2017,2016-17,LAC,HOU,FALSE,new_team,team_change,3,30,82,NA,NA,FALSE,FALSE,NA,NA
lucas_nogueira_2017_TOR,Lucas Nogueira,2017-18,2017-18,2017,2016-17,TOR,TOR,TRUE,re_signed_standard,roster_continuity,3,24,80,NA,NA,FALSE,FALSE,NA,NA
luke_babbitt_2017_MIA,Luke Babbitt,2017-18,2017-18,2017,2016-17,MIA,MIA,TRUE,re_signed_standard,roster_continuity,3,27,82,NA,NA,FALSE,FALSE,NA,NA
luol_deng_2017_LAL,Luol Deng,2017-18,2017-18,2017,2016-17,LAL,LAL,TRUE,re_signed_standard,roster_continuity,3,31,63,NA,NA,FALSE,FALSE,NA,NA
malachi_richardson_2017_TOR,Malachi Richardson,2017-18,2017-18,2017,2016-17,SAC,TOR,FALSE,new_team,team_change,3,21,43,NA,NA,FALSE,FALSE,NA,NA
malcolm_brogdon_2017_MIL,Malcolm Brogdon,2017-18,2017-18,2017,2016-17,MIL,MIL,TRUE,re_signed_standard,roster_continuity,3,24,81,NA,NA,FALSE,FALSE,NA,NA
malcolm_delaney_2017_ATL,Malcolm Delaney,2017-18,2017-18,2017,2016-17,ATL,ATL,TRUE,re_signed_standard,roster_continuity,3,27,80,NA,NA,FALSE,FALSE,NA,NA
malik_beasley_2017_DEN,Malik Beasley,2017-18,2017-18,2017,2016-17,DEN,DEN,TRUE,re_signed_standard,roster_continuity,3,20,55,NA,NA,FALSE,FALSE,NA,NA
manu_ginobili_2017_SAS,Manu Ginobili,2017-18,2017-18,2017,2016-17,SAS,SAS,TRUE,re_signed_standard,roster_continuity,3,39,74,NA,NA,FALSE,FALSE,NA,NA
marc_gasol_2017_MEM,Marc Gasol,2017-18,2017-18,2017,2016-17,MEM,MEM,TRUE,re_signed_standard,roster_continuity,3,32,82,NA,NA,FALSE,FALSE,NA,NA
marcin_gortat_2017_WAS,Marcin Gortat,2017-18,2017-18,2017,2016-17,WAS,WAS,TRUE,re_signed_standard,roster_continuity,3,32,82,NA,NA,FALSE,FALSE,NA,NA
marco_belinelli_2017_PHI,Marco Belinelli,2017-18,2017-18,2017,2016-17,CHA,PHI,FALSE,new_team,team_change,3,30,78,NA,NA,FALSE,FALSE,NA,NA
marcus_morris_2017_BOS,Marcus Morris Sr.,2017-18,2017-18,2017,2016-17,DET,BOS,FALSE,new_team,team_change,3,27,82,NA,NA,FALSE,FALSE,NA,NA
marcus_smart_2017_BOS,Marcus Smart,2017-18,2017-18,2017,2016-17,BOS,BOS,TRUE,re_signed_standard,roster_continuity,3,22,79,NA,NA,FALSE,FALSE,NA,NA
mario_hezonja_2017_ORL,Mario Hezonja,2017-18,2017-18,2017,2016-17,ORL,ORL,TRUE,re_signed_standard,roster_continuity,3,21,82,NA,NA,FALSE,FALSE,NA,NA
markieff_morris_2017_WAS,Markieff Morris,2017-18,2017-18,2017,2016-17,WAS,WAS,TRUE,re_signed_standard,roster_continuity,3,27,78,NA,NA,FALSE,FALSE,NA,NA
marquese_chriss_2017_PHX,Marquese Chriss,2017-18,2017-18,2017,2016-17,PHX,PHX,TRUE,re_signed_standard,roster_continuity,3,19,82,NA,NA,FALSE,FALSE,NA,NA
marreese_speights_2017_ORL,Marreese Speights,2017-18,2017-18,2017,2016-17,LAC,ORL,FALSE,new_team,team_change,3,29,82,NA,NA,FALSE,FALSE,NA,NA
marshall_plumlee_2017_MIL,Marshall Plumlee,2017-18,2017-18,2017,2016-17,NYK,MIL,FALSE,new_team,team_change,3,24,46,NA,NA,FALSE,FALSE,NA,NA
marvin_williams_2017_CHA,Marvin Williams,2017-18,2017-18,2017,2016-17,CHA,CHA,TRUE,re_signed_standard,roster_continuity,3,30,76,NA,NA,FALSE,FALSE,NA,NA
mason_plumlee_2017_DEN,Mason Plumlee,2017-18,2017-18,2017,2016-17,DEN,DEN,TRUE,re_signed_standard,roster_continuity,3,26,81,NA,NA,FALSE,FALSE,NA,NA
matthew_dellavedova_2017_MIL,Matthew Dellavedova,2017-18,2017-18,2017,2016-17,MIL,MIL,TRUE,re_signed_standard,roster_continuity,3,26,82,NA,NA,FALSE,FALSE,NA,NA
maurice_harkless_2017_POR,Maurice Harkless,2017-18,2017-18,2017,2016-17,POR,POR,TRUE,re_signed_standard,roster_continuity,3,23,81,NA,NA,FALSE,FALSE,NA,NA
meyers_leonard_2017_POR,Meyers Leonard,2017-18,2017-18,2017,2016-17,POR,POR,TRUE,re_signed_standard,roster_continuity,3,24,82,NA,NA,FALSE,FALSE,NA,NA
michael_beasley_2017_NYK,Michael Beasley,2017-18,2017-18,2017,2016-17,MIL,NYK,FALSE,new_team,team_change,3,28,61,NA,NA,FALSE,FALSE,NA,NA
michael_carter-williams_2017_CHA,Michael Carter-Williams,2017-18,2017-18,2017,2016-17,CHI,CHA,FALSE,new_team,team_change,3,25,52,NA,NA,FALSE,FALSE,NA,NA
michael_kidd-gilchrist_2017_CHA,Michael Kidd-Gilchrist,2017-18,2017-18,2017,2016-17,CHA,CHA,TRUE,re_signed_standard,roster_continuity,3,23,81,NA,NA,FALSE,FALSE,NA,NA
mike_conley_2017_MEM,Mike Conley,2017-18,2017-18,2017,2016-17,MEM,MEM,TRUE,re_signed_standard,roster_continuity,3,29,76,NA,NA,FALSE,FALSE,NA,NA
mike_muscala_2017_ATL,Mike Muscala,2017-18,2017-18,2017,2016-17,ATL,ATL,TRUE,re_signed_standard,roster_continuity,3,25,75,NA,NA,FALSE,FALSE,NA,NA
miles_plumlee_2017_ATL,Miles Plumlee,2017-18,2017-18,2017,2016-17,CHA,ATL,FALSE,new_team,team_change,3,28,68,NA,NA,FALSE,FALSE,NA,NA
mindaugas_kuzminskas_2017_NYK,Mindaugas Kuzminskas,2017-18,2017-18,2017,2016-17,NYK,NYK,TRUE,re_signed_standard,roster_continuity,3,27,80,NA,NA,FALSE,FALSE,NA,NA
mirza_teletovic_2017_MIL,Mirza Teletovic,2017-18,2017-18,2017,2016-17,MIL,MIL,TRUE,re_signed_standard,roster_continuity,3,31,82,NA,NA,FALSE,FALSE,NA,NA
montrezl_harrell_2017_LAC,Montrezl Harrell,2017-18,2017-18,2017,2016-17,HOU,LAC,FALSE,new_team,team_change,3,23,81,NA,NA,FALSE,FALSE,NA,NA
myles_turner_2017_IND,Myles Turner,2017-18,2017-18,2017,2016-17,IND,IND,TRUE,re_signed_standard,roster_continuity,3,20,82,NA,NA,FALSE,FALSE,NA,NA
nemanja_bjelica_2017_MIN,Nemanja Bjelica,2017-18,2017-18,2017,2016-17,MIN,MIN,TRUE,re_signed_standard,roster_continuity,3,28,80,NA,NA,FALSE,FALSE,NA,NA
nene_2017_HOU,Nene ,2017-18,2017-18,2017,2016-17,HOU,HOU,TRUE,re_signed_standard,roster_continuity,3,34,82,NA,NA,FALSE,FALSE,NA,NA
nerlens_noel_2017_DAL,Nerlens Noel,2017-18,2017-18,2017,2016-17,DAL,DAL,TRUE,re_signed_standard,roster_continuity,3,22,56,NA,NA,FALSE,FALSE,NA,NA
nick_collison_2017_OKC,Nick Collison,2017-18,2017-18,2017,2016-17,OKC,OKC,TRUE,re_signed_standard,roster_continuity,3,36,82,NA,NA,FALSE,FALSE,NA,NA
nick_young_2017_GSW,Nick Young,2017-18,2017-18,2017,2016-17,LAL,GSW,FALSE,new_team,team_change,3,31,82,NA,NA,FALSE,FALSE,NA,NA
nicolas_batum_2017_CHA,Nicolas Batum,2017-18,2017-18,2017,2016-17,CHA,CHA,TRUE,re_signed_standard,roster_continuity,3,28,81,NA,NA,FALSE,FALSE,NA,NA
nicolas_brussino_2017_ATL,Nicolas Brussino,2017-18,2017-18,2017,2016-17,DAL,ATL,FALSE,new_team,team_change,3,23,80,NA,NA,FALSE,FALSE,NA,NA
nik_stauskas_2017_BKN,Nik Stauskas,2017-18,2017-18,2017,2016-17,PHI,BKN,FALSE,new_team,team_change,3,23,82,NA,NA,FALSE,FALSE,NA,NA
nikola_jokic_2017_DEN,Nikola Jokic,2017-18,2017-18,2017,2016-17,DEN,DEN,TRUE,re_signed_standard,roster_continuity,3,21,74,NA,NA,FALSE,FALSE,NA,NA
nikola_mirotic_2017_NOP,Nikola Mirotic,2017-18,2017-18,2017,2016-17,CHI,NOP,FALSE,new_team,team_change,3,25,78,NA,NA,FALSE,FALSE,NA,NA
nikola_vucevic_2017_ORL,Nikola Vucevic,2017-18,2017-18,2017,2016-17,ORL,ORL,TRUE,re_signed_standard,roster_continuity,3,26,79,NA,NA,FALSE,FALSE,NA,NA
noah_vonleh_2017_CHI,Noah Vonleh,2017-18,2017-18,2017,2016-17,POR,CHI,FALSE,new_team,team_change,3,21,82,NA,NA,FALSE,FALSE,NA,NA
norman_powell_2017_TOR,Norman Powell,2017-18,2017-18,2017,2016-17,TOR,TOR,TRUE,re_signed_standard,roster_continuity,3,23,82,NA,NA,FALSE,FALSE,NA,NA
okaro_white_2017_MIA,Okaro White,2017-18,2017-18,2017,2016-17,MIA,MIA,TRUE,re_signed_standard,roster_continuity,3,24,41,NA,NA,FALSE,FALSE,NA,NA
omer_asik_2017_CHI,Omer Asik,2017-18,2017-18,2017,2016-17,NOP,CHI,FALSE,new_team,team_change,3,30,73,NA,NA,FALSE,FALSE,NA,NA
omri_casspi_2017_GSW,Omri Casspi,2017-18,2017-18,2017,2016-17,MIN,GSW,FALSE,new_team,team_change,3,28,51,NA,NA,FALSE,FALSE,NA,NA
otto_porter_2017_WAS,Otto Porter Jr.,2017-18,2017-18,2017,2016-17,WAS,WAS,TRUE,re_signed_standard,roster_continuity,3,23,80,NA,NA,FALSE,FALSE,NA,NA
pascal_siakam_2017_TOR,Pascal Siakam,2017-18,2017-18,2017,2016-17,TOR,TOR,TRUE,re_signed_standard,roster_continuity,3,22,76,NA,NA,FALSE,FALSE,NA,NA
pat_connaughton_2017_POR,Pat Connaughton,2017-18,2017-18,2017,2016-17,POR,POR,TRUE,re_signed_standard,roster_continuity,3,24,82,NA,NA,FALSE,FALSE,NA,NA
patrick_beverley_2017_LAC,Patrick Beverley,2017-18,2017-18,2017,2016-17,HOU,LAC,FALSE,new_team,team_change,3,28,71,NA,NA,FALSE,FALSE,NA,NA
patrick_mccaw_2017_GSW,Patrick McCaw,2017-18,2017-18,2017,2016-17,GSW,GSW,TRUE,re_signed_standard,roster_continuity,3,21,76,NA,NA,FALSE,FALSE,NA,NA
patrick_patterson_2017_OKC,Patrick Patterson,2017-18,2017-18,2017,2016-17,TOR,OKC,FALSE,new_team,team_change,3,27,78,NA,NA,FALSE,FALSE,NA,NA
patty_mills_2017_SAS,Patty Mills,2017-18,2017-18,2017,2016-17,SAS,SAS,TRUE,re_signed_standard,roster_continuity,3,28,82,NA,NA,FALSE,FALSE,NA,NA
pau_gasol_2017_SAS,Pau Gasol,2017-18,2017-18,2017,2016-17,SAS,SAS,TRUE,re_signed_standard,roster_continuity,3,36,66,NA,NA,FALSE,FALSE,NA,NA
paul_george_2017_OKC,Paul George,2017-18,2017-18,2017,2016-17,IND,OKC,FALSE,new_team,team_change,3,26,78,NA,NA,FALSE,FALSE,NA,NA
paul_millsap_2017_DEN,Paul Millsap,2017-18,2017-18,2017,2016-17,ATL,DEN,FALSE,new_team,team_change,3,31,71,NA,NA,FALSE,FALSE,NA,NA
paul_zipser_2017_CHI,Paul Zipser,2017-18,2017-18,2017,2016-17,CHI,CHI,TRUE,re_signed_standard,roster_continuity,3,22,72,NA,NA,FALSE,FALSE,NA,NA
pj_tucker_2017_HOU,P.J. Tucker,2017-18,2017-18,2017,2016-17,TOR,HOU,FALSE,new_team,team_change,3,31,81,NA,NA,FALSE,FALSE,NA,NA
quincy_acy_2017_BKN,Quincy Acy,2017-18,2017-18,2017,2016-17,BKN,BKN,TRUE,re_signed_standard,roster_continuity,3,26,45,NA,NA,FALSE,FALSE,NA,NA
rajon_rondo_2017_NOP,Rajon Rondo,2017-18,2017-18,2017,2016-17,CHI,NOP,FALSE,new_team,team_change,3,30,77,NA,NA,FALSE,FALSE,NA,NA
ramon_sessions_2017_WAS,Ramon Sessions,2017-18,2017-18,2017,2016-17,CHA,WAS,FALSE,new_team,team_change,3,30,50,NA,NA,FALSE,FALSE,NA,NA
rashad_vaughn_2017_ORL,Rashad Vaughn,2017-18,2017-18,2017,2016-17,MIL,ORL,FALSE,new_team,team_change,3,20,68,NA,NA,FALSE,FALSE,NA,NA
raul_neto_2017_UTA,Raul Neto,2017-18,2017-18,2017,2016-17,UTA,UTA,TRUE,re_signed_standard,roster_continuity,3,24,70,NA,NA,FALSE,FALSE,NA,NA
raymond_felton_2017_OKC,Raymond Felton,2017-18,2017-18,2017,2016-17,LAC,OKC,FALSE,new_team,team_change,3,32,82,NA,NA,FALSE,FALSE,NA,NA
reggie_bullock_2017_DET,Reggie Bullock,2017-18,2017-18,2017,2016-17,DET,DET,TRUE,re_signed_standard,roster_continuity,3,25,46,NA,NA,FALSE,FALSE,NA,NA
reggie_jackson_2017_DET,Reggie Jackson,2017-18,2017-18,2017,2016-17,DET,DET,TRUE,re_signed_standard,roster_continuity,3,26,52,NA,NA,FALSE,FALSE,NA,NA
richard_jefferson_2017_DEN,Richard Jefferson,2017-18,2017-18,2017,2016-17,CLE,DEN,FALSE,new_team,team_change,3,36,82,NA,NA,FALSE,FALSE,NA,NA
richaun_holmes_2017_PHI,Richaun Holmes,2017-18,2017-18,2017,2016-17,PHI,PHI,TRUE,re_signed_standard,roster_continuity,3,23,77,NA,NA,FALSE,FALSE,NA,NA
ricky_rubio_2017_UTA,Ricky Rubio,2017-18,2017-18,2017,2016-17,MIN,UTA,FALSE,new_team,team_change,3,26,76,NA,NA,FALSE,FALSE,NA,NA
robert_covington_2017_PHI,Robert Covington,2017-18,2017-18,2017,2016-17,PHI,PHI,TRUE,re_signed_standard,roster_continuity,3,26,82,NA,NA,FALSE,FALSE,NA,NA
robin_lopez_2017_CHI,Robin Lopez,2017-18,2017-18,2017,2016-17,CHI,CHI,TRUE,re_signed_standard,roster_continuity,3,28,82,NA,NA,FALSE,FALSE,NA,NA
rodney_hood_2017_CLE,Rodney Hood,2017-18,2017-18,2017,2016-17,UTA,CLE,FALSE,new_team,team_change,3,24,67,NA,NA,FALSE,FALSE,NA,NA
rodney_mcgruder_2017_MIA,Rodney McGruder,2017-18,2017-18,2017,2016-17,MIA,MIA,TRUE,re_signed_standard,roster_continuity,3,25,82,NA,NA,FALSE,FALSE,NA,NA
ron_baker_2017_NYK,Ron Baker,2017-18,2017-18,2017,2016-17,NYK,NYK,TRUE,re_signed_standard,roster_continuity,3,23,76,NA,NA,FALSE,FALSE,NA,NA
rondae_hollis-jefferson_2017_BKN,Rondae Hollis-Jefferson,2017-18,2017-18,2017,2016-17,BKN,BKN,TRUE,re_signed_standard,roster_continuity,3,22,82,NA,NA,FALSE,FALSE,NA,NA
rudy_gobert_2017_UTA,Rudy Gobert,2017-18,2017-18,2017,2016-17,UTA,UTA,TRUE,re_signed_standard,roster_continuity,3,24,82,NA,NA,FALSE,FALSE,NA,NA
russell_westbrook_2017_OKC,Russell Westbrook,2017-18,2017-18,2017,2016-17,OKC,OKC,TRUE,re_signed_supermax,supermax,3,28,82,NA,NA,TRUE,TRUE,NA,NA
ryan_anderson_2017_HOU,Ryan Anderson,2017-18,2017-18,2017,2016-17,HOU,HOU,TRUE,re_signed_standard,roster_continuity,3,28,76,NA,NA,FALSE,FALSE,NA,NA
salah_mejri_2017_DAL,Salah Mejri,2017-18,2017-18,2017,2016-17,DAL,DAL,TRUE,re_signed_standard,roster_continuity,3,30,81,NA,NA,FALSE,FALSE,NA,NA
sam_dekker_2017_LAC,Sam Dekker,2017-18,2017-18,2017,2016-17,HOU,LAC,FALSE,new_team,team_change,3,22,77,NA,NA,FALSE,FALSE,NA,NA
sean_kilpatrick_2017_CHI,Sean Kilpatrick,2017-18,2017-18,2017,2016-17,BKN,CHI,FALSE,new_team,team_change,3,27,71,NA,NA,FALSE,FALSE,NA,NA
serge_ibaka_2017_TOR,Serge Ibaka,2017-18,2017-18,2017,2016-17,TOR,TOR,TRUE,re_signed_standard,roster_continuity,3,27,80,NA,NA,FALSE,FALSE,NA,NA
seth_curry_2017_DAL,Seth Curry,2017-18,2017-18,2017,2016-17,DAL,DAL,TRUE,re_signed_standard,roster_continuity,3,26,74,NA,NA,FALSE,FALSE,NA,NA
shabazz_muhammad_2017_MIL,Shabazz Muhammad,2017-18,2017-18,2017,2016-17,MIN,MIL,FALSE,new_team,team_change,3,24,78,NA,NA,FALSE,FALSE,NA,NA
shabazz_napier_2017_POR,Shabazz Napier,2017-18,2017-18,2017,2016-17,POR,POR,TRUE,re_signed_standard,roster_continuity,3,25,82,NA,NA,FALSE,FALSE,NA,NA
shaun_livingston_2017_GSW,Shaun Livingston,2017-18,2017-18,2017,2016-17,GSW,GSW,TRUE,re_signed_standard,roster_continuity,3,31,77,NA,NA,FALSE,FALSE,NA,NA
sheldon_mac_2017_WAS,Sheldon Mac,2017-18,2017-18,2017,2016-17,WAS,WAS,TRUE,re_signed_standard,roster_continuity,3,24,65,NA,NA,FALSE,FALSE,NA,NA
shelvin_mack_2017_ORL,Shelvin Mack,2017-18,2017-18,2017,2016-17,UTA,ORL,FALSE,new_team,team_change,3,26,71,NA,NA,FALSE,FALSE,NA,NA
skal_labissiere_2017_SAC,Skal Labissiere,2017-18,2017-18,2017,2016-17,SAC,SAC,TRUE,re_signed_standard,roster_continuity,3,20,57,NA,NA,FALSE,FALSE,NA,NA
smith_2017_CLE,JR Smith,2017-18,2017-18,2017,2016-17,CLE,CLE,TRUE,re_signed_standard,roster_continuity,3,31,50,NA,NA,FALSE,FALSE,NA,NA
solomon_hill_2017_NOP,Solomon Hill,2017-18,2017-18,2017,2016-17,NOP,NOP,TRUE,re_signed_standard,roster_continuity,3,25,81,NA,NA,FALSE,FALSE,NA,NA
spencer_dinwiddie_2017_BKN,Spencer Dinwiddie,2017-18,2017-18,2017,2016-17,BKN,BKN,TRUE,re_signed_standard,roster_continuity,3,23,59,NA,NA,FALSE,FALSE,NA,NA
stanley_johnson_2017_DET,Stanley Johnson,2017-18,2017-18,2017,2016-17,DET,DET,TRUE,re_signed_standard,roster_continuity,3,20,82,NA,NA,FALSE,FALSE,NA,NA
stephen_curry_2017_GSW,Stephen Curry,2017-18,2017-18,2017,2016-17,GSW,GSW,TRUE,re_signed_supermax,supermax,3,28,81,NA,NA,FALSE,TRUE,NA,NA
steven_adams_2017_OKC,Steven Adams,2017-18,2017-18,2017,2016-17,OKC,OKC,TRUE,re_signed_standard,roster_continuity,3,23,82,NA,NA,FALSE,FALSE,NA,NA
taj_gibson_2017_MIN,Taj Gibson,2017-18,2017-18,2017,2016-17,OKC,MIN,FALSE,new_team,team_change,3,31,79,NA,NA,FALSE,FALSE,NA,NA
tarik_black_2017_HOU,Tarik Black,2017-18,2017-18,2017,2016-17,LAL,HOU,FALSE,new_team,team_change,3,25,75,NA,NA,FALSE,FALSE,NA,NA
taurean_prince_2017_ATL,Taurean Prince,2017-18,2017-18,2017,2016-17,ATL,ATL,TRUE,re_signed_standard,roster_continuity,3,22,77,NA,NA,FALSE,FALSE,NA,NA
terrence_ross_2017_ORL,Terrence Ross,2017-18,2017-18,2017,2016-17,ORL,ORL,TRUE,re_signed_standard,roster_continuity,3,25,80,NA,NA,FALSE,FALSE,NA,NA
terry_rozier_2017_BOS,Terry Rozier,2017-18,2017-18,2017,2016-17,BOS,BOS,TRUE,re_signed_standard,roster_continuity,3,22,82,NA,NA,FALSE,FALSE,NA,NA
thabo_sefolosha_2017_UTA,Thabo Sefolosha,2017-18,2017-18,2017,2016-17,ATL,UTA,FALSE,new_team,team_change,3,32,67,NA,NA,FALSE,FALSE,NA,NA
thaddeus_young_2017_IND,Thaddeus Young,2017-18,2017-18,2017,2016-17,IND,IND,TRUE,re_signed_standard,roster_continuity,3,28,74,NA,NA,FALSE,FALSE,NA,NA
thon_maker_2017_MIL,Thon Maker,2017-18,2017-18,2017,2016-17,MIL,MIL,TRUE,re_signed_standard,roster_continuity,3,19,82,NA,NA,FALSE,FALSE,NA,NA
tim_frazier_2017_WAS,Tim Frazier,2017-18,2017-18,2017,2016-17,NOP,WAS,FALSE,new_team,team_change,3,26,81,NA,NA,FALSE,FALSE,NA,NA
tim_hardaway_2017_NYK,Tim Hardaway Jr.,2017-18,2017-18,2017,2016-17,ATL,NYK,FALSE,new_team,team_change,3,24,79,NA,NA,FALSE,FALSE,NA,NA
timofey_mozgov_2017_BKN,Timofey Mozgov,2017-18,2017-18,2017,2016-17,LAL,BKN,FALSE,new_team,team_change,3,30,75,NA,NA,FALSE,FALSE,NA,NA
timothe_luwawu-cabarrot_2017_PHI,Timothe Luwawu-Cabarrot,2017-18,2017-18,2017,2016-17,PHI,PHI,TRUE,re_signed_standard,roster_continuity,3,21,81,NA,NA,FALSE,FALSE,NA,NA
tj_mcconnell_2017_PHI,T.J. McConnell,2017-18,2017-18,2017,2016-17,PHI,PHI,TRUE,re_signed_standard,roster_continuity,3,24,82,NA,NA,FALSE,FALSE,NA,NA
tj_warren_2017_PHX,T.J. Warren,2017-18,2017-18,2017,2016-17,PHX,PHX,TRUE,re_signed_standard,roster_continuity,3,23,68,NA,NA,FALSE,FALSE,NA,NA
tobias_harris_2017_LAC,Tobias Harris,2017-18,2017-18,2017,2016-17,DET,LAC,FALSE,new_team,team_change,3,24,82,NA,NA,FALSE,FALSE,NA,NA
tomas_satoransky_2017_WAS,Tomas Satoransky,2017-18,2017-18,2017,2016-17,WAS,WAS,TRUE,re_signed_standard,roster_continuity,3,25,82,NA,NA,FALSE,FALSE,NA,NA
tony_allen_2017_NOP,Tony Allen,2017-18,2017-18,2017,2016-17,MEM,NOP,FALSE,new_team,team_change,3,35,77,NA,NA,FALSE,FALSE,NA,NA
tony_parker_2017_SAS,Tony Parker,2017-18,2017-18,2017,2016-17,SAS,SAS,TRUE,re_signed_standard,roster_continuity,3,34,72,NA,NA,FALSE,FALSE,NA,NA
tony_snell_2017_MIL,Tony Snell,2017-18,2017-18,2017,2016-17,MIL,MIL,TRUE,re_signed_standard,roster_continuity,3,25,81,NA,NA,FALSE,FALSE,NA,NA
treveon_graham_2017_CHA,Treveon Graham,2017-18,2017-18,2017,2016-17,CHA,CHA,TRUE,re_signed_standard,roster_continuity,3,23,81,NA,NA,FALSE,FALSE,NA,NA
trevor_ariza_2017_HOU,Trevor Ariza,2017-18,2017-18,2017,2016-17,HOU,HOU,TRUE,re_signed_standard,roster_continuity,3,31,81,NA,NA,FALSE,FALSE,NA,NA
trevor_booker_2017_IND,Trevor Booker,2017-18,2017-18,2017,2016-17,BKN,IND,FALSE,new_team,team_change,3,29,80,NA,NA,FALSE,FALSE,NA,NA
trey_burke_2017_NYK,Trey Burke,2017-18,2017-18,2017,2016-17,WAS,NYK,FALSE,new_team,team_change,3,24,81,NA,NA,FALSE,FALSE,NA,NA
trey_lyles_2017_DEN,Trey Lyles,2017-18,2017-18,2017,2016-17,UTA,DEN,FALSE,new_team,team_change,3,21,82,NA,NA,FALSE,FALSE,NA,NA
tristan_thompson_2017_CLE,Tristan Thompson,2017-18,2017-18,2017,2016-17,CLE,CLE,TRUE,re_signed_standard,roster_continuity,3,25,78,NA,NA,FALSE,FALSE,NA,NA
troy_daniels_2017_PHX,Troy Daniels,2017-18,2017-18,2017,2016-17,MEM,PHX,FALSE,new_team,team_change,3,25,80,NA,NA,FALSE,FALSE,NA,NA
troy_williams_2017_NYK,Troy Williams,2017-18,2017-18,2017,2016-17,HOU,NYK,FALSE,new_team,team_change,3,22,42,NA,NA,FALSE,FALSE,NA,NA
tyler_ennis_2017_LAL,Tyler Ennis,2017-18,2017-18,2017,2016-17,LAL,LAL,TRUE,re_signed_standard,roster_continuity,3,22,81,NA,NA,FALSE,FALSE,NA,NA
tyler_johnson_2017_MIA,Tyler Johnson,2017-18,2017-18,2017,2016-17,MIA,MIA,TRUE,re_signed_standard,roster_continuity,3,24,82,NA,NA,FALSE,FALSE,NA,NA
tyler_ulis_2017_PHX,Tyler Ulis,2017-18,2017-18,2017,2016-17,PHX,PHX,TRUE,re_signed_standard,roster_continuity,3,21,82,NA,NA,FALSE,FALSE,NA,NA
tyler_zeller_2017_MIL,Tyler Zeller,2017-18,2017-18,2017,2016-17,BOS,MIL,FALSE,new_team,team_change,3,27,71,NA,NA,FALSE,FALSE,NA,NA
tyreke_evans_2017_MEM,Tyreke Evans,2017-18,2017-18,2017,2016-17,SAC,MEM,FALSE,new_team,team_change,3,27,54,NA,NA,FALSE,FALSE,NA,NA
tyson_chandler_2017_PHX,Tyson Chandler,2017-18,2017-18,2017,2016-17,PHX,PHX,TRUE,re_signed_standard,roster_continuity,3,34,70,NA,NA,FALSE,FALSE,NA,NA
tyus_jones_2017_MIN,Tyus Jones,2017-18,2017-18,2017,2016-17,MIN,MIN,TRUE,re_signed_standard,roster_continuity,3,20,82,NA,NA,FALSE,FALSE,NA,NA
udonis_haslem_2017_MIA,Udonis Haslem,2017-18,2017-18,2017,2016-17,MIA,MIA,TRUE,re_signed_standard,roster_continuity,3,36,82,NA,NA,FALSE,FALSE,NA,NA
victor_oladipo_2017_IND,Victor Oladipo,2017-18,2017-18,2017,2016-17,OKC,IND,FALSE,new_team,team_change,3,24,71,NA,NA,FALSE,FALSE,NA,NA
vince_carter_2017_SAC,Vince Carter,2017-18,2017-18,2017,2016-17,MEM,SAC,FALSE,new_team,team_change,3,40,82,NA,NA,FALSE,FALSE,NA,NA
wade_baldwin_2017_POR,Wade Baldwin IV,2017-18,2017-18,2017,2016-17,MEM,POR,FALSE,new_team,team_change,3,20,41,NA,NA,FALSE,FALSE,NA,NA
wayne_ellington_2017_MIA,Wayne Ellington,2017-18,2017-18,2017,2016-17,MIA,MIA,TRUE,re_signed_standard,roster_continuity,3,29,66,NA,NA,FALSE,FALSE,NA,NA
wesley_johnson_2017_LAC,Wesley Johnson,2017-18,2017-18,2017,2016-17,LAC,LAC,TRUE,re_signed_standard,roster_continuity,3,29,77,NA,NA,FALSE,FALSE,NA,NA
wesley_matthews_2017_DAL,Wesley Matthews,2017-18,2017-18,2017,2016-17,DAL,DAL,TRUE,re_signed_standard,roster_continuity,3,30,79,NA,NA,FALSE,FALSE,NA,NA
will_barton_2017_DEN,Will Barton,2017-18,2017-18,2017,2016-17,DEN,DEN,TRUE,re_signed_standard,roster_continuity,3,26,66,NA,NA,FALSE,FALSE,NA,NA
willie_cauley-stein_2017_SAC,Willie Cauley-Stein,2017-18,2017-18,2017,2016-17,SAC,SAC,TRUE,re_signed_standard,roster_continuity,3,23,82,NA,NA,FALSE,FALSE,NA,NA
willie_reed_2017_DET,Willie Reed,2017-18,2017-18,2017,2016-17,MIA,DET,FALSE,new_team,team_change,3,26,82,NA,NA,FALSE,FALSE,NA,NA
willy_hernangomez_2017_CHA,Willy Hernangomez,2017-18,2017-18,2017,2016-17,NYK,CHA,FALSE,new_team,team_change,3,22,78,NA,NA,FALSE,FALSE,NA,NA
wilson_chandler_2017_DEN,Wilson Chandler,2017-18,2017-18,2017,2016-17,DEN,DEN,TRUE,re_signed_standard,roster_continuity,3,29,75,NA,NA,FALSE,FALSE,NA,NA
yogi_ferrell_2017_DAL,Yogi Ferrell,2017-18,2017-18,2017,2016-17,DAL,DAL,TRUE,re_signed_standard,roster_continuity,3,23,49,NA,NA,FALSE,FALSE,NA,NA
zach_lavine_2017_CHI,Zach LaVine,2017-18,2017-18,2017,2016-17,MIN,CHI,FALSE,new_team,team_change,3,21,48,NA,NA,FALSE,FALSE,NA,NA
zach_randolph_2017_SAC,Zach Randolph,2017-18,2017-18,2017,2016-17,MEM,SAC,FALSE,new_team,team_change,3,35,80,NA,NA,FALSE,FALSE,NA,NA
zaza_pachulia_2017_GSW,Zaza Pachulia,2017-18,2017-18,2017,2016-17,GSW,GSW,TRUE,re_signed_standard,roster_continuity,3,32,71,NA,NA,FALSE,FALSE,NA,NA
aaron_gordon_2018_ORL,Aaron Gordon,2018-19,2018-19,2018,2017-18,ORL,ORL,TRUE,re_signed_standard,roster_continuity,3,22,74,NA,NA,FALSE,FALSE,NA,NA
abdel_nader_2018_OKC,Abdel Nader,2018-19,2018-19,2018,2017-18,BOS,OKC,FALSE,new_team,team_change,3,24,80,NA,NA,FALSE,FALSE,NA,NA
al_horford_2018_BOS,Al Horford,2018-19,2018-19,2018,2017-18,BOS,BOS,TRUE,re_signed_standard,roster_continuity,3,31,75,NA,NA,FALSE,FALSE,NA,NA
al-farouq_aminu_2018_POR,Al-Farouq Aminu,2018-19,2018-19,2018,2017-18,POR,POR,TRUE,re_signed_standard,roster_continuity,3,27,69,NA,NA,FALSE,FALSE,NA,NA
alec_burks_2018_SAC,Alec Burks,2018-19,2018-19,2018,2017-18,UTA,SAC,FALSE,new_team,team_change,3,26,82,NA,NA,FALSE,FALSE,NA,NA
alex_abrines_2018_OKC,Alex Abrines,2018-19,2018-19,2018,2017-18,OKC,OKC,TRUE,re_signed_standard,roster_continuity,3,24,79,NA,NA,FALSE,FALSE,NA,NA
alex_len_2018_ATL,Alex Len,2018-19,2018-19,2018,2017-18,PHX,ATL,FALSE,new_team,team_change,3,24,74,NA,NA,FALSE,FALSE,NA,NA
alex_poythress_2018_ATL,Alex Poythress,2018-19,2018-19,2018,2017-18,IND,ATL,FALSE,new_team,team_change,3,24,62,NA,NA,FALSE,FALSE,NA,NA
allen_crabbe_2018_BKN,Allen Crabbe,2018-19,2018-19,2018,2017-18,BKN,BKN,TRUE,re_signed_standard,roster_continuity,3,25,78,NA,NA,FALSE,FALSE,NA,NA
amir_johnson_2018_PHI,Amir Johnson,2018-19,2018-19,2018,2017-18,PHI,PHI,TRUE,re_signed_standard,roster_continuity,3,30,81,NA,NA,FALSE,FALSE,NA,NA
andre_drummond_2018_DET,Andre Drummond,2018-19,2018-19,2018,2017-18,DET,DET,TRUE,re_signed_standard,roster_continuity,3,24,80,NA,NA,FALSE,FALSE,NA,NA
andre_iguodala_2018_GSW,Andre Iguodala,2018-19,2018-19,2018,2017-18,GSW,GSW,TRUE,re_signed_standard,roster_continuity,3,34,64,NA,NA,FALSE,FALSE,NA,NA
andrew_harrison_2018_NOP,Andrew Harrison,2018-19,2018-19,2018,2017-18,MEM,NOP,FALSE,new_team,team_change,3,23,69,NA,NA,FALSE,FALSE,NA,NA
andrew_wiggins_2018_MIN,Andrew Wiggins,2018-19,2018-19,2018,2017-18,MIN,MIN,TRUE,re_signed_standard,roster_continuity,3,22,82,NA,NA,FALSE,FALSE,NA,NA
ante_zizic_2018_CLE,Ante Zizic,2018-19,2018-19,2018,2017-18,CLE,CLE,TRUE,re_signed_standard,roster_continuity,3,21,63,NA,NA,FALSE,FALSE,NA,NA
anthony_davis_2018_NOP,Anthony Davis,2018-19,2018-19,2018,2017-18,NOP,NOP,TRUE,re_signed_standard,roster_continuity,3,24,82,NA,NA,FALSE,FALSE,NA,NA
anthony_tolliver_2018_MIN,Anthony Tolliver,2018-19,2018-19,2018,2017-18,DET,MIN,FALSE,new_team,team_change,3,32,81,NA,NA,FALSE,FALSE,NA,NA
aron_baynes_2018_BOS,Aron Baynes,2018-19,2018-19,2018,2017-18,BOS,BOS,TRUE,re_signed_standard,roster_continuity,3,31,80,NA,NA,FALSE,FALSE,NA,NA
austin_rivers_2018_HOU,Austin Rivers,2018-19,2018-19,2018,2017-18,LAC,HOU,FALSE,new_team,team_change,3,25,66,NA,NA,FALSE,FALSE,NA,NA
avery_bradley_2018_MEM,Avery Bradley,2018-19,2018-19,2018,2017-18,LAC,MEM,FALSE,new_team,team_change,3,27,58,NA,NA,FALSE,FALSE,NA,NA
bam_adebayo_2018_MIA,Bam Adebayo,2018-19,2018-19,2018,2017-18,MIA,MIA,TRUE,re_signed_standard,roster_continuity,3,20,81,NA,NA,FALSE,FALSE,NA,NA
ben_mclemore_2018_SAC,Ben McLemore,2018-19,2018-19,2018,2017-18,MEM,SAC,FALSE,new_team,team_change,3,24,70,NA,NA,FALSE,FALSE,NA,NA
ben_simmons_2018_PHI,Ben Simmons,2018-19,2018-19,2018,2017-18,PHI,PHI,TRUE,re_signed_standard,roster_continuity,3,21,82,NA,NA,FALSE,FALSE,NA,NA
bismack_biyombo_2018_CHA,Bismack Biyombo,2018-19,2018-19,2018,2017-18,ORL,CHA,FALSE,new_team,team_change,3,25,82,NA,NA,FALSE,FALSE,NA,NA
blake_griffin_2018_DET,Blake Griffin,2018-19,2018-19,2018,2017-18,DET,DET,TRUE,re_signed_standard,roster_continuity,3,28,60,NA,NA,FALSE,FALSE,NA,NA
boban_marjanovic_2018_PHI,Boban Marjanovic,2018-19,2018-19,2018,2017-18,LAC,PHI,FALSE,new_team,team_change,3,29,77,NA,NA,FALSE,FALSE,NA,NA
bobby_portis_2018_WAS,Bobby Portis,2018-19,2018-19,2018,2017-18,CHI,WAS,FALSE,new_team,team_change,3,22,77,NA,NA,FALSE,FALSE,NA,NA
bogdan_bogdanovic_2018_SAC,Bogdan Bogdanovic,2018-19,2018-19,2018,2017-18,SAC,SAC,TRUE,re_signed_standard,roster_continuity,3,25,78,NA,NA,FALSE,FALSE,NA,NA
bojan_bogdanovic_2018_IND,Bojan Bogdanovic,2018-19,2018-19,2018,2017-18,IND,IND,TRUE,re_signed_standard,roster_continuity,3,28,80,NA,NA,FALSE,FALSE,NA,NA
bradley_beal_2018_WAS,Bradley Beal,2018-19,2018-19,2018,2017-18,WAS,WAS,TRUE,re_signed_standard,roster_continuity,3,24,82,NA,NA,FALSE,FALSE,NA,NA
brandon_ingram_2018_LAL,Brandon Ingram,2018-19,2018-19,2018,2017-18,LAL,LAL,TRUE,re_signed_standard,roster_continuity,3,20,65,NA,NA,FALSE,FALSE,NA,NA
brook_lopez_2018_MIL,Brook Lopez,2018-19,2018-19,2018,2017-18,LAL,MIL,FALSE,new_team,team_change,3,29,75,NA,NA,FALSE,FALSE,NA,NA
bryn_forbes_2018_SAS,Bryn Forbes,2018-19,2018-19,2018,2017-18,SAS,SAS,TRUE,re_signed_standard,roster_continuity,3,24,82,NA,NA,FALSE,FALSE,NA,NA
buddy_hield_2018_SAC,Buddy Hield,2018-19,2018-19,2018,2017-18,SAC,SAC,TRUE,re_signed_standard,roster_continuity,3,25,80,NA,NA,FALSE,FALSE,NA,NA
caleb_swanigan_2018_SAC,Caleb Swanigan,2018-19,2018-19,2018,2017-18,POR,SAC,FALSE,new_team,team_change,3,20,56,NA,NA,FALSE,FALSE,NA,NA
caris_levert_2018_BKN,Caris LeVert,2018-19,2018-19,2018,2017-18,BKN,BKN,TRUE,re_signed_standard,roster_continuity,3,23,71,NA,NA,FALSE,FALSE,NA,NA
carmelo_anthony_2018_HOU,Carmelo Anthony,2018-19,2018-19,2018,2017-18,OKC,HOU,FALSE,new_team,team_change,3,33,79,NA,NA,FALSE,FALSE,NA,NA
cedi_osman_2018_CLE,Cedi Osman,2018-19,2018-19,2018,2017-18,CLE,CLE,TRUE,re_signed_standard,roster_continuity,3,22,72,NA,NA,FALSE,FALSE,NA,NA
chandler_parsons_2018_MEM,Chandler Parsons,2018-19,2018-19,2018,2017-18,MEM,MEM,TRUE,re_signed_standard,roster_continuity,3,29,53,NA,NA,FALSE,FALSE,NA,NA
channing_frye_2018_CLE,Channing Frye,2018-19,2018-19,2018,2017-18,LAL,CLE,FALSE,new_team,team_change,3,34,69,NA,NA,FALSE,FALSE,NA,NA
cheick_diallo_2018_NOP,Cheick Diallo,2018-19,2018-19,2018,2017-18,NOP,NOP,TRUE,re_signed_standard,roster_continuity,3,21,82,NA,NA,FALSE,FALSE,NA,NA
chris_paul_2018_HOU,Chris Paul,2018-19,2018-19,2018,2017-18,HOU,HOU,TRUE,re_signed_standard,roster_continuity,3,32,71,NA,NA,FALSE,FALSE,NA,NA
cj_mccollum_2018_POR,CJ McCollum,2018-19,2018-19,2018,2017-18,POR,POR,TRUE,re_signed_standard,roster_continuity,3,26,82,NA,NA,FALSE,FALSE,NA,NA
cj_miles_2018_MEM,CJ Miles,2018-19,2018-19,2018,2017-18,TOR,MEM,FALSE,new_team,team_change,3,30,71,NA,NA,FALSE,FALSE,NA,NA
cj_williams_2018_MIN,C.J. Williams,2018-19,2018-19,2018,2017-18,LAC,MIN,FALSE,new_team,team_change,3,27,41,NA,NA,FALSE,FALSE,NA,NA
clint_capela_2018_HOU,Clint Capela,2018-19,2018-19,2018,2017-18,HOU,HOU,TRUE,re_signed_standard,roster_continuity,3,23,80,NA,NA,FALSE,FALSE,NA,NA
cody_zeller_2018_CHA,Cody Zeller,2018-19,2018-19,2018,2017-18,CHA,CHA,TRUE,re_signed_standard,roster_continuity,3,25,42,NA,NA,FALSE,FALSE,NA,NA
corey_brewer_2018_SAC,Corey Brewer,2018-19,2018-19,2018,2017-18,OKC,SAC,FALSE,new_team,team_change,3,31,78,NA,NA,FALSE,FALSE,NA,NA
cory_joseph_2018_IND,Cory Joseph,2018-19,2018-19,2018,2017-18,IND,IND,TRUE,re_signed_standard,roster_continuity,3,26,82,NA,NA,FALSE,FALSE,NA,NA
courtney_lee_2018_DAL,Courtney Lee,2018-19,2018-19,2018,2017-18,NYK,DAL,FALSE,new_team,team_change,3,32,77,NA,NA,FALSE,FALSE,NA,NA
cristiano_felicio_2018_CHI,Cristiano Felicio,2018-19,2018-19,2018,2017-18,CHI,CHI,TRUE,re_signed_standard,roster_continuity,3,25,79,NA,NA,FALSE,FALSE,NA,NA
damian_lillard_2018_POR,Damian Lillard,2018-19,2018-19,2018,2017-18,POR,POR,TRUE,re_signed_standard,roster_continuity,3,27,75,NA,NA,FALSE,FALSE,NA,NA
damyean_dotson_2018_NYK,Damyean Dotson,2018-19,2018-19,2018,2017-18,NYK,NYK,TRUE,re_signed_standard,roster_continuity,3,23,64,NA,NA,FALSE,FALSE,NA,NA
dangelo_russell_2018_BKN,D'Angelo Russell,2018-19,2018-19,2018,2017-18,BKN,BKN,TRUE,re_signed_standard,roster_continuity,3,21,48,NA,NA,FALSE,FALSE,NA,NA
daniel_theis_2018_BOS,Daniel Theis,2018-19,2018-19,2018,2017-18,BOS,BOS,TRUE,re_signed_standard,roster_continuity,3,25,66,NA,NA,FALSE,FALSE,NA,NA
danilo_gallinari_2018_LAC,Danilo Gallinari,2018-19,2018-19,2018,2017-18,LAC,LAC,TRUE,re_signed_standard,roster_continuity,3,29,45,NA,NA,FALSE,FALSE,NA,NA
danny_green_2018_TOR,Danny Green,2018-19,2018-19,2018,2017-18,SAS,TOR,FALSE,new_team,team_change,3,30,75,NA,NA,FALSE,FALSE,NA,NA
dante_cunningham_2018_SAS,Dante Cunningham,2018-19,2018-19,2018,2017-18,BKN,SAS,FALSE,new_team,team_change,3,30,77,NA,NA,FALSE,FALSE,NA,NA
dario_saric_2018_MIN,Dario Saric,2018-19,2018-19,2018,2017-18,PHI,MIN,FALSE,new_team,team_change,3,23,78,NA,NA,FALSE,FALSE,NA,NA
darius_miller_2018_NOP,Darius Miller,2018-19,2018-19,2018,2017-18,NOP,NOP,TRUE,re_signed_standard,roster_continuity,3,27,82,NA,NA,FALSE,FALSE,NA,NA
darren_collison_2018_IND,Darren Collison,2018-19,2018-19,2018,2017-18,IND,IND,TRUE,re_signed_standard,roster_continuity,3,30,70,NA,NA,FALSE,FALSE,NA,NA
david_nwaba_2018_CLE,David Nwaba,2018-19,2018-19,2018,2017-18,CHI,CLE,FALSE,new_team,team_change,3,25,71,NA,NA,FALSE,FALSE,NA,NA
davis_bertans_2018_SAS,Davis Bertans,2018-19,2018-19,2018,2017-18,SAS,SAS,TRUE,re_signed_standard,roster_continuity,3,25,82,NA,NA,FALSE,FALSE,NA,NA
deaaron_fox_2018_SAC,De'Aaron Fox,2018-19,2018-19,2018,2017-18,SAC,SAC,TRUE,re_signed_standard,roster_continuity,3,20,73,NA,NA,FALSE,FALSE,NA,NA
deandre_bembry_2018_ATL,DeAndre' Bembry,2018-19,2018-19,2018,2017-18,ATL,ATL,TRUE,re_signed_standard,roster_continuity,3,23,49,NA,NA,FALSE,FALSE,NA,NA
deandre_jordan_2018_NYK,DeAndre Jordan,2018-19,2018-19,2018,2017-18,LAC,NYK,FALSE,new_team,team_change,3,29,82,NA,NA,FALSE,FALSE,NA,NA
delon_wright_2018_MEM,Delon Wright,2018-19,2018-19,2018,2017-18,TOR,MEM,FALSE,new_team,team_change,3,25,69,NA,NA,FALSE,FALSE,NA,NA
demar_derozan_2018_SAS,DeMar DeRozan,2018-19,2018-19,2018,2017-18,TOR,SAS,FALSE,new_team,team_change,3,28,82,NA,NA,FALSE,FALSE,NA,NA
demarcus_cousins_2018_GSW,DeMarcus Cousins,2018-19,2018-19,2018,2017-18,NOP,GSW,FALSE,new_team,team_change,3,27,49,NA,NA,FALSE,FALSE,NA,NA
demarre_carroll_2018_BKN,DeMarre Carroll,2018-19,2018-19,2018,2017-18,BKN,BKN,TRUE,re_signed_standard,roster_continuity,3,31,74,NA,NA,FALSE,FALSE,NA,NA
dennis_schroder_2018_OKC,Dennis Schroder,2018-19,2018-19,2018,2017-18,ATL,OKC,FALSE,new_team,team_change,3,24,74,NA,NA,FALSE,FALSE,NA,NA
dennis_smith_2018_NYK,Dennis Smith Jr.,2018-19,2018-19,2018,2017-18,DAL,NYK,FALSE,new_team,team_change,3,20,69,NA,NA,FALSE,FALSE,NA,NA
derrick_favors_2018_UTA,Derrick Favors,2018-19,2018-19,2018,2017-18,UTA,UTA,TRUE,re_signed_standard,roster_continuity,3,26,79,NA,NA,FALSE,FALSE,NA,NA
derrick_jones_2018_MIA,Derrick Jones Jr.,2018-19,2018-19,2018,2017-18,MIA,MIA,TRUE,re_signed_standard,roster_continuity,3,20,40,NA,NA,FALSE,FALSE,NA,NA
devin_booker_2018_PHX,Devin Booker,2018-19,2018-19,2018,2017-18,PHX,PHX,TRUE,re_signed_standard,roster_continuity,3,21,68,NA,NA,FALSE,FALSE,NA,NA
devin_harris_2018_DAL,Devin Harris,2018-19,2018-19,2018,2017-18,DEN,DAL,FALSE,new_team,team_change,3,34,73,NA,NA,FALSE,FALSE,NA,NA
dewayne_dedmon_2018_ATL,Dewayne Dedmon,2018-19,2018-19,2018,2017-18,ATL,ATL,TRUE,re_signed_standard,roster_continuity,3,28,65,NA,NA,FALSE,FALSE,NA,NA
deyonta_davis_2018_ATL,Deyonta Davis,2018-19,2018-19,2018,2017-18,MEM,ATL,FALSE,new_team,team_change,3,21,79,NA,NA,FALSE,FALSE,NA,NA
dillon_brooks_2018_MEM,Dillon Brooks,2018-19,2018-19,2018,2017-18,MEM,MEM,TRUE,re_signed_standard,roster_continuity,3,22,82,NA,NA,FALSE,FALSE,NA,NA
dirk_nowitzki_2018_DAL,Dirk Nowitzki,2018-19,2018-19,2018,2017-18,DAL,DAL,TRUE,re_signed_standard,roster_continuity,3,39,77,NA,NA,FALSE,FALSE,NA,NA
dj_augustin_2018_ORL,D.J. Augustin,2018-19,2018-19,2018,2017-18,ORL,ORL,TRUE,re_signed_standard,roster_continuity,3,30,81,NA,NA,FALSE,FALSE,NA,NA
dj_wilson_2018_MIL,D.J. Wilson,2018-19,2018-19,2018,2017-18,MIL,MIL,TRUE,re_signed_standard,roster_continuity,3,21,68,NA,NA,FALSE,FALSE,NA,NA
domantas_sabonis_2018_IND,Domantas Sabonis,2018-19,2018-19,2018,2017-18,IND,IND,TRUE,re_signed_standard,roster_continuity,3,21,74,NA,NA,FALSE,FALSE,NA,NA
donovan_mitchell_2018_UTA,Donovan Mitchell,2018-19,2018-19,2018,2017-18,UTA,UTA,TRUE,re_signed_standard,roster_continuity,3,21,82,NA,NA,FALSE,FALSE,NA,NA
doug_mcdermott_2018_IND,Doug McDermott,2018-19,2018-19,2018,2017-18,DAL,IND,FALSE,new_team,team_change,3,26,82,NA,NA,FALSE,FALSE,NA,NA
dragan_bender_2018_PHX,Dragan Bender,2018-19,2018-19,2018,2017-18,PHX,PHX,TRUE,re_signed_standard,roster_continuity,3,20,82,NA,NA,FALSE,FALSE,NA,NA
draymond_green_2018_GSW,Draymond Green,2018-19,2018-19,2018,2017-18,GSW,GSW,TRUE,re_signed_standard,roster_continuity,3,27,70,NA,NA,FALSE,FALSE,NA,NA
dwayne_bacon_2018_CHA,Dwayne Bacon,2018-19,2018-19,2018,2017-18,CHA,CHA,TRUE,re_signed_standard,roster_continuity,3,22,78,NA,NA,FALSE,FALSE,NA,NA
dwight_howard_2018_WAS,Dwight Howard,2018-19,2018-19,2018,2017-18,CHA,WAS,FALSE,new_team,team_change,3,32,82,NA,NA,FALSE,FALSE,NA,NA
dwight_powell_2018_DAL,Dwight Powell,2018-19,2018-19,2018,2017-18,DAL,DAL,TRUE,re_signed_standard,roster_continuity,3,26,81,NA,NA,FALSE,FALSE,NA,NA
dwyane_wade_2018_MIA,Dwyane Wade,2018-19,2018-19,2018,2017-18,MIA,MIA,TRUE,re_signed_standard,roster_continuity,3,36,69,NA,NA,FALSE,FALSE,NA,NA
ed_davis_2018_BKN,Ed Davis,2018-19,2018-19,2018,2017-18,POR,BKN,FALSE,new_team,team_change,3,28,78,NA,NA,FALSE,FALSE,NA,NA
ekpe_udoh_2018_UTA,Ekpe Udoh,2018-19,2018-19,2018,2017-18,UTA,UTA,TRUE,re_signed_standard,roster_continuity,3,30,81,NA,NA,FALSE,FALSE,NA,NA
elfrid_payton_2018_NOP,Elfrid Payton,2018-19,2018-19,2018,2017-18,PHX,NOP,FALSE,new_team,team_change,3,23,64,NA,NA,FALSE,FALSE,NA,NA
emmanuel_mudiay_2018_NYK,Emmanuel Mudiay,2018-19,2018-19,2018,2017-18,NYK,NYK,TRUE,re_signed_standard,roster_continuity,3,21,73,NA,NA,FALSE,FALSE,NA,NA
enes_freedom_2018_POR,Enes Freedom,2018-19,2018-19,2018,2017-18,NYK,POR,FALSE,new_team,team_change,3,25,73,NA,NA,FALSE,FALSE,NA,NA
eric_bledsoe_2018_MIL,Eric Bledsoe,2018-19,2018-19,2018,2017-18,MIL,MIL,TRUE,re_signed_standard,roster_continuity,3,28,74,NA,NA,FALSE,FALSE,NA,NA
eric_gordon_2018_HOU,Eric Gordon,2018-19,2018-19,2018,2017-18,HOU,HOU,TRUE,re_signed_standard,roster_continuity,3,29,78,NA,NA,FALSE,FALSE,NA,NA
eric_moreland_2018_TOR,Eric Moreland,2018-19,2018-19,2018,2017-18,DET,TOR,FALSE,new_team,team_change,3,26,81,NA,NA,FALSE,FALSE,NA,NA
ersan_ilyasova_2018_MIL,Ersan Ilyasova,2018-19,2018-19,2018,2017-18,PHI,MIL,FALSE,new_team,team_change,3,30,74,NA,NA,FALSE,FALSE,NA,NA
etwaun_moore_2018_NOP,E'Twaun Moore,2018-19,2018-19,2018,2017-18,NOP,NOP,TRUE,re_signed_standard,roster_continuity,3,28,82,NA,NA,FALSE,FALSE,NA,NA
evan_fournier_2018_ORL,Evan Fournier,2018-19,2018-19,2018,2017-18,ORL,ORL,TRUE,re_signed_standard,roster_continuity,3,25,58,NA,NA,FALSE,FALSE,NA,NA
evan_turner_2018_POR,Evan Turner,2018-19,2018-19,2018,2017-18,POR,POR,TRUE,re_signed_standard,roster_continuity,3,29,79,NA,NA,FALSE,FALSE,NA,NA
frank_kaminsky_2018_CHA,Frank Kaminsky,2018-19,2018-19,2018,2017-18,CHA,CHA,TRUE,re_signed_standard,roster_continuity,3,24,81,NA,NA,FALSE,FALSE,NA,NA
frank_mason_2018_SAC,Frank Mason III,2018-19,2018-19,2018,2017-18,SAC,SAC,TRUE,re_signed_standard,roster_continuity,3,23,59,NA,NA,FALSE,FALSE,NA,NA
frank_ntilikina_2018_NYK,Frank Ntilikina,2018-19,2018-19,2018,2017-18,NYK,NYK,TRUE,re_signed_standard,roster_continuity,3,19,79,NA,NA,FALSE,FALSE,NA,NA
fred_vanvleet_2018_TOR,Fred VanVleet,2018-19,2018-19,2018,2017-18,TOR,TOR,TRUE,re_signed_standard,roster_continuity,3,23,77,NA,NA,FALSE,FALSE,NA,NA
garrett_temple_2018_LAC,Garrett Temple,2018-19,2018-19,2018,2017-18,SAC,LAC,FALSE,new_team,team_change,3,31,74,NA,NA,FALSE,FALSE,NA,NA
gary_harris_2018_DEN,Gary Harris,2018-19,2018-19,2018,2017-18,DEN,DEN,TRUE,re_signed_standard,roster_continuity,3,23,67,NA,NA,FALSE,FALSE,NA,NA
george_hill_2018_MIL,George Hill,2018-19,2018-19,2018,2017-18,CLE,MIL,FALSE,new_team,team_change,3,31,70,NA,NA,FALSE,FALSE,NA,NA
gerald_green_2018_HOU,Gerald Green,2018-19,2018-19,2018,2017-18,HOU,HOU,TRUE,re_signed_standard,roster_continuity,3,32,50,NA,NA,FALSE,FALSE,NA,NA
giannis_antetokounmpo_2018_MIL,Giannis Antetokounmpo,2018-19,2018-19,2018,2017-18,MIL,MIL,TRUE,re_signed_standard,roster_continuity,3,23,76,NA,NA,FALSE,FALSE,NA,NA
goran_dragic_2018_MIA,Goran Dragic,2018-19,2018-19,2018,2017-18,MIA,MIA,TRUE,re_signed_standard,roster_continuity,3,31,80,NA,NA,FALSE,FALSE,NA,NA
gorgui_dieng_2018_MIN,Gorgui Dieng,2018-19,2018-19,2018,2017-18,MIN,MIN,TRUE,re_signed_standard,roster_continuity,3,28,82,NA,NA,FALSE,FALSE,NA,NA
greg_monroe_2018_PHI,Greg Monroe,2018-19,2018-19,2018,2017-18,BOS,PHI,FALSE,new_team,team_change,3,27,68,NA,NA,FALSE,FALSE,NA,NA
guerschon_yabusele_2018_BOS,Guerschon Yabusele,2018-19,2018-19,2018,2017-18,BOS,BOS,TRUE,re_signed_standard,roster_continuity,3,22,64,NA,NA,FALSE,FALSE,NA,NA
harrison_barnes_2018_SAC,Harrison Barnes,2018-19,2018-19,2018,2017-18,DAL,SAC,FALSE,new_team,team_change,3,25,77,NA,NA,FALSE,FALSE,NA,NA
hassan_whiteside_2018_MIA,Hassan Whiteside,2018-19,2018-19,2018,2017-18,MIA,MIA,TRUE,re_signed_standard,roster_continuity,3,28,67,NA,NA,FALSE,FALSE,NA,NA
henry_ellenson_2018_NYK,Henry Ellenson,2018-19,2018-19,2018,2017-18,DET,NYK,FALSE,new_team,team_change,3,21,81,NA,NA,FALSE,FALSE,NA,NA
ian_clark_2018_NOP,Ian Clark,2018-19,2018-19,2018,2017-18,NOP,NOP,TRUE,re_signed_standard,roster_continuity,3,26,82,NA,NA,FALSE,FALSE,NA,NA
ian_mahinmi_2018_WAS,Ian Mahinmi,2018-19,2018-19,2018,2017-18,WAS,WAS,TRUE,re_signed_standard,roster_continuity,3,31,81,NA,NA,FALSE,FALSE,NA,NA
ish_smith_2018_DET,Ish Smith,2018-19,2018-19,2018,2017-18,DET,DET,TRUE,re_signed_standard,roster_continuity,3,29,82,NA,NA,FALSE,FALSE,NA,NA
ivan_rabb_2018_MEM,Ivan Rabb,2018-19,2018-19,2018,2017-18,MEM,MEM,TRUE,re_signed_standard,roster_continuity,3,20,59,NA,NA,FALSE,FALSE,NA,NA
ivica_zubac_2018_LAC,Ivica Zubac,2018-19,2018-19,2018,2017-18,LAL,LAC,FALSE,new_team,team_change,3,20,69,NA,NA,FALSE,FALSE,NA,NA
jae_crowder_2018_UTA,Jae Crowder,2018-19,2018-19,2018,2017-18,UTA,UTA,TRUE,re_signed_standard,roster_continuity,3,27,80,NA,NA,FALSE,FALSE,NA,NA
jahlil_okafor_2018_NOP,Jahlil Okafor,2018-19,2018-19,2018,2017-18,BKN,NOP,FALSE,new_team,team_change,3,22,71,NA,NA,FALSE,FALSE,NA,NA
jake_layman_2018_POR,Jake Layman,2018-19,2018-19,2018,2017-18,POR,POR,TRUE,re_signed_standard,roster_continuity,3,23,82,NA,NA,FALSE,FALSE,NA,NA
jakob_poeltl_2018_SAS,Jakob Poeltl,2018-19,2018-19,2018,2017-18,TOR,SAS,FALSE,new_team,team_change,3,22,82,NA,NA,FALSE,FALSE,NA,NA
jamal_crawford_2018_PHX,Jamal Crawford,2018-19,2018-19,2018,2017-18,MIN,PHX,FALSE,new_team,team_change,3,37,82,NA,NA,FALSE,FALSE,NA,NA
jamal_murray_2018_DEN,Jamal Murray,2018-19,2018-19,2018,2017-18,DEN,DEN,TRUE,re_signed_standard,roster_continuity,3,20,81,NA,NA,FALSE,FALSE,NA,NA
james_ennis_2018_PHI,James Ennis III,2018-19,2018-19,2018,2017-18,DET,PHI,FALSE,new_team,team_change,3,27,79,NA,NA,FALSE,FALSE,NA,NA
james_harden_2018_HOU,James Harden,2018-19,2018-19,2018,2017-18,HOU,HOU,TRUE,re_signed_standard,roster_continuity,3,28,76,NA,NA,FALSE,FALSE,NA,NA
james_johnson_2018_MIA,James Johnson,2018-19,2018-19,2018,2017-18,MIA,MIA,TRUE,re_signed_standard,roster_continuity,3,30,81,NA,NA,FALSE,FALSE,NA,NA
jamychal_green_2018_LAC,JaMychal Green,2018-19,2018-19,2018,2017-18,MEM,LAC,FALSE,new_team,team_change,3,27,63,NA,NA,FALSE,FALSE,NA,NA
jared_dudley_2018_BKN,Jared Dudley,2018-19,2018-19,2018,2017-18,PHX,BKN,FALSE,new_team,team_change,3,32,72,NA,NA,FALSE,FALSE,NA,NA
jarell_martin_2018_ORL,Jarell Martin,2018-19,2018-19,2018,2017-18,MEM,ORL,FALSE,new_team,team_change,3,23,82,NA,NA,FALSE,FALSE,NA,NA
jarrett_allen_2018_BKN,Jarrett Allen,2018-19,2018-19,2018,2017-18,BKN,BKN,TRUE,re_signed_standard,roster_continuity,3,19,76,NA,NA,FALSE,FALSE,NA,NA
jason_smith_2018_NOP,Jason Smith,2018-19,2018-19,2018,2017-18,WAS,NOP,FALSE,new_team,team_change,3,31,79,NA,NA,FALSE,FALSE,NA,NA
javale_mcgee_2018_LAL,JaVale McGee,2018-19,2018-19,2018,2017-18,GSW,LAL,FALSE,new_team,team_change,3,30,81,NA,NA,FALSE,FALSE,NA,NA
jawun_evans_2018_OKC,Jawun Evans,2018-19,2018-19,2018,2017-18,LAC,OKC,FALSE,new_team,team_change,3,21,63,NA,NA,FALSE,FALSE,NA,NA
jaylen_brown_2018_BOS,Jaylen Brown,2018-19,2018-19,2018,2017-18,BOS,BOS,TRUE,re_signed_standard,roster_continuity,3,21,71,NA,NA,FALSE,FALSE,NA,NA
jayson_tatum_2018_BOS,Jayson Tatum,2018-19,2018-19,2018,2017-18,BOS,BOS,TRUE,re_signed_standard,roster_continuity,3,19,80,NA,NA,FALSE,FALSE,NA,NA
jeff_green_2018_WAS,Jeff Green,2018-19,2018-19,2018,2017-18,CLE,WAS,FALSE,new_team,team_change,3,31,78,NA,NA,FALSE,FALSE,NA,NA
jeff_teague_2018_MIN,Jeff Teague,2018-19,2018-19,2018,2017-18,MIN,MIN,TRUE,re_signed_standard,roster_continuity,3,29,80,NA,NA,FALSE,FALSE,NA,NA
jerami_grant_2018_OKC,Jerami Grant,2018-19,2018-19,2018,2017-18,OKC,OKC,TRUE,re_signed_standard,roster_continuity,3,23,81,NA,NA,FALSE,FALSE,NA,NA
jeremy_lamb_2018_CHA,Jeremy Lamb,2018-19,2018-19,2018,2017-18,CHA,CHA,TRUE,re_signed_standard,roster_continuity,3,25,81,NA,NA,FALSE,FALSE,NA,NA
jerian_grant_2018_ORL,Jerian Grant,2018-19,2018-19,2018,2017-18,CHI,ORL,FALSE,new_team,team_change,3,25,82,NA,NA,FALSE,FALSE,NA,NA
jerryd_bayless_2018_MIN,Jerryd Bayless,2018-19,2018-19,2018,2017-18,PHI,MIN,FALSE,new_team,team_change,3,29,72,NA,NA,FALSE,FALSE,NA,NA
jimmy_butler_2018_PHI,Jimmy Butler,2018-19,2018-19,2018,2017-18,MIN,PHI,FALSE,new_team,team_change,3,28,66,NA,NA,FALSE,FALSE,NA,NA
jj_barea_2018_DAL,J.J. Barea,2018-19,2018-19,2018,2017-18,DAL,DAL,TRUE,re_signed_standard,roster_continuity,3,33,73,NA,NA,FALSE,FALSE,NA,NA
jj_redick_2018_PHI,JJ Redick,2018-19,2018-19,2018,2017-18,PHI,PHI,TRUE,re_signed_standard,roster_continuity,3,33,72,NA,NA,FALSE,FALSE,NA,NA
jodie_meeks_2018_TOR,Jodie Meeks,2018-19,2018-19,2018,2017-18,WAS,TOR,FALSE,new_team,team_change,3,30,81,NA,NA,FALSE,FALSE,NA,NA
joe_harris_2018_BKN,Joe Harris,2018-19,2018-19,2018,2017-18,BKN,BKN,TRUE,re_signed_standard,roster_continuity,3,26,81,NA,NA,FALSE,FALSE,NA,NA
joe_ingles_2018_UTA,Joe Ingles,2018-19,2018-19,2018,2017-18,UTA,UTA,TRUE,re_signed_standard,roster_continuity,3,30,82,NA,NA,FALSE,FALSE,NA,NA
joel_embiid_2018_PHI,Joel Embiid,2018-19,2018-19,2018,2017-18,PHI,PHI,TRUE,re_signed_standard,roster_continuity,3,23,66,NA,NA,FALSE,FALSE,NA,NA
john_collins_2018_ATL,John Collins,2018-19,2018-19,2018,2017-18,ATL,ATL,TRUE,re_signed_standard,roster_continuity,3,20,76,NA,NA,FALSE,FALSE,NA,NA
john_henson_2018_MIL,John Henson,2018-19,2018-19,2018,2017-18,MIL,MIL,TRUE,re_signed_standard,roster_continuity,3,27,78,NA,NA,FALSE,FALSE,NA,NA
john_wall_2018_WAS,John Wall,2018-19,2018-19,2018,2017-18,WAS,WAS,TRUE,re_signed_standard,roster_continuity,3,27,45,NA,NA,FALSE,FALSE,NA,NA
jonas_jerebko_2018_GSW,Jonas Jerebko,2018-19,2018-19,2018,2017-18,UTA,GSW,FALSE,new_team,team_change,3,30,82,NA,NA,FALSE,FALSE,NA,NA
jonas_valanciunas_2018_MEM,Jonas Valanciunas,2018-19,2018-19,2018,2017-18,TOR,MEM,FALSE,new_team,team_change,3,25,77,NA,NA,FALSE,FALSE,NA,NA
jonathon_simmons_2018_PHI,Jonathon Simmons,2018-19,2018-19,2018,2017-18,ORL,PHI,FALSE,new_team,team_change,3,28,71,NA,NA,FALSE,FALSE,NA,NA
jordan_bell_2018_GSW,Jordan Bell,2018-19,2018-19,2018,2017-18,GSW,GSW,TRUE,re_signed_standard,roster_continuity,3,23,59,NA,NA,FALSE,FALSE,NA,NA
jordan_clarkson_2018_CLE,Jordan Clarkson,2018-19,2018-19,2018,2017-18,CLE,CLE,TRUE,re_signed_standard,roster_continuity,3,25,81,NA,NA,FALSE,FALSE,NA,NA
jose_calderon_2018_DET,Jose Calderon,2018-19,2018-19,2018,2017-18,CLE,DET,FALSE,new_team,team_change,3,36,80,NA,NA,FALSE,FALSE,NA,NA
josh_hart_2018_LAL,Josh Hart,2018-19,2018-19,2018,2017-18,LAL,LAL,TRUE,re_signed_standard,roster_continuity,3,22,65,NA,NA,FALSE,FALSE,NA,NA
josh_jackson_2018_PHX,Josh Jackson,2018-19,2018-19,2018,2017-18,PHX,PHX,TRUE,re_signed_standard,roster_continuity,3,20,80,NA,NA,FALSE,FALSE,NA,NA
josh_richardson_2018_MIA,Josh Richardson,2018-19,2018-19,2018,2017-18,MIA,MIA,TRUE,re_signed_standard,roster_continuity,3,24,82,NA,NA,FALSE,FALSE,NA,NA
jrue_holiday_2018_NOP,Jrue Holiday,2018-19,2018-19,2018,2017-18,NOP,NOP,TRUE,re_signed_standard,roster_continuity,3,27,82,NA,NA,FALSE,FALSE,NA,NA
juancho_hernangomez_2018_DEN,Juancho Hernangomez,2018-19,2018-19,2018,2017-18,DEN,DEN,TRUE,re_signed_standard,roster_continuity,3,22,44,NA,NA,FALSE,FALSE,NA,NA
julius_randle_2018_NOP,Julius Randle,2018-19,2018-19,2018,2017-18,LAL,NOP,FALSE,new_team,team_change,3,23,82,NA,NA,FALSE,FALSE,NA,NA
justin_anderson_2018_ATL,Justin Anderson,2018-19,2018-19,2018,2017-18,PHI,ATL,FALSE,new_team,team_change,3,24,53,NA,NA,FALSE,FALSE,NA,NA
justin_holiday_2018_MEM,Justin Holiday,2018-19,2018-19,2018,2017-18,CHI,MEM,FALSE,new_team,team_change,3,28,77,NA,NA,FALSE,FALSE,NA,NA
justin_jackson_2018_DAL,Justin Jackson,2018-19,2018-19,2018,2017-18,SAC,DAL,FALSE,new_team,team_change,3,22,78,NA,NA,FALSE,FALSE,NA,NA
justise_winslow_2018_MIA,Justise Winslow,2018-19,2018-19,2018,2017-18,MIA,MIA,TRUE,re_signed_standard,roster_continuity,3,21,82,NA,NA,FALSE,FALSE,NA,NA
jusuf_nurkic_2018_POR,Jusuf Nurkic,2018-19,2018-19,2018,2017-18,POR,POR,TRUE,re_signed_standard,roster_continuity,3,23,79,NA,NA,FALSE,FALSE,NA,NA
karl-anthony_towns_2018_MIN,Karl-Anthony Towns,2018-19,2018-19,2018,2017-18,MIN,MIN,TRUE,re_signed_standard,roster_continuity,3,22,82,NA,NA,FALSE,FALSE,NA,NA
kelly_olynyk_2018_MIA,Kelly Olynyk,2018-19,2018-19,2018,2017-18,MIA,MIA,TRUE,re_signed_standard,roster_continuity,3,26,82,NA,NA,FALSE,FALSE,NA,NA
kelly_oubre_2018_PHX,Kelly Oubre Jr.,2018-19,2018-19,2018,2017-18,WAS,PHX,FALSE,new_team,team_change,3,22,82,NA,NA,FALSE,FALSE,NA,NA
kemba_walker_2018_CHA,Kemba Walker,2018-19,2018-19,2018,2017-18,CHA,CHA,TRUE,re_signed_standard,roster_continuity,3,27,80,NA,NA,FALSE,FALSE,NA,NA
kenneth_faried_2018_HOU,Kenneth Faried,2018-19,2018-19,2018,2017-18,DEN,HOU,FALSE,new_team,team_change,3,28,72,NA,NA,FALSE,FALSE,NA,NA
kent_bazemore_2018_ATL,Kent Bazemore,2018-19,2018-19,2018,2017-18,ATL,ATL,TRUE,re_signed_standard,roster_continuity,3,28,67,NA,NA,FALSE,FALSE,NA,NA
kentavious_caldwell-pope_2018_LAL,Kentavious Caldwell-Pope,2018-19,2018-19,2018,2017-18,LAL,LAL,TRUE,re_signed_standard,roster_continuity,3,24,80,NA,NA,FALSE,FALSE,NA,NA
kevin_durant_2018_GSW,Kevin Durant,2018-19,2018-19,2018,2017-18,GSW,GSW,TRUE,re_signed_standard,roster_continuity,3,29,68,NA,NA,FALSE,FALSE,NA,NA
kevin_love_2018_CLE,Kevin Love,2018-19,2018-19,2018,2017-18,CLE,CLE,TRUE,re_signed_standard,roster_continuity,3,29,61,NA,NA,FALSE,FALSE,NA,NA
kevon_looney_2018_GSW,Kevon Looney,2018-19,2018-19,2018,2017-18,GSW,GSW,TRUE,re_signed_standard,roster_continuity,3,21,72,NA,NA,FALSE,FALSE,NA,NA
khem_birch_2018_ORL,Khem Birch,2018-19,2018-19,2018,2017-18,ORL,ORL,TRUE,re_signed_standard,roster_continuity,3,25,51,NA,NA,FALSE,FALSE,NA,NA
khris_middleton_2018_MIL,Khris Middleton,2018-19,2018-19,2018,2017-18,MIL,MIL,TRUE,re_signed_standard,roster_continuity,3,26,82,NA,NA,FALSE,FALSE,NA,NA
klay_thompson_2018_GSW,Klay Thompson,2018-19,2018-19,2018,2017-18,GSW,GSW,TRUE,re_signed_standard,roster_continuity,3,27,73,NA,NA,FALSE,FALSE,NA,NA
kosta_koufos_2018_SAC,Kosta Koufos,2018-19,2018-19,2018,2017-18,SAC,SAC,TRUE,re_signed_standard,roster_continuity,3,28,81,NA,NA,FALSE,FALSE,NA,NA
kris_dunn_2018_CHI,Kris Dunn,2018-19,2018-19,2018,2017-18,CHI,CHI,TRUE,re_signed_standard,roster_continuity,3,23,52,NA,NA,FALSE,FALSE,NA,NA
kyle_anderson_2018_MEM,Kyle Anderson,2018-19,2018-19,2018,2017-18,SAS,MEM,FALSE,new_team,team_change,3,24,74,NA,NA,FALSE,FALSE,NA,NA
kyle_korver_2018_UTA,Kyle Korver,2018-19,2018-19,2018,2017-18,CLE,UTA,FALSE,new_team,team_change,3,36,74,NA,NA,FALSE,FALSE,NA,NA
kyle_kuzma_2018_LAL,Kyle Kuzma,2018-19,2018-19,2018,2017-18,LAL,LAL,TRUE,re_signed_standard,roster_continuity,3,22,78,NA,NA,FALSE,FALSE,NA,NA
kyle_lowry_2018_TOR,Kyle Lowry,2018-19,2018-19,2018,2017-18,TOR,TOR,TRUE,re_signed_standard,roster_continuity,3,31,78,NA,NA,FALSE,FALSE,NA,NA
kyle_oquinn_2018_IND,Kyle O'Quinn,2018-19,2018-19,2018,2017-18,NYK,IND,FALSE,new_team,team_change,3,27,78,NA,NA,FALSE,FALSE,NA,NA
kyrie_irving_2018_BOS,Kyrie Irving,2018-19,2018-19,2018,2017-18,BOS,BOS,TRUE,re_signed_standard,roster_continuity,3,25,60,NA,NA,FALSE,FALSE,NA,NA
lamarcus_aldridge_2018_SAS,LaMarcus Aldridge,2018-19,2018-19,2018,2017-18,SAS,SAS,TRUE,re_signed_standard,roster_continuity,3,32,78,NA,NA,FALSE,FALSE,NA,NA
lance_stephenson_2018_LAL,Lance Stephenson,2018-19,2018-19,2018,2017-18,IND,LAL,FALSE,new_team,team_change,3,27,82,NA,NA,FALSE,FALSE,NA,NA
lance_thomas_2018_NYK,Lance Thomas,2018-19,2018-19,2018,2017-18,NYK,NYK,TRUE,re_signed_standard,roster_continuity,3,29,76,NA,NA,FALSE,FALSE,NA,NA
langston_galloway_2018_DET,Langston Galloway,2018-19,2018-19,2018,2017-18,DET,DET,TRUE,re_signed_standard,roster_continuity,3,26,82,NA,NA,FALSE,FALSE,NA,NA
larry_nance_2018_CLE,Larry Nance Jr.,2018-19,2018-19,2018,2017-18,CLE,CLE,TRUE,re_signed_standard,roster_continuity,3,25,68,NA,NA,FALSE,FALSE,NA,NA
lauri_markkanen_2018_CHI,Lauri Markkanen,2018-19,2018-19,2018,2017-18,CHI,CHI,TRUE,re_signed_standard,roster_continuity,3,20,75,NA,NA,FALSE,FALSE,NA,NA
lebron_james_2018_LAL,LeBron James,2018-19,2018-19,2018,2017-18,CLE,LAL,FALSE,new_team,team_change,3,33,82,NA,NA,FALSE,FALSE,NA,NA
lonzo_ball_2018_LAL,Lonzo Ball,2018-19,2018-19,2018,2017-18,LAL,LAL,TRUE,re_signed_standard,roster_continuity,3,20,56,NA,NA,FALSE,FALSE,NA,NA
lou_williams_2018_LAC,Lou Williams,2018-19,2018-19,2018,2017-18,LAC,LAC,TRUE,re_signed_standard,roster_continuity,3,31,82,NA,NA,FALSE,FALSE,NA,NA
luc_mbah_a_moute_2018_LAC,Luc Mbah a Moute,2018-19,2018-19,2018,2017-18,HOU,LAC,FALSE,new_team,team_change,3,31,67,NA,NA,FALSE,FALSE,NA,NA
luke_kennard_2018_DET,Luke Kennard,2018-19,2018-19,2018,2017-18,DET,DET,TRUE,re_signed_standard,roster_continuity,3,21,79,NA,NA,FALSE,FALSE,NA,NA
malachi_richardson_2018_TOR,Malachi Richardson,2018-19,2018-19,2018,2017-18,TOR,TOR,TRUE,re_signed_standard,roster_continuity,3,22,48,NA,NA,FALSE,FALSE,NA,NA
malcolm_brogdon_2018_MIL,Malcolm Brogdon,2018-19,2018-19,2018,2017-18,MIL,MIL,TRUE,re_signed_standard,roster_continuity,3,25,48,NA,NA,FALSE,FALSE,NA,NA
malik_beasley_2018_DEN,Malik Beasley,2018-19,2018-19,2018,2017-18,DEN,DEN,TRUE,re_signed_standard,roster_continuity,3,21,81,NA,NA,FALSE,FALSE,NA,NA
malik_monk_2018_CHA,Malik Monk,2018-19,2018-19,2018,2017-18,CHA,CHA,TRUE,re_signed_standard,roster_continuity,3,19,82,NA,NA,FALSE,FALSE,NA,NA
marc_gasol_2018_TOR,Marc Gasol,2018-19,2018-19,2018,2017-18,MEM,TOR,FALSE,new_team,team_change,3,33,77,NA,NA,FALSE,FALSE,NA,NA
marcin_gortat_2018_LAC,Marcin Gortat,2018-19,2018-19,2018,2017-18,WAS,LAC,FALSE,new_team,team_change,3,33,82,NA,NA,FALSE,FALSE,NA,NA
marco_belinelli_2018_SAS,Marco Belinelli,2018-19,2018-19,2018,2017-18,PHI,SAS,FALSE,new_team,team_change,3,31,83,NA,NA,FALSE,FALSE,NA,NA
marcus_morris_2018_BOS,Marcus Morris Sr.,2018-19,2018-19,2018,2017-18,BOS,BOS,TRUE,re_signed_standard,roster_continuity,3,28,57,NA,NA,FALSE,FALSE,NA,NA
marcus_smart_2018_BOS,Marcus Smart,2018-19,2018-19,2018,2017-18,BOS,BOS,TRUE,re_signed_standard,roster_continuity,3,23,54,NA,NA,FALSE,FALSE,NA,NA
mario_hezonja_2018_NYK,Mario Hezonja,2018-19,2018-19,2018,2017-18,ORL,NYK,FALSE,new_team,team_change,3,22,82,NA,NA,FALSE,FALSE,NA,NA
markieff_morris_2018_OKC,Markieff Morris,2018-19,2018-19,2018,2017-18,WAS,OKC,FALSE,new_team,team_change,3,28,77,NA,NA,FALSE,FALSE,NA,NA
marquese_chriss_2018_CLE,Marquese Chriss,2018-19,2018-19,2018,2017-18,PHX,CLE,FALSE,new_team,team_change,3,20,72,NA,NA,FALSE,FALSE,NA,NA
marvin_williams_2018_CHA,Marvin Williams,2018-19,2018-19,2018,2017-18,CHA,CHA,TRUE,re_signed_standard,roster_continuity,3,31,78,NA,NA,FALSE,FALSE,NA,NA
mason_plumlee_2018_DEN,Mason Plumlee,2018-19,2018-19,2018,2017-18,DEN,DEN,TRUE,re_signed_standard,roster_continuity,3,27,75,NA,NA,FALSE,FALSE,NA,NA
maurice_harkless_2018_POR,Maurice Harkless,2018-19,2018-19,2018,2017-18,POR,POR,TRUE,re_signed_standard,roster_continuity,3,24,68,NA,NA,FALSE,FALSE,NA,NA
maxi_kleber_2018_DAL,Maxi Kleber,2018-19,2018-19,2018,2017-18,DAL,DAL,TRUE,re_signed_standard,roster_continuity,3,26,82,NA,NA,FALSE,FALSE,NA,NA
meyers_leonard_2018_POR,Meyers Leonard,2018-19,2018-19,2018,2017-18,POR,POR,TRUE,re_signed_standard,roster_continuity,3,25,77,NA,NA,FALSE,FALSE,NA,NA
michael_beasley_2018_LAL,Michael Beasley,2018-19,2018-19,2018,2017-18,NYK,LAL,FALSE,new_team,team_change,3,29,80,NA,NA,FALSE,FALSE,NA,NA
michael_carter-williams_2018_ORL,Michael Carter-Williams,2018-19,2018-19,2018,2017-18,CHA,ORL,FALSE,new_team,team_change,3,26,58,NA,NA,FALSE,FALSE,NA,NA
michael_kidd-gilchrist_2018_CHA,Michael Kidd-Gilchrist,2018-19,2018-19,2018,2017-18,CHA,CHA,TRUE,re_signed_standard,roster_continuity,3,24,82,NA,NA,FALSE,FALSE,NA,NA
mike_muscala_2018_LAL,Mike Muscala,2018-19,2018-19,2018,2017-18,ATL,LAL,FALSE,new_team,team_change,3,26,56,NA,NA,FALSE,FALSE,NA,NA
mike_scott_2018_PHI,Mike Scott,2018-19,2018-19,2018,2017-18,WAS,PHI,FALSE,new_team,team_change,3,29,80,NA,NA,FALSE,FALSE,NA,NA
miles_plumlee_2018_ATL,Miles Plumlee,2018-19,2018-19,2018,2017-18,ATL,ATL,TRUE,re_signed_standard,roster_continuity,3,29,66,NA,NA,FALSE,FALSE,NA,NA
milos_teodosic_2018_LAC,Milos Teodosic,2018-19,2018-19,2018,2017-18,LAC,LAC,TRUE,re_signed_standard,roster_continuity,3,30,53,NA,NA,FALSE,FALSE,NA,NA
montrezl_harrell_2018_LAC,Montrezl Harrell,2018-19,2018-19,2018,2017-18,LAC,LAC,TRUE,re_signed_standard,roster_continuity,3,24,82,NA,NA,FALSE,FALSE,NA,NA
myles_turner_2018_IND,Myles Turner,2018-19,2018-19,2018,2017-18,IND,IND,TRUE,re_signed_standard,roster_continuity,3,21,65,NA,NA,FALSE,FALSE,NA,NA
nemanja_bjelica_2018_SAC,Nemanja Bjelica,2018-19,2018-19,2018,2017-18,MIN,SAC,FALSE,new_team,team_change,3,29,79,NA,NA,FALSE,FALSE,NA,NA
nene_2018_HOU,Nene ,2018-19,2018-19,2018,2017-18,HOU,HOU,TRUE,re_signed_standard,roster_continuity,3,35,73,NA,NA,FALSE,FALSE,NA,NA
nerlens_noel_2018_OKC,Nerlens Noel,2018-19,2018-19,2018,2017-18,DAL,OKC,FALSE,new_team,team_change,3,23,46,NA,NA,FALSE,FALSE,NA,NA
nick_young_2018_DEN,Nick Young,2018-19,2018-19,2018,2017-18,GSW,DEN,FALSE,new_team,team_change,3,32,82,NA,NA,FALSE,FALSE,NA,NA
nicolas_batum_2018_CHA,Nicolas Batum,2018-19,2018-19,2018,2017-18,CHA,CHA,TRUE,re_signed_standard,roster_continuity,3,29,67,NA,NA,FALSE,FALSE,NA,NA
nik_stauskas_2018_CLE,Nik Stauskas,2018-19,2018-19,2018,2017-18,BKN,CLE,FALSE,new_team,team_change,3,24,70,NA,NA,FALSE,FALSE,NA,NA
nikola_jokic_2018_DEN,Nikola Jokic,2018-19,2018-19,2018,2017-18,DEN,DEN,TRUE,re_signed_standard,roster_continuity,3,22,76,NA,NA,FALSE,FALSE,NA,NA
nikola_mirotic_2018_MIL,Nikola Mirotic,2018-19,2018-19,2018,2017-18,NOP,MIL,FALSE,new_team,team_change,3,26,60,NA,NA,FALSE,FALSE,NA,NA
nikola_vucevic_2018_ORL,Nikola Vucevic,2018-19,2018-19,2018,2017-18,ORL,ORL,TRUE,re_signed_standard,roster_continuity,3,27,59,NA,NA,FALSE,FALSE,NA,NA
noah_vonleh_2018_NYK,Noah Vonleh,2018-19,2018-19,2018,2017-18,CHI,NYK,FALSE,new_team,team_change,3,22,70,NA,NA,FALSE,FALSE,NA,NA
norman_powell_2018_TOR,Norman Powell,2018-19,2018-19,2018,2017-18,TOR,TOR,TRUE,re_signed_standard,roster_continuity,3,24,76,NA,NA,FALSE,FALSE,NA,NA
og_anunoby_2018_TOR,O.G. Anunoby,2018-19,2018-19,2018,2017-18,TOR,TOR,TRUE,re_signed_standard,roster_continuity,3,20,75,NA,NA,FALSE,FALSE,NA,NA
omri_casspi_2018_MEM,Omri Casspi,2018-19,2018-19,2018,2017-18,GSW,MEM,FALSE,new_team,team_change,3,29,61,NA,NA,FALSE,FALSE,NA,NA
otto_porter_2018_CHI,Otto Porter Jr.,2018-19,2018-19,2018,2017-18,WAS,CHI,FALSE,new_team,team_change,3,24,78,NA,NA,FALSE,FALSE,NA,NA
pascal_siakam_2018_TOR,Pascal Siakam,2018-19,2018-19,2018,2017-18,TOR,TOR,TRUE,re_signed_standard,roster_continuity,3,23,82,NA,NA,FALSE,FALSE,NA,NA
pat_connaughton_2018_MIL,Pat Connaughton,2018-19,2018-19,2018,2017-18,POR,MIL,FALSE,new_team,team_change,3,25,82,NA,NA,FALSE,FALSE,NA,NA
patrick_mccaw_2018_TOR,Patrick McCaw,2018-19,2018-19,2018,2017-18,GSW,TOR,FALSE,new_team,team_change,3,22,59,NA,NA,FALSE,FALSE,NA,NA
patrick_patterson_2018_OKC,Patrick Patterson,2018-19,2018-19,2018,2017-18,OKC,OKC,TRUE,re_signed_standard,roster_continuity,3,28,82,NA,NA,FALSE,FALSE,NA,NA
patty_mills_2018_SAS,Patty Mills,2018-19,2018-19,2018,2017-18,SAS,SAS,TRUE,re_signed_standard,roster_continuity,3,29,82,NA,NA,FALSE,FALSE,NA,NA
pau_gasol_2018_MIL,Pau Gasol,2018-19,2018-19,2018,2017-18,SAS,MIL,FALSE,new_team,team_change,3,37,79,NA,NA,FALSE,FALSE,NA,NA
paul_george_2018_OKC,Paul George,2018-19,2018-19,2018,2017-18,OKC,OKC,TRUE,re_signed_standard,roster_continuity,3,27,79,NA,NA,FALSE,FALSE,NA,NA
pj_tucker_2018_HOU,P.J. Tucker,2018-19,2018-19,2018,2017-18,HOU,HOU,TRUE,re_signed_standard,roster_continuity,3,32,82,NA,NA,FALSE,FALSE,NA,NA
quincy_acy_2018_PHX,Quincy Acy,2018-19,2018-19,2018,2017-18,BKN,PHX,FALSE,new_team,team_change,3,27,76,NA,NA,FALSE,FALSE,NA,NA
quincy_pondexter_2018_SAS,Quincy Pondexter,2018-19,2018-19,2018,2017-18,CHI,SAS,FALSE,new_team,team_change,3,29,51,NA,NA,FALSE,FALSE,NA,NA
quinn_cook_2018_GSW,Quinn Cook,2018-19,2018-19,2018,2017-18,GSW,GSW,TRUE,re_signed_standard,roster_continuity,3,24,40,NA,NA,FALSE,FALSE,NA,NA
rajon_rondo_2018_LAL,Rajon Rondo,2018-19,2018-19,2018,2017-18,NOP,LAL,FALSE,new_team,team_change,3,31,71,NA,NA,FALSE,FALSE,NA,NA
raul_neto_2018_UTA,Raul Neto,2018-19,2018-19,2018,2017-18,UTA,UTA,TRUE,re_signed_standard,roster_continuity,3,25,51,NA,NA,FALSE,FALSE,NA,NA
raymond_felton_2018_OKC,Raymond Felton,2018-19,2018-19,2018,2017-18,OKC,OKC,TRUE,re_signed_standard,roster_continuity,3,33,82,NA,NA,FALSE,FALSE,NA,NA
reggie_bullock_2018_LAL,Reggie Bullock,2018-19,2018-19,2018,2017-18,DET,LAL,FALSE,new_team,team_change,3,26,77,NA,NA,FALSE,FALSE,NA,NA
reggie_jackson_2018_DET,Reggie Jackson,2018-19,2018-19,2018,2017-18,DET,DET,TRUE,re_signed_standard,roster_continuity,3,27,45,NA,NA,FALSE,FALSE,NA,NA
richaun_holmes_2018_PHX,Richaun Holmes,2018-19,2018-19,2018,2017-18,PHI,PHX,FALSE,new_team,team_change,3,24,74,NA,NA,FALSE,FALSE,NA,NA
ricky_rubio_2018_UTA,Ricky Rubio,2018-19,2018-19,2018,2017-18,UTA,UTA,TRUE,re_signed_standard,roster_continuity,3,27,79,NA,NA,FALSE,FALSE,NA,NA
robert_covington_2018_MIN,Robert Covington,2018-19,2018-19,2018,2017-18,PHI,MIN,FALSE,new_team,team_change,3,27,81,NA,NA,FALSE,FALSE,NA,NA
robin_lopez_2018_CHI,Robin Lopez,2018-19,2018-19,2018,2017-18,CHI,CHI,TRUE,re_signed_standard,roster_continuity,3,29,73,NA,NA,FALSE,FALSE,NA,NA
rodney_hood_2018_POR,Rodney Hood,2018-19,2018-19,2018,2017-18,CLE,POR,FALSE,new_team,team_change,3,25,72,NA,NA,FALSE,FALSE,NA,NA
rondae_hollis-jefferson_2018_BKN,Rondae Hollis-Jefferson,2018-19,2018-19,2018,2017-18,BKN,BKN,TRUE,re_signed_standard,roster_continuity,3,23,69,NA,NA,FALSE,FALSE,NA,NA
royce_oneale_2018_UTA,Royce O'Neale,2018-19,2018-19,2018,2017-18,UTA,UTA,TRUE,re_signed_standard,roster_continuity,3,24,82,NA,NA,FALSE,FALSE,NA,NA
rudy_gay_2018_SAS,Rudy Gay,2018-19,2018-19,2018,2017-18,SAS,SAS,TRUE,re_signed_standard,roster_continuity,3,31,58,NA,NA,FALSE,FALSE,NA,NA
rudy_gobert_2018_UTA,Rudy Gobert,2018-19,2018-19,2018,2017-18,UTA,UTA,TRUE,re_signed_standard,roster_continuity,3,25,65,NA,NA,FALSE,FALSE,NA,NA
russell_westbrook_2018_OKC,Russell Westbrook,2018-19,2018-19,2018,2017-18,OKC,OKC,TRUE,re_signed_standard,roster_continuity,3,29,80,NA,NA,FALSE,FALSE,NA,NA
ryan_anderson_2018_MIA,Ryan Anderson,2018-19,2018-19,2018,2017-18,HOU,MIA,FALSE,new_team,team_change,3,29,76,NA,NA,FALSE,FALSE,NA,NA
salah_mejri_2018_DAL,Salah Mejri,2018-19,2018-19,2018,2017-18,DAL,DAL,TRUE,re_signed_standard,roster_continuity,3,31,74,NA,NA,FALSE,FALSE,NA,NA
sam_dekker_2018_WAS,Sam Dekker,2018-19,2018-19,2018,2017-18,LAC,WAS,FALSE,new_team,team_change,3,23,82,NA,NA,FALSE,FALSE,NA,NA
semi_ojeleye_2018_BOS,Semi Ojeleye,2018-19,2018-19,2018,2017-18,BOS,BOS,TRUE,re_signed_standard,roster_continuity,3,23,78,NA,NA,FALSE,FALSE,NA,NA
serge_ibaka_2018_TOR,Serge Ibaka,2018-19,2018-19,2018,2017-18,TOR,TOR,TRUE,re_signed_standard,roster_continuity,3,28,78,NA,NA,FALSE,FALSE,NA,NA
shabazz_napier_2018_BKN,Shabazz Napier,2018-19,2018-19,2018,2017-18,POR,BKN,FALSE,new_team,team_change,3,26,81,NA,NA,FALSE,FALSE,NA,NA
shaun_livingston_2018_GSW,Shaun Livingston,2018-19,2018-19,2018,2017-18,GSW,GSW,TRUE,re_signed_standard,roster_continuity,3,32,73,NA,NA,FALSE,FALSE,NA,NA
shelvin_mack_2018_CHA,Shelvin Mack,2018-19,2018-19,2018,2017-18,ORL,CHA,FALSE,new_team,team_change,3,27,82,NA,NA,FALSE,FALSE,NA,NA
sindarius_thornwell_2018_LAC,Sindarius Thornwell,2018-19,2018-19,2018,2017-18,LAC,LAC,TRUE,re_signed_standard,roster_continuity,3,23,82,NA,NA,FALSE,FALSE,NA,NA
skal_labissiere_2018_POR,Skal Labissiere,2018-19,2018-19,2018,2017-18,SAC,POR,FALSE,new_team,team_change,3,21,65,NA,NA,FALSE,FALSE,NA,NA
smith_2018_CLE,JR Smith,2018-19,2018-19,2018,2017-18,CLE,CLE,TRUE,re_signed_standard,roster_continuity,3,32,81,NA,NA,FALSE,FALSE,NA,NA
spencer_dinwiddie_2018_BKN,Spencer Dinwiddie,2018-19,2018-19,2018,2017-18,BKN,BKN,TRUE,re_signed_standard,roster_continuity,3,24,79,NA,NA,FALSE,FALSE,NA,NA
stanley_johnson_2018_NOP,Stanley Johnson,2018-19,2018-19,2018,2017-18,DET,NOP,FALSE,new_team,team_change,3,21,71,NA,NA,FALSE,FALSE,NA,NA
stephen_curry_2018_GSW,Stephen Curry,2018-19,2018-19,2018,2017-18,GSW,GSW,TRUE,re_signed_standard,roster_continuity,3,29,51,NA,NA,FALSE,FALSE,NA,NA
sterling_brown_2018_MIL,Sterling Brown,2018-19,2018-19,2018,2017-18,MIL,MIL,TRUE,re_signed_standard,roster_continuity,3,22,71,NA,NA,FALSE,FALSE,NA,NA
steven_adams_2018_OKC,Steven Adams,2018-19,2018-19,2018,2017-18,OKC,OKC,TRUE,re_signed_standard,roster_continuity,3,24,76,NA,NA,FALSE,FALSE,NA,NA
taj_gibson_2018_MIN,Taj Gibson,2018-19,2018-19,2018,2017-18,MIN,MIN,TRUE,re_signed_standard,roster_continuity,3,32,82,NA,NA,FALSE,FALSE,NA,NA
taurean_prince_2018_ATL,Taurean Prince,2018-19,2018-19,2018,2017-18,ATL,ATL,TRUE,re_signed_standard,roster_continuity,3,23,82,NA,NA,FALSE,FALSE,NA,NA
terrance_ferguson_2018_OKC,Terrance Ferguson,2018-19,2018-19,2018,2017-18,OKC,OKC,TRUE,re_signed_standard,roster_continuity,3,19,81,NA,NA,FALSE,FALSE,NA,NA
terry_rozier_2018_BOS,Terry Rozier,2018-19,2018-19,2018,2017-18,BOS,BOS,TRUE,re_signed_standard,roster_continuity,3,23,79,NA,NA,FALSE,FALSE,NA,NA
thabo_sefolosha_2018_UTA,Thabo Sefolosha,2018-19,2018-19,2018,2017-18,UTA,UTA,TRUE,re_signed_standard,roster_continuity,3,33,41,NA,NA,FALSE,FALSE,NA,NA
thaddeus_young_2018_IND,Thaddeus Young,2018-19,2018-19,2018,2017-18,IND,IND,TRUE,re_signed_standard,roster_continuity,3,29,81,NA,NA,FALSE,FALSE,NA,NA
thon_maker_2018_DET,Thon Maker,2018-19,2018-19,2018,2017-18,MIL,DET,FALSE,new_team,team_change,3,20,78,NA,NA,FALSE,FALSE,NA,NA
tim_frazier_2018_MIL,Tim Frazier,2018-19,2018-19,2018,2017-18,WAS,MIL,FALSE,new_team,team_change,3,27,81,NA,NA,FALSE,FALSE,NA,NA
tim_hardaway_2018_DAL,Tim Hardaway Jr.,2018-19,2018-19,2018,2017-18,NYK,DAL,FALSE,new_team,team_change,3,25,60,NA,NA,FALSE,FALSE,NA,NA
timothe_luwawu-cabarrot_2018_CHI,Timothe Luwawu-Cabarrot,2018-19,2018-19,2018,2017-18,PHI,CHI,FALSE,new_team,team_change,3,22,66,NA,NA,FALSE,FALSE,NA,NA
tj_leaf_2018_IND,T.J. Leaf,2018-19,2018-19,2018,2017-18,IND,IND,TRUE,re_signed_standard,roster_continuity,3,20,74,NA,NA,FALSE,FALSE,NA,NA
tj_mcconnell_2018_PHI,T.J. McConnell,2018-19,2018-19,2018,2017-18,PHI,PHI,TRUE,re_signed_standard,roster_continuity,3,25,77,NA,NA,FALSE,FALSE,NA,NA
tj_warren_2018_PHX,T.J. Warren,2018-19,2018-19,2018,2017-18,PHX,PHX,TRUE,re_signed_standard,roster_continuity,3,24,66,NA,NA,FALSE,FALSE,NA,NA
tobias_harris_2018_PHI,Tobias Harris,2018-19,2018-19,2018,2017-18,LAC,PHI,FALSE,new_team,team_change,3,25,80,NA,NA,FALSE,FALSE,NA,NA
tomas_satoransky_2018_WAS,Tomas Satoransky,2018-19,2018-19,2018,2017-18,WAS,WAS,TRUE,re_signed_standard,roster_continuity,3,26,82,NA,NA,FALSE,FALSE,NA,NA
tony_parker_2018_CHA,Tony Parker,2018-19,2018-19,2018,2017-18,SAS,CHA,FALSE,new_team,team_change,3,35,59,NA,NA,FALSE,FALSE,NA,NA
tony_snell_2018_MIL,Tony Snell,2018-19,2018-19,2018,2017-18,MIL,MIL,TRUE,re_signed_standard,roster_continuity,3,26,82,NA,NA,FALSE,FALSE,NA,NA
torrey_craig_2018_DEN,Torrey Craig,2018-19,2018-19,2018,2017-18,DEN,DEN,TRUE,re_signed_standard,roster_continuity,3,27,42,NA,NA,FALSE,FALSE,NA,NA
treveon_graham_2018_BKN,Treveon Graham,2018-19,2018-19,2018,2017-18,CHA,BKN,FALSE,new_team,team_change,3,24,74,NA,NA,FALSE,FALSE,NA,NA
trevor_ariza_2018_WAS,Trevor Ariza,2018-19,2018-19,2018,2017-18,HOU,WAS,FALSE,new_team,team_change,3,32,77,NA,NA,FALSE,FALSE,NA,NA
trey_burke_2018_DAL,Trey Burke,2018-19,2018-19,2018,2017-18,NYK,DAL,FALSE,new_team,team_change,3,25,40,NA,NA,FALSE,FALSE,NA,NA
trey_lyles_2018_DEN,Trey Lyles,2018-19,2018-19,2018,2017-18,DEN,DEN,TRUE,re_signed_standard,roster_continuity,3,22,82,NA,NA,FALSE,FALSE,NA,NA
tristan_thompson_2018_CLE,Tristan Thompson,2018-19,2018-19,2018,2017-18,CLE,CLE,TRUE,re_signed_standard,roster_continuity,3,26,54,NA,NA,FALSE,FALSE,NA,NA
troy_daniels_2018_PHX,Troy Daniels,2018-19,2018-19,2018,2017-18,PHX,PHX,TRUE,re_signed_standard,roster_continuity,3,26,81,NA,NA,FALSE,FALSE,NA,NA
tyler_cavanaugh_2018_UTA,Tyler Cavanaugh,2018-19,2018-19,2018,2017-18,ATL,UTA,FALSE,new_team,team_change,3,23,47,NA,NA,FALSE,FALSE,NA,NA
tyler_dorsey_2018_MEM,Tyler Dorsey,2018-19,2018-19,2018,2017-18,ATL,MEM,FALSE,new_team,team_change,3,21,75,NA,NA,FALSE,FALSE,NA,NA
tyler_johnson_2018_PHX,Tyler Johnson,2018-19,2018-19,2018,2017-18,MIA,PHX,FALSE,new_team,team_change,3,25,74,NA,NA,FALSE,FALSE,NA,NA
tyler_ulis_2018_CHI,Tyler Ulis,2018-19,2018-19,2018,2017-18,PHX,CHI,FALSE,new_team,team_change,3,22,79,NA,NA,FALSE,FALSE,NA,NA
tyler_zeller_2018_MEM,Tyler Zeller,2018-19,2018-19,2018,2017-18,MIL,MEM,FALSE,new_team,team_change,3,28,78,NA,NA,FALSE,FALSE,NA,NA
tyreke_evans_2018_IND,Tyreke Evans,2018-19,2018-19,2018,2017-18,MEM,IND,FALSE,new_team,team_change,3,28,57,NA,NA,FALSE,FALSE,NA,NA
tyson_chandler_2018_LAL,Tyson Chandler,2018-19,2018-19,2018,2017-18,PHX,LAL,FALSE,new_team,team_change,3,35,64,NA,NA,FALSE,FALSE,NA,NA
tyus_jones_2018_MIN,Tyus Jones,2018-19,2018-19,2018,2017-18,MIN,MIN,TRUE,re_signed_standard,roster_continuity,3,21,82,NA,NA,FALSE,FALSE,NA,NA
udonis_haslem_2018_MIA,Udonis Haslem,2018-19,2018-19,2018,2017-18,MIA,MIA,TRUE,re_signed_standard,roster_continuity,3,37,82,NA,NA,FALSE,FALSE,NA,NA
victor_oladipo_2018_IND,Victor Oladipo,2018-19,2018-19,2018,2017-18,IND,IND,TRUE,re_signed_standard,roster_continuity,3,25,75,NA,NA,FALSE,FALSE,NA,NA
vince_carter_2018_ATL,Vince Carter,2018-19,2018-19,2018,2017-18,SAC,ATL,FALSE,new_team,team_change,3,41,73,NA,NA,FALSE,FALSE,NA,NA
wayne_ellington_2018_DET,Wayne Ellington,2018-19,2018-19,2018,2017-18,MIA,DET,FALSE,new_team,team_change,3,30,78,NA,NA,FALSE,FALSE,NA,NA
wayne_selden_2018_CHI,Wayne Selden,2018-19,2018-19,2018,2017-18,MEM,CHI,FALSE,new_team,team_change,3,23,48,NA,NA,FALSE,FALSE,NA,NA
wes_iwundu_2018_ORL,Wes Iwundu,2018-19,2018-19,2018,2017-18,ORL,ORL,TRUE,re_signed_standard,roster_continuity,3,23,70,NA,NA,FALSE,FALSE,NA,NA
wesley_johnson_2018_WAS,Wesley Johnson,2018-19,2018-19,2018,2017-18,LAC,WAS,FALSE,new_team,team_change,3,30,82,NA,NA,FALSE,FALSE,NA,NA
wesley_matthews_2018_IND,Wesley Matthews,2018-19,2018-19,2018,2017-18,DAL,IND,FALSE,new_team,team_change,3,31,64,NA,NA,FALSE,FALSE,NA,NA
will_barton_2018_DEN,Will Barton,2018-19,2018-19,2018,2017-18,DEN,DEN,TRUE,re_signed_standard,roster_continuity,3,27,81,NA,NA,FALSE,FALSE,NA,NA
willie_cauley-stein_2018_SAC,Willie Cauley-Stein,2018-19,2018-19,2018,2017-18,SAC,SAC,TRUE,re_signed_standard,roster_continuity,3,24,73,NA,NA,FALSE,FALSE,NA,NA
willy_hernangomez_2018_CHA,Willy Hernangomez,2018-19,2018-19,2018,2017-18,CHA,CHA,TRUE,re_signed_standard,roster_continuity,3,23,81,NA,NA,FALSE,FALSE,NA,NA
wilson_chandler_2018_LAC,Wilson Chandler,2018-19,2018-19,2018,2017-18,DEN,LAC,FALSE,new_team,team_change,3,30,75,NA,NA,FALSE,FALSE,NA,NA
yogi_ferrell_2018_SAC,Yogi Ferrell,2018-19,2018-19,2018,2017-18,DAL,SAC,FALSE,new_team,team_change,3,24,82,NA,NA,FALSE,FALSE,NA,NA
zach_collins_2018_POR,Zach Collins,2018-19,2018-19,2018,2017-18,POR,POR,TRUE,re_signed_standard,roster_continuity,3,20,81,NA,NA,FALSE,FALSE,NA,NA
zaza_pachulia_2018_DET,Zaza Pachulia,2018-19,2018-19,2018,2017-18,GSW,DET,FALSE,new_team,team_change,3,33,76,NA,NA,FALSE,FALSE,NA,NA
aaron_gordon_2019_ORL,Aaron Gordon,2019-20,2019-20,2019,2018-19,ORL,ORL,TRUE,re_signed_standard,roster_continuity,3,23,78,NA,NA,FALSE,FALSE,NA,NA
aaron_holiday_2019_IND,Aaron Holiday,2019-20,2019-20,2019,2018-19,IND,IND,TRUE,re_signed_standard,roster_continuity,3,22,82,NA,NA,FALSE,FALSE,NA,NA
abdel_nader_2019_OKC,Abdel Nader,2019-20,2019-20,2019,2018-19,OKC,OKC,TRUE,re_signed_standard,roster_continuity,3,25,80,NA,NA,FALSE,FALSE,NA,NA
al_horford_2019_PHI,Al Horford,2019-20,2019-20,2019,2018-19,BOS,PHI,FALSE,new_team,team_change,3,32,69,NA,NA,FALSE,FALSE,NA,NA
al-farouq_aminu_2019_ORL,Al-Farouq Aminu,2019-20,2019-20,2019,2018-19,POR,ORL,FALSE,new_team,team_change,3,28,82,NA,NA,FALSE,FALSE,NA,NA
alec_burks_2019_PHI,Alec Burks,2019-20,2019-20,2019,2018-19,SAC,PHI,FALSE,new_team,team_change,3,27,77,NA,NA,FALSE,FALSE,NA,NA
alex_len_2019_SAC,Alex Len,2019-20,2019-20,2019,2018-19,ATL,SAC,FALSE,new_team,team_change,3,25,79,NA,NA,FALSE,FALSE,NA,NA
alfonzo_mckinnie_2019_CLE,Alfonzo McKinnie,2019-20,2019-20,2019,2018-19,GSW,CLE,FALSE,new_team,team_change,3,26,73,NA,NA,FALSE,FALSE,NA,NA
allen_crabbe_2019_MIN,Allen Crabbe,2019-20,2019-20,2019,2018-19,BKN,MIN,FALSE,new_team,team_change,3,26,43,NA,NA,FALSE,FALSE,NA,NA
allonzo_trier_2019_NYK,Allonzo Trier,2019-20,2019-20,2019,2018-19,NYK,NYK,TRUE,re_signed_standard,roster_continuity,3,23,64,NA,NA,FALSE,FALSE,NA,NA
andre_drummond_2019_CLE,Andre Drummond,2019-20,2019-20,2019,2018-19,DET,CLE,FALSE,new_team,team_change,3,25,79,NA,NA,FALSE,FALSE,NA,NA
andre_iguodala_2019_MIA,Andre Iguodala,2019-20,2019-20,2019,2018-19,GSW,MIA,FALSE,new_team,team_change,3,35,69,NA,NA,FALSE,FALSE,NA,NA
andrew_wiggins_2019_GSW,Andrew Wiggins,2019-20,2019-20,2019,2018-19,MIN,GSW,FALSE,new_team,team_change,3,23,75,NA,NA,FALSE,FALSE,NA,NA
anfernee_simons_2019_POR,Anfernee Simons,2019-20,2019-20,2019,2018-19,POR,POR,TRUE,re_signed_standard,roster_continuity,3,19,42,NA,NA,FALSE,FALSE,NA,NA
ante_zizic_2019_CLE,Ante Zizic,2019-20,2019-20,2019,2018-19,CLE,CLE,TRUE,re_signed_standard,roster_continuity,3,22,75,NA,NA,FALSE,FALSE,NA,NA
anthony_davis_2019_LAL,Anthony Davis,2019-20,2019-20,2019,2018-19,NOP,LAL,FALSE,new_team,team_change,3,25,70,NA,NA,FALSE,FALSE,NA,NA
anthony_tolliver_2019_MEM,Anthony Tolliver,2019-20,2019-20,2019,2018-19,MIN,MEM,FALSE,new_team,team_change,3,33,82,NA,NA,FALSE,FALSE,NA,NA
aron_baynes_2019_PHX,Aron Baynes,2019-20,2019-20,2019,2018-19,BOS,PHX,FALSE,new_team,team_change,3,32,52,NA,NA,FALSE,FALSE,NA,NA
austin_rivers_2019_HOU,Austin Rivers,2019-20,2019-20,2019,2018-19,HOU,HOU,TRUE,re_signed_standard,roster_continuity,3,26,79,NA,NA,FALSE,FALSE,NA,NA
avery_bradley_2019_LAL,Avery Bradley,2019-20,2019-20,2019,2018-19,MEM,LAL,FALSE,new_team,team_change,3,28,66,NA,NA,FALSE,FALSE,NA,NA
bam_adebayo_2019_MIA,Bam Adebayo,2019-20,2019-20,2019,2018-19,MIA,MIA,TRUE,re_signed_standard,roster_continuity,3,21,82,NA,NA,FALSE,FALSE,NA,NA
ben_simmons_2019_PHI,Ben Simmons,2019-20,2019-20,2019,2018-19,PHI,PHI,TRUE,re_signed_standard,roster_continuity,3,22,79,NA,NA,FALSE,FALSE,NA,NA
bismack_biyombo_2019_CHA,Bismack Biyombo,2019-20,2019-20,2019,2018-19,CHA,CHA,TRUE,re_signed_standard,roster_continuity,3,26,68,NA,NA,FALSE,FALSE,NA,NA
blake_griffin_2019_DET,Blake Griffin,2019-20,2019-20,2019,2018-19,DET,DET,TRUE,re_signed_standard,roster_continuity,3,29,77,NA,NA,FALSE,FALSE,NA,NA
boban_marjanovic_2019_DAL,Boban Marjanovic,2019-20,2019-20,2019,2018-19,PHI,DAL,FALSE,new_team,team_change,3,30,79,NA,NA,FALSE,FALSE,NA,NA
bobby_portis_2019_NYK,Bobby Portis,2019-20,2019-20,2019,2018-19,WAS,NYK,FALSE,new_team,team_change,3,23,51,NA,NA,FALSE,FALSE,NA,NA
bogdan_bogdanovic_2019_SAC,Bogdan Bogdanovic,2019-20,2019-20,2019,2018-19,SAC,SAC,TRUE,re_signed_standard,roster_continuity,3,26,71,NA,NA,FALSE,FALSE,NA,NA
bojan_bogdanovic_2019_UTA,Bojan Bogdanovic,2019-20,2019-20,2019,2018-19,IND,UTA,FALSE,new_team,team_change,3,29,82,NA,NA,FALSE,FALSE,NA,NA
brad_wanamaker_2019_BOS,Brad Wanamaker,2019-20,2019-20,2019,2018-19,BOS,BOS,TRUE,re_signed_standard,roster_continuity,3,29,82,NA,NA,FALSE,FALSE,NA,NA
bradley_beal_2019_WAS,Bradley Beal,2019-20,2019-20,2019,2018-19,WAS,WAS,TRUE,re_signed_standard,roster_continuity,3,25,82,NA,NA,FALSE,FALSE,NA,NA
brandon_ingram_2019_NOP,Brandon Ingram,2019-20,2019-20,2019,2018-19,LAL,NOP,FALSE,new_team,team_change,3,21,58,NA,NA,FALSE,FALSE,NA,NA
brandon_knight_2019_DET,Brandon Knight,2019-20,2019-20,2019,2018-19,CLE,DET,FALSE,new_team,team_change,3,27,52,NA,NA,FALSE,FALSE,NA,NA
brook_lopez_2019_MIL,Brook Lopez,2019-20,2019-20,2019,2018-19,MIL,MIL,TRUE,re_signed_standard,roster_continuity,3,30,82,NA,NA,FALSE,FALSE,NA,NA
bruce_brown_2019_DET,Bruce Brown,2019-20,2019-20,2019,2018-19,DET,DET,TRUE,re_signed_standard,roster_continuity,3,22,81,NA,NA,FALSE,FALSE,NA,NA
bryn_forbes_2019_SAS,Bryn Forbes,2019-20,2019-20,2019,2018-19,SAS,SAS,TRUE,re_signed_standard,roster_continuity,3,25,82,NA,NA,FALSE,FALSE,NA,NA
buddy_hield_2019_SAC,Buddy Hield,2019-20,2019-20,2019,2018-19,SAC,SAC,TRUE,re_signed_standard,roster_continuity,3,26,82,NA,NA,FALSE,FALSE,NA,NA
caleb_swanigan_2019_POR,Caleb Swanigan,2019-20,2019-20,2019,2018-19,SAC,POR,FALSE,new_team,team_change,3,21,55,NA,NA,FALSE,FALSE,NA,NA
cameron_payne_2019_PHX,Cameron Payne,2019-20,2019-20,2019,2018-19,CLE,PHX,FALSE,new_team,team_change,3,24,47,NA,NA,FALSE,FALSE,NA,NA
caris_levert_2019_BKN,Caris LeVert,2019-20,2019-20,2019,2018-19,BKN,BKN,TRUE,re_signed_standard,roster_continuity,3,24,40,NA,NA,FALSE,FALSE,NA,NA
cedi_osman_2019_CLE,Cedi Osman,2019-20,2019-20,2019,2018-19,CLE,CLE,TRUE,re_signed_standard,roster_continuity,3,23,78,NA,NA,FALSE,FALSE,NA,NA
chandler_hutchison_2019_CHI,Chandler Hutchison,2019-20,2019-20,2019,2018-19,CHI,CHI,TRUE,re_signed_standard,roster_continuity,3,22,53,NA,NA,FALSE,FALSE,NA,NA
chandler_parsons_2019_ATL,Chandler Parsons,2019-20,2019-20,2019,2018-19,MEM,ATL,FALSE,new_team,team_change,3,30,42,NA,NA,FALSE,FALSE,NA,NA
chasson_randle_2019_GSW,Chasson Randle,2019-20,2019-20,2019,2018-19,WAS,GSW,FALSE,new_team,team_change,3,25,52,NA,NA,FALSE,FALSE,NA,NA
cheick_diallo_2019_PHX,Cheick Diallo,2019-20,2019-20,2019,2018-19,NOP,PHX,FALSE,new_team,team_change,3,22,74,NA,NA,FALSE,FALSE,NA,NA
chimezie_metu_2019_SAS,Chimezie Metu,2019-20,2019-20,2019,2018-19,SAS,SAS,TRUE,re_signed_standard,roster_continuity,3,21,50,NA,NA,FALSE,FALSE,NA,NA
chris_boucher_2019_TOR,Chris Boucher,2019-20,2019-20,2019,2018-19,TOR,TOR,TRUE,re_signed_standard,roster_continuity,3,26,46,NA,NA,FALSE,FALSE,NA,NA
chris_paul_2019_OKC,Chris Paul,2019-20,2019-20,2019,2018-19,HOU,OKC,FALSE,new_team,team_change,3,33,65,NA,NA,FALSE,FALSE,NA,NA
cj_mccollum_2019_POR,CJ McCollum,2019-20,2019-20,2019,2018-19,POR,POR,TRUE,re_signed_standard,roster_continuity,3,27,70,NA,NA,FALSE,FALSE,NA,NA
cj_miles_2019_WAS,CJ Miles,2019-20,2019-20,2019,2018-19,MEM,WAS,FALSE,new_team,team_change,3,31,62,NA,NA,FALSE,FALSE,NA,NA
clint_capela_2019_HOU,Clint Capela,2019-20,2019-20,2019,2018-19,HOU,HOU,TRUE,re_signed_standard,roster_continuity,3,24,68,NA,NA,FALSE,FALSE,NA,NA
cody_zeller_2019_CHA,Cody Zeller,2019-20,2019-20,2019,2018-19,CHA,CHA,TRUE,re_signed_standard,roster_continuity,3,26,50,NA,NA,FALSE,FALSE,NA,NA
collin_sexton_2019_CLE,Collin Sexton,2019-20,2019-20,2019,2018-19,CLE,CLE,TRUE,re_signed_standard,roster_continuity,3,20,82,NA,NA,FALSE,FALSE,NA,NA
cory_joseph_2019_SAC,Cory Joseph,2019-20,2019-20,2019,2018-19,IND,SAC,FALSE,new_team,team_change,3,27,82,NA,NA,FALSE,FALSE,NA,NA
courtney_lee_2019_DAL,Courtney Lee,2019-20,2019-20,2019,2018-19,DAL,DAL,TRUE,re_signed_standard,roster_continuity,3,33,56,NA,NA,FALSE,FALSE,NA,NA
cristiano_felicio_2019_CHI,Cristiano Felicio,2019-20,2019-20,2019,2018-19,CHI,CHI,TRUE,re_signed_standard,roster_continuity,3,26,81,NA,NA,FALSE,FALSE,NA,NA
damian_lillard_2019_POR,Damian Lillard,2019-20,2019-20,2019,2018-19,POR,POR,TRUE,re_signed_supermax,supermax,3,28,82,NA,NA,TRUE,TRUE,NA,NA
damion_lee_2019_GSW,Damion Lee,2019-20,2019-20,2019,2018-19,GSW,GSW,TRUE,re_signed_standard,roster_continuity,3,26,45,NA,NA,FALSE,FALSE,NA,NA
damyean_dotson_2019_NYK,Damyean Dotson,2019-20,2019-20,2019,2018-19,NYK,NYK,TRUE,re_signed_standard,roster_continuity,3,24,79,NA,NA,FALSE,FALSE,NA,NA
dangelo_russell_2019_MIN,D'Angelo Russell,2019-20,2019-20,2019,2018-19,BKN,MIN,FALSE,new_team,team_change,3,22,82,NA,NA,FALSE,FALSE,NA,NA
daniel_theis_2019_BOS,Daniel Theis,2019-20,2019-20,2019,2018-19,BOS,BOS,TRUE,re_signed_standard,roster_continuity,3,26,75,NA,NA,FALSE,FALSE,NA,NA
danilo_gallinari_2019_OKC,Danilo Gallinari,2019-20,2019-20,2019,2018-19,LAC,OKC,FALSE,new_team,team_change,3,30,70,NA,NA,FALSE,FALSE,NA,NA
danny_green_2019_LAL,Danny Green,2019-20,2019-20,2019,2018-19,TOR,LAL,FALSE,new_team,team_change,3,31,80,NA,NA,FALSE,FALSE,NA,NA
dante_exum_2019_CLE,Dante Exum,2019-20,2019-20,2019,2018-19,UTA,CLE,FALSE,new_team,team_change,3,23,43,NA,NA,FALSE,FALSE,NA,NA
danuel_house_2019_HOU,Danuel House Jr.,2019-20,2019-20,2019,2018-19,HOU,HOU,TRUE,re_signed_standard,roster_continuity,3,25,40,NA,NA,FALSE,FALSE,NA,NA
dario_saric_2019_PHX,Dario Saric,2019-20,2019-20,2019,2018-19,MIN,PHX,FALSE,new_team,team_change,3,24,81,NA,NA,FALSE,FALSE,NA,NA
david_nwaba_2019_BKN,David Nwaba,2019-20,2019-20,2019,2018-19,CLE,BKN,FALSE,new_team,team_change,3,26,56,NA,NA,FALSE,FALSE,NA,NA
davis_bertans_2019_WAS,Davis Bertans,2019-20,2019-20,2019,2018-19,SAS,WAS,FALSE,new_team,team_change,3,26,79,NA,NA,FALSE,FALSE,NA,NA
deaaron_fox_2019_SAC,De'Aaron Fox,2019-20,2019-20,2019,2018-19,SAC,SAC,TRUE,re_signed_standard,roster_continuity,3,21,82,NA,NA,FALSE,FALSE,NA,NA
deandre_ayton_2019_PHX,Deandre Ayton,2019-20,2019-20,2019,2018-19,PHX,PHX,TRUE,re_signed_standard,roster_continuity,3,20,71,NA,NA,FALSE,FALSE,NA,NA
deandre_bembry_2019_ATL,DeAndre' Bembry,2019-20,2019-20,2019,2018-19,ATL,ATL,TRUE,re_signed_standard,roster_continuity,3,24,82,NA,NA,FALSE,FALSE,NA,NA
deandre_jordan_2019_BKN,DeAndre Jordan,2019-20,2019-20,2019,2018-19,NYK,BKN,FALSE,new_team,team_change,3,30,76,NA,NA,FALSE,FALSE,NA,NA
deanthony_melton_2019_MEM,De'Anthony Melton,2019-20,2019-20,2019,2018-19,PHX,MEM,FALSE,new_team,team_change,3,20,57,NA,NA,FALSE,FALSE,NA,NA
delon_wright_2019_DAL,Delon Wright,2019-20,2019-20,2019,2018-19,MEM,DAL,FALSE,new_team,team_change,3,26,76,NA,NA,FALSE,FALSE,NA,NA
demar_derozan_2019_SAS,DeMar DeRozan,2019-20,2019-20,2019,2018-19,SAS,SAS,TRUE,re_signed_standard,roster_continuity,3,29,79,NA,NA,FALSE,FALSE,NA,NA
demarre_carroll_2019_HOU,DeMarre Carroll,2019-20,2019-20,2019,2018-19,BKN,HOU,FALSE,new_team,team_change,3,32,69,NA,NA,FALSE,FALSE,NA,NA
dennis_schroder_2019_OKC,Dennis Schroder,2019-20,2019-20,2019,2018-19,OKC,OKC,TRUE,re_signed_standard,roster_continuity,3,25,81,NA,NA,FALSE,FALSE,NA,NA
dennis_smith_2019_NYK,Dennis Smith Jr.,2019-20,2019-20,2019,2018-19,NYK,NYK,TRUE,re_signed_standard,roster_continuity,3,21,55,NA,NA,FALSE,FALSE,NA,NA
deonte_burton_2019_OKC,Deonte Burton,2019-20,2019-20,2019,2018-19,OKC,OKC,TRUE,re_signed_standard,roster_continuity,3,25,46,NA,NA,FALSE,FALSE,NA,NA
derrick_favors_2019_NOP,Derrick Favors,2019-20,2019-20,2019,2018-19,UTA,NOP,FALSE,new_team,team_change,3,27,77,NA,NA,FALSE,FALSE,NA,NA
derrick_jones_2019_MIA,Derrick Jones Jr.,2019-20,2019-20,2019,2018-19,MIA,MIA,TRUE,re_signed_standard,roster_continuity,3,21,73,NA,NA,FALSE,FALSE,NA,NA
derrick_rose_2019_DET,Derrick Rose,2019-20,2019-20,2019,2018-19,MIN,DET,FALSE,new_team,team_change,3,30,58,NA,NA,FALSE,FALSE,NA,NA
derrick_white_2019_SAS,Derrick White,2019-20,2019-20,2019,2018-19,SAS,SAS,TRUE,re_signed_standard,roster_continuity,3,24,68,NA,NA,FALSE,FALSE,NA,NA
devin_booker_2019_PHX,Devin Booker,2019-20,2019-20,2019,2018-19,PHX,PHX,TRUE,re_signed_standard,roster_continuity,3,22,70,NA,NA,FALSE,FALSE,NA,NA
devonte_graham_2019_CHA,Devonte' Graham,2019-20,2019-20,2019,2018-19,CHA,CHA,TRUE,re_signed_standard,roster_continuity,3,23,64,NA,NA,FALSE,FALSE,NA,NA
dewayne_dedmon_2019_ATL,Dewayne Dedmon,2019-20,2019-20,2019,2018-19,ATL,ATL,TRUE,re_signed_standard,roster_continuity,3,29,65,NA,NA,FALSE,FALSE,NA,NA
dion_waiters_2019_LAL,Dion Waiters,2019-20,2019-20,2019,2018-19,MIA,LAL,FALSE,new_team,team_change,3,27,47,NA,NA,FALSE,FALSE,NA,NA
dj_augustin_2019_ORL,D.J. Augustin,2019-20,2019-20,2019,2018-19,ORL,ORL,TRUE,re_signed_standard,roster_continuity,3,31,80,NA,NA,FALSE,FALSE,NA,NA
dj_wilson_2019_MIL,D.J. Wilson,2019-20,2019-20,2019,2018-19,MIL,MIL,TRUE,re_signed_standard,roster_continuity,3,22,56,NA,NA,FALSE,FALSE,NA,NA
domantas_sabonis_2019_IND,Domantas Sabonis,2019-20,2019-20,2019,2018-19,IND,IND,TRUE,re_signed_standard,roster_continuity,3,22,75,NA,NA,FALSE,FALSE,NA,NA
donovan_mitchell_2019_UTA,Donovan Mitchell,2019-20,2019-20,2019,2018-19,UTA,UTA,TRUE,re_signed_standard,roster_continuity,3,22,77,NA,NA,FALSE,FALSE,NA,NA
donte_divincenzo_2019_MIL,Donte DiVincenzo,2019-20,2019-20,2019,2018-19,MIL,MIL,TRUE,re_signed_standard,roster_continuity,3,22,41,NA,NA,FALSE,FALSE,NA,NA
dorian_finney-smith_2019_DAL,Dorian Finney-Smith,2019-20,2019-20,2019,2018-19,DAL,DAL,TRUE,re_signed_standard,roster_continuity,3,25,81,NA,NA,FALSE,FALSE,NA,NA
doug_mcdermott_2019_IND,Doug McDermott,2019-20,2019-20,2019,2018-19,IND,IND,TRUE,re_signed_standard,roster_continuity,3,27,77,NA,NA,FALSE,FALSE,NA,NA
dragan_bender_2019_GSW,Dragan Bender,2019-20,2019-20,2019,2018-19,PHX,GSW,FALSE,new_team,team_change,3,21,82,NA,NA,FALSE,FALSE,NA,NA
draymond_green_2019_GSW,Draymond Green,2019-20,2019-20,2019,2018-19,GSW,GSW,TRUE,re_signed_standard,roster_continuity,3,28,66,NA,NA,FALSE,FALSE,NA,NA
drew_eubanks_2019_SAS,Drew Eubanks,2019-20,2019-20,2019,2018-19,SAS,SAS,TRUE,re_signed_standard,roster_continuity,3,21,43,NA,NA,FALSE,FALSE,NA,NA
duncan_robinson_2019_MIA,Duncan Robinson,2019-20,2019-20,2019,2018-19,MIA,MIA,TRUE,re_signed_standard,roster_continuity,3,24,41,NA,NA,FALSE,FALSE,NA,NA
dwayne_bacon_2019_CHA,Dwayne Bacon,2019-20,2019-20,2019,2018-19,CHA,CHA,TRUE,re_signed_standard,roster_continuity,3,23,68,NA,NA,FALSE,FALSE,NA,NA
dwight_powell_2019_DAL,Dwight Powell,2019-20,2019-20,2019,2018-19,DAL,DAL,TRUE,re_signed_standard,roster_continuity,3,27,79,NA,NA,FALSE,FALSE,NA,NA
ed_davis_2019_UTA,Ed Davis,2019-20,2019-20,2019,2018-19,BKN,UTA,FALSE,new_team,team_change,3,29,82,NA,NA,FALSE,FALSE,NA,NA
edmond_sumner_2019_IND,Edmond Sumner,2019-20,2019-20,2019,2018-19,IND,IND,TRUE,re_signed_standard,roster_continuity,3,23,48,NA,NA,FALSE,FALSE,NA,NA
elfrid_payton_2019_NYK,Elfrid Payton,2019-20,2019-20,2019,2018-19,NOP,NYK,FALSE,new_team,team_change,3,24,46,NA,NA,FALSE,FALSE,NA,NA
elie_okobo_2019_PHX,Elie Okobo,2019-20,2019-20,2019,2018-19,PHX,PHX,TRUE,re_signed_standard,roster_continuity,3,21,71,NA,NA,FALSE,FALSE,NA,NA
emmanuel_mudiay_2019_UTA,Emmanuel Mudiay,2019-20,2019-20,2019,2018-19,NYK,UTA,FALSE,new_team,team_change,3,22,60,NA,NA,FALSE,FALSE,NA,NA
enes_freedom_2019_BOS,Enes Freedom,2019-20,2019-20,2019,2018-19,POR,BOS,FALSE,new_team,team_change,3,26,73,NA,NA,FALSE,FALSE,NA,NA
eric_bledsoe_2019_MIL,Eric Bledsoe,2019-20,2019-20,2019,2018-19,MIL,MIL,TRUE,re_signed_standard,roster_continuity,3,29,82,NA,NA,FALSE,FALSE,NA,NA
eric_gordon_2019_HOU,Eric Gordon,2019-20,2019-20,2019,2018-19,HOU,HOU,TRUE,re_signed_standard,roster_continuity,3,30,71,NA,NA,FALSE,FALSE,NA,NA
ersan_ilyasova_2019_MIL,Ersan Ilyasova,2019-20,2019-20,2019,2018-19,MIL,MIL,TRUE,re_signed_standard,roster_continuity,3,31,71,NA,NA,FALSE,FALSE,NA,NA
etwaun_moore_2019_NOP,E'Twaun Moore,2019-20,2019-20,2019,2018-19,NOP,NOP,TRUE,re_signed_standard,roster_continuity,3,29,63,NA,NA,FALSE,FALSE,NA,NA
evan_fournier_2019_ORL,Evan Fournier,2019-20,2019-20,2019,2018-19,ORL,ORL,TRUE,re_signed_standard,roster_continuity,3,26,80,NA,NA,FALSE,FALSE,NA,NA
evan_turner_2019_MIN,Evan Turner,2019-20,2019-20,2019,2018-19,POR,MIN,FALSE,new_team,team_change,3,30,74,NA,NA,FALSE,FALSE,NA,NA
frank_jackson_2019_NOP,Frank Jackson,2019-20,2019-20,2019,2018-19,NOP,NOP,TRUE,re_signed_standard,roster_continuity,3,20,76,NA,NA,FALSE,FALSE,NA,NA
frank_kaminsky_2019_PHX,Frank Kaminsky,2019-20,2019-20,2019,2018-19,CHA,PHX,FALSE,new_team,team_change,3,25,80,NA,NA,FALSE,FALSE,NA,NA
frank_mason_2019_MIL,Frank Mason III,2019-20,2019-20,2019,2018-19,SAC,MIL,FALSE,new_team,team_change,3,24,80,NA,NA,FALSE,FALSE,NA,NA
frank_ntilikina_2019_NYK,Frank Ntilikina,2019-20,2019-20,2019,2018-19,NYK,NYK,TRUE,re_signed_standard,roster_continuity,3,20,46,NA,NA,FALSE,FALSE,NA,NA
fred_vanvleet_2019_TOR,Fred VanVleet,2019-20,2019-20,2019,2018-19,TOR,TOR,TRUE,re_signed_standard,roster_continuity,3,24,65,NA,NA,FALSE,FALSE,NA,NA
furkan_korkmaz_2019_PHI,Furkan Korkmaz,2019-20,2019-20,2019,2018-19,PHI,PHI,TRUE,re_signed_standard,roster_continuity,3,21,61,NA,NA,FALSE,FALSE,NA,NA
garrett_temple_2019_BKN,Garrett Temple,2019-20,2019-20,2019,2018-19,LAC,BKN,FALSE,new_team,team_change,3,32,77,NA,NA,FALSE,FALSE,NA,NA
gary_clark_2019_ORL,Gary Clark,2019-20,2019-20,2019,2018-19,HOU,ORL,FALSE,new_team,team_change,3,24,79,NA,NA,FALSE,FALSE,NA,NA
gary_harris_2019_DEN,Gary Harris,2019-20,2019-20,2019,2018-19,DEN,DEN,TRUE,re_signed_standard,roster_continuity,3,24,60,NA,NA,FALSE,FALSE,NA,NA
george_hill_2019_MIL,George Hill,2019-20,2019-20,2019,2018-19,MIL,MIL,TRUE,re_signed_standard,roster_continuity,3,32,70,NA,NA,FALSE,FALSE,NA,NA
georges_niang_2019_UTA,Georges Niang,2019-20,2019-20,2019,2018-19,UTA,UTA,TRUE,re_signed_standard,roster_continuity,3,25,75,NA,NA,FALSE,FALSE,NA,NA
giannis_antetokounmpo_2019_MIL,Giannis Antetokounmpo,2019-20,2019-20,2019,2018-19,MIL,MIL,TRUE,re_signed_standard,roster_continuity,3,24,78,NA,NA,FALSE,FALSE,NA,NA
glenn_robinson_2019_PHI,Glenn Robinson III,2019-20,2019-20,2019,2018-19,DET,PHI,FALSE,new_team,team_change,3,25,70,NA,NA,FALSE,FALSE,NA,NA
goran_dragic_2019_MIA,Goran Dragic,2019-20,2019-20,2019,2018-19,MIA,MIA,TRUE,re_signed_standard,roster_continuity,3,32,42,NA,NA,FALSE,FALSE,NA,NA
gordon_hayward_2019_BOS,Gordon Hayward,2019-20,2019-20,2019,2018-19,BOS,BOS,TRUE,re_signed_standard,roster_continuity,3,28,72,NA,NA,FALSE,FALSE,NA,NA
gorgui_dieng_2019_MEM,Gorgui Dieng,2019-20,2019-20,2019,2018-19,MIN,MEM,FALSE,new_team,team_change,3,29,80,NA,NA,FALSE,FALSE,NA,NA
grayson_allen_2019_MEM,Grayson Allen,2019-20,2019-20,2019,2018-19,UTA,MEM,FALSE,new_team,team_change,3,23,60,NA,NA,FALSE,FALSE,NA,NA
hamidou_diallo_2019_OKC,Hamidou Diallo,2019-20,2019-20,2019,2018-19,OKC,OKC,TRUE,re_signed_standard,roster_continuity,3,20,74,NA,NA,FALSE,FALSE,NA,NA
harrison_barnes_2019_SAC,Harrison Barnes,2019-20,2019-20,2019,2018-19,SAC,SAC,TRUE,re_signed_standard,roster_continuity,3,26,77,NA,NA,FALSE,FALSE,NA,NA
harry_giles_2019_SAC,Harry Giles III,2019-20,2019-20,2019,2018-19,SAC,SAC,TRUE,re_signed_standard,roster_continuity,3,20,70,NA,NA,FALSE,FALSE,NA,NA
hassan_whiteside_2019_POR,Hassan Whiteside,2019-20,2019-20,2019,2018-19,MIA,POR,FALSE,new_team,team_change,3,29,79,NA,NA,FALSE,FALSE,NA,NA
ian_mahinmi_2019_WAS,Ian Mahinmi,2019-20,2019-20,2019,2018-19,WAS,WAS,TRUE,re_signed_standard,roster_continuity,3,32,82,NA,NA,FALSE,FALSE,NA,NA
iman_shumpert_2019_BKN,Iman Shumpert,2019-20,2019-20,2019,2018-19,HOU,BKN,FALSE,new_team,team_change,3,28,71,NA,NA,FALSE,FALSE,NA,NA
ish_smith_2019_WAS,Ish Smith,2019-20,2019-20,2019,2018-19,DET,WAS,FALSE,new_team,team_change,3,30,56,NA,NA,FALSE,FALSE,NA,NA
ivica_zubac_2019_LAC,Ivica Zubac,2019-20,2019-20,2019,2018-19,LAC,LAC,TRUE,re_signed_standard,roster_continuity,3,21,79,NA,NA,FALSE,FALSE,NA,NA
jabari_parker_2019_SAC,Jabari Parker,2019-20,2019-20,2019,2018-19,WAS,SAC,FALSE,new_team,team_change,3,23,78,NA,NA,FALSE,FALSE,NA,NA
jacob_evans_2019_MIN,Jacob Evans,2019-20,2019-20,2019,2018-19,GSW,MIN,FALSE,new_team,team_change,3,21,51,NA,NA,FALSE,FALSE,NA,NA
jae_crowder_2019_MIA,Jae Crowder,2019-20,2019-20,2019,2018-19,UTA,MIA,FALSE,new_team,team_change,3,28,80,NA,NA,FALSE,FALSE,NA,NA
jahlil_okafor_2019_NOP,Jahlil Okafor,2019-20,2019-20,2019,2018-19,NOP,NOP,TRUE,re_signed_standard,roster_continuity,3,23,77,NA,NA,FALSE,FALSE,NA,NA
jake_layman_2019_MIN,Jake Layman,2019-20,2019-20,2019,2018-19,POR,MIN,FALSE,new_team,team_change,3,24,82,NA,NA,FALSE,FALSE,NA,NA
jakob_poeltl_2019_SAS,Jakob Poeltl,2019-20,2019-20,2019,2018-19,SAS,SAS,TRUE,re_signed_standard,roster_continuity,3,23,81,NA,NA,FALSE,FALSE,NA,NA
jalen_brunson_2019_DAL,Jalen Brunson,2019-20,2019-20,2019,2018-19,DAL,DAL,TRUE,re_signed_standard,roster_continuity,3,22,81,NA,NA,FALSE,FALSE,NA,NA
jamal_crawford_2019_BKN,Jamal Crawford,2019-20,2019-20,2019,2018-19,PHX,BKN,FALSE,new_team,team_change,3,38,76,NA,NA,FALSE,FALSE,NA,NA
jamal_murray_2019_DEN,Jamal Murray,2019-20,2019-20,2019,2018-19,DEN,DEN,TRUE,re_signed_standard,roster_continuity,3,21,75,NA,NA,FALSE,FALSE,NA,NA
james_ennis_2019_ORL,James Ennis III,2019-20,2019-20,2019,2018-19,PHI,ORL,FALSE,new_team,team_change,3,28,63,NA,NA,FALSE,FALSE,NA,NA
james_harden_2019_HOU,James Harden,2019-20,2019-20,2019,2018-19,HOU,HOU,TRUE,re_signed_standard,roster_continuity,3,29,78,NA,NA,FALSE,FALSE,NA,NA
james_johnson_2019_MIN,James Johnson,2019-20,2019-20,2019,2018-19,MIA,MIN,FALSE,new_team,team_change,3,31,63,NA,NA,FALSE,FALSE,NA,NA
jamychal_green_2019_LAC,JaMychal Green,2019-20,2019-20,2019,2018-19,LAC,LAC,TRUE,re_signed_standard,roster_continuity,3,28,70,NA,NA,FALSE,FALSE,NA,NA
jared_dudley_2019_LAL,Jared Dudley,2019-20,2019-20,2019,2018-19,BKN,LAL,FALSE,new_team,team_change,3,33,69,NA,NA,FALSE,FALSE,NA,NA
jaren_jackson_2019_MEM,Jaren Jackson Jr.,2019-20,2019-20,2019,2018-19,MEM,MEM,TRUE,re_signed_standard,roster_continuity,3,19,59,NA,NA,FALSE,FALSE,NA,NA
jarrett_allen_2019_BKN,Jarrett Allen,2019-20,2019-20,2019,2018-19,BKN,BKN,TRUE,re_signed_standard,roster_continuity,3,20,81,NA,NA,FALSE,FALSE,NA,NA
javale_mcgee_2019_LAL,JaVale McGee,2019-20,2019-20,2019,2018-19,LAL,LAL,TRUE,re_signed_standard,roster_continuity,3,31,81,NA,NA,FALSE,FALSE,NA,NA
jaylen_brown_2019_BOS,Jaylen Brown,2019-20,2019-20,2019,2018-19,BOS,BOS,TRUE,re_signed_standard,roster_continuity,3,22,75,NA,NA,FALSE,FALSE,NA,NA
jayson_tatum_2019_BOS,Jayson Tatum,2019-20,2019-20,2019,2018-19,BOS,BOS,TRUE,re_signed_standard,roster_continuity,3,20,80,NA,NA,FALSE,FALSE,NA,NA
jeff_green_2019_HOU,Jeff Green,2019-20,2019-20,2019,2018-19,WAS,HOU,FALSE,new_team,team_change,3,32,80,NA,NA,FALSE,FALSE,NA,NA
jeff_teague_2019_ATL,Jeff Teague,2019-20,2019-20,2019,2018-19,MIN,ATL,FALSE,new_team,team_change,3,30,50,NA,NA,FALSE,FALSE,NA,NA
jerami_grant_2019_DEN,Jerami Grant,2019-20,2019-20,2019,2018-19,OKC,DEN,FALSE,new_team,team_change,3,24,80,NA,NA,FALSE,FALSE,NA,NA
jeremy_lamb_2019_IND,Jeremy Lamb,2019-20,2019-20,2019,2018-19,CHA,IND,FALSE,new_team,team_change,3,26,79,NA,NA,FALSE,FALSE,NA,NA
jerian_grant_2019_WAS,Jerian Grant,2019-20,2019-20,2019,2018-19,ORL,WAS,FALSE,new_team,team_change,3,26,81,NA,NA,FALSE,FALSE,NA,NA
jerome_robinson_2019_WAS,Jerome Robinson,2019-20,2019-20,2019,2018-19,LAC,WAS,FALSE,new_team,team_change,3,21,43,NA,NA,FALSE,FALSE,NA,NA
jevon_carter_2019_PHX,Jevon Carter,2019-20,2019-20,2019,2018-19,MEM,PHX,FALSE,new_team,team_change,3,23,56,NA,NA,FALSE,FALSE,NA,NA
jimmy_butler_2019_MIA,Jimmy Butler,2019-20,2019-20,2019,2018-19,PHI,MIA,FALSE,new_team,team_change,3,29,65,NA,NA,FALSE,FALSE,NA,NA
jj_redick_2019_NOP,JJ Redick,2019-20,2019-20,2019,2018-19,PHI,NOP,FALSE,new_team,team_change,3,34,78,NA,NA,FALSE,FALSE,NA,NA
joakim_noah_2019_LAC,Joakim Noah,2019-20,2019-20,2019,2018-19,MEM,LAC,FALSE,new_team,team_change,3,33,51,NA,NA,FALSE,FALSE,NA,NA
joe_harris_2019_BKN,Joe Harris,2019-20,2019-20,2019,2018-19,BKN,BKN,TRUE,re_signed_standard,roster_continuity,3,27,79,NA,NA,FALSE,FALSE,NA,NA
joe_ingles_2019_UTA,Joe Ingles,2019-20,2019-20,2019,2018-19,UTA,UTA,TRUE,re_signed_standard,roster_continuity,3,31,82,NA,NA,FALSE,FALSE,NA,NA
joel_embiid_2019_PHI,Joel Embiid,2019-20,2019-20,2019,2018-19,PHI,PHI,TRUE,re_signed_standard,roster_continuity,3,24,66,NA,NA,FALSE,FALSE,NA,NA
john_collins_2019_ATL,John Collins,2019-20,2019-20,2019,2018-19,ATL,ATL,TRUE,re_signed_standard,roster_continuity,3,21,62,NA,NA,FALSE,FALSE,NA,NA
jonah_bolden_2019_PHX,Jonah Bolden,2019-20,2019-20,2019,2018-19,PHI,PHX,FALSE,new_team,team_change,3,23,69,NA,NA,FALSE,FALSE,NA,NA
jonas_valanciunas_2019_MEM,Jonas Valanciunas,2019-20,2019-20,2019,2018-19,MEM,MEM,TRUE,re_signed_standard,roster_continuity,3,26,50,NA,NA,FALSE,FALSE,NA,NA
jonathan_isaac_2019_ORL,Jonathan Isaac,2019-20,2019-20,2019,2018-19,ORL,ORL,TRUE,re_signed_standard,roster_continuity,3,21,74,NA,NA,FALSE,FALSE,NA,NA
jordan_bell_2019_MEM,Jordan Bell,2019-20,2019-20,2019,2018-19,GSW,MEM,FALSE,new_team,team_change,3,24,80,NA,NA,FALSE,FALSE,NA,NA
jordan_clarkson_2019_UTA,Jordan Clarkson,2019-20,2019-20,2019,2018-19,CLE,UTA,FALSE,new_team,team_change,3,26,82,NA,NA,FALSE,FALSE,NA,NA
jordan_mcrae_2019_DET,Jordan McRae,2019-20,2019-20,2019,2018-19,WAS,DET,FALSE,new_team,team_change,3,27,42,NA,NA,FALSE,FALSE,NA,NA
josh_hart_2019_NOP,Josh Hart,2019-20,2019-20,2019,2018-19,LAL,NOP,FALSE,new_team,team_change,3,23,71,NA,NA,FALSE,FALSE,NA,NA
josh_jackson_2019_MEM,Josh Jackson,2019-20,2019-20,2019,2018-19,PHX,MEM,FALSE,new_team,team_change,3,21,79,NA,NA,FALSE,FALSE,NA,NA
josh_okogie_2019_MIN,Josh Okogie,2019-20,2019-20,2019,2018-19,MIN,MIN,TRUE,re_signed_standard,roster_continuity,3,20,82,NA,NA,FALSE,FALSE,NA,NA
josh_richardson_2019_PHI,Josh Richardson,2019-20,2019-20,2019,2018-19,MIA,PHI,FALSE,new_team,team_change,3,25,78,NA,NA,FALSE,FALSE,NA,NA
jrue_holiday_2019_NOP,Jrue Holiday,2019-20,2019-20,2019,2018-19,NOP,NOP,TRUE,re_signed_standard,roster_continuity,3,28,67,NA,NA,FALSE,FALSE,NA,NA
juancho_hernangomez_2019_MIN,Juancho Hernangomez,2019-20,2019-20,2019,2018-19,DEN,MIN,FALSE,new_team,team_change,3,23,82,NA,NA,FALSE,FALSE,NA,NA
julius_randle_2019_NYK,Julius Randle,2019-20,2019-20,2019,2018-19,NOP,NYK,FALSE,new_team,team_change,3,24,77,NA,NA,FALSE,FALSE,NA,NA
justin_anderson_2019_BKN,Justin Anderson,2019-20,2019-20,2019,2018-19,ATL,BKN,FALSE,new_team,team_change,3,25,65,NA,NA,FALSE,FALSE,NA,NA
justin_holiday_2019_IND,Justin Holiday,2019-20,2019-20,2019,2018-19,MEM,IND,FALSE,new_team,team_change,3,29,82,NA,NA,FALSE,FALSE,NA,NA
justin_jackson_2019_DAL,Justin Jackson,2019-20,2019-20,2019,2018-19,DAL,DAL,TRUE,re_signed_standard,roster_continuity,3,23,82,NA,NA,FALSE,FALSE,NA,NA
justise_winslow_2019_MIA,Justise Winslow,2019-20,2019-20,2019,2018-19,MIA,MIA,TRUE,re_signed_standard,roster_continuity,3,22,68,NA,NA,FALSE,FALSE,NA,NA
jusuf_nurkic_2019_POR,Jusuf Nurkic,2019-20,2019-20,2019,2018-19,POR,POR,TRUE,re_signed_standard,roster_continuity,3,24,73,NA,NA,FALSE,FALSE,NA,NA
karl-anthony_towns_2019_MIN,Karl-Anthony Towns,2019-20,2019-20,2019,2018-19,MIN,MIN,TRUE,re_signed_standard,roster_continuity,3,23,78,NA,NA,FALSE,FALSE,NA,NA
kawhi_leonard_2019_LAC,Kawhi Leonard,2019-20,2019-20,2019,2018-19,TOR,LAC,FALSE,new_team,team_change,3,27,64,NA,NA,FALSE,FALSE,NA,NA
keita_bates-diop_2019_DEN,Keita Bates-Diop,2019-20,2019-20,2019,2018-19,MIN,DEN,FALSE,new_team,team_change,3,23,57,NA,NA,FALSE,FALSE,NA,NA
kelly_olynyk_2019_MIA,Kelly Olynyk,2019-20,2019-20,2019,2018-19,MIA,MIA,TRUE,re_signed_standard,roster_continuity,3,27,82,NA,NA,FALSE,FALSE,NA,NA
kelly_oubre_2019_PHX,Kelly Oubre Jr.,2019-20,2019-20,2019,2018-19,PHX,PHX,TRUE,re_signed_standard,roster_continuity,3,23,69,NA,NA,FALSE,FALSE,NA,NA
kemba_walker_2019_BOS,Kemba Walker,2019-20,2019-20,2019,2018-19,CHA,BOS,FALSE,new_team,team_change,3,28,82,NA,NA,FALSE,FALSE,NA,NA
kenrich_williams_2019_NOP,Kenrich Williams,2019-20,2019-20,2019,2018-19,NOP,NOP,TRUE,re_signed_standard,roster_continuity,3,24,54,NA,NA,FALSE,FALSE,NA,NA
kent_bazemore_2019_SAC,Kent Bazemore,2019-20,2019-20,2019,2018-19,ATL,SAC,FALSE,new_team,team_change,3,29,67,NA,NA,FALSE,FALSE,NA,NA
kentavious_caldwell-pope_2019_LAL,Kentavious Caldwell-Pope,2019-20,2019-20,2019,2018-19,LAL,LAL,TRUE,re_signed_standard,roster_continuity,3,25,82,NA,NA,FALSE,FALSE,NA,NA
kevin_huerter_2019_ATL,Kevin Huerter,2019-20,2019-20,2019,2018-19,ATL,ATL,TRUE,re_signed_standard,roster_continuity,3,20,78,NA,NA,FALSE,FALSE,NA,NA
kevin_knox_2019_NYK,Kevin Knox II,2019-20,2019-20,2019,2018-19,NYK,NYK,TRUE,re_signed_standard,roster_continuity,3,19,74,NA,NA,FALSE,FALSE,NA,NA
kevon_looney_2019_GSW,Kevon Looney,2019-20,2019-20,2019,2018-19,GSW,GSW,TRUE,re_signed_standard,roster_continuity,3,22,81,NA,NA,FALSE,FALSE,NA,NA
khem_birch_2019_ORL,Khem Birch,2019-20,2019-20,2019,2018-19,ORL,ORL,TRUE,re_signed_standard,roster_continuity,3,26,81,NA,NA,FALSE,FALSE,NA,NA
khris_middleton_2019_MIL,Khris Middleton,2019-20,2019-20,2019,2018-19,MIL,MIL,TRUE,re_signed_standard,roster_continuity,3,27,80,NA,NA,FALSE,FALSE,NA,NA
khyri_thomas_2019_DET,Khyri Thomas,2019-20,2019-20,2019,2018-19,DET,DET,TRUE,re_signed_standard,roster_continuity,3,22,70,NA,NA,FALSE,FALSE,NA,NA
kris_dunn_2019_CHI,Kris Dunn,2019-20,2019-20,2019,2018-19,CHI,CHI,TRUE,re_signed_standard,roster_continuity,3,24,48,NA,NA,FALSE,FALSE,NA,NA
kyle_anderson_2019_MEM,Kyle Anderson,2019-20,2019-20,2019,2018-19,MEM,MEM,TRUE,re_signed_standard,roster_continuity,3,25,48,NA,NA,FALSE,FALSE,NA,NA
kyle_korver_2019_MIL,Kyle Korver,2019-20,2019-20,2019,2018-19,UTA,MIL,FALSE,new_team,team_change,3,37,71,NA,NA,FALSE,FALSE,NA,NA
kyle_kuzma_2019_LAL,Kyle Kuzma,2019-20,2019-20,2019,2018-19,LAL,LAL,TRUE,re_signed_standard,roster_continuity,3,23,77,NA,NA,FALSE,FALSE,NA,NA
kyle_lowry_2019_TOR,Kyle Lowry,2019-20,2019-20,2019,2018-19,TOR,TOR,TRUE,re_signed_standard,roster_continuity,3,32,69,NA,NA,FALSE,FALSE,NA,NA
kyle_oquinn_2019_PHI,Kyle O'Quinn,2019-20,2019-20,2019,2018-19,IND,PHI,FALSE,new_team,team_change,3,28,81,NA,NA,FALSE,FALSE,NA,NA
kyrie_irving_2019_BKN,Kyrie Irving,2019-20,2019-20,2019,2018-19,BOS,BKN,FALSE,new_team,team_change,3,26,68,NA,NA,FALSE,FALSE,NA,NA
lamarcus_aldridge_2019_SAS,LaMarcus Aldridge,2019-20,2019-20,2019,2018-19,SAS,SAS,TRUE,re_signed_standard,roster_continuity,3,33,81,NA,NA,FALSE,FALSE,NA,NA
lance_thomas_2019_BKN,Lance Thomas,2019-20,2019-20,2019,2018-19,NYK,BKN,FALSE,new_team,team_change,3,30,63,NA,NA,FALSE,FALSE,NA,NA
landry_shamet_2019_LAC,Landry Shamet,2019-20,2019-20,2019,2018-19,LAC,LAC,TRUE,re_signed_standard,roster_continuity,3,21,80,NA,NA,FALSE,FALSE,NA,NA
langston_galloway_2019_DET,Langston Galloway,2019-20,2019-20,2019,2018-19,DET,DET,TRUE,re_signed_standard,roster_continuity,3,27,82,NA,NA,FALSE,FALSE,NA,NA
larry_nance_2019_CLE,Larry Nance Jr.,2019-20,2019-20,2019,2018-19,CLE,CLE,TRUE,re_signed_standard,roster_continuity,3,26,69,NA,NA,FALSE,FALSE,NA,NA
lauri_markkanen_2019_CHI,Lauri Markkanen,2019-20,2019-20,2019,2018-19,CHI,CHI,TRUE,re_signed_standard,roster_continuity,3,21,57,NA,NA,FALSE,FALSE,NA,NA
lebron_james_2019_LAL,LeBron James,2019-20,2019-20,2019,2018-19,LAL,LAL,TRUE,re_signed_standard,roster_continuity,3,34,55,NA,NA,FALSE,FALSE,NA,NA
lonzo_ball_2019_NOP,Lonzo Ball,2019-20,2019-20,2019,2018-19,LAL,NOP,FALSE,new_team,team_change,3,21,47,NA,NA,FALSE,FALSE,NA,NA
lou_williams_2019_LAC,Lou Williams,2019-20,2019-20,2019,2018-19,LAC,LAC,TRUE,re_signed_standard,roster_continuity,3,32,77,NA,NA,FALSE,FALSE,NA,NA
luka_doncic_2019_DAL,Luka Doncic,2019-20,2019-20,2019,2018-19,DAL,DAL,TRUE,re_signed_standard,roster_continuity,3,19,74,NA,NA,FALSE,FALSE,NA,NA
luke_kennard_2019_DET,Luke Kennard,2019-20,2019-20,2019,2018-19,DET,DET,TRUE,re_signed_standard,roster_continuity,3,22,65,NA,NA,FALSE,FALSE,NA,NA
luke_kornet_2019_CHI,Luke Kornet,2019-20,2019-20,2019,2018-19,NYK,CHI,FALSE,new_team,team_change,3,23,63,NA,NA,FALSE,FALSE,NA,NA
malcolm_brogdon_2019_IND,Malcolm Brogdon,2019-20,2019-20,2019,2018-19,MIL,IND,FALSE,new_team,team_change,3,26,65,NA,NA,FALSE,FALSE,NA,NA
malik_beasley_2019_MIN,Malik Beasley,2019-20,2019-20,2019,2018-19,DEN,MIN,FALSE,new_team,team_change,3,22,81,NA,NA,FALSE,FALSE,NA,NA
malik_monk_2019_CHA,Malik Monk,2019-20,2019-20,2019,2018-19,CHA,CHA,TRUE,re_signed_standard,roster_continuity,3,20,82,NA,NA,FALSE,FALSE,NA,NA
marc_gasol_2019_TOR,Marc Gasol,2019-20,2019-20,2019,2018-19,TOR,TOR,TRUE,re_signed_standard,roster_continuity,3,34,81,NA,NA,FALSE,FALSE,NA,NA
marco_belinelli_2019_SAS,Marco Belinelli,2019-20,2019-20,2019,2018-19,SAS,SAS,TRUE,re_signed_standard,roster_continuity,3,32,81,NA,NA,FALSE,FALSE,NA,NA
marcus_morris_2019_LAC,Marcus Morris Sr.,2019-20,2019-20,2019,2018-19,BOS,LAC,FALSE,new_team,team_change,3,29,77,NA,NA,FALSE,FALSE,NA,NA
marcus_smart_2019_BOS,Marcus Smart,2019-20,2019-20,2019,2018-19,BOS,BOS,TRUE,re_signed_standard,roster_continuity,3,24,80,NA,NA,FALSE,FALSE,NA,NA
mario_hezonja_2019_POR,Mario Hezonja,2019-20,2019-20,2019,2018-19,NYK,POR,FALSE,new_team,team_change,3,23,72,NA,NA,FALSE,FALSE,NA,NA
markieff_morris_2019_LAL,Markieff Morris,2019-20,2019-20,2019,2018-19,OKC,LAL,FALSE,new_team,team_change,3,29,60,NA,NA,FALSE,FALSE,NA,NA
marquese_chriss_2019_GSW,Marquese Chriss,2019-20,2019-20,2019,2018-19,CLE,GSW,FALSE,new_team,team_change,3,21,75,NA,NA,FALSE,FALSE,NA,NA
marvin_bagley_2019_SAC,Marvin Bagley III,2019-20,2019-20,2019,2018-19,SAC,SAC,TRUE,re_signed_standard,roster_continuity,3,19,62,NA,NA,FALSE,FALSE,NA,NA
marvin_williams_2019_MIL,Marvin Williams,2019-20,2019-20,2019,2018-19,CHA,MIL,FALSE,new_team,team_change,3,32,76,NA,NA,FALSE,FALSE,NA,NA
mason_plumlee_2019_DEN,Mason Plumlee,2019-20,2019-20,2019,2018-19,DEN,DEN,TRUE,re_signed_standard,roster_continuity,3,28,82,NA,NA,FALSE,FALSE,NA,NA
matthew_dellavedova_2019_CLE,Matthew Dellavedova,2019-20,2019-20,2019,2018-19,CLE,CLE,TRUE,re_signed_standard,roster_continuity,3,28,62,NA,NA,FALSE,FALSE,NA,NA
maurice_harkless_2019_NYK,Maurice Harkless,2019-20,2019-20,2019,2018-19,POR,NYK,FALSE,new_team,team_change,3,25,67,NA,NA,FALSE,FALSE,NA,NA
maxi_kleber_2019_DAL,Maxi Kleber,2019-20,2019-20,2019,2018-19,DAL,DAL,TRUE,re_signed_standard,roster_continuity,3,27,73,NA,NA,FALSE,FALSE,NA,NA
meyers_leonard_2019_MIA,Meyers Leonard,2019-20,2019-20,2019,2018-19,POR,MIA,FALSE,new_team,team_change,3,26,82,NA,NA,FALSE,FALSE,NA,NA
michael_carter-williams_2019_ORL,Michael Carter-Williams,2019-20,2019-20,2019,2018-19,ORL,ORL,TRUE,re_signed_standard,roster_continuity,3,27,49,NA,NA,FALSE,FALSE,NA,NA
michael_kidd-gilchrist_2019_DAL,Michael Kidd-Gilchrist,2019-20,2019-20,2019,2018-19,CHA,DAL,FALSE,new_team,team_change,3,25,70,NA,NA,FALSE,FALSE,NA,NA
mikal_bridges_2019_PHX,Mikal Bridges,2019-20,2019-20,2019,2018-19,PHX,PHX,TRUE,re_signed_standard,roster_continuity,3,22,82,NA,NA,FALSE,FALSE,NA,NA
mike_conley_2019_UTA,Mike Conley,2019-20,2019-20,2019,2018-19,MEM,UTA,FALSE,new_team,team_change,3,31,80,NA,NA,FALSE,FALSE,NA,NA
mike_muscala_2019_OKC,Mike Muscala,2019-20,2019-20,2019,2018-19,LAL,OKC,FALSE,new_team,team_change,3,27,74,NA,NA,FALSE,FALSE,NA,NA
mike_scott_2019_PHI,Mike Scott,2019-20,2019-20,2019,2018-19,PHI,PHI,TRUE,re_signed_standard,roster_continuity,3,30,82,NA,NA,FALSE,FALSE,NA,NA
miles_bridges_2019_CHA,Miles Bridges,2019-20,2019-20,2019,2018-19,CHA,CHA,TRUE,re_signed_standard,roster_continuity,3,20,82,NA,NA,FALSE,FALSE,NA,NA
mitchell_robinson_2019_NYK,Mitchell Robinson,2019-20,2019-20,2019,2018-19,NYK,NYK,TRUE,re_signed_standard,roster_continuity,3,20,67,NA,NA,FALSE,FALSE,NA,NA
mo_bamba_2019_ORL,Mo Bamba,2019-20,2019-20,2019,2018-19,ORL,ORL,TRUE,re_signed_standard,roster_continuity,3,20,49,NA,NA,FALSE,FALSE,NA,NA
monte_morris_2019_DEN,Monte Morris,2019-20,2019-20,2019,2018-19,DEN,DEN,TRUE,re_signed_standard,roster_continuity,3,23,82,NA,NA,FALSE,FALSE,NA,NA
montrezl_harrell_2019_LAC,Montrezl Harrell,2019-20,2019-20,2019,2018-19,LAC,LAC,TRUE,re_signed_standard,roster_continuity,3,25,82,NA,NA,FALSE,FALSE,NA,NA
moritz_wagner_2019_WAS,Moritz Wagner,2019-20,2019-20,2019,2018-19,LAL,WAS,FALSE,new_team,team_change,3,21,71,NA,NA,FALSE,FALSE,NA,NA
myles_turner_2019_IND,Myles Turner,2019-20,2019-20,2019,2018-19,IND,IND,TRUE,re_signed_standard,roster_continuity,3,22,74,NA,NA,FALSE,FALSE,NA,NA
nemanja_bjelica_2019_SAC,Nemanja Bjelica,2019-20,2019-20,2019,2018-19,SAC,SAC,TRUE,re_signed_standard,roster_continuity,3,30,81,NA,NA,FALSE,FALSE,NA,NA
nerlens_noel_2019_OKC,Nerlens Noel,2019-20,2019-20,2019,2018-19,OKC,OKC,TRUE,re_signed_standard,roster_continuity,3,24,79,NA,NA,FALSE,FALSE,NA,NA
nicolas_batum_2019_CHA,Nicolas Batum,2019-20,2019-20,2019,2018-19,CHA,CHA,TRUE,re_signed_standard,roster_continuity,3,30,79,NA,NA,FALSE,FALSE,NA,NA
nikola_jokic_2019_DEN,Nikola Jokic,2019-20,2019-20,2019,2018-19,DEN,DEN,TRUE,re_signed_standard,roster_continuity,3,23,81,NA,NA,FALSE,FALSE,NA,NA
nikola_vucevic_2019_ORL,Nikola Vucevic,2019-20,2019-20,2019,2018-19,ORL,ORL,TRUE,re_signed_standard,roster_continuity,3,28,81,NA,NA,FALSE,FALSE,NA,NA
noah_vonleh_2019_DEN,Noah Vonleh,2019-20,2019-20,2019,2018-19,NYK,DEN,FALSE,new_team,team_change,3,23,68,NA,NA,FALSE,FALSE,NA,NA
norman_powell_2019_TOR,Norman Powell,2019-20,2019-20,2019,2018-19,TOR,TOR,TRUE,re_signed_standard,roster_continuity,3,25,60,NA,NA,FALSE,FALSE,NA,NA
og_anunoby_2019_TOR,O.G. Anunoby,2019-20,2019-20,2019,2018-19,TOR,TOR,TRUE,re_signed_standard,roster_continuity,3,21,67,NA,NA,FALSE,FALSE,NA,NA
otto_porter_2019_CHI,Otto Porter Jr.,2019-20,2019-20,2019,2018-19,CHI,CHI,TRUE,re_signed_standard,roster_continuity,3,25,57,NA,NA,FALSE,FALSE,NA,NA
pascal_siakam_2019_TOR,Pascal Siakam,2019-20,2019-20,2019,2018-19,TOR,TOR,TRUE,re_signed_standard,roster_continuity,3,24,82,NA,NA,FALSE,FALSE,NA,NA
pat_connaughton_2019_MIL,Pat Connaughton,2019-20,2019-20,2019,2018-19,MIL,MIL,TRUE,re_signed_standard,roster_continuity,3,26,81,NA,NA,FALSE,FALSE,NA,NA
patrick_beverley_2019_LAC,Patrick Beverley,2019-20,2019-20,2019,2018-19,LAC,LAC,TRUE,re_signed_standard,roster_continuity,3,30,78,NA,NA,FALSE,FALSE,NA,NA
patrick_patterson_2019_LAC,Patrick Patterson,2019-20,2019-20,2019,2018-19,OKC,LAC,FALSE,new_team,team_change,3,29,82,NA,NA,FALSE,FALSE,NA,NA
patty_mills_2019_SAS,Patty Mills,2019-20,2019-20,2019,2018-19,SAS,SAS,TRUE,re_signed_standard,roster_continuity,3,30,82,NA,NA,FALSE,FALSE,NA,NA
pau_gasol_2019_POR,Pau Gasol,2019-20,2019-20,2019,2018-19,MIL,POR,FALSE,new_team,team_change,3,38,45,NA,NA,FALSE,FALSE,NA,NA
paul_george_2019_LAC,Paul George,2019-20,2019-20,2019,2018-19,OKC,LAC,FALSE,new_team,team_change,3,28,81,NA,NA,FALSE,FALSE,NA,NA
paul_millsap_2019_DEN,Paul Millsap,2019-20,2019-20,2019,2018-19,DEN,DEN,TRUE,re_signed_standard,roster_continuity,3,33,71,NA,NA,FALSE,FALSE,NA,NA
pj_tucker_2019_HOU,P.J. Tucker,2019-20,2019-20,2019,2018-19,HOU,HOU,TRUE,re_signed_standard,roster_continuity,3,33,82,NA,NA,FALSE,FALSE,NA,NA
quinn_cook_2019_LAL,Quinn Cook,2019-20,2019-20,2019,2018-19,GSW,LAL,FALSE,new_team,team_change,3,25,82,NA,NA,FALSE,FALSE,NA,NA
rajon_rondo_2019_LAL,Rajon Rondo,2019-20,2019-20,2019,2018-19,LAL,LAL,TRUE,re_signed_standard,roster_continuity,3,32,51,NA,NA,FALSE,FALSE,NA,NA
raul_neto_2019_PHI,Raul Neto,2019-20,2019-20,2019,2018-19,UTA,PHI,FALSE,new_team,team_change,3,26,44,NA,NA,FALSE,FALSE,NA,NA
reggie_bullock_2019_NYK,Reggie Bullock,2019-20,2019-20,2019,2018-19,LAL,NYK,FALSE,new_team,team_change,3,27,72,NA,NA,FALSE,FALSE,NA,NA
reggie_jackson_2019_LAC,Reggie Jackson,2019-20,2019-20,2019,2018-19,DET,LAC,FALSE,new_team,team_change,3,28,82,NA,NA,FALSE,FALSE,NA,NA
richaun_holmes_2019_SAC,Richaun Holmes,2019-20,2019-20,2019,2018-19,PHX,SAC,FALSE,new_team,team_change,3,25,75,NA,NA,FALSE,FALSE,NA,NA
ricky_rubio_2019_PHX,Ricky Rubio,2019-20,2019-20,2019,2018-19,UTA,PHX,FALSE,new_team,team_change,3,28,69,NA,NA,FALSE,FALSE,NA,NA
robert_williams_2019_BOS,Robert Williams III,2019-20,2019-20,2019,2018-19,BOS,BOS,TRUE,re_signed_standard,roster_continuity,3,21,53,NA,NA,FALSE,FALSE,NA,NA
robin_lopez_2019_MIL,Robin Lopez,2019-20,2019-20,2019,2018-19,CHI,MIL,FALSE,new_team,team_change,3,30,82,NA,NA,FALSE,FALSE,NA,NA
rodions_kurucs_2019_BKN,Rodions Kurucs,2019-20,2019-20,2019,2018-19,BKN,BKN,TRUE,re_signed_standard,roster_continuity,3,20,75,NA,NA,FALSE,FALSE,NA,NA
rodney_hood_2019_POR,Rodney Hood,2019-20,2019-20,2019,2018-19,POR,POR,TRUE,re_signed_standard,roster_continuity,3,26,80,NA,NA,FALSE,FALSE,NA,NA
rodney_mcgruder_2019_LAC,Rodney McGruder,2019-20,2019-20,2019,2018-19,MIA,LAC,FALSE,new_team,team_change,3,27,74,NA,NA,FALSE,FALSE,NA,NA
royce_oneale_2019_UTA,Royce O'Neale,2019-20,2019-20,2019,2018-19,UTA,UTA,TRUE,re_signed_standard,roster_continuity,3,25,82,NA,NA,FALSE,FALSE,NA,NA
rudy_gay_2019_SAS,Rudy Gay,2019-20,2019-20,2019,2018-19,SAS,SAS,TRUE,re_signed_standard,roster_continuity,3,32,77,NA,NA,FALSE,FALSE,NA,NA
rudy_gobert_2019_UTA,Rudy Gobert,2019-20,2019-20,2019,2018-19,UTA,UTA,TRUE,re_signed_standard,roster_continuity,3,26,81,NA,NA,FALSE,FALSE,NA,NA
russell_westbrook_2019_HOU,Russell Westbrook,2019-20,2019-20,2019,2018-19,OKC,HOU,FALSE,new_team,team_change,3,30,74,NA,NA,FALSE,FALSE,NA,NA
ryan_anderson_2019_HOU,Ryan Anderson,2019-20,2019-20,2019,2018-19,MIA,HOU,FALSE,new_team,team_change,3,30,76,NA,NA,FALSE,FALSE,NA,NA
ryan_arcidiacono_2019_CHI,Ryan Arcidiacono,2019-20,2019-20,2019,2018-19,CHI,CHI,TRUE,re_signed_standard,roster_continuity,3,24,82,NA,NA,FALSE,FALSE,NA,NA
ryan_broekhoff_2019_DAL,Ryan Broekhoff,2019-20,2019-20,2019,2018-19,DAL,DAL,TRUE,re_signed_standard,roster_continuity,3,28,79,NA,NA,FALSE,FALSE,NA,NA
semi_ojeleye_2019_BOS,Semi Ojeleye,2019-20,2019-20,2019,2018-19,BOS,BOS,TRUE,re_signed_standard,roster_continuity,3,24,82,NA,NA,FALSE,FALSE,NA,NA
serge_ibaka_2019_TOR,Serge Ibaka,2019-20,2019-20,2019,2018-19,TOR,TOR,TRUE,re_signed_standard,roster_continuity,3,29,77,NA,NA,FALSE,FALSE,NA,NA
seth_curry_2019_DAL,Seth Curry,2019-20,2019-20,2019,2018-19,POR,DAL,FALSE,new_team,team_change,3,28,78,NA,NA,FALSE,FALSE,NA,NA
shabazz_napier_2019_WAS,Shabazz Napier,2019-20,2019-20,2019,2018-19,BKN,WAS,FALSE,new_team,team_change,3,27,76,NA,NA,FALSE,FALSE,NA,NA
shai_gilgeous-alexander_2019_OKC,Shai Gilgeous-Alexander,2019-20,2019-20,2019,2018-19,LAC,OKC,FALSE,new_team,team_change,3,20,82,NA,NA,FALSE,FALSE,NA,NA
shaquille_harrison_2019_CHI,Shaquille Harrison,2019-20,2019-20,2019,2018-19,CHI,CHI,TRUE,re_signed_standard,roster_continuity,3,25,80,NA,NA,FALSE,FALSE,NA,NA
sindarius_thornwell_2019_NOP,Sindarius Thornwell,2019-20,2019-20,2019,2018-19,LAC,NOP,FALSE,new_team,team_change,3,24,73,NA,NA,FALSE,FALSE,NA,NA
skal_labissiere_2019_POR,Skal Labissiere,2019-20,2019-20,2019,2018-19,POR,POR,TRUE,re_signed_standard,roster_continuity,3,22,56,NA,NA,FALSE,FALSE,NA,NA
solomon_hill_2019_MIA,Solomon Hill,2019-20,2019-20,2019,2018-19,NOP,MIA,FALSE,new_team,team_change,3,27,81,NA,NA,FALSE,FALSE,NA,NA
spencer_dinwiddie_2019_BKN,Spencer Dinwiddie,2019-20,2019-20,2019,2018-19,BKN,BKN,TRUE,re_signed_standard,roster_continuity,3,25,69,NA,NA,FALSE,FALSE,NA,NA
stanley_johnson_2019_TOR,Stanley Johnson,2019-20,2019-20,2019,2018-19,NOP,TOR,FALSE,new_team,team_change,3,22,78,NA,NA,FALSE,FALSE,NA,NA
stephen_curry_2019_GSW,Stephen Curry,2019-20,2019-20,2019,2018-19,GSW,GSW,TRUE,re_signed_standard,roster_continuity,3,30,69,NA,NA,FALSE,FALSE,NA,NA
sterling_brown_2019_MIL,Sterling Brown,2019-20,2019-20,2019,2018-19,MIL,MIL,TRUE,re_signed_standard,roster_continuity,3,23,70,NA,NA,FALSE,FALSE,NA,NA
steven_adams_2019_OKC,Steven Adams,2019-20,2019-20,2019,2018-19,OKC,OKC,TRUE,re_signed_standard,roster_continuity,3,25,82,NA,NA,FALSE,FALSE,NA,NA
svi_mykhailiuk_2019_DET,Svi Mykhailiuk,2019-20,2019-20,2019,2018-19,DET,DET,TRUE,re_signed_standard,roster_continuity,3,21,60,NA,NA,FALSE,FALSE,NA,NA
taj_gibson_2019_NYK,Taj Gibson,2019-20,2019-20,2019,2018-19,MIN,NYK,FALSE,new_team,team_change,3,33,77,NA,NA,FALSE,FALSE,NA,NA
taurean_prince_2019_BKN,Taurean Prince,2019-20,2019-20,2019,2018-19,ATL,BKN,FALSE,new_team,team_change,3,24,58,NA,NA,FALSE,FALSE,NA,NA
terrance_ferguson_2019_OKC,Terrance Ferguson,2019-20,2019-20,2019,2018-19,OKC,OKC,TRUE,re_signed_standard,roster_continuity,3,20,76,NA,NA,FALSE,FALSE,NA,NA
terrence_ross_2019_ORL,Terrence Ross,2019-20,2019-20,2019,2018-19,ORL,ORL,TRUE,re_signed_standard,roster_continuity,3,27,80,NA,NA,FALSE,FALSE,NA,NA
terry_rozier_2019_CHA,Terry Rozier,2019-20,2019-20,2019,2018-19,BOS,CHA,FALSE,new_team,team_change,3,24,79,NA,NA,FALSE,FALSE,NA,NA
thabo_sefolosha_2019_HOU,Thabo Sefolosha,2019-20,2019-20,2019,2018-19,UTA,HOU,FALSE,new_team,team_change,3,34,66,NA,NA,FALSE,FALSE,NA,NA
thaddeus_young_2019_CHI,Thaddeus Young,2019-20,2019-20,2019,2018-19,IND,CHI,FALSE,new_team,team_change,3,30,82,NA,NA,FALSE,FALSE,NA,NA
thomas_bryant_2019_WAS,Thomas Bryant,2019-20,2019-20,2019,2018-19,WAS,WAS,TRUE,re_signed_standard,roster_continuity,3,21,81,NA,NA,FALSE,FALSE,NA,NA
thon_maker_2019_DET,Thon Maker,2019-20,2019-20,2019,2018-19,DET,DET,TRUE,re_signed_standard,roster_continuity,3,21,79,NA,NA,FALSE,FALSE,NA,NA
tim_frazier_2019_DET,Tim Frazier,2019-20,2019-20,2019,2018-19,MIL,DET,FALSE,new_team,team_change,3,28,74,NA,NA,FALSE,FALSE,NA,NA
tim_hardaway_2019_DAL,Tim Hardaway Jr.,2019-20,2019-20,2019,2018-19,DAL,DAL,TRUE,re_signed_standard,roster_continuity,3,26,67,NA,NA,FALSE,FALSE,NA,NA
timothe_luwawu-cabarrot_2019_BKN,Timothe Luwawu-Cabarrot,2019-20,2019-20,2019,2018-19,CHI,BKN,FALSE,new_team,team_change,3,23,74,NA,NA,FALSE,FALSE,NA,NA
tj_leaf_2019_IND,T.J. Leaf,2019-20,2019-20,2019,2018-19,IND,IND,TRUE,re_signed_standard,roster_continuity,3,21,79,NA,NA,FALSE,FALSE,NA,NA
tj_mcconnell_2019_IND,T.J. McConnell,2019-20,2019-20,2019,2018-19,PHI,IND,FALSE,new_team,team_change,3,26,82,NA,NA,FALSE,FALSE,NA,NA
tj_warren_2019_IND,T.J. Warren,2019-20,2019-20,2019,2018-19,PHX,IND,FALSE,new_team,team_change,3,25,44,NA,NA,FALSE,FALSE,NA,NA
tobias_harris_2019_PHI,Tobias Harris,2019-20,2019-20,2019,2018-19,PHI,PHI,TRUE,re_signed_standard,roster_continuity,3,26,82,NA,NA,FALSE,FALSE,NA,NA
tomas_satoransky_2019_CHI,Tomas Satoransky,2019-20,2019-20,2019,2018-19,WAS,CHI,FALSE,new_team,team_change,3,27,80,NA,NA,FALSE,FALSE,NA,NA
tony_snell_2019_DET,Tony Snell,2019-20,2019-20,2019,2018-19,MIL,DET,FALSE,new_team,team_change,3,27,81,NA,NA,FALSE,FALSE,NA,NA
torrey_craig_2019_DEN,Torrey Craig,2019-20,2019-20,2019,2018-19,DEN,DEN,TRUE,re_signed_standard,roster_continuity,3,28,81,NA,NA,FALSE,FALSE,NA,NA
trae_young_2019_ATL,Trae Young,2019-20,2019-20,2019,2018-19,ATL,ATL,TRUE,re_signed_standard,roster_continuity,3,20,82,NA,NA,FALSE,FALSE,NA,NA
treveon_graham_2019_ATL,Treveon Graham,2019-20,2019-20,2019,2018-19,BKN,ATL,FALSE,new_team,team_change,3,25,50,NA,NA,FALSE,FALSE,NA,NA
trevor_ariza_2019_POR,Trevor Ariza,2019-20,2019-20,2019,2018-19,WAS,POR,FALSE,new_team,team_change,3,33,73,NA,NA,FALSE,FALSE,NA,NA
trey_burke_2019_DAL,Trey Burke,2019-20,2019-20,2019,2018-19,DAL,DAL,TRUE,re_signed_standard,roster_continuity,3,26,71,NA,NA,FALSE,FALSE,NA,NA
trey_lyles_2019_SAS,Trey Lyles,2019-20,2019-20,2019,2018-19,DEN,SAS,FALSE,new_team,team_change,3,23,70,NA,NA,FALSE,FALSE,NA,NA
tristan_thompson_2019_CLE,Tristan Thompson,2019-20,2019-20,2019,2018-19,CLE,CLE,TRUE,re_signed_standard,roster_continuity,3,27,46,NA,NA,FALSE,FALSE,NA,NA
troy_brown_2019_WAS,Troy Brown Jr.,2019-20,2019-20,2019,2018-19,WAS,WAS,TRUE,re_signed_standard,roster_continuity,3,19,72,NA,NA,FALSE,FALSE,NA,NA
troy_daniels_2019_DEN,Troy Daniels,2019-20,2019-20,2019,2018-19,PHX,DEN,FALSE,new_team,team_change,3,27,79,NA,NA,FALSE,FALSE,NA,NA
tyler_johnson_2019_BKN,Tyler Johnson,2019-20,2019-20,2019,2018-19,PHX,BKN,FALSE,new_team,team_change,3,26,64,NA,NA,FALSE,FALSE,NA,NA
tyrone_wallace_2019_ATL,Tyrone Wallace,2019-20,2019-20,2019,2018-19,LAC,ATL,FALSE,new_team,team_change,3,24,82,NA,NA,FALSE,FALSE,NA,NA
tyson_chandler_2019_HOU,Tyson Chandler,2019-20,2019-20,2019,2018-19,LAL,HOU,FALSE,new_team,team_change,3,36,69,NA,NA,FALSE,FALSE,NA,NA
tyus_jones_2019_MEM,Tyus Jones,2019-20,2019-20,2019,2018-19,MIN,MEM,FALSE,new_team,team_change,3,22,72,NA,NA,FALSE,FALSE,NA,NA
udonis_haslem_2019_MIA,Udonis Haslem,2019-20,2019-20,2019,2018-19,MIA,MIA,TRUE,re_signed_standard,roster_continuity,3,38,82,NA,NA,FALSE,FALSE,NA,NA
vince_carter_2019_ATL,Vince Carter,2019-20,2019-20,2019,2018-19,ATL,ATL,TRUE,re_signed_standard,roster_continuity,3,42,81,NA,NA,FALSE,FALSE,NA,NA
wayne_ellington_2019_NYK,Wayne Ellington,2019-20,2019-20,2019,2018-19,DET,NYK,FALSE,new_team,team_change,3,31,78,NA,NA,FALSE,FALSE,NA,NA
wendell_carter_2019_CHI,Wendell Carter Jr.,2019-20,2019-20,2019,2018-19,CHI,CHI,TRUE,re_signed_standard,roster_continuity,3,19,46,NA,NA,FALSE,FALSE,NA,NA
wes_iwundu_2019_ORL,Wes Iwundu,2019-20,2019-20,2019,2018-19,ORL,ORL,TRUE,re_signed_standard,roster_continuity,3,24,81,NA,NA,FALSE,FALSE,NA,NA
wesley_matthews_2019_MIL,Wesley Matthews,2019-20,2019-20,2019,2018-19,IND,MIL,FALSE,new_team,team_change,3,32,69,NA,NA,FALSE,FALSE,NA,NA
will_barton_2019_DEN,Will Barton,2019-20,2019-20,2019,2018-19,DEN,DEN,TRUE,re_signed_standard,roster_continuity,3,28,43,NA,NA,FALSE,FALSE,NA,NA
willie_cauley-stein_2019_DAL,Willie Cauley-Stein,2019-20,2019-20,2019,2018-19,SAC,DAL,FALSE,new_team,team_change,3,25,81,NA,NA,FALSE,FALSE,NA,NA
willy_hernangomez_2019_CHA,Willy Hernangomez,2019-20,2019-20,2019,2018-19,CHA,CHA,TRUE,re_signed_standard,roster_continuity,3,24,81,NA,NA,FALSE,FALSE,NA,NA
wilson_chandler_2019_BKN,Wilson Chandler,2019-20,2019-20,2019,2018-19,LAC,BKN,FALSE,new_team,team_change,3,31,54,NA,NA,FALSE,FALSE,NA,NA
yogi_ferrell_2019_SAC,Yogi Ferrell,2019-20,2019-20,2019,2018-19,SAC,SAC,TRUE,re_signed_standard,roster_continuity,3,25,82,NA,NA,FALSE,FALSE,NA,NA
zach_collins_2019_POR,Zach Collins,2019-20,2019-20,2019,2018-19,POR,POR,TRUE,re_signed_standard,roster_continuity,3,21,82,NA,NA,FALSE,FALSE,NA,NA
zach_lavine_2019_CHI,Zach LaVine,2019-20,2019-20,2019,2018-19,CHI,CHI,TRUE,re_signed_standard,roster_continuity,3,23,68,NA,NA,FALSE,FALSE,NA,NA
aaron_gordon_2020_DEN,Aaron Gordon,2020-21,2020-21,2020,2019-20,ORL,DEN,FALSE,new_team,team_change,3,24,62,NA,NA,FALSE,FALSE,NA,NA
aaron_holiday_2020_IND,Aaron Holiday,2020-21,2020-21,2020,2019-20,IND,IND,TRUE,re_signed_standard,roster_continuity,3,23,73,NA,NA,FALSE,FALSE,NA,NA
abdel_nader_2020_PHX,Abdel Nader,2020-21,2020-21,2020,2019-20,OKC,PHX,FALSE,new_team,team_change,3,26,64,NA,NA,FALSE,FALSE,NA,NA
al_horford_2020_OKC,Al Horford,2020-21,2020-21,2020,2019-20,PHI,OKC,FALSE,new_team,team_change,3,33,69,NA,NA,FALSE,FALSE,NA,NA
alec_burks_2020_NYK,Alec Burks,2020-21,2020-21,2020,2019-20,PHI,NYK,FALSE,new_team,team_change,3,28,68,NA,NA,FALSE,FALSE,NA,NA
alex_caruso_2020_LAL,Alex Caruso,2020-21,2020-21,2020,2019-20,LAL,LAL,TRUE,re_signed_standard,roster_continuity,3,25,67,NA,NA,FALSE,FALSE,NA,NA
alex_len_2020_WAS,Alex Len,2020-21,2020-21,2020,2019-20,SAC,WAS,FALSE,new_team,team_change,3,26,56,NA,NA,FALSE,FALSE,NA,NA
alfonzo_mckinnie_2020_LAL,Alfonzo McKinnie,2020-21,2020-21,2020,2019-20,CLE,LAL,FALSE,new_team,team_change,3,27,53,NA,NA,FALSE,FALSE,NA,NA
alize_johnson_2020_BKN,Alize Johnson,2020-21,2020-21,2020,2019-20,IND,BKN,FALSE,new_team,team_change,3,23,48,NA,NA,FALSE,FALSE,NA,NA
andre_drummond_2020_LAL,Andre Drummond,2020-21,2020-21,2020,2019-20,CLE,LAL,FALSE,new_team,team_change,3,26,64,NA,NA,FALSE,FALSE,NA,NA
andrew_wiggins_2020_GSW,Andrew Wiggins,2020-21,2020-21,2020,2019-20,GSW,GSW,TRUE,re_signed_standard,roster_continuity,3,24,55,NA,NA,FALSE,FALSE,NA,NA
anfernee_simons_2020_POR,Anfernee Simons,2020-21,2020-21,2020,2019-20,POR,POR,TRUE,re_signed_standard,roster_continuity,3,20,74,NA,NA,FALSE,FALSE,NA,NA
anthony_davis_2020_LAL,Anthony Davis,2020-21,2020-21,2020,2019-20,LAL,LAL,TRUE,re_signed_standard,roster_continuity,3,26,67,NA,NA,FALSE,FALSE,NA,NA
anthony_tolliver_2020_PHI,Anthony Tolliver,2020-21,2020-21,2020,2019-20,MEM,PHI,FALSE,new_team,team_change,3,34,74,NA,NA,FALSE,FALSE,NA,NA
anzejs_pasecniks_2020_WAS,Anzejs Pasecniks,2020-21,2020-21,2020,2019-20,WAS,WAS,TRUE,re_signed_standard,roster_continuity,3,24,44,NA,NA,FALSE,FALSE,NA,NA
aron_baynes_2020_TOR,Aron Baynes,2020-21,2020-21,2020,2019-20,PHX,TOR,FALSE,new_team,team_change,3,33,66,NA,NA,FALSE,FALSE,NA,NA
austin_rivers_2020_DEN,Austin Rivers,2020-21,2020-21,2020,2019-20,HOU,DEN,FALSE,new_team,team_change,3,27,69,NA,NA,FALSE,FALSE,NA,NA
avery_bradley_2020_HOU,Avery Bradley,2020-21,2020-21,2020,2019-20,LAL,HOU,FALSE,new_team,team_change,3,29,50,NA,NA,FALSE,FALSE,NA,NA
bam_adebayo_2020_MIA,Bam Adebayo,2020-21,2020-21,2020,2019-20,MIA,MIA,TRUE,re_signed_standard,roster_continuity,3,22,72,NA,NA,FALSE,FALSE,NA,NA
ben_mclemore_2020_LAL,Ben McLemore,2020-21,2020-21,2020,2019-20,HOU,LAL,FALSE,new_team,team_change,3,26,72,NA,NA,FALSE,FALSE,NA,NA
ben_simmons_2020_PHI,Ben Simmons,2020-21,2020-21,2020,2019-20,PHI,PHI,TRUE,re_signed_standard,roster_continuity,3,23,57,NA,NA,FALSE,FALSE,NA,NA
bismack_biyombo_2020_CHA,Bismack Biyombo,2020-21,2020-21,2020,2019-20,CHA,CHA,TRUE,re_signed_standard,roster_continuity,3,27,65,NA,NA,FALSE,FALSE,NA,NA
boban_marjanovic_2020_DAL,Boban Marjanovic,2020-21,2020-21,2020,2019-20,DAL,DAL,TRUE,re_signed_standard,roster_continuity,3,31,74,NA,NA,FALSE,FALSE,NA,NA
bobby_portis_2020_MIL,Bobby Portis,2020-21,2020-21,2020,2019-20,NYK,MIL,FALSE,new_team,team_change,3,24,66,NA,NA,FALSE,FALSE,NA,NA
bogdan_bogdanovic_2020_ATL,Bogdan Bogdanovic,2020-21,2020-21,2020,2019-20,SAC,ATL,FALSE,new_team,team_change,3,27,63,NA,NA,FALSE,FALSE,NA,NA
bojan_bogdanovic_2020_UTA,Bojan Bogdanovic,2020-21,2020-21,2020,2019-20,UTA,UTA,TRUE,re_signed_standard,roster_continuity,3,30,63,NA,NA,FALSE,FALSE,NA,NA
brad_wanamaker_2020_CHA,Brad Wanamaker,2020-21,2020-21,2020,2019-20,BOS,CHA,FALSE,new_team,team_change,3,30,72,NA,NA,FALSE,FALSE,NA,NA
bradley_beal_2020_WAS,Bradley Beal,2020-21,2020-21,2020,2019-20,WAS,WAS,TRUE,re_signed_standard,roster_continuity,3,26,61,NA,NA,FALSE,FALSE,NA,NA
brandon_clarke_2020_MEM,Brandon Clarke,2020-21,2020-21,2020,2019-20,MEM,MEM,TRUE,re_signed_standard,roster_continuity,3,23,61,NA,NA,FALSE,FALSE,NA,NA
brandon_goodwin_2020_ATL,Brandon Goodwin,2020-21,2020-21,2020,2019-20,ATL,ATL,TRUE,re_signed_standard,roster_continuity,3,24,41,NA,NA,FALSE,FALSE,NA,NA
brandon_ingram_2020_NOP,Brandon Ingram,2020-21,2020-21,2020,2019-20,NOP,NOP,TRUE,re_signed_standard,roster_continuity,3,22,70,NA,NA,FALSE,FALSE,NA,NA
brook_lopez_2020_MIL,Brook Lopez,2020-21,2020-21,2020,2019-20,MIL,MIL,TRUE,re_signed_standard,roster_continuity,3,31,69,NA,NA,FALSE,FALSE,NA,NA
bruce_brown_2020_BKN,Bruce Brown,2020-21,2020-21,2020,2019-20,DET,BKN,FALSE,new_team,team_change,3,23,62,NA,NA,FALSE,FALSE,NA,NA
bruno_caboclo_2020_HOU,Bruno Caboclo,2020-21,2020-21,2020,2019-20,HOU,HOU,TRUE,re_signed_standard,roster_continuity,3,24,54,NA,NA,FALSE,FALSE,NA,NA
bruno_fernando_2020_ATL,Bruno Fernando,2020-21,2020-21,2020,2019-20,ATL,ATL,TRUE,re_signed_standard,roster_continuity,3,21,61,NA,NA,FALSE,FALSE,NA,NA
bryn_forbes_2020_MIL,Bryn Forbes,2020-21,2020-21,2020,2019-20,SAS,MIL,FALSE,new_team,team_change,3,26,63,NA,NA,FALSE,FALSE,NA,NA
buddy_hield_2020_SAC,Buddy Hield,2020-21,2020-21,2020,2019-20,SAC,SAC,TRUE,re_signed_standard,roster_continuity,3,27,72,NA,NA,FALSE,FALSE,NA,NA
cam_reddish_2020_ATL,Cam Reddish,2020-21,2020-21,2020,2019-20,ATL,ATL,TRUE,re_signed_standard,roster_continuity,3,20,59,NA,NA,FALSE,FALSE,NA,NA
cameron_johnson_2020_PHX,Cameron Johnson,2020-21,2020-21,2020,2019-20,PHX,PHX,TRUE,re_signed_standard,roster_continuity,3,23,68,NA,NA,FALSE,FALSE,NA,NA
caris_levert_2020_IND,Caris LeVert,2020-21,2020-21,2020,2019-20,BKN,IND,FALSE,new_team,team_change,3,25,47,NA,NA,FALSE,FALSE,NA,NA
carmelo_anthony_2020_POR,Carmelo Anthony,2020-21,2020-21,2020,2019-20,POR,POR,TRUE,re_signed_standard,roster_continuity,3,35,60,NA,NA,FALSE,FALSE,NA,NA
carsen_edwards_2020_BOS,Carsen Edwards,2020-21,2020-21,2020,2019-20,BOS,BOS,TRUE,re_signed_standard,roster_continuity,3,21,55,NA,NA,FALSE,FALSE,NA,NA
cedi_osman_2020_CLE,Cedi Osman,2020-21,2020-21,2020,2019-20,CLE,CLE,TRUE,re_signed_standard,roster_continuity,3,24,65,NA,NA,FALSE,FALSE,NA,NA
chimezie_metu_2020_SAC,Chimezie Metu,2020-21,2020-21,2020,2019-20,SAS,SAC,FALSE,new_team,team_change,3,22,54,NA,NA,FALSE,FALSE,NA,NA
chris_boucher_2020_TOR,Chris Boucher,2020-21,2020-21,2020,2019-20,TOR,TOR,TRUE,re_signed_standard,roster_continuity,3,27,71,NA,NA,FALSE,FALSE,NA,NA
chris_chiozza_2020_BKN,Chris Chiozza,2020-21,2020-21,2020,2019-20,BKN,BKN,TRUE,re_signed_standard,roster_continuity,3,24,40,NA,NA,FALSE,FALSE,NA,NA
chris_clemons_2020_HOU,Chris Clemons,2020-21,2020-21,2020,2019-20,HOU,HOU,TRUE,re_signed_standard,roster_continuity,3,22,63,NA,NA,FALSE,FALSE,NA,NA
chris_paul_2020_PHX,Chris Paul,2020-21,2020-21,2020,2019-20,OKC,PHX,FALSE,new_team,team_change,3,34,70,NA,NA,FALSE,FALSE,NA,NA
chris_silva_2020_SAC,Chris Silva,2020-21,2020-21,2020,2019-20,MIA,SAC,FALSE,new_team,team_change,3,23,68,NA,NA,FALSE,FALSE,NA,NA
christian_wood_2020_HOU,Christian Wood,2020-21,2020-21,2020,2019-20,DET,HOU,FALSE,new_team,team_change,3,24,64,NA,NA,FALSE,FALSE,NA,NA
cj_mccollum_2020_POR,CJ McCollum,2020-21,2020-21,2020,2019-20,POR,POR,TRUE,re_signed_standard,roster_continuity,3,28,74,NA,NA,FALSE,FALSE,NA,NA
clint_capela_2020_ATL,Clint Capela,2020-21,2020-21,2020,2019-20,HOU,ATL,FALSE,new_team,team_change,3,25,40,NA,NA,FALSE,FALSE,NA,NA
coby_white_2020_CHI,Coby White,2020-21,2020-21,2020,2019-20,CHI,CHI,TRUE,re_signed_standard,roster_continuity,3,19,65,NA,NA,FALSE,FALSE,NA,NA
cody_martin_2020_CHA,Cody Martin,2020-21,2020-21,2020,2019-20,CHA,CHA,TRUE,re_signed_standard,roster_continuity,3,24,57,NA,NA,FALSE,FALSE,NA,NA
cody_zeller_2020_CHA,Cody Zeller,2020-21,2020-21,2020,2019-20,CHA,CHA,TRUE,re_signed_standard,roster_continuity,3,27,62,NA,NA,FALSE,FALSE,NA,NA
collin_sexton_2020_CLE,Collin Sexton,2020-21,2020-21,2020,2019-20,CLE,CLE,TRUE,re_signed_standard,roster_continuity,3,21,65,NA,NA,FALSE,FALSE,NA,NA
cory_joseph_2020_DET,Cory Joseph,2020-21,2020-21,2020,2019-20,SAC,DET,FALSE,new_team,team_change,3,28,72,NA,NA,FALSE,FALSE,NA,NA
damian_jones_2020_SAC,Damian Jones,2020-21,2020-21,2020,2019-20,ATL,SAC,FALSE,new_team,team_change,3,24,67,NA,NA,FALSE,FALSE,NA,NA
damian_lillard_2020_POR,Damian Lillard,2020-21,2020-21,2020,2019-20,POR,POR,TRUE,re_signed_standard,roster_continuity,3,29,72,NA,NA,FALSE,FALSE,NA,NA
damion_lee_2020_GSW,Damion Lee,2020-21,2020-21,2020,2019-20,GSW,GSW,TRUE,re_signed_standard,roster_continuity,3,27,48,NA,NA,FALSE,FALSE,NA,NA
damyean_dotson_2020_CLE,Damyean Dotson,2020-21,2020-21,2020,2019-20,NYK,CLE,FALSE,new_team,team_change,3,25,65,NA,NA,FALSE,FALSE,NA,NA
dangelo_russell_2020_MIN,D'Angelo Russell,2020-21,2020-21,2020,2019-20,MIN,MIN,TRUE,re_signed_standard,roster_continuity,3,23,58,NA,NA,FALSE,FALSE,NA,NA
daniel_gafford_2020_WAS,Daniel Gafford,2020-21,2020-21,2020,2019-20,CHI,WAS,FALSE,new_team,team_change,3,21,54,NA,NA,FALSE,FALSE,NA,NA
daniel_theis_2020_CHI,Daniel Theis,2020-21,2020-21,2020,2019-20,BOS,CHI,FALSE,new_team,team_change,3,27,65,NA,NA,FALSE,FALSE,NA,NA
danilo_gallinari_2020_ATL,Danilo Gallinari,2020-21,2020-21,2020,2019-20,OKC,ATL,FALSE,new_team,team_change,3,31,63,NA,NA,FALSE,FALSE,NA,NA
danny_green_2020_PHI,Danny Green,2020-21,2020-21,2020,2019-20,LAL,PHI,FALSE,new_team,team_change,3,32,68,NA,NA,FALSE,FALSE,NA,NA
dante_exum_2020_HOU,Dante Exum,2020-21,2020-21,2020,2019-20,CLE,HOU,FALSE,new_team,team_change,3,24,42,NA,NA,FALSE,FALSE,NA,NA
danuel_house_2020_HOU,Danuel House Jr.,2020-21,2020-21,2020,2019-20,HOU,HOU,TRUE,re_signed_standard,roster_continuity,3,26,65,NA,NA,FALSE,FALSE,NA,NA
dario_saric_2020_PHX,Dario Saric,2020-21,2020-21,2020,2019-20,PHX,PHX,TRUE,re_signed_standard,roster_continuity,3,25,68,NA,NA,FALSE,FALSE,NA,NA
darius_bazley_2020_OKC,Darius Bazley,2020-21,2020-21,2020,2019-20,OKC,OKC,TRUE,re_signed_standard,roster_continuity,3,19,61,NA,NA,FALSE,FALSE,NA,NA
darius_garland_2020_CLE,Darius Garland,2020-21,2020-21,2020,2019-20,CLE,CLE,TRUE,re_signed_standard,roster_continuity,3,20,61,NA,NA,FALSE,FALSE,NA,NA
davis_bertans_2020_WAS,Davis Bertans,2020-21,2020-21,2020,2019-20,WAS,WAS,TRUE,re_signed_standard,roster_continuity,3,27,55,NA,NA,FALSE,FALSE,NA,NA
deaaron_fox_2020_SAC,De'Aaron Fox,2020-21,2020-21,2020,2019-20,SAC,SAC,TRUE,re_signed_standard,roster_continuity,3,22,51,NA,NA,FALSE,FALSE,NA,NA
deandre_ayton_2020_PHX,Deandre Ayton,2020-21,2020-21,2020,2019-20,PHX,PHX,TRUE,re_signed_standard,roster_continuity,3,21,58,NA,NA,FALSE,FALSE,NA,NA
deandre_bembry_2020_TOR,DeAndre' Bembry,2020-21,2020-21,2020,2019-20,ATL,TOR,FALSE,new_team,team_change,3,25,46,NA,NA,FALSE,FALSE,NA,NA
deandre_hunter_2020_ATL,De'Andre Hunter,2020-21,2020-21,2020,2019-20,ATL,ATL,TRUE,re_signed_standard,roster_continuity,3,22,64,NA,NA,FALSE,FALSE,NA,NA
deandre_jordan_2020_BKN,DeAndre Jordan,2020-21,2020-21,2020,2019-20,BKN,BKN,TRUE,re_signed_standard,roster_continuity,3,31,56,NA,NA,FALSE,FALSE,NA,NA
deanthony_melton_2020_MEM,De'Anthony Melton,2020-21,2020-21,2020,2019-20,MEM,MEM,TRUE,re_signed_standard,roster_continuity,3,21,72,NA,NA,FALSE,FALSE,NA,NA
dejounte_murray_2020_SAS,Dejounte Murray,2020-21,2020-21,2020,2019-20,SAS,SAS,TRUE,re_signed_standard,roster_continuity,3,23,66,NA,NA,FALSE,FALSE,NA,NA
delon_wright_2020_SAC,Delon Wright,2020-21,2020-21,2020,2019-20,DAL,SAC,FALSE,new_team,team_change,3,27,73,NA,NA,FALSE,FALSE,NA,NA
demar_derozan_2020_SAS,DeMar DeRozan,2020-21,2020-21,2020,2019-20,SAS,SAS,TRUE,re_signed_standard,roster_continuity,3,30,70,NA,NA,FALSE,FALSE,NA,NA
dennis_schroder_2020_LAL,Dennis Schroder,2020-21,2020-21,2020,2019-20,OKC,LAL,FALSE,new_team,team_change,3,26,65,NA,NA,FALSE,FALSE,NA,NA
dennis_smith_2020_DET,Dennis Smith Jr.,2020-21,2020-21,2020,2019-20,NYK,DET,FALSE,new_team,team_change,3,22,41,NA,NA,FALSE,FALSE,NA,NA
denzel_valentine_2020_CHI,Denzel Valentine,2020-21,2020-21,2020,2019-20,CHI,CHI,TRUE,re_signed_standard,roster_continuity,3,26,60,NA,NA,FALSE,FALSE,NA,NA
derrick_favors_2020_UTA,Derrick Favors,2020-21,2020-21,2020,2019-20,NOP,UTA,FALSE,new_team,team_change,3,28,68,NA,NA,FALSE,FALSE,NA,NA
derrick_jones_2020_POR,Derrick Jones Jr.,2020-21,2020-21,2020,2019-20,MIA,POR,FALSE,new_team,team_change,3,22,68,NA,NA,FALSE,FALSE,NA,NA
derrick_rose_2020_NYK,Derrick Rose,2020-21,2020-21,2020,2019-20,DET,NYK,FALSE,new_team,team_change,3,31,59,NA,NA,FALSE,FALSE,NA,NA
derrick_white_2020_SAS,Derrick White,2020-21,2020-21,2020,2019-20,SAS,SAS,TRUE,re_signed_standard,roster_continuity,3,25,69,NA,NA,FALSE,FALSE,NA,NA
devin_booker_2020_PHX,Devin Booker,2020-21,2020-21,2020,2019-20,PHX,PHX,TRUE,re_signed_standard,roster_continuity,3,23,73,NA,NA,FALSE,FALSE,NA,NA
devonte_graham_2020_CHA,Devonte' Graham,2020-21,2020-21,2020,2019-20,CHA,CHA,TRUE,re_signed_standard,roster_continuity,3,24,64,NA,NA,FALSE,FALSE,NA,NA
dewayne_dedmon_2020_MIA,Dewayne Dedmon,2020-21,2020-21,2020,2019-20,ATL,MIA,FALSE,new_team,team_change,3,30,56,NA,NA,FALSE,FALSE,NA,NA
dillon_brooks_2020_MEM,Dillon Brooks,2020-21,2020-21,2020,2019-20,MEM,MEM,TRUE,re_signed_standard,roster_continuity,3,24,73,NA,NA,FALSE,FALSE,NA,NA
dj_augustin_2020_HOU,D.J. Augustin,2020-21,2020-21,2020,2019-20,ORL,HOU,FALSE,new_team,team_change,3,32,58,NA,NA,FALSE,FALSE,NA,NA
dj_wilson_2020_HOU,D.J. Wilson,2020-21,2020-21,2020,2019-20,MIL,HOU,FALSE,new_team,team_change,3,23,67,NA,NA,FALSE,FALSE,NA,NA
domantas_sabonis_2020_IND,Domantas Sabonis,2020-21,2020-21,2020,2019-20,IND,IND,TRUE,re_signed_standard,roster_continuity,3,23,62,NA,NA,FALSE,FALSE,NA,NA
donovan_mitchell_2020_UTA,Donovan Mitchell,2020-21,2020-21,2020,2019-20,UTA,UTA,TRUE,re_signed_standard,roster_continuity,3,23,69,NA,NA,FALSE,FALSE,NA,NA
donte_divincenzo_2020_MIL,Donte DiVincenzo,2020-21,2020-21,2020,2019-20,MIL,MIL,TRUE,re_signed_standard,roster_continuity,3,23,70,NA,NA,FALSE,FALSE,NA,NA
dorian_finney-smith_2020_DAL,Dorian Finney-Smith,2020-21,2020-21,2020,2019-20,DAL,DAL,TRUE,re_signed_standard,roster_continuity,3,26,71,NA,NA,FALSE,FALSE,NA,NA
doug_mcdermott_2020_IND,Doug McDermott,2020-21,2020-21,2020,2019-20,IND,IND,TRUE,re_signed_standard,roster_continuity,3,28,70,NA,NA,FALSE,FALSE,NA,NA
draymond_green_2020_GSW,Draymond Green,2020-21,2020-21,2020,2019-20,GSW,GSW,TRUE,re_signed_standard,roster_continuity,3,29,57,NA,NA,FALSE,FALSE,NA,NA
duncan_robinson_2020_MIA,Duncan Robinson,2020-21,2020-21,2020,2019-20,MIA,MIA,TRUE,re_signed_standard,roster_continuity,3,25,73,NA,NA,FALSE,FALSE,NA,NA
dwayne_bacon_2020_ORL,Dwayne Bacon,2020-21,2020-21,2020,2019-20,CHA,ORL,FALSE,new_team,team_change,3,24,54,NA,NA,FALSE,FALSE,NA,NA
dwight_howard_2020_PHI,Dwight Howard,2020-21,2020-21,2020,2019-20,LAL,PHI,FALSE,new_team,team_change,3,34,69,NA,NA,FALSE,FALSE,NA,NA
dwight_powell_2020_DAL,Dwight Powell,2020-21,2020-21,2020,2019-20,DAL,DAL,TRUE,re_signed_standard,roster_continuity,3,28,40,NA,NA,FALSE,FALSE,NA,NA
ed_davis_2020_MIN,Ed Davis,2020-21,2020-21,2020,2019-20,UTA,MIN,FALSE,new_team,team_change,3,30,56,NA,NA,FALSE,FALSE,NA,NA
edmond_sumner_2020_IND,Edmond Sumner,2020-21,2020-21,2020,2019-20,IND,IND,TRUE,re_signed_standard,roster_continuity,3,24,46,NA,NA,FALSE,FALSE,NA,NA
elfrid_payton_2020_NYK,Elfrid Payton,2020-21,2020-21,2020,2019-20,NYK,NYK,TRUE,re_signed_standard,roster_continuity,3,25,46,NA,NA,FALSE,FALSE,NA,NA
enes_freedom_2020_POR,Enes Freedom,2020-21,2020-21,2020,2019-20,BOS,POR,FALSE,new_team,team_change,3,27,61,NA,NA,FALSE,FALSE,NA,NA
eric_bledsoe_2020_NOP,Eric Bledsoe,2020-21,2020-21,2020,2019-20,MIL,NOP,FALSE,new_team,team_change,3,30,61,NA,NA,FALSE,FALSE,NA,NA
eric_paschall_2020_GSW,Eric Paschall,2020-21,2020-21,2020,2019-20,GSW,GSW,TRUE,re_signed_standard,roster_continuity,3,23,62,NA,NA,FALSE,FALSE,NA,NA
ersan_ilyasova_2020_UTA,Ersan Ilyasova,2020-21,2020-21,2020,2019-20,MIL,UTA,FALSE,new_team,team_change,3,32,70,NA,NA,FALSE,FALSE,NA,NA
etwaun_moore_2020_PHX,E'Twaun Moore,2020-21,2020-21,2020,2019-20,NOP,PHX,FALSE,new_team,team_change,3,30,72,NA,NA,FALSE,FALSE,NA,NA
evan_fournier_2020_BOS,Evan Fournier,2020-21,2020-21,2020,2019-20,ORL,BOS,FALSE,new_team,team_change,3,27,67,NA,NA,FALSE,FALSE,NA,NA
frank_jackson_2020_DET,Frank Jackson,2020-21,2020-21,2020,2019-20,NOP,DET,FALSE,new_team,team_change,3,21,72,NA,NA,FALSE,FALSE,NA,NA
frank_kaminsky_2020_PHX,Frank Kaminsky,2020-21,2020-21,2020,2019-20,PHX,PHX,TRUE,re_signed_standard,roster_continuity,3,26,41,NA,NA,FALSE,FALSE,NA,NA
frank_ntilikina_2020_NYK,Frank Ntilikina,2020-21,2020-21,2020,2019-20,NYK,NYK,TRUE,re_signed_standard,roster_continuity,3,21,59,NA,NA,FALSE,FALSE,NA,NA
fred_vanvleet_2020_TOR,Fred VanVleet,2020-21,2020-21,2020,2019-20,TOR,TOR,TRUE,re_signed_standard,roster_continuity,3,25,56,NA,NA,FALSE,FALSE,NA,NA
furkan_korkmaz_2020_PHI,Furkan Korkmaz,2020-21,2020-21,2020,2019-20,PHI,PHI,TRUE,re_signed_standard,roster_continuity,3,22,72,NA,NA,FALSE,FALSE,NA,NA
garrett_temple_2020_CHI,Garrett Temple,2020-21,2020-21,2020,2019-20,BKN,CHI,FALSE,new_team,team_change,3,33,63,NA,NA,FALSE,FALSE,NA,NA
gary_clark_2020_PHI,Gary Clark,2020-21,2020-21,2020,2019-20,ORL,PHI,FALSE,new_team,team_change,3,25,59,NA,NA,FALSE,FALSE,NA,NA
gary_harris_2020_ORL,Gary Harris,2020-21,2020-21,2020,2019-20,DEN,ORL,FALSE,new_team,team_change,3,25,57,NA,NA,FALSE,FALSE,NA,NA
gary_trent_2020_TOR,Gary Trent Jr.,2020-21,2020-21,2020,2019-20,POR,TOR,FALSE,new_team,team_change,3,21,71,NA,NA,FALSE,FALSE,NA,NA
george_hill_2020_PHI,George Hill,2020-21,2020-21,2020,2019-20,MIL,PHI,FALSE,new_team,team_change,3,33,59,NA,NA,FALSE,FALSE,NA,NA
georges_niang_2020_UTA,Georges Niang,2020-21,2020-21,2020,2019-20,UTA,UTA,TRUE,re_signed_standard,roster_continuity,3,26,72,NA,NA,FALSE,FALSE,NA,NA
giannis_antetokounmpo_2020_MIL,Giannis Antetokounmpo,2020-21,2020-21,2020,2019-20,MIL,MIL,TRUE,re_signed_supermax,supermax,3,25,64,NA,NA,TRUE,TRUE,NA,NA
glenn_robinson_2020_SAC,Glenn Robinson III,2020-21,2020-21,2020,2019-20,PHI,SAC,FALSE,new_team,team_change,3,26,66,NA,NA,FALSE,FALSE,NA,NA
goga_bitadze_2020_IND,Goga Bitadze,2020-21,2020-21,2020,2019-20,IND,IND,TRUE,re_signed_standard,roster_continuity,3,20,69,NA,NA,FALSE,FALSE,NA,NA
goran_dragic_2020_MIA,Goran Dragic,2020-21,2020-21,2020,2019-20,MIA,MIA,TRUE,re_signed_standard,roster_continuity,3,33,61,NA,NA,FALSE,FALSE,NA,NA
gordon_hayward_2020_CHA,Gordon Hayward,2020-21,2020-21,2020,2019-20,BOS,CHA,FALSE,new_team,team_change,3,29,53,NA,NA,FALSE,FALSE,NA,NA
gorgui_dieng_2020_SAS,Gorgui Dieng,2020-21,2020-21,2020,2019-20,MEM,SAS,FALSE,new_team,team_change,3,30,71,NA,NA,FALSE,FALSE,NA,NA
grant_williams_2020_BOS,Grant Williams,2020-21,2020-21,2020,2019-20,BOS,BOS,TRUE,re_signed_standard,roster_continuity,3,21,72,NA,NA,FALSE,FALSE,NA,NA
grayson_allen_2020_MEM,Grayson Allen,2020-21,2020-21,2020,2019-20,MEM,MEM,TRUE,re_signed_standard,roster_continuity,3,24,47,NA,NA,FALSE,FALSE,NA,NA
hamidou_diallo_2020_DET,Hamidou Diallo,2020-21,2020-21,2020,2019-20,OKC,DET,FALSE,new_team,team_change,3,21,57,NA,NA,FALSE,FALSE,NA,NA
harrison_barnes_2020_SAC,Harrison Barnes,2020-21,2020-21,2020,2019-20,SAC,SAC,TRUE,re_signed_standard,roster_continuity,3,27,72,NA,NA,FALSE,FALSE,NA,NA
harry_giles_2020_POR,Harry Giles III,2020-21,2020-21,2020,2019-20,SAC,POR,FALSE,new_team,team_change,3,21,64,NA,NA,FALSE,FALSE,NA,NA
hassan_whiteside_2020_SAC,Hassan Whiteside,2020-21,2020-21,2020,2019-20,POR,SAC,FALSE,new_team,team_change,3,30,70,NA,NA,FALSE,FALSE,NA,NA
isaac_bonga_2020_WAS,Isaac Bonga,2020-21,2020-21,2020,2019-20,WAS,WAS,TRUE,re_signed_standard,roster_continuity,3,20,71,NA,NA,FALSE,FALSE,NA,NA
isaiah_hartenstein_2020_CLE,Isaiah Hartenstein,2020-21,2020-21,2020,2019-20,HOU,CLE,FALSE,new_team,team_change,3,21,43,NA,NA,FALSE,FALSE,NA,NA
isaiah_thomas_2020_NOP,Isaiah Thomas,2020-21,2020-21,2020,2019-20,WAS,NOP,FALSE,new_team,team_change,3,30,46,NA,NA,FALSE,FALSE,NA,NA
ish_smith_2020_WAS,Ish Smith,2020-21,2020-21,2020,2019-20,WAS,WAS,TRUE,re_signed_standard,roster_continuity,3,31,70,NA,NA,FALSE,FALSE,NA,NA
ivica_zubac_2020_LAC,Ivica Zubac,2020-21,2020-21,2020,2019-20,LAC,LAC,TRUE,re_signed_standard,roster_continuity,3,22,72,NA,NA,FALSE,FALSE,NA,NA
ja_morant_2020_MEM,Ja Morant,2020-21,2020-21,2020,2019-20,MEM,MEM,TRUE,re_signed_standard,roster_continuity,3,20,69,NA,NA,FALSE,FALSE,NA,NA
jabari_parker_2020_BOS,Jabari Parker,2020-21,2020-21,2020,2019-20,SAC,BOS,FALSE,new_team,team_change,3,24,48,NA,NA,FALSE,FALSE,NA,NA
jae_crowder_2020_PHX,Jae Crowder,2020-21,2020-21,2020,2019-20,MIA,PHX,FALSE,new_team,team_change,3,29,70,NA,NA,FALSE,FALSE,NA,NA
jahlil_okafor_2020_DET,Jahlil Okafor,2020-21,2020-21,2020,2019-20,NOP,DET,FALSE,new_team,team_change,3,24,66,NA,NA,FALSE,FALSE,NA,NA
jakarr_sampson_2020_IND,JaKarr Sampson,2020-21,2020-21,2020,2019-20,IND,IND,TRUE,re_signed_standard,roster_continuity,3,26,59,NA,NA,FALSE,FALSE,NA,NA
jakob_poeltl_2020_SAS,Jakob Poeltl,2020-21,2020-21,2020,2019-20,SAS,SAS,TRUE,re_signed_standard,roster_continuity,3,24,66,NA,NA,FALSE,FALSE,NA,NA
jalen_brunson_2020_DAL,Jalen Brunson,2020-21,2020-21,2020,2019-20,DAL,DAL,TRUE,re_signed_standard,roster_continuity,3,23,57,NA,NA,FALSE,FALSE,NA,NA
jamal_murray_2020_DEN,Jamal Murray,2020-21,2020-21,2020,2019-20,DEN,DEN,TRUE,re_signed_standard,roster_continuity,3,22,59,NA,NA,FALSE,FALSE,NA,NA
james_ennis_2020_ORL,James Ennis III,2020-21,2020-21,2020,2019-20,ORL,ORL,TRUE,re_signed_standard,roster_continuity,3,29,70,NA,NA,FALSE,FALSE,NA,NA
james_harden_2020_BKN,James Harden,2020-21,2020-21,2020,2019-20,HOU,BKN,FALSE,new_team,team_change,3,30,69,NA,NA,FALSE,FALSE,NA,NA
james_johnson_2020_NOP,James Johnson,2020-21,2020-21,2020,2019-20,MIN,NOP,FALSE,new_team,team_change,3,32,59,NA,NA,FALSE,FALSE,NA,NA
jamychal_green_2020_DEN,JaMychal Green,2020-21,2020-21,2020,2019-20,LAC,DEN,FALSE,new_team,team_change,3,29,65,NA,NA,FALSE,FALSE,NA,NA
jared_dudley_2020_LAL,Jared Dudley,2020-21,2020-21,2020,2019-20,LAL,LAL,TRUE,re_signed_standard,roster_continuity,3,34,71,NA,NA,FALSE,FALSE,NA,NA
jaren_jackson_2020_MEM,Jaren Jackson Jr.,2020-21,2020-21,2020,2019-20,MEM,MEM,TRUE,re_signed_standard,roster_continuity,3,20,58,NA,NA,FALSE,FALSE,NA,NA
jarrett_allen_2020_CLE,Jarrett Allen,2020-21,2020-21,2020,2019-20,BKN,CLE,FALSE,new_team,team_change,3,21,71,NA,NA,FALSE,FALSE,NA,NA
jarrett_culver_2020_MIN,Jarrett Culver,2020-21,2020-21,2020,2019-20,MIN,MIN,TRUE,re_signed_standard,roster_continuity,3,20,64,NA,NA,FALSE,FALSE,NA,NA
javale_mcgee_2020_DEN,JaVale McGee,2020-21,2020-21,2020,2019-20,LAL,DEN,FALSE,new_team,team_change,3,32,68,NA,NA,FALSE,FALSE,NA,NA
javonte_green_2020_CHI,Javonte Green,2020-21,2020-21,2020,2019-20,BOS,CHI,FALSE,new_team,team_change,3,26,67,NA,NA,FALSE,FALSE,NA,NA
jaxson_hayes_2020_NOP,Jaxson Hayes,2020-21,2020-21,2020,2019-20,NOP,NOP,TRUE,re_signed_standard,roster_continuity,3,19,72,NA,NA,FALSE,FALSE,NA,NA
jaylen_brown_2020_BOS,Jaylen Brown,2020-21,2020-21,2020,2019-20,BOS,BOS,TRUE,re_signed_standard,roster_continuity,3,23,58,NA,NA,FALSE,FALSE,NA,NA
jayson_tatum_2020_BOS,Jayson Tatum,2020-21,2020-21,2020,2019-20,BOS,BOS,TRUE,re_signed_standard,roster_continuity,3,21,69,NA,NA,FALSE,FALSE,NA,NA
jeff_green_2020_BKN,Jeff Green,2020-21,2020-21,2020,2019-20,HOU,BKN,FALSE,new_team,team_change,3,33,48,NA,NA,FALSE,FALSE,NA,NA
jeff_teague_2020_MIL,Jeff Teague,2020-21,2020-21,2020,2019-20,ATL,MIL,FALSE,new_team,team_change,3,31,63,NA,NA,FALSE,FALSE,NA,NA
jerami_grant_2020_DET,Jerami Grant,2020-21,2020-21,2020,2019-20,DEN,DET,FALSE,new_team,team_change,3,25,72,NA,NA,FALSE,FALSE,NA,NA
jeremy_lamb_2020_IND,Jeremy Lamb,2020-21,2020-21,2020,2019-20,IND,IND,TRUE,re_signed_standard,roster_continuity,3,27,46,NA,NA,FALSE,FALSE,NA,NA
jerome_robinson_2020_WAS,Jerome Robinson,2020-21,2020-21,2020,2019-20,WAS,WAS,TRUE,re_signed_standard,roster_continuity,3,22,73,NA,NA,FALSE,FALSE,NA,NA
jevon_carter_2020_PHX,Jevon Carter,2020-21,2020-21,2020,2019-20,PHX,PHX,TRUE,re_signed_standard,roster_continuity,3,24,73,NA,NA,FALSE,FALSE,NA,NA
jimmy_butler_2020_MIA,Jimmy Butler III,2020-21,2020-21,2020,2019-20,MIA,MIA,TRUE,re_signed_standard,roster_continuity,3,30,66,NA,NA,FALSE,FALSE,NA,NA
jj_redick_2020_DAL,JJ Redick,2020-21,2020-21,2020,2019-20,NOP,DAL,FALSE,new_team,team_change,3,35,70,NA,NA,FALSE,FALSE,NA,NA
joe_harris_2020_BKN,Joe Harris,2020-21,2020-21,2020,2019-20,BKN,BKN,TRUE,re_signed_standard,roster_continuity,3,28,71,NA,NA,FALSE,FALSE,NA,NA
joe_ingles_2020_UTA,Joe Ingles,2020-21,2020-21,2020,2019-20,UTA,UTA,TRUE,re_signed_standard,roster_continuity,3,32,72,NA,NA,FALSE,FALSE,NA,NA
joel_embiid_2020_PHI,Joel Embiid,2020-21,2020-21,2020,2019-20,PHI,PHI,TRUE,re_signed_standard,roster_continuity,3,25,53,NA,NA,FALSE,FALSE,NA,NA
john_collins_2020_ATL,John Collins,2020-21,2020-21,2020,2019-20,ATL,ATL,TRUE,re_signed_standard,roster_continuity,3,22,46,NA,NA,FALSE,FALSE,NA,NA
jonas_valanciunas_2020_MEM,Jonas Valanciunas,2020-21,2020-21,2020,2019-20,MEM,MEM,TRUE,re_signed_standard,roster_continuity,3,27,71,NA,NA,FALSE,FALSE,NA,NA
jordan_bell_2020_GSW,Jordan Bell,2020-21,2020-21,2020,2019-20,MEM,GSW,FALSE,new_team,team_change,3,25,58,NA,NA,FALSE,FALSE,NA,NA
jordan_clarkson_2020_UTA,Jordan Clarkson,2020-21,2020-21,2020,2019-20,UTA,UTA,TRUE,re_signed_standard,roster_continuity,3,27,72,NA,NA,FALSE,FALSE,NA,NA
jordan_poole_2020_GSW,Jordan Poole,2020-21,2020-21,2020,2019-20,GSW,GSW,TRUE,re_signed_standard,roster_continuity,3,20,61,NA,NA,FALSE,FALSE,NA,NA
josh_hart_2020_NOP,Josh Hart,2020-21,2020-21,2020,2019-20,NOP,NOP,TRUE,re_signed_standard,roster_continuity,3,24,72,NA,NA,FALSE,FALSE,NA,NA
josh_okogie_2020_MIN,Josh Okogie,2020-21,2020-21,2020,2019-20,MIN,MIN,TRUE,re_signed_standard,roster_continuity,3,21,64,NA,NA,FALSE,FALSE,NA,NA
josh_richardson_2020_DAL,Josh Richardson,2020-21,2020-21,2020,2019-20,PHI,DAL,FALSE,new_team,team_change,3,26,55,NA,NA,FALSE,FALSE,NA,NA
jrue_holiday_2020_MIL,Jrue Holiday,2020-21,2020-21,2020,2019-20,NOP,MIL,FALSE,new_team,team_change,3,29,67,NA,NA,FALSE,FALSE,NA,NA
juancho_hernangomez_2020_MIN,Juancho Hernangomez,2020-21,2020-21,2020,2019-20,MIN,MIN,TRUE,re_signed_standard,roster_continuity,3,24,65,NA,NA,FALSE,FALSE,NA,NA
julius_randle_2020_NYK,Julius Randle,2020-21,2020-21,2020,2019-20,NYK,NYK,TRUE,re_signed_standard,roster_continuity,3,25,64,NA,NA,FALSE,FALSE,NA,NA
justin_holiday_2020_IND,Justin Holiday,2020-21,2020-21,2020,2019-20,IND,IND,TRUE,re_signed_standard,roster_continuity,3,30,73,NA,NA,FALSE,FALSE,NA,NA
justin_jackson_2020_MIL,Justin Jackson,2020-21,2020-21,2020,2019-20,DAL,MIL,FALSE,new_team,team_change,3,24,75,NA,NA,FALSE,FALSE,NA,NA
justin_james_2020_SAC,Justin James,2020-21,2020-21,2020,2019-20,SAC,SAC,TRUE,re_signed_standard,roster_continuity,3,23,65,NA,NA,FALSE,FALSE,NA,NA
juwan_morgan_2020_UTA,Juwan Morgan,2020-21,2020-21,2020,2019-20,UTA,UTA,TRUE,re_signed_standard,roster_continuity,3,22,41,NA,NA,FALSE,FALSE,NA,NA
karl-anthony_towns_2020_MIN,Karl-Anthony Towns,2020-21,2020-21,2020,2019-20,MIN,MIN,TRUE,re_signed_standard,roster_continuity,3,24,46,NA,NA,FALSE,FALSE,NA,NA
kawhi_leonard_2020_LAC,Kawhi Leonard,2020-21,2020-21,2020,2019-20,LAC,LAC,TRUE,re_signed_standard,roster_continuity,3,28,62,NA,NA,FALSE,FALSE,NA,NA
keita_bates-diop_2020_SAS,Keita Bates-Diop,2020-21,2020-21,2020,2019-20,DEN,SAS,FALSE,new_team,team_change,3,24,48,NA,NA,FALSE,FALSE,NA,NA
kelly_olynyk_2020_HOU,Kelly Olynyk,2020-21,2020-21,2020,2019-20,MIA,HOU,FALSE,new_team,team_change,3,28,73,NA,NA,FALSE,FALSE,NA,NA
kelly_oubre_2020_GSW,Kelly Oubre Jr.,2020-21,2020-21,2020,2019-20,PHX,GSW,FALSE,new_team,team_change,3,24,59,NA,NA,FALSE,FALSE,NA,NA
kemba_walker_2020_BOS,Kemba Walker,2020-21,2020-21,2020,2019-20,BOS,BOS,TRUE,re_signed_standard,roster_continuity,3,29,56,NA,NA,FALSE,FALSE,NA,NA
kendrick_nunn_2020_MIA,Kendrick Nunn,2020-21,2020-21,2020,2019-20,MIA,MIA,TRUE,re_signed_standard,roster_continuity,3,24,68,NA,NA,FALSE,FALSE,NA,NA
kenrich_williams_2020_OKC,Kenrich Williams,2020-21,2020-21,2020,2019-20,NOP,OKC,FALSE,new_team,team_change,3,25,51,NA,NA,FALSE,FALSE,NA,NA
kent_bazemore_2020_GSW,Kent Bazemore,2020-21,2020-21,2020,2019-20,SAC,GSW,FALSE,new_team,team_change,3,30,70,NA,NA,FALSE,FALSE,NA,NA
kentavious_caldwell-pope_2020_LAL,Kentavious Caldwell-Pope,2020-21,2020-21,2020,2019-20,LAL,LAL,TRUE,re_signed_standard,roster_continuity,3,26,69,NA,NA,FALSE,FALSE,NA,NA
kevin_huerter_2020_ATL,Kevin Huerter,2020-21,2020-21,2020,2019-20,ATL,ATL,TRUE,re_signed_standard,roster_continuity,3,21,56,NA,NA,FALSE,FALSE,NA,NA
kevin_knox_2020_NYK,Kevin Knox II,2020-21,2020-21,2020,2019-20,NYK,NYK,TRUE,re_signed_standard,roster_continuity,3,20,66,NA,NA,FALSE,FALSE,NA,NA
kevin_love_2020_CLE,Kevin Love,2020-21,2020-21,2020,2019-20,CLE,CLE,TRUE,re_signed_standard,roster_continuity,3,31,59,NA,NA,FALSE,FALSE,NA,NA
kevin_porter_2020_HOU,Kevin Porter Jr.,2020-21,2020-21,2020,2019-20,CLE,HOU,FALSE,new_team,team_change,3,19,50,NA,NA,FALSE,FALSE,NA,NA
khem_birch_2020_TOR,Khem Birch,2020-21,2020-21,2020,2019-20,ORL,TOR,FALSE,new_team,team_change,3,27,72,NA,NA,FALSE,FALSE,NA,NA
khris_middleton_2020_MIL,Khris Middleton,2020-21,2020-21,2020,2019-20,MIL,MIL,TRUE,re_signed_standard,roster_continuity,3,28,63,NA,NA,FALSE,FALSE,NA,NA
kris_dunn_2020_ATL,Kris Dunn,2020-21,2020-21,2020,2019-20,CHI,ATL,FALSE,new_team,team_change,3,25,51,NA,NA,FALSE,FALSE,NA,NA
kristaps_porzingis_2020_DAL,Kristaps Porzingis,2020-21,2020-21,2020,2019-20,DAL,DAL,TRUE,re_signed_standard,roster_continuity,3,24,59,NA,NA,FALSE,FALSE,NA,NA
kyle_anderson_2020_MEM,Kyle Anderson,2020-21,2020-21,2020,2019-20,MEM,MEM,TRUE,re_signed_standard,roster_continuity,3,26,72,NA,NA,FALSE,FALSE,NA,NA
kyle_kuzma_2020_LAL,Kyle Kuzma,2020-21,2020-21,2020,2019-20,LAL,LAL,TRUE,re_signed_standard,roster_continuity,3,24,61,NA,NA,FALSE,FALSE,NA,NA
kyle_lowry_2020_TOR,Kyle Lowry,2020-21,2020-21,2020,2019-20,TOR,TOR,TRUE,re_signed_standard,roster_continuity,3,33,58,NA,NA,FALSE,FALSE,NA,NA
lamarcus_aldridge_2020_BKN,LaMarcus Aldridge,2020-21,2020-21,2020,2019-20,SAS,BKN,FALSE,new_team,team_change,3,34,54,NA,NA,FALSE,FALSE,NA,NA
landry_shamet_2020_BKN,Landry Shamet,2020-21,2020-21,2020,2019-20,LAC,BKN,FALSE,new_team,team_change,3,22,53,NA,NA,FALSE,FALSE,NA,NA
langston_galloway_2020_PHX,Langston Galloway,2020-21,2020-21,2020,2019-20,DET,PHX,FALSE,new_team,team_change,3,28,66,NA,NA,FALSE,FALSE,NA,NA
larry_nance_2020_CLE,Larry Nance Jr.,2020-21,2020-21,2020,2019-20,CLE,CLE,TRUE,re_signed_standard,roster_continuity,3,27,57,NA,NA,FALSE,FALSE,NA,NA
lauri_markkanen_2020_CHI,Lauri Markkanen,2020-21,2020-21,2020,2019-20,CHI,CHI,TRUE,re_signed_standard,roster_continuity,3,22,50,NA,NA,FALSE,FALSE,NA,NA
lebron_james_2020_LAL,LeBron James,2020-21,2020-21,2020,2019-20,LAL,LAL,TRUE,re_signed_standard,roster_continuity,3,35,67,NA,NA,FALSE,FALSE,NA,NA
lonnie_walker_2020_SAS,Lonnie Walker IV,2020-21,2020-21,2020,2019-20,SAS,SAS,TRUE,re_signed_standard,roster_continuity,3,21,71,NA,NA,FALSE,FALSE,NA,NA
lonzo_ball_2020_NOP,Lonzo Ball,2020-21,2020-21,2020,2019-20,NOP,NOP,TRUE,re_signed_standard,roster_continuity,3,22,66,NA,NA,FALSE,FALSE,NA,NA
lou_williams_2020_ATL,Lou Williams,2020-21,2020-21,2020,2019-20,LAC,ATL,FALSE,new_team,team_change,3,33,69,NA,NA,FALSE,FALSE,NA,NA
luka_doncic_2020_DAL,Luka Doncic,2020-21,2020-21,2020,2019-20,DAL,DAL,TRUE,re_signed_standard,roster_continuity,3,20,62,NA,NA,FALSE,FALSE,NA,NA
luke_kornet_2020_BOS,Luke Kornet,2020-21,2020-21,2020,2019-20,CHI,BOS,FALSE,new_team,team_change,3,24,52,NA,NA,FALSE,FALSE,NA,NA
malcolm_brogdon_2020_IND,Malcolm Brogdon,2020-21,2020-21,2020,2019-20,IND,IND,TRUE,re_signed_standard,roster_continuity,3,27,54,NA,NA,FALSE,FALSE,NA,NA
malik_beasley_2020_MIN,Malik Beasley,2020-21,2020-21,2020,2019-20,MIN,MIN,TRUE,re_signed_standard,roster_continuity,3,23,65,NA,NA,FALSE,FALSE,NA,NA
malik_monk_2020_CHA,Malik Monk,2020-21,2020-21,2020,2019-20,CHA,CHA,TRUE,re_signed_standard,roster_continuity,3,21,63,NA,NA,FALSE,FALSE,NA,NA
marc_gasol_2020_LAL,Marc Gasol,2020-21,2020-21,2020,2019-20,TOR,LAL,FALSE,new_team,team_change,3,35,44,NA,NA,FALSE,FALSE,NA,NA
marcus_morris_2020_LAC,Marcus Morris Sr.,2020-21,2020-21,2020,2019-20,LAC,LAC,TRUE,re_signed_standard,roster_continuity,3,30,65,NA,NA,FALSE,FALSE,NA,NA
marcus_smart_2020_BOS,Marcus Smart,2020-21,2020-21,2020,2019-20,BOS,BOS,TRUE,re_signed_standard,roster_continuity,3,25,61,NA,NA,FALSE,FALSE,NA,NA
markelle_fultz_2020_ORL,Markelle Fultz,2020-21,2020-21,2020,2019-20,ORL,ORL,TRUE,re_signed_standard,roster_continuity,3,21,72,NA,NA,FALSE,FALSE,NA,NA
markieff_morris_2020_LAL,Markieff Morris,2020-21,2020-21,2020,2019-20,LAL,LAL,TRUE,re_signed_standard,roster_continuity,3,30,66,NA,NA,FALSE,FALSE,NA,NA
marquese_chriss_2020_GSW,Marquese Chriss,2020-21,2020-21,2020,2019-20,GSW,GSW,TRUE,re_signed_standard,roster_continuity,3,22,60,NA,NA,FALSE,FALSE,NA,NA
mason_plumlee_2020_DET,Mason Plumlee,2020-21,2020-21,2020,2019-20,DEN,DET,FALSE,new_team,team_change,3,29,68,NA,NA,FALSE,FALSE,NA,NA
matisse_thybulle_2020_PHI,Matisse Thybulle,2020-21,2020-21,2020,2019-20,PHI,PHI,TRUE,re_signed_standard,roster_continuity,3,22,66,NA,NA,FALSE,FALSE,NA,NA
matt_thomas_2020_UTA,Matt Thomas,2020-21,2020-21,2020,2019-20,TOR,UTA,FALSE,new_team,team_change,3,25,62,NA,NA,FALSE,FALSE,NA,NA
matthew_dellavedova_2020_CLE,Matthew Dellavedova,2020-21,2020-21,2020,2019-20,CLE,CLE,TRUE,re_signed_standard,roster_continuity,3,29,63,NA,NA,FALSE,FALSE,NA,NA
maurice_harkless_2020_SAC,Maurice Harkless,2020-21,2020-21,2020,2019-20,NYK,SAC,FALSE,new_team,team_change,3,26,63,NA,NA,FALSE,FALSE,NA,NA
maxi_kleber_2020_DAL,Maxi Kleber,2020-21,2020-21,2020,2019-20,DAL,DAL,TRUE,re_signed_standard,roster_continuity,3,28,74,NA,NA,FALSE,FALSE,NA,NA
meyers_leonard_2020_MIA,Meyers Leonard,2020-21,2020-21,2020,2019-20,MIA,MIA,TRUE,re_signed_standard,roster_continuity,3,27,57,NA,NA,FALSE,FALSE,NA,NA
michael_carter-williams_2020_ORL,Michael Carter-Williams,2020-21,2020-21,2020,2019-20,ORL,ORL,TRUE,re_signed_standard,roster_continuity,3,28,46,NA,NA,FALSE,FALSE,NA,NA
michael_porter_2020_DEN,Michael Porter Jr.,2020-21,2020-21,2020,2019-20,DEN,DEN,TRUE,re_signed_standard,roster_continuity,3,21,67,NA,NA,FALSE,FALSE,NA,NA
mikal_bridges_2020_PHX,Mikal Bridges,2020-21,2020-21,2020,2019-20,PHX,PHX,TRUE,re_signed_standard,roster_continuity,3,23,73,NA,NA,FALSE,FALSE,NA,NA
mike_conley_2020_UTA,Mike Conley,2020-21,2020-21,2020,2019-20,UTA,UTA,TRUE,re_signed_standard,roster_continuity,3,32,47,NA,NA,FALSE,FALSE,NA,NA
mike_muscala_2020_OKC,Mike Muscala,2020-21,2020-21,2020,2019-20,OKC,OKC,TRUE,re_signed_standard,roster_continuity,3,28,70,NA,NA,FALSE,FALSE,NA,NA
mike_scott_2020_PHI,Mike Scott,2020-21,2020-21,2020,2019-20,PHI,PHI,TRUE,re_signed_standard,roster_continuity,3,31,70,NA,NA,FALSE,FALSE,NA,NA
miles_bridges_2020_CHA,Miles Bridges,2020-21,2020-21,2020,2019-20,CHA,CHA,TRUE,re_signed_standard,roster_continuity,3,21,65,NA,NA,FALSE,FALSE,NA,NA
mitchell_robinson_2020_NYK,Mitchell Robinson,2020-21,2020-21,2020,2019-20,NYK,NYK,TRUE,re_signed_standard,roster_continuity,3,21,61,NA,NA,FALSE,FALSE,NA,NA
mo_bamba_2020_ORL,Mo Bamba,2020-21,2020-21,2020,2019-20,ORL,ORL,TRUE,re_signed_standard,roster_continuity,3,21,68,NA,NA,FALSE,FALSE,NA,NA
monte_morris_2020_DEN,Monte Morris,2020-21,2020-21,2020,2019-20,DEN,DEN,TRUE,re_signed_standard,roster_continuity,3,24,73,NA,NA,FALSE,FALSE,NA,NA
montrezl_harrell_2020_LAL,Montrezl Harrell,2020-21,2020-21,2020,2019-20,LAC,LAL,FALSE,new_team,team_change,3,26,63,NA,NA,FALSE,FALSE,NA,NA
moritz_wagner_2020_ORL,Moritz Wagner,2020-21,2020-21,2020,2019-20,WAS,ORL,FALSE,new_team,team_change,3,22,48,NA,NA,FALSE,FALSE,NA,NA
myles_turner_2020_IND,Myles Turner,2020-21,2020-21,2020,2019-20,IND,IND,TRUE,re_signed_standard,roster_continuity,3,23,64,NA,NA,FALSE,FALSE,NA,NA
nassir_little_2020_POR,Nassir Little,2020-21,2020-21,2020,2019-20,POR,POR,TRUE,re_signed_standard,roster_continuity,3,19,73,NA,NA,FALSE,FALSE,NA,NA
nemanja_bjelica_2020_MIA,Nemanja Bjelica,2020-21,2020-21,2020,2019-20,SAC,MIA,FALSE,new_team,team_change,3,31,72,NA,NA,FALSE,FALSE,NA,NA
nerlens_noel_2020_NYK,Nerlens Noel,2020-21,2020-21,2020,2019-20,OKC,NYK,FALSE,new_team,team_change,3,25,64,NA,NA,FALSE,FALSE,NA,NA
nickeil_alexander-walker_2020_NOP,Nickeil Alexander-Walker,2020-21,2020-21,2020,2019-20,NOP,NOP,TRUE,re_signed_standard,roster_continuity,3,21,69,NA,NA,FALSE,FALSE,NA,NA
nicolas_batum_2020_LAC,Nicolas Batum,2020-21,2020-21,2020,2019-20,CHA,LAC,FALSE,new_team,team_change,3,31,50,NA,NA,FALSE,FALSE,NA,NA
nicolo_melli_2020_DAL,Nicolo Melli,2020-21,2020-21,2020,2019-20,NOP,DAL,FALSE,new_team,team_change,3,29,72,NA,NA,FALSE,FALSE,NA,NA
nikola_jokic_2020_DEN,Nikola Jokic,2020-21,2020-21,2020,2019-20,DEN,DEN,TRUE,re_signed_standard,roster_continuity,3,24,73,NA,NA,FALSE,FALSE,NA,NA
nikola_vucevic_2020_CHI,Nikola Vucevic,2020-21,2020-21,2020,2019-20,ORL,CHI,FALSE,new_team,team_change,3,29,62,NA,NA,FALSE,FALSE,NA,NA
noah_vonleh_2020_BKN,Noah Vonleh,2020-21,2020-21,2020,2019-20,DEN,BKN,FALSE,new_team,team_change,3,24,66,NA,NA,FALSE,FALSE,NA,NA
norman_powell_2020_POR,Norman Powell,2020-21,2020-21,2020,2019-20,TOR,POR,FALSE,new_team,team_change,3,26,52,NA,NA,FALSE,FALSE,NA,NA
norvel_pelle_2020_NYK,Norvel Pelle,2020-21,2020-21,2020,2019-20,PHI,NYK,FALSE,new_team,team_change,3,26,46,NA,NA,FALSE,FALSE,NA,NA
og_anunoby_2020_TOR,OG Anunoby,2020-21,2020-21,2020,2019-20,TOR,TOR,TRUE,re_signed_standard,roster_continuity,3,22,69,NA,NA,FALSE,FALSE,NA,NA
omari_rasulala_spellman_2020_NYK,Omari Rasulala Spellman,2020-21,2020-21,2020,2019-20,GSW,NYK,FALSE,new_team,team_change,3,NA,51,NA,NA,FALSE,FALSE,NA,NA
pascal_siakam_2020_TOR,Pascal Siakam,2020-21,2020-21,2020,2019-20,TOR,TOR,TRUE,re_signed_standard,roster_continuity,3,25,60,NA,NA,FALSE,FALSE,NA,NA
pat_connaughton_2020_MIL,Pat Connaughton,2020-21,2020-21,2020,2019-20,MIL,MIL,TRUE,re_signed_standard,roster_continuity,3,27,70,NA,NA,FALSE,FALSE,NA,NA
patrick_beverley_2020_LAC,Patrick Beverley,2020-21,2020-21,2020,2019-20,LAC,LAC,TRUE,re_signed_standard,roster_continuity,3,31,51,NA,NA,FALSE,FALSE,NA,NA
patrick_patterson_2020_LAC,Patrick Patterson,2020-21,2020-21,2020,2019-20,LAC,LAC,TRUE,re_signed_standard,roster_continuity,3,30,72,NA,NA,FALSE,FALSE,NA,NA
patty_mills_2020_SAS,Patty Mills,2020-21,2020-21,2020,2019-20,SAS,SAS,TRUE,re_signed_standard,roster_continuity,3,31,70,NA,NA,FALSE,FALSE,NA,NA
paul_george_2020_LAC,Paul George,2020-21,2020-21,2020,2019-20,LAC,LAC,TRUE,re_signed_standard,roster_continuity,3,29,50,NA,NA,FALSE,FALSE,NA,NA
paul_millsap_2020_DEN,Paul Millsap,2020-21,2020-21,2020,2019-20,DEN,DEN,TRUE,re_signed_standard,roster_continuity,3,34,52,NA,NA,FALSE,FALSE,NA,NA
pj_dozier_2020_DEN,PJ Dozier,2020-21,2020-21,2020,2019-20,DEN,DEN,TRUE,re_signed_standard,roster_continuity,3,23,41,NA,NA,FALSE,FALSE,NA,NA
pj_tucker_2020_MIL,P.J. Tucker,2020-21,2020-21,2020,2019-20,HOU,MIL,FALSE,new_team,team_change,3,34,72,NA,NA,FALSE,FALSE,NA,NA
pj_washington_2020_CHA,P.J. Washington,2020-21,2020-21,2020,2019-20,CHA,CHA,TRUE,re_signed_standard,roster_continuity,3,21,60,NA,NA,FALSE,FALSE,NA,NA
quinn_cook_2020_CLE,Quinn Cook,2020-21,2020-21,2020,2019-20,LAL,CLE,FALSE,new_team,team_change,3,26,70,NA,NA,FALSE,FALSE,NA,NA
rajon_rondo_2020_LAC,Rajon Rondo,2020-21,2020-21,2020,2019-20,LAL,LAC,FALSE,new_team,team_change,3,33,50,NA,NA,FALSE,FALSE,NA,NA
raul_neto_2020_WAS,Raul Neto,2020-21,2020-21,2020,2019-20,PHI,WAS,FALSE,new_team,team_change,3,27,73,NA,NA,FALSE,FALSE,NA,NA
richaun_holmes_2020_SAC,Richaun Holmes,2020-21,2020-21,2020,2019-20,SAC,SAC,TRUE,re_signed_standard,roster_continuity,3,26,44,NA,NA,FALSE,FALSE,NA,NA
ricky_rubio_2020_MIN,Ricky Rubio,2020-21,2020-21,2020,2019-20,PHX,MIN,FALSE,new_team,team_change,3,29,70,NA,NA,FALSE,FALSE,NA,NA
rj_barrett_2020_NYK,RJ Barrett,2020-21,2020-21,2020,2019-20,NYK,NYK,TRUE,re_signed_standard,roster_continuity,3,19,57,NA,NA,FALSE,FALSE,NA,NA
robert_covington_2020_POR,Robert Covington,2020-21,2020-21,2020,2019-20,HOU,POR,FALSE,new_team,team_change,3,29,70,NA,NA,FALSE,FALSE,NA,NA
robin_lopez_2020_WAS,Robin Lopez,2020-21,2020-21,2020,2019-20,MIL,WAS,FALSE,new_team,team_change,3,31,69,NA,NA,FALSE,FALSE,NA,NA
rodions_kurucs_2020_MIL,Rodions Kurucs,2020-21,2020-21,2020,2019-20,BKN,MIL,FALSE,new_team,team_change,3,21,65,NA,NA,FALSE,FALSE,NA,NA
rodney_mcgruder_2020_DET,Rodney McGruder,2020-21,2020-21,2020,2019-20,LAC,DET,FALSE,new_team,team_change,3,28,62,NA,NA,FALSE,FALSE,NA,NA
romeo_langford_2020_BOS,Romeo Langford,2020-21,2020-21,2020,2019-20,BOS,BOS,TRUE,re_signed_standard,roster_continuity,3,20,46,NA,NA,FALSE,FALSE,NA,NA
rondae_hollis_jefferson_2020_POR,Rondae Hollis Jefferson,2020-21,2020-21,2020,2019-20,TOR,POR,FALSE,new_team,team_change,3,NA,66,NA,NA,FALSE,FALSE,NA,NA
royce_oneale_2020_UTA,Royce O'Neale,2020-21,2020-21,2020,2019-20,UTA,UTA,TRUE,re_signed_standard,roster_continuity,3,26,71,NA,NA,FALSE,FALSE,NA,NA
rudy_gay_2020_SAS,Rudy Gay,2020-21,2020-21,2020,2019-20,SAS,SAS,TRUE,re_signed_standard,roster_continuity,3,33,68,NA,NA,FALSE,FALSE,NA,NA
rudy_gobert_2020_UTA,Rudy Gobert,2020-21,2020-21,2020,2019-20,UTA,UTA,TRUE,re_signed_supermax,supermax_partial,3,27,69,NA,NA,TRUE,FALSE,NA,NA
rui_hachimura_2020_WAS,Rui Hachimura,2020-21,2020-21,2020,2019-20,WAS,WAS,TRUE,re_signed_standard,roster_continuity,3,21,50,NA,NA,FALSE,FALSE,NA,NA
russell_westbrook_2020_WAS,Russell Westbrook,2020-21,2020-21,2020,2019-20,HOU,WAS,FALSE,new_team,team_change,3,31,60,NA,NA,FALSE,FALSE,NA,NA
ryan_arcidiacono_2020_CHI,Ryan Arcidiacono,2020-21,2020-21,2020,2019-20,CHI,CHI,TRUE,re_signed_standard,roster_continuity,3,25,65,NA,NA,FALSE,FALSE,NA,NA
sekou_doumbouya_2020_DET,Sekou Doumbouya,2020-21,2020-21,2020,2019-20,DET,DET,TRUE,re_signed_standard,roster_continuity,3,19,41,NA,NA,FALSE,FALSE,NA,NA
semi_ojeleye_2020_BOS,Semi Ojeleye,2020-21,2020-21,2020,2019-20,BOS,BOS,TRUE,re_signed_standard,roster_continuity,3,25,72,NA,NA,FALSE,FALSE,NA,NA
serge_ibaka_2020_LAC,Serge Ibaka,2020-21,2020-21,2020,2019-20,TOR,LAC,FALSE,new_team,team_change,3,30,55,NA,NA,FALSE,FALSE,NA,NA
seth_curry_2020_PHI,Seth Curry,2020-21,2020-21,2020,2019-20,DAL,PHI,FALSE,new_team,team_change,3,29,64,NA,NA,FALSE,FALSE,NA,NA
shai_gilgeous-alexander_2020_OKC,Shai Gilgeous-Alexander,2020-21,2020-21,2020,2019-20,OKC,OKC,TRUE,re_signed_standard,roster_continuity,3,21,70,NA,NA,FALSE,FALSE,NA,NA
shake_milton_2020_PHI,Shake Milton,2020-21,2020-21,2020,2019-20,PHI,PHI,TRUE,re_signed_standard,roster_continuity,3,23,59,NA,NA,FALSE,FALSE,NA,NA
shaquille_harrison_2020_DEN,Shaquille Harrison,2020-21,2020-21,2020,2019-20,CHI,DEN,FALSE,new_team,team_change,3,26,65,NA,NA,FALSE,FALSE,NA,NA
solomon_hill_2020_ATL,Solomon Hill,2020-21,2020-21,2020,2019-20,MIA,ATL,FALSE,new_team,team_change,3,28,72,NA,NA,FALSE,FALSE,NA,NA
spencer_dinwiddie_2020_BKN,Spencer Dinwiddie,2020-21,2020-21,2020,2019-20,BKN,BKN,TRUE,re_signed_standard,roster_continuity,3,26,64,NA,NA,FALSE,FALSE,NA,NA
stanley_johnson_2020_TOR,Stanley Johnson,2020-21,2020-21,2020,2019-20,TOR,TOR,TRUE,re_signed_standard,roster_continuity,3,23,56,NA,NA,FALSE,FALSE,NA,NA
sterling_brown_2020_HOU,Sterling Brown,2020-21,2020-21,2020,2019-20,MIL,HOU,FALSE,new_team,team_change,3,24,69,NA,NA,FALSE,FALSE,NA,NA
steven_adams_2020_NOP,Steven Adams,2020-21,2020-21,2020,2019-20,OKC,NOP,FALSE,new_team,team_change,3,26,64,NA,NA,FALSE,FALSE,NA,NA
svi_mykhailiuk_2020_OKC,Svi Mykhailiuk,2020-21,2020-21,2020,2019-20,DET,OKC,FALSE,new_team,team_change,3,22,65,NA,NA,FALSE,FALSE,NA,NA
taj_gibson_2020_NYK,Taj Gibson,2020-21,2020-21,2020,2019-20,NYK,NYK,TRUE,re_signed_standard,roster_continuity,3,34,66,NA,NA,FALSE,FALSE,NA,NA
taurean_prince_2020_CLE,Taurean Prince,2020-21,2020-21,2020,2019-20,BKN,CLE,FALSE,new_team,team_change,3,25,64,NA,NA,FALSE,FALSE,NA,NA
terance_mann_2020_LAC,Terance Mann,2020-21,2020-21,2020,2019-20,LAC,LAC,TRUE,re_signed_standard,roster_continuity,3,23,52,NA,NA,FALSE,FALSE,NA,NA
terence_davis_2020_SAC,Terence Davis,2020-21,2020-21,2020,2019-20,TOR,SAC,FALSE,new_team,team_change,3,22,72,NA,NA,FALSE,FALSE,NA,NA
terrance_ferguson_2020_PHI,Terrance Ferguson,2020-21,2020-21,2020,2019-20,OKC,PHI,FALSE,new_team,team_change,3,21,58,NA,NA,FALSE,FALSE,NA,NA
terrence_ross_2020_ORL,Terrence Ross,2020-21,2020-21,2020,2019-20,ORL,ORL,TRUE,re_signed_standard,roster_continuity,3,28,69,NA,NA,FALSE,FALSE,NA,NA
terry_rozier_2020_CHA,Terry Rozier,2020-21,2020-21,2020,2019-20,CHA,CHA,TRUE,re_signed_standard,roster_continuity,3,25,63,NA,NA,FALSE,FALSE,NA,NA
thaddeus_young_2020_CHI,Thaddeus Young,2020-21,2020-21,2020,2019-20,CHI,CHI,TRUE,re_signed_standard,roster_continuity,3,31,64,NA,NA,FALSE,FALSE,NA,NA
thanasis_antetokounmpo_2020_MIL,Thanasis Antetokounmpo,2020-21,2020-21,2020,2019-20,MIL,MIL,TRUE,re_signed_standard,roster_continuity,3,27,42,NA,NA,FALSE,FALSE,NA,NA
theo_pinson_2020_NYK,Theo Pinson,2020-21,2020-21,2020,2019-20,BKN,NYK,FALSE,new_team,team_change,3,24,57,NA,NA,FALSE,FALSE,NA,NA
thomas_bryant_2020_WAS,Thomas Bryant,2020-21,2020-21,2020,2019-20,WAS,WAS,TRUE,re_signed_standard,roster_continuity,3,22,56,NA,NA,FALSE,FALSE,NA,NA
thon_maker_2020_CLE,Thon Maker,2020-21,2020-21,2020,2019-20,DET,CLE,FALSE,new_team,team_change,3,22,66,NA,NA,FALSE,FALSE,NA,NA
tim_frazier_2020_MEM,Tim Frazier,2020-21,2020-21,2020,2019-20,DET,MEM,FALSE,new_team,team_change,3,29,48,NA,NA,FALSE,FALSE,NA,NA
tim_hardaway_2020_DAL,Tim Hardaway Jr.,2020-21,2020-21,2020,2019-20,DAL,DAL,TRUE,re_signed_standard,roster_continuity,3,27,71,NA,NA,FALSE,FALSE,NA,NA
timothe_luwawu-cabarrot_2020_BKN,Timothe Luwawu-Cabarrot,2020-21,2020-21,2020,2019-20,BKN,BKN,TRUE,re_signed_standard,roster_continuity,3,24,54,NA,NA,FALSE,FALSE,NA,NA
tj_leaf_2020_POR,T.J. Leaf,2020-21,2020-21,2020,2019-20,IND,POR,FALSE,new_team,team_change,3,22,72,NA,NA,FALSE,FALSE,NA,NA
tj_mcconnell_2020_IND,T.J. McConnell,2020-21,2020-21,2020,2019-20,IND,IND,TRUE,re_signed_standard,roster_continuity,3,27,71,NA,NA,FALSE,FALSE,NA,NA
tj_warren_2020_IND,T.J. Warren,2020-21,2020-21,2020,2019-20,IND,IND,TRUE,re_signed_standard,roster_continuity,3,26,67,NA,NA,FALSE,FALSE,NA,NA
tobias_harris_2020_PHI,Tobias Harris,2020-21,2020-21,2020,2019-20,PHI,PHI,TRUE,re_signed_standard,roster_continuity,3,27,73,NA,NA,FALSE,FALSE,NA,NA
tomas_satoransky_2020_CHI,Tomas Satoransky,2020-21,2020-21,2020,2019-20,CHI,CHI,TRUE,re_signed_standard,roster_continuity,3,28,65,NA,NA,FALSE,FALSE,NA,NA
tony_bradley_2020_OKC,Tony Bradley,2020-21,2020-21,2020,2019-20,UTA,OKC,FALSE,new_team,team_change,3,22,69,NA,NA,FALSE,FALSE,NA,NA
tony_snell_2020_ATL,Tony Snell,2020-21,2020-21,2020,2019-20,DET,ATL,FALSE,new_team,team_change,3,28,62,NA,NA,FALSE,FALSE,NA,NA
torrey_craig_2020_PHX,Torrey Craig,2020-21,2020-21,2020,2019-20,DEN,PHX,FALSE,new_team,team_change,3,29,73,NA,NA,FALSE,FALSE,NA,NA
trae_young_2020_ATL,Trae Young,2020-21,2020-21,2020,2019-20,ATL,ATL,TRUE,re_signed_standard,roster_continuity,3,21,62,NA,NA,FALSE,FALSE,NA,NA
trevor_ariza_2020_MIA,Trevor Ariza,2020-21,2020-21,2020,2019-20,POR,MIA,FALSE,new_team,team_change,3,34,54,NA,NA,FALSE,FALSE,NA,NA
trey_burke_2020_DAL,Trey Burke,2020-21,2020-21,2020,2019-20,DAL,DAL,TRUE,re_signed_standard,roster_continuity,3,27,57,NA,NA,FALSE,FALSE,NA,NA
trey_lyles_2020_SAS,Trey Lyles,2020-21,2020-21,2020,2019-20,SAS,SAS,TRUE,re_signed_standard,roster_continuity,3,24,63,NA,NA,FALSE,FALSE,NA,NA
tristan_thompson_2020_BOS,Tristan Thompson,2020-21,2020-21,2020,2019-20,CLE,BOS,FALSE,new_team,team_change,3,28,58,NA,NA,FALSE,FALSE,NA,NA
troy_brown_2020_CHI,Troy Brown Jr.,2020-21,2020-21,2020,2019-20,WAS,CHI,FALSE,new_team,team_change,3,20,69,NA,NA,FALSE,FALSE,NA,NA
ty_jerome_2020_OKC,Ty Jerome,2020-21,2020-21,2020,2019-20,PHX,OKC,FALSE,new_team,team_change,3,22,54,NA,NA,FALSE,FALSE,NA,NA
tyler_herro_2020_MIA,Tyler Herro,2020-21,2020-21,2020,2019-20,MIA,MIA,TRUE,re_signed_standard,roster_continuity,3,20,63,NA,NA,FALSE,FALSE,NA,NA
tyler_johnson_2020_BKN,Tyler Johnson,2020-21,2020-21,2020,2019-20,BKN,BKN,TRUE,re_signed_standard,roster_continuity,3,27,56,NA,NA,FALSE,FALSE,NA,NA
tyus_jones_2020_MEM,Tyus Jones,2020-21,2020-21,2020,2019-20,MEM,MEM,TRUE,re_signed_standard,roster_continuity,3,23,65,NA,NA,FALSE,FALSE,NA,NA
udonis_haslem_2020_MIA,Udonis Haslem,2020-21,2020-21,2020,2019-20,MIA,MIA,TRUE,re_signed_standard,roster_continuity,3,39,71,NA,NA,FALSE,FALSE,NA,NA
vincent_poirier_2020_PHI,Vincent Poirier,2020-21,2020-21,2020,2019-20,BOS,PHI,FALSE,new_team,team_change,3,26,45,NA,NA,FALSE,FALSE,NA,NA
wayne_ellington_2020_DET,Wayne Ellington,2020-21,2020-21,2020,2019-20,NYK,DET,FALSE,new_team,team_change,3,32,56,NA,NA,FALSE,FALSE,NA,NA
wendell_carter_2020_ORL,Wendell Carter Jr.,2020-21,2020-21,2020,2019-20,CHI,ORL,FALSE,new_team,team_change,3,20,45,NA,NA,FALSE,FALSE,NA,NA
wenyen_gabriel_2020_NOP,Wenyen Gabriel,2020-21,2020-21,2020,2019-20,POR,NOP,FALSE,new_team,team_change,3,22,61,NA,NA,FALSE,FALSE,NA,NA
wes_iwundu_2020_NOP,Wes Iwundu,2020-21,2020-21,2020,2019-20,ORL,NOP,FALSE,new_team,team_change,3,25,72,NA,NA,FALSE,FALSE,NA,NA
wesley_matthews_2020_LAL,Wesley Matthews,2020-21,2020-21,2020,2019-20,MIL,LAL,FALSE,new_team,team_change,3,33,67,NA,NA,FALSE,FALSE,NA,NA
will_barton_2020_DEN,Will Barton,2020-21,2020-21,2020,2019-20,DEN,DEN,TRUE,re_signed_standard,roster_continuity,3,29,60,NA,NA,FALSE,FALSE,NA,NA
willie_cauley-stein_2020_DAL,Willie Cauley-Stein,2020-21,2020-21,2020,2019-20,DAL,DAL,TRUE,re_signed_standard,roster_continuity,3,26,58,NA,NA,FALSE,FALSE,NA,NA
willy_hernangomez_2020_NOP,Willy Hernangomez,2020-21,2020-21,2020,2019-20,CHA,NOP,FALSE,new_team,team_change,3,25,65,NA,NA,FALSE,FALSE,NA,NA
yogi_ferrell_2020_LAC,Yogi Ferrell,2020-21,2020-21,2020,2019-20,SAC,LAC,FALSE,new_team,team_change,3,26,72,NA,NA,FALSE,FALSE,NA,NA
zach_lavine_2020_CHI,Zach LaVine,2020-21,2020-21,2020,2019-20,CHI,CHI,TRUE,re_signed_standard,roster_continuity,3,24,60,NA,NA,FALSE,FALSE,NA,NA
aaron_gordon_2021_DEN,Aaron Gordon,2021-22,2021-22,2021,2020-21,DEN,DEN,TRUE,re_signed_standard,roster_continuity,3,25,55,NA,NA,FALSE,FALSE,NA,NA
aaron_holiday_2021_PHX,Aaron Holiday,2021-22,2021-22,2021,2020-21,IND,PHX,FALSE,new_team,team_change,3,24,71,NA,NA,FALSE,FALSE,NA,NA
aaron_nesmith_2021_BOS,Aaron Nesmith,2021-22,2021-22,2021,2020-21,BOS,BOS,TRUE,re_signed_standard,roster_continuity,3,21,71,NA,NA,FALSE,FALSE,NA,NA
al-farouq_aminu_2021_BOS,Al-Farouq Aminu,2021-22,2021-22,2021,2020-21,CHI,BOS,FALSE,new_team,team_change,3,30,49,NA,NA,FALSE,FALSE,NA,NA
alec_burks_2021_NYK,Alec Burks,2021-22,2021-22,2021,2020-21,NYK,NYK,TRUE,re_signed_standard,roster_continuity,3,29,51,NA,NA,FALSE,FALSE,NA,NA
aleksej_pokusevski_2021_OKC,Aleksej Pokusevski,2021-22,2021-22,2021,2020-21,OKC,OKC,TRUE,re_signed_standard,roster_continuity,3,19,45,NA,NA,FALSE,FALSE,NA,NA
alex_caruso_2021_CHI,Alex Caruso,2021-22,2021-22,2021,2020-21,LAL,CHI,FALSE,new_team,team_change,3,26,64,NA,NA,FALSE,FALSE,NA,NA
alex_len_2021_SAC,Alex Len,2021-22,2021-22,2021,2020-21,WAS,SAC,FALSE,new_team,team_change,3,27,71,NA,NA,FALSE,FALSE,NA,NA
alfonzo_mckinnie_2021_CHI,Alfonzo McKinnie,2021-22,2021-22,2021,2020-21,LAL,CHI,FALSE,new_team,team_change,3,28,71,NA,NA,FALSE,FALSE,NA,NA
amir_coffey_2021_LAC,Amir Coffey,2021-22,2021-22,2021,2020-21,LAC,LAC,TRUE,re_signed_standard,roster_continuity,3,23,51,NA,NA,FALSE,FALSE,NA,NA
andre_drummond_2021_BKN,Andre Drummond,2021-22,2021-22,2021,2020-21,LAL,BKN,FALSE,new_team,team_change,3,27,50,NA,NA,FALSE,FALSE,NA,NA
andre_iguodala_2021_GSW,Andre Iguodala,2021-22,2021-22,2021,2020-21,MIA,GSW,FALSE,new_team,team_change,3,37,72,NA,NA,FALSE,FALSE,NA,NA
andrew_wiggins_2021_GSW,Andrew Wiggins,2021-22,2021-22,2021,2020-21,GSW,GSW,TRUE,re_signed_standard,roster_continuity,3,25,72,NA,NA,FALSE,FALSE,NA,NA
anfernee_simons_2021_POR,Anfernee Simons,2021-22,2021-22,2021,2020-21,POR,POR,TRUE,re_signed_standard,roster_continuity,3,21,70,NA,NA,FALSE,FALSE,NA,NA
anthony_edwards_2021_MIN,Anthony Edwards,2021-22,2021-22,2021,2020-21,MIN,MIN,TRUE,re_signed_standard,roster_continuity,3,19,72,NA,NA,FALSE,FALSE,NA,NA
anthony_gill_2021_WAS,Anthony Gill,2021-22,2021-22,2021,2020-21,WAS,WAS,TRUE,re_signed_standard,roster_continuity,3,28,71,NA,NA,FALSE,FALSE,NA,NA
austin_rivers_2021_DEN,Austin Rivers,2021-22,2021-22,2021,2020-21,DEN,DEN,TRUE,re_signed_standard,roster_continuity,3,28,45,NA,NA,FALSE,FALSE,NA,NA
avery_bradley_2021_LAL,Avery Bradley,2021-22,2021-22,2021,2020-21,HOU,LAL,FALSE,new_team,team_change,3,30,47,NA,NA,FALSE,FALSE,NA,NA
bam_adebayo_2021_MIA,Bam Adebayo,2021-22,2021-22,2021,2020-21,MIA,MIA,TRUE,re_signed_standard,roster_continuity,3,23,72,NA,NA,FALSE,FALSE,NA,NA
ben_mclemore_2021_POR,Ben McLemore,2021-22,2021-22,2021,2020-21,LAL,POR,FALSE,new_team,team_change,3,27,65,NA,NA,FALSE,FALSE,NA,NA
ben_simmons_2021_PHI,Ben Simmons,2021-22,2021-22,2021,2020-21,PHI,PHI,TRUE,re_signed_standard,roster_continuity,3,24,59,NA,NA,FALSE,FALSE,NA,NA
bismack_biyombo_2021_PHX,Bismack Biyombo,2021-22,2021-22,2021,2020-21,CHA,PHX,FALSE,new_team,team_change,3,28,72,NA,NA,FALSE,FALSE,NA,NA
blake_griffin_2021_BKN,Blake Griffin,2021-22,2021-22,2021,2020-21,BKN,BKN,TRUE,re_signed_standard,roster_continuity,3,31,49,NA,NA,FALSE,FALSE,NA,NA
boban_marjanovic_2021_DAL,Boban Marjanovic,2021-22,2021-22,2021,2020-21,DAL,DAL,TRUE,re_signed_standard,roster_continuity,3,32,72,NA,NA,FALSE,FALSE,NA,NA
bobby_portis_2021_MIL,Bobby Portis,2021-22,2021-22,2021,2020-21,MIL,MIL,TRUE,re_signed_standard,roster_continuity,3,25,68,NA,NA,FALSE,FALSE,NA,NA
bogdan_bogdanovic_2021_ATL,Bogdan Bogdanovic,2021-22,2021-22,2021,2020-21,ATL,ATL,TRUE,re_signed_standard,roster_continuity,3,28,46,NA,NA,FALSE,FALSE,NA,NA
bojan_bogdanovic_2021_UTA,Bojan Bogdanovic,2021-22,2021-22,2021,2020-21,UTA,UTA,TRUE,re_signed_standard,roster_continuity,3,31,72,NA,NA,FALSE,FALSE,NA,NA
bol_bol_2021_DEN,Bol Bol,2021-22,2021-22,2021,2020-21,DEN,DEN,TRUE,re_signed_standard,roster_continuity,3,21,72,NA,NA,FALSE,FALSE,NA,NA
brad_wanamaker_2021_WAS,Brad Wanamaker,2021-22,2021-22,2021,2020-21,CHA,WAS,FALSE,new_team,team_change,3,31,73,NA,NA,FALSE,FALSE,NA,NA
bradley_beal_2021_WAS,Bradley Beal,2021-22,2021-22,2021,2020-21,WAS,WAS,TRUE,re_signed_standard,roster_continuity,3,27,65,NA,NA,FALSE,FALSE,NA,NA
brandon_clarke_2021_MEM,Brandon Clarke,2021-22,2021-22,2021,2020-21,MEM,MEM,TRUE,re_signed_standard,roster_continuity,3,24,66,NA,NA,FALSE,FALSE,NA,NA
brandon_goodwin_2021_CLE,Brandon Goodwin,2021-22,2021-22,2021,2020-21,ATL,CLE,FALSE,new_team,team_change,3,25,70,NA,NA,FALSE,FALSE,NA,NA
brandon_ingram_2021_NOP,Brandon Ingram,2021-22,2021-22,2021,2020-21,NOP,NOP,TRUE,re_signed_standard,roster_continuity,3,23,62,NA,NA,FALSE,FALSE,NA,NA
brodric_thomas_2021_BOS,Brodric Thomas,2021-22,2021-22,2021,2020-21,CLE,BOS,FALSE,new_team,team_change,3,24,47,NA,NA,FALSE,FALSE,NA,NA
brook_lopez_2021_MIL,Brook Lopez,2021-22,2021-22,2021,2020-21,MIL,MIL,TRUE,re_signed_standard,roster_continuity,3,32,72,NA,NA,FALSE,FALSE,NA,NA
bruce_brown_2021_BKN,Bruce Brown,2021-22,2021-22,2021,2020-21,BKN,BKN,TRUE,re_signed_standard,roster_continuity,3,24,69,NA,NA,FALSE,FALSE,NA,NA
bruno_fernando_2021_HOU,Bruno Fernando,2021-22,2021-22,2021,2020-21,ATL,HOU,FALSE,new_team,team_change,3,22,72,NA,NA,FALSE,FALSE,NA,NA
bryn_forbes_2021_DEN,Bryn Forbes,2021-22,2021-22,2021,2020-21,MIL,DEN,FALSE,new_team,team_change,3,27,71,NA,NA,FALSE,FALSE,NA,NA
buddy_hield_2021_IND,Buddy Hield,2021-22,2021-22,2021,2020-21,SAC,IND,FALSE,new_team,team_change,3,28,71,NA,NA,FALSE,FALSE,NA,NA
caleb_martin_2021_MIA,Caleb Martin,2021-22,2021-22,2021,2020-21,CHA,MIA,FALSE,new_team,team_change,3,25,72,NA,NA,FALSE,FALSE,NA,NA
cameron_johnson_2021_PHX,Cameron Johnson,2021-22,2021-22,2021,2020-21,PHX,PHX,TRUE,re_signed_standard,roster_continuity,3,24,60,NA,NA,FALSE,FALSE,NA,NA
cameron_payne_2021_PHX,Cameron Payne,2021-22,2021-22,2021,2020-21,PHX,PHX,TRUE,re_signed_standard,roster_continuity,3,26,69,NA,NA,FALSE,FALSE,NA,NA
caris_levert_2021_CLE,Caris LeVert,2021-22,2021-22,2021,2020-21,IND,CLE,FALSE,new_team,team_change,3,26,48,NA,NA,FALSE,FALSE,NA,NA
carmelo_anthony_2021_LAL,Carmelo Anthony,2021-22,2021-22,2021,2020-21,POR,LAL,FALSE,new_team,team_change,3,36,69,NA,NA,FALSE,FALSE,NA,NA
carsen_edwards_2021_DET,Carsen Edwards,2021-22,2021-22,2021,2020-21,BOS,DET,FALSE,new_team,team_change,3,22,68,NA,NA,FALSE,FALSE,NA,NA
cassius_stanley_2021_DET,Cassius Stanley,2021-22,2021-22,2021,2020-21,IND,DET,FALSE,new_team,team_change,3,21,54,NA,NA,FALSE,FALSE,NA,NA
cassius_winston_2021_WAS,Cassius Winston,2021-22,2021-22,2021,2020-21,WAS,WAS,TRUE,re_signed_standard,roster_continuity,3,22,45,NA,NA,FALSE,FALSE,NA,NA
cedi_osman_2021_CLE,Cedi Osman,2021-22,2021-22,2021,2020-21,CLE,CLE,TRUE,re_signed_standard,roster_continuity,3,25,72,NA,NA,FALSE,FALSE,NA,NA
chandler_hutchison_2021_PHX,Chandler Hutchison,2021-22,2021-22,2021,2020-21,WAS,PHX,FALSE,new_team,team_change,3,24,51,NA,NA,FALSE,FALSE,NA,NA
chimezie_metu_2021_SAC,Chimezie Metu,2021-22,2021-22,2021,2020-21,SAC,SAC,TRUE,re_signed_standard,roster_continuity,3,23,46,NA,NA,FALSE,FALSE,NA,NA
chris_boucher_2021_TOR,Chris Boucher,2021-22,2021-22,2021,2020-21,TOR,TOR,TRUE,re_signed_standard,roster_continuity,3,28,63,NA,NA,FALSE,FALSE,NA,NA
chris_chiozza_2021_GSW,Chris Chiozza,2021-22,2021-22,2021,2020-21,BKN,GSW,FALSE,new_team,team_change,3,25,46,NA,NA,FALSE,FALSE,NA,NA
chris_paul_2021_PHX,Chris Paul,2021-22,2021-22,2021,2020-21,PHX,PHX,TRUE,re_signed_standard,roster_continuity,3,35,72,NA,NA,FALSE,FALSE,NA,NA
chris_silva_2021_MIA,Chris Silva,2021-22,2021-22,2021,2020-21,SAC,MIA,FALSE,new_team,team_change,3,24,46,NA,NA,FALSE,FALSE,NA,NA
christian_wood_2021_HOU,Christian Wood,2021-22,2021-22,2021,2020-21,HOU,HOU,TRUE,re_signed_standard,roster_continuity,3,25,54,NA,NA,FALSE,FALSE,NA,NA
chuma_okeke_2021_ORL,Chuma Okeke,2021-22,2021-22,2021,2020-21,ORL,ORL,TRUE,re_signed_standard,roster_continuity,3,22,50,NA,NA,FALSE,FALSE,NA,NA
cj_elleby_2021_POR,CJ Elleby,2021-22,2021-22,2021,2020-21,POR,POR,TRUE,re_signed_standard,roster_continuity,3,20,71,NA,NA,FALSE,FALSE,NA,NA
cj_mccollum_2021_NOP,CJ McCollum,2021-22,2021-22,2021,2020-21,POR,NOP,FALSE,new_team,team_change,3,29,71,NA,NA,FALSE,FALSE,NA,NA
clint_capela_2021_ATL,Clint Capela,2021-22,2021-22,2021,2020-21,ATL,ATL,TRUE,re_signed_standard,roster_continuity,3,26,65,NA,NA,FALSE,FALSE,NA,NA
coby_white_2021_CHI,Coby White,2021-22,2021-22,2021,2020-21,CHI,CHI,TRUE,re_signed_standard,roster_continuity,3,20,69,NA,NA,FALSE,FALSE,NA,NA
cody_martin_2021_CHA,Cody Martin,2021-22,2021-22,2021,2020-21,CHA,CHA,TRUE,re_signed_standard,roster_continuity,3,25,64,NA,NA,FALSE,FALSE,NA,NA
cody_zeller_2021_POR,Cody Zeller,2021-22,2021-22,2021,2020-21,CHA,POR,FALSE,new_team,team_change,3,28,57,NA,NA,FALSE,FALSE,NA,NA
cole_anthony_2021_ORL,Cole Anthony,2021-22,2021-22,2021,2020-21,ORL,ORL,TRUE,re_signed_standard,roster_continuity,3,20,51,NA,NA,FALSE,FALSE,NA,NA
collin_sexton_2021_CLE,Collin Sexton,2021-22,2021-22,2021,2020-21,CLE,CLE,TRUE,re_signed_standard,roster_continuity,3,22,68,NA,NA,FALSE,FALSE,NA,NA
cory_joseph_2021_DET,Cory Joseph,2021-22,2021-22,2021,2020-21,DET,DET,TRUE,re_signed_standard,roster_continuity,3,29,70,NA,NA,FALSE,FALSE,NA,NA
damian_jones_2021_SAC,Damian Jones,2021-22,2021-22,2021,2020-21,SAC,SAC,TRUE,re_signed_standard,roster_continuity,3,25,56,NA,NA,FALSE,FALSE,NA,NA
damian_lillard_2021_POR,Damian Lillard,2021-22,2021-22,2021,2020-21,POR,POR,TRUE,re_signed_standard,roster_continuity,3,30,70,NA,NA,FALSE,FALSE,NA,NA
damion_lee_2021_GSW,Damion Lee,2021-22,2021-22,2021,2020-21,GSW,GSW,TRUE,re_signed_standard,roster_continuity,3,28,60,NA,NA,FALSE,FALSE,NA,NA
damyean_dotson_2021_NYK,Damyean Dotson,2021-22,2021-22,2021,2020-21,CLE,NYK,FALSE,new_team,team_change,3,26,66,NA,NA,FALSE,FALSE,NA,NA
dangelo_russell_2021_MIN,D'Angelo Russell,2021-22,2021-22,2021,2020-21,MIN,MIN,TRUE,re_signed_standard,roster_continuity,3,24,43,NA,NA,FALSE,FALSE,NA,NA
daniel_gafford_2021_WAS,Daniel Gafford,2021-22,2021-22,2021,2020-21,WAS,WAS,TRUE,re_signed_standard,roster_continuity,3,22,66,NA,NA,FALSE,FALSE,NA,NA
daniel_oturu_2021_TOR,Daniel Oturu,2021-22,2021-22,2021,2020-21,LAC,TOR,FALSE,new_team,team_change,3,21,54,NA,NA,FALSE,FALSE,NA,NA
daniel_theis_2021_BOS,Daniel Theis,2021-22,2021-22,2021,2020-21,CHI,BOS,FALSE,new_team,team_change,3,28,65,NA,NA,FALSE,FALSE,NA,NA
danilo_gallinari_2021_ATL,Danilo Gallinari,2021-22,2021-22,2021,2020-21,ATL,ATL,TRUE,re_signed_standard,roster_continuity,3,32,59,NA,NA,FALSE,FALSE,NA,NA
danny_green_2021_PHI,Danny Green,2021-22,2021-22,2021,2020-21,PHI,PHI,TRUE,re_signed_standard,roster_continuity,3,33,70,NA,NA,FALSE,FALSE,NA,NA
danuel_house_2021_UTA,Danuel House Jr.,2021-22,2021-22,2021,2020-21,HOU,UTA,FALSE,new_team,team_change,3,27,56,NA,NA,FALSE,FALSE,NA,NA
daquan_jeffries_2021_MEM,DaQuan Jeffries,2021-22,2021-22,2021,2020-21,HOU,MEM,FALSE,new_team,team_change,3,23,44,NA,NA,FALSE,FALSE,NA,NA
darius_bazley_2021_OKC,Darius Bazley,2021-22,2021-22,2021,2020-21,OKC,OKC,TRUE,re_signed_standard,roster_continuity,3,20,61,NA,NA,FALSE,FALSE,NA,NA
darius_garland_2021_CLE,Darius Garland,2021-22,2021-22,2021,2020-21,CLE,CLE,TRUE,re_signed_standard,roster_continuity,3,21,62,NA,NA,FALSE,FALSE,NA,NA
davis_bertans_2021_DAL,Davis Bertans,2021-22,2021-22,2021,2020-21,WAS,DAL,FALSE,new_team,team_change,3,28,59,NA,NA,FALSE,FALSE,NA,NA
deaaron_fox_2021_SAC,De'Aaron Fox,2021-22,2021-22,2021,2020-21,SAC,SAC,TRUE,re_signed_standard,roster_continuity,3,23,59,NA,NA,FALSE,FALSE,NA,NA
dean_wade_2021_CLE,Dean Wade,2021-22,2021-22,2021,2020-21,CLE,CLE,TRUE,re_signed_standard,roster_continuity,3,24,72,NA,NA,FALSE,FALSE,NA,NA
deandre_ayton_2021_PHX,Deandre Ayton,2021-22,2021-22,2021,2020-21,PHX,PHX,TRUE,re_signed_standard,roster_continuity,3,22,69,NA,NA,FALSE,FALSE,NA,NA
deandre_bembry_2021_MIL,DeAndre' Bembry,2021-22,2021-22,2021,2020-21,TOR,MIL,FALSE,new_team,team_change,3,26,65,NA,NA,FALSE,FALSE,NA,NA
deandre_jordan_2021_PHI,DeAndre Jordan,2021-22,2021-22,2021,2020-21,BKN,PHI,FALSE,new_team,team_change,3,32,71,NA,NA,FALSE,FALSE,NA,NA
deanthony_melton_2021_MEM,De'Anthony Melton,2021-22,2021-22,2021,2020-21,MEM,MEM,TRUE,re_signed_standard,roster_continuity,3,22,60,NA,NA,FALSE,FALSE,NA,NA
deividas_sirvydis_2021_DET,Deividas Sirvydis,2021-22,2021-22,2021,2020-21,DET,DET,TRUE,re_signed_standard,roster_continuity,3,20,68,NA,NA,FALSE,FALSE,NA,NA
dejounte_murray_2021_SAS,Dejounte Murray,2021-22,2021-22,2021,2020-21,SAS,SAS,TRUE,re_signed_standard,roster_continuity,3,24,70,NA,NA,FALSE,FALSE,NA,NA
delon_wright_2021_ATL,Delon Wright,2021-22,2021-22,2021,2020-21,SAC,ATL,FALSE,new_team,team_change,3,28,63,NA,NA,FALSE,FALSE,NA,NA
demar_derozan_2021_CHI,DeMar DeRozan,2021-22,2021-22,2021,2020-21,SAS,CHI,FALSE,new_team,team_change,3,31,68,NA,NA,FALSE,FALSE,NA,NA
demarcus_cousins_2021_DEN,DeMarcus Cousins,2021-22,2021-22,2021,2020-21,LAC,DEN,FALSE,new_team,team_change,3,30,48,NA,NA,FALSE,FALSE,NA,NA
deni_avdija_2021_WAS,Deni Avdija,2021-22,2021-22,2021,2020-21,WAS,WAS,TRUE,re_signed_standard,roster_continuity,3,20,54,NA,NA,FALSE,FALSE,NA,NA
dennis_schroder_2021_HOU,Dennis Schroder,2021-22,2021-22,2021,2020-21,LAL,HOU,FALSE,new_team,team_change,3,27,61,NA,NA,FALSE,FALSE,NA,NA
dennis_smith_2021_POR,Dennis Smith Jr.,2021-22,2021-22,2021,2020-21,DET,POR,FALSE,new_team,team_change,3,23,42,NA,NA,FALSE,FALSE,NA,NA
denzel_valentine_2021_UTA,Denzel Valentine,2021-22,2021-22,2021,2020-21,CHI,UTA,FALSE,new_team,team_change,3,27,72,NA,NA,FALSE,FALSE,NA,NA
derrick_favors_2021_OKC,Derrick Favors,2021-22,2021-22,2021,2020-21,UTA,OKC,FALSE,new_team,team_change,3,29,68,NA,NA,FALSE,FALSE,NA,NA
derrick_jones_2021_CHI,Derrick Jones Jr.,2021-22,2021-22,2021,2020-21,POR,CHI,FALSE,new_team,team_change,3,23,68,NA,NA,FALSE,FALSE,NA,NA
derrick_rose_2021_NYK,Derrick Rose,2021-22,2021-22,2021,2020-21,NYK,NYK,TRUE,re_signed_standard,roster_continuity,3,32,51,NA,NA,FALSE,FALSE,NA,NA
desmond_bane_2021_MEM,Desmond Bane,2021-22,2021-22,2021,2020-21,MEM,MEM,TRUE,re_signed_standard,roster_continuity,3,22,69,NA,NA,FALSE,FALSE,NA,NA
devin_booker_2021_PHX,Devin Booker,2021-22,2021-22,2021,2020-21,PHX,PHX,TRUE,re_signed_standard,roster_continuity,3,24,72,NA,NA,FALSE,FALSE,NA,NA
devin_vassell_2021_SAS,Devin Vassell,2021-22,2021-22,2021,2020-21,SAS,SAS,TRUE,re_signed_standard,roster_continuity,3,20,66,NA,NA,FALSE,FALSE,NA,NA
devontae_cacok_2021_SAS,Devontae Cacok,2021-22,2021-22,2021,2020-21,LAL,SAS,FALSE,new_team,team_change,3,24,48,NA,NA,FALSE,FALSE,NA,NA
devonte_graham_2021_NOP,Devonte' Graham,2021-22,2021-22,2021,2020-21,CHA,NOP,FALSE,new_team,team_change,3,25,66,NA,NA,FALSE,FALSE,NA,NA
dillon_brooks_2021_MEM,Dillon Brooks,2021-22,2021-22,2021,2020-21,MEM,MEM,TRUE,re_signed_standard,roster_continuity,3,25,68,NA,NA,FALSE,FALSE,NA,NA
dj_augustin_2021_LAL,D.J. Augustin,2021-22,2021-22,2021,2020-21,HOU,LAL,FALSE,new_team,team_change,3,33,67,NA,NA,FALSE,FALSE,NA,NA
dj_wilson_2021_TOR,D.J. Wilson,2021-22,2021-22,2021,2020-21,HOU,TOR,FALSE,new_team,team_change,3,24,68,NA,NA,FALSE,FALSE,NA,NA
domantas_sabonis_2021_SAC,Domantas Sabonis,2021-22,2021-22,2021,2020-21,IND,SAC,FALSE,new_team,team_change,3,24,63,NA,NA,FALSE,FALSE,NA,NA
donovan_mitchell_2021_UTA,Donovan Mitchell,2021-22,2021-22,2021,2020-21,UTA,UTA,TRUE,re_signed_standard,roster_continuity,3,24,53,NA,NA,FALSE,FALSE,NA,NA
donte_divincenzo_2021_SAC,Donte DiVincenzo,2021-22,2021-22,2021,2020-21,MIL,SAC,FALSE,new_team,team_change,3,24,69,NA,NA,FALSE,FALSE,NA,NA
dorian_finney-smith_2021_DAL,Dorian Finney-Smith,2021-22,2021-22,2021,2020-21,DAL,DAL,TRUE,re_signed_standard,roster_continuity,3,27,61,NA,NA,FALSE,FALSE,NA,NA
doug_mcdermott_2021_SAS,Doug McDermott,2021-22,2021-22,2021,2020-21,IND,SAS,FALSE,new_team,team_change,3,29,67,NA,NA,FALSE,FALSE,NA,NA
draymond_green_2021_GSW,Draymond Green,2021-22,2021-22,2021,2020-21,GSW,GSW,TRUE,re_signed_standard,roster_continuity,3,30,67,NA,NA,FALSE,FALSE,NA,NA
drew_eubanks_2021_POR,Drew Eubanks,2021-22,2021-22,2021,2020-21,SAS,POR,FALSE,new_team,team_change,3,23,62,NA,NA,FALSE,FALSE,NA,NA
duncan_robinson_2021_MIA,Duncan Robinson,2021-22,2021-22,2021,2020-21,MIA,MIA,TRUE,re_signed_standard,roster_continuity,3,26,72,NA,NA,FALSE,FALSE,NA,NA
dwight_howard_2021_LAL,Dwight Howard,2021-22,2021-22,2021,2020-21,PHI,LAL,FALSE,new_team,team_change,3,35,71,NA,NA,FALSE,FALSE,NA,NA
dwight_powell_2021_DAL,Dwight Powell,2021-22,2021-22,2021,2020-21,DAL,DAL,TRUE,re_signed_standard,roster_continuity,3,29,63,NA,NA,FALSE,FALSE,NA,NA
ed_davis_2021_CLE,Ed Davis,2021-22,2021-22,2021,2020-21,MIN,CLE,FALSE,new_team,team_change,3,31,72,NA,NA,FALSE,FALSE,NA,NA
elfrid_payton_2021_PHX,Elfrid Payton,2021-22,2021-22,2021,2020-21,NYK,PHX,FALSE,new_team,team_change,3,26,64,NA,NA,FALSE,FALSE,NA,NA
elijah_hughes_2021_POR,Elijah Hughes,2021-22,2021-22,2021,2020-21,UTA,POR,FALSE,new_team,team_change,3,22,43,NA,NA,FALSE,FALSE,NA,NA
enes_freedom_2021_BOS,Enes Freedom,2021-22,2021-22,2021,2020-21,POR,BOS,FALSE,new_team,team_change,3,28,72,NA,NA,FALSE,FALSE,NA,NA
eric_bledsoe_2021_POR,Eric Bledsoe,2021-22,2021-22,2021,2020-21,NOP,POR,FALSE,new_team,team_change,3,31,71,NA,NA,FALSE,FALSE,NA,NA
eric_paschall_2021_UTA,Eric Paschall,2021-22,2021-22,2021,2020-21,GSW,UTA,FALSE,new_team,team_change,3,24,58,NA,NA,FALSE,FALSE,NA,NA
etwaun_moore_2021_ORL,E'Twaun Moore,2021-22,2021-22,2021,2020-21,PHX,ORL,FALSE,new_team,team_change,3,31,72,NA,NA,FALSE,FALSE,NA,NA
evan_fournier_2021_NYK,Evan Fournier,2021-22,2021-22,2021,2020-21,BOS,NYK,FALSE,new_team,team_change,3,28,57,NA,NA,FALSE,FALSE,NA,NA
facundo_campazzo_2021_DEN,Facundo Campazzo,2021-22,2021-22,2021,2020-21,DEN,DEN,TRUE,re_signed_standard,roster_continuity,3,29,67,NA,NA,FALSE,FALSE,NA,NA
frank_jackson_2021_DET,Frank Jackson,2021-22,2021-22,2021,2020-21,DET,DET,TRUE,re_signed_standard,roster_continuity,3,22,49,NA,NA,FALSE,FALSE,NA,NA
frank_kaminsky_2021_PHX,Frank Kaminsky,2021-22,2021-22,2021,2020-21,PHX,PHX,TRUE,re_signed_standard,roster_continuity,3,27,67,NA,NA,FALSE,FALSE,NA,NA
frank_ntilikina_2021_DAL,Frank Ntilikina,2021-22,2021-22,2021,2020-21,NYK,DAL,FALSE,new_team,team_change,3,22,55,NA,NA,FALSE,FALSE,NA,NA
fred_vanvleet_2021_TOR,Fred VanVleet,2021-22,2021-22,2021,2020-21,TOR,TOR,TRUE,re_signed_standard,roster_continuity,3,26,53,NA,NA,FALSE,FALSE,NA,NA
furkan_korkmaz_2021_PHI,Furkan Korkmaz,2021-22,2021-22,2021,2020-21,PHI,PHI,TRUE,re_signed_standard,roster_continuity,3,23,61,NA,NA,FALSE,FALSE,NA,NA
gabe_vincent_2021_MIA,Gabe Vincent,2021-22,2021-22,2021,2020-21,MIA,MIA,TRUE,re_signed_standard,roster_continuity,3,24,66,NA,NA,FALSE,FALSE,NA,NA
garrett_temple_2021_NOP,Garrett Temple,2021-22,2021-22,2021,2020-21,CHI,NOP,FALSE,new_team,team_change,3,34,58,NA,NA,FALSE,FALSE,NA,NA
garrison_mathews_2021_HOU,Garrison Mathews,2021-22,2021-22,2021,2020-21,WAS,HOU,FALSE,new_team,team_change,3,24,69,NA,NA,FALSE,FALSE,NA,NA
gary_clark_2021_NOP,Gary Clark,2021-22,2021-22,2021,2020-21,PHI,NOP,FALSE,new_team,team_change,3,26,52,NA,NA,FALSE,FALSE,NA,NA
gary_harris_2021_ORL,Gary Harris,2021-22,2021-22,2021,2020-21,ORL,ORL,TRUE,re_signed_standard,roster_continuity,3,26,40,NA,NA,FALSE,FALSE,NA,NA
gary_trent_2021_TOR,Gary Trent Jr.,2021-22,2021-22,2021,2020-21,TOR,TOR,TRUE,re_signed_standard,roster_continuity,3,22,61,NA,NA,FALSE,FALSE,NA,NA
george_hill_2021_MIL,George Hill,2021-22,2021-22,2021,2020-21,PHI,MIL,FALSE,new_team,team_change,3,34,47,NA,NA,FALSE,FALSE,NA,NA
georges_niang_2021_PHI,Georges Niang,2021-22,2021-22,2021,2020-21,UTA,PHI,FALSE,new_team,team_change,3,27,72,NA,NA,FALSE,FALSE,NA,NA
giannis_antetokounmpo_2021_MIL,Giannis Antetokounmpo,2021-22,2021-22,2021,2020-21,MIL,MIL,TRUE,re_signed_standard,roster_continuity,3,26,63,NA,NA,FALSE,FALSE,NA,NA
goga_bitadze_2021_IND,Goga Bitadze,2021-22,2021-22,2021,2020-21,IND,IND,TRUE,re_signed_standard,roster_continuity,3,21,54,NA,NA,FALSE,FALSE,NA,NA
goran_dragic_2021_BKN,Goran Dragic,2021-22,2021-22,2021,2020-21,MIA,BKN,FALSE,new_team,team_change,3,34,69,NA,NA,FALSE,FALSE,NA,NA
gordon_hayward_2021_CHA,Gordon Hayward,2021-22,2021-22,2021,2020-21,CHA,CHA,TRUE,re_signed_standard,roster_continuity,3,30,48,NA,NA,FALSE,FALSE,NA,NA
gorgui_dieng_2021_ATL,Gorgui Dieng,2021-22,2021-22,2021,2020-21,SAS,ATL,FALSE,new_team,team_change,3,31,63,NA,NA,FALSE,FALSE,NA,NA
grant_williams_2021_BOS,Grant Williams,2021-22,2021-22,2021,2020-21,BOS,BOS,TRUE,re_signed_standard,roster_continuity,3,22,71,NA,NA,FALSE,FALSE,NA,NA
grayson_allen_2021_MIL,Grayson Allen,2021-22,2021-22,2021,2020-21,MEM,MIL,FALSE,new_team,team_change,3,25,55,NA,NA,FALSE,FALSE,NA,NA
hamidou_diallo_2021_DET,Hamidou Diallo,2021-22,2021-22,2021,2020-21,DET,DET,TRUE,re_signed_standard,roster_continuity,3,22,57,NA,NA,FALSE,FALSE,NA,NA
harrison_barnes_2021_SAC,Harrison Barnes,2021-22,2021-22,2021,2020-21,SAC,SAC,TRUE,re_signed_standard,roster_continuity,3,28,59,NA,NA,FALSE,FALSE,NA,NA
hassan_whiteside_2021_UTA,Hassan Whiteside,2021-22,2021-22,2021,2020-21,SAC,UTA,FALSE,new_team,team_change,3,31,54,NA,NA,FALSE,FALSE,NA,NA
immanuel_quickley_2021_NYK,Immanuel Quickley,2021-22,2021-22,2021,2020-21,NYK,NYK,TRUE,re_signed_standard,roster_continuity,3,21,64,NA,NA,FALSE,FALSE,NA,NA
isaac_bonga_2021_TOR,Isaac Bonga,2021-22,2021-22,2021,2020-21,WAS,TOR,FALSE,new_team,team_change,3,21,72,NA,NA,FALSE,FALSE,NA,NA
isaac_okoro_2021_CLE,Isaac Okoro,2021-22,2021-22,2021,2020-21,CLE,CLE,TRUE,re_signed_standard,roster_continuity,3,20,67,NA,NA,FALSE,FALSE,NA,NA
isaiah_hartenstein_2021_LAC,Isaiah Hartenstein,2021-22,2021-22,2021,2020-21,CLE,LAC,FALSE,new_team,team_change,3,22,68,NA,NA,FALSE,FALSE,NA,NA
isaiah_joe_2021_PHI,Isaiah Joe,2021-22,2021-22,2021,2020-21,PHI,PHI,TRUE,re_signed_standard,roster_continuity,3,21,68,NA,NA,FALSE,FALSE,NA,NA
isaiah_roby_2021_OKC,Isaiah Roby,2021-22,2021-22,2021,2020-21,OKC,OKC,TRUE,re_signed_standard,roster_continuity,3,22,69,NA,NA,FALSE,FALSE,NA,NA
isaiah_stewart_2021_DET,Isaiah Stewart,2021-22,2021-22,2021,2020-21,DET,DET,TRUE,re_signed_standard,roster_continuity,3,19,71,NA,NA,FALSE,FALSE,NA,NA
ish_smith_2021_WAS,Ish Smith,2021-22,2021-22,2021,2020-21,WAS,WAS,TRUE,re_signed_standard,roster_continuity,3,32,44,NA,NA,FALSE,FALSE,NA,NA
ivica_zubac_2021_LAC,Ivica Zubac,2021-22,2021-22,2021,2020-21,LAC,LAC,TRUE,re_signed_standard,roster_continuity,3,23,72,NA,NA,FALSE,FALSE,NA,NA
ja_morant_2021_MEM,Ja Morant,2021-22,2021-22,2021,2020-21,MEM,MEM,TRUE,re_signed_standard,roster_continuity,3,21,63,NA,NA,FALSE,FALSE,NA,NA
jabari_parker_2021_BOS,Jabari Parker,2021-22,2021-22,2021,2020-21,BOS,BOS,TRUE,re_signed_standard,roster_continuity,3,25,54,NA,NA,FALSE,FALSE,NA,NA
jaden_mcdaniels_2021_MIN,Jaden McDaniels,2021-22,2021-22,2021,2020-21,MIN,MIN,TRUE,re_signed_standard,roster_continuity,3,20,70,NA,NA,FALSE,FALSE,NA,NA
jae_crowder_2021_PHX,Jae Crowder,2021-22,2021-22,2021,2020-21,PHX,PHX,TRUE,re_signed_standard,roster_continuity,3,30,72,NA,NA,FALSE,FALSE,NA,NA
jaesean_tate_2021_HOU,Jae'Sean Tate,2021-22,2021-22,2021,2020-21,HOU,HOU,TRUE,re_signed_standard,roster_continuity,3,25,72,NA,NA,FALSE,FALSE,NA,NA
jake_layman_2021_MIN,Jake Layman,2021-22,2021-22,2021,2020-21,MIN,MIN,TRUE,re_signed_standard,roster_continuity,3,26,71,NA,NA,FALSE,FALSE,NA,NA
jakob_poeltl_2021_SAS,Jakob Poeltl,2021-22,2021-22,2021,2020-21,SAS,SAS,TRUE,re_signed_standard,roster_continuity,3,25,72,NA,NA,FALSE,FALSE,NA,NA
jalen_brunson_2021_DAL,Jalen Brunson,2021-22,2021-22,2021,2020-21,DAL,DAL,TRUE,re_signed_standard,roster_continuity,3,24,68,NA,NA,FALSE,FALSE,NA,NA
jalen_mcdaniels_2021_CHA,Jalen McDaniels,2021-22,2021-22,2021,2020-21,CHA,CHA,TRUE,re_signed_standard,roster_continuity,3,23,62,NA,NA,FALSE,FALSE,NA,NA
jalen_smith_2021_IND,Jalen Smith,2021-22,2021-22,2021,2020-21,PHX,IND,FALSE,new_team,team_change,3,20,58,NA,NA,FALSE,FALSE,NA,NA
james_ennis_2021_DEN,James Ennis III,2021-22,2021-22,2021,2020-21,ORL,DEN,FALSE,new_team,team_change,3,30,51,NA,NA,FALSE,FALSE,NA,NA
james_harden_2021_PHI,James Harden,2021-22,2021-22,2021,2020-21,BKN,PHI,FALSE,new_team,team_change,3,31,48,NA,NA,FALSE,FALSE,NA,NA
james_johnson_2021_BKN,James Johnson,2021-22,2021-22,2021,2020-21,NOP,BKN,FALSE,new_team,team_change,3,33,62,NA,NA,FALSE,FALSE,NA,NA
jamychal_green_2021_DEN,JaMychal Green,2021-22,2021-22,2021,2020-21,DEN,DEN,TRUE,re_signed_standard,roster_continuity,3,30,63,NA,NA,FALSE,FALSE,NA,NA
jared_harper_2021_NOP,Jared Harper,2021-22,2021-22,2021,2020-21,NYK,NOP,FALSE,new_team,team_change,3,23,52,NA,NA,FALSE,FALSE,NA,NA
jarred_vanderbilt_2021_MIN,Jarred Vanderbilt,2021-22,2021-22,2021,2020-21,MIN,MIN,TRUE,re_signed_standard,roster_continuity,3,21,72,NA,NA,FALSE,FALSE,NA,NA
jarrett_allen_2021_CLE,Jarrett Allen,2021-22,2021-22,2021,2020-21,CLE,CLE,TRUE,re_signed_standard,roster_continuity,3,22,63,NA,NA,FALSE,FALSE,NA,NA
jarrett_culver_2021_MEM,Jarrett Culver,2021-22,2021-22,2021,2020-21,MIN,MEM,FALSE,new_team,team_change,3,21,47,NA,NA,FALSE,FALSE,NA,NA
javale_mcgee_2021_PHX,JaVale McGee,2021-22,2021-22,2021,2020-21,DEN,PHX,FALSE,new_team,team_change,3,33,70,NA,NA,FALSE,FALSE,NA,NA
javonte_green_2021_CHI,Javonte Green,2021-22,2021-22,2021,2020-21,CHI,CHI,TRUE,re_signed_standard,roster_continuity,3,27,68,NA,NA,FALSE,FALSE,NA,NA
jaxson_hayes_2021_NOP,Jaxson Hayes,2021-22,2021-22,2021,2020-21,NOP,NOP,TRUE,re_signed_standard,roster_continuity,3,20,71,NA,NA,FALSE,FALSE,NA,NA
jaylen_brown_2021_BOS,Jaylen Brown,2021-22,2021-22,2021,2020-21,BOS,BOS,TRUE,re_signed_standard,roster_continuity,3,24,58,NA,NA,FALSE,FALSE,NA,NA
jaylen_nowell_2021_MIN,Jaylen Nowell,2021-22,2021-22,2021,2020-21,MIN,MIN,TRUE,re_signed_standard,roster_continuity,3,21,59,NA,NA,FALSE,FALSE,NA,NA
jayson_tatum_2021_BOS,Jayson Tatum,2021-22,2021-22,2021,2020-21,BOS,BOS,TRUE,re_signed_standard,roster_continuity,3,22,66,NA,NA,FALSE,FALSE,NA,NA
jeff_green_2021_DEN,Jeff Green,2021-22,2021-22,2021,2020-21,BKN,DEN,FALSE,new_team,team_change,3,34,70,NA,NA,FALSE,FALSE,NA,NA
jerami_grant_2021_DET,Jerami Grant,2021-22,2021-22,2021,2020-21,DET,DET,TRUE,re_signed_standard,roster_continuity,3,26,59,NA,NA,FALSE,FALSE,NA,NA
jevon_carter_2021_MIL,Jevon Carter,2021-22,2021-22,2021,2020-21,PHX,MIL,FALSE,new_team,team_change,3,25,72,NA,NA,FALSE,FALSE,NA,NA
jimmy_butler_2021_MIA,Jimmy Butler III,2021-22,2021-22,2021,2020-21,MIA,MIA,TRUE,re_signed_standard,roster_continuity,3,31,63,NA,NA,FALSE,FALSE,NA,NA
joe_harris_2021_BKN,Joe Harris,2021-22,2021-22,2021,2020-21,BKN,BKN,TRUE,re_signed_standard,roster_continuity,3,29,69,NA,NA,FALSE,FALSE,NA,NA
joe_ingles_2021_UTA,Joe Ingles,2021-22,2021-22,2021,2020-21,UTA,UTA,TRUE,re_signed_standard,roster_continuity,3,33,67,NA,NA,FALSE,FALSE,NA,NA
joel_embiid_2021_PHI,Joel Embiid,2021-22,2021-22,2021,2020-21,PHI,PHI,TRUE,re_signed_supermax,supermax,3,26,55,NA,NA,TRUE,TRUE,NA,NA
john_collins_2021_ATL,John Collins,2021-22,2021-22,2021,2020-21,ATL,ATL,TRUE,re_signed_standard,roster_continuity,3,23,63,NA,NA,FALSE,FALSE,NA,NA
john_konchar_2021_MEM,John Konchar,2021-22,2021-22,2021,2020-21,MEM,MEM,TRUE,re_signed_standard,roster_continuity,3,24,72,NA,NA,FALSE,FALSE,NA,NA
jonas_valanciunas_2021_NOP,Jonas Valanciunas,2021-22,2021-22,2021,2020-21,MEM,NOP,FALSE,new_team,team_change,3,28,67,NA,NA,FALSE,FALSE,NA,NA
jordan_clarkson_2021_UTA,Jordan Clarkson,2021-22,2021-22,2021,2020-21,UTA,UTA,TRUE,re_signed_standard,roster_continuity,3,28,68,NA,NA,FALSE,FALSE,NA,NA
jordan_mclaughlin_2021_MIN,Jordan McLaughlin,2021-22,2021-22,2021,2020-21,MIN,MIN,TRUE,re_signed_standard,roster_continuity,3,24,54,NA,NA,FALSE,FALSE,NA,NA
jordan_nwora_2021_MIL,Jordan Nwora,2021-22,2021-22,2021,2020-21,MIL,MIL,TRUE,re_signed_standard,roster_continuity,3,22,55,NA,NA,FALSE,FALSE,NA,NA
jordan_poole_2021_GSW,Jordan Poole,2021-22,2021-22,2021,2020-21,GSW,GSW,TRUE,re_signed_standard,roster_continuity,3,21,57,NA,NA,FALSE,FALSE,NA,NA
josh_green_2021_DAL,Josh Green,2021-22,2021-22,2021,2020-21,DAL,DAL,TRUE,re_signed_standard,roster_continuity,3,20,66,NA,NA,FALSE,FALSE,NA,NA
josh_hart_2021_POR,Josh Hart,2021-22,2021-22,2021,2020-21,NOP,POR,FALSE,new_team,team_change,3,25,47,NA,NA,FALSE,FALSE,NA,NA
josh_jackson_2021_SAC,Josh Jackson,2021-22,2021-22,2021,2020-21,DET,SAC,FALSE,new_team,team_change,3,23,65,NA,NA,FALSE,FALSE,NA,NA
josh_okogie_2021_MIN,Josh Okogie,2021-22,2021-22,2021,2020-21,MIN,MIN,TRUE,re_signed_standard,roster_continuity,3,22,62,NA,NA,FALSE,FALSE,NA,NA
josh_richardson_2021_SAS,Josh Richardson,2021-22,2021-22,2021,2020-21,DAL,SAS,FALSE,new_team,team_change,3,27,60,NA,NA,FALSE,FALSE,NA,NA
jrue_holiday_2021_MIL,Jrue Holiday,2021-22,2021-22,2021,2020-21,MIL,MIL,TRUE,re_signed_standard,roster_continuity,3,30,63,NA,NA,FALSE,FALSE,NA,NA
juan_toscano-anderson_2021_GSW,Juan Toscano-Anderson,2021-22,2021-22,2021,2020-21,GSW,GSW,TRUE,re_signed_standard,roster_continuity,3,27,60,NA,NA,FALSE,FALSE,NA,NA
juancho_hernangomez_2021_UTA,Juancho Hernangomez,2021-22,2021-22,2021,2020-21,MIN,UTA,FALSE,new_team,team_change,3,25,64,NA,NA,FALSE,FALSE,NA,NA
julius_randle_2021_NYK,Julius Randle,2021-22,2021-22,2021,2020-21,NYK,NYK,TRUE,re_signed_standard,roster_continuity,3,26,71,NA,NA,FALSE,FALSE,NA,NA
justin_holiday_2021_SAC,Justin Holiday,2021-22,2021-22,2021,2020-21,IND,SAC,FALSE,new_team,team_change,3,31,72,NA,NA,FALSE,FALSE,NA,NA
justin_jackson_2021_PHX,Justin Jackson,2021-22,2021-22,2021,2020-21,MIL,PHX,FALSE,new_team,team_change,3,25,58,NA,NA,FALSE,FALSE,NA,NA
justin_james_2021_NOP,Justin James,2021-22,2021-22,2021,2020-21,SAC,NOP,FALSE,new_team,team_change,3,24,72,NA,NA,FALSE,FALSE,NA,NA
jusuf_nurkic_2021_POR,Jusuf Nurkic,2021-22,2021-22,2021,2020-21,POR,POR,TRUE,re_signed_standard,roster_continuity,3,26,70,NA,NA,FALSE,FALSE,NA,NA
juwan_morgan_2021_BOS,Juwan Morgan,2021-22,2021-22,2021,2020-21,UTA,BOS,FALSE,new_team,team_change,3,23,53,NA,NA,FALSE,FALSE,NA,NA
karl-anthony_towns_2021_MIN,Karl-Anthony Towns,2021-22,2021-22,2021,2020-21,MIN,MIN,TRUE,re_signed_standard,roster_continuity,3,25,50,NA,NA,FALSE,FALSE,NA,NA
keita_bates-diop_2021_SAS,Keita Bates-Diop,2021-22,2021-22,2021,2020-21,SAS,SAS,TRUE,re_signed_standard,roster_continuity,3,25,48,NA,NA,FALSE,FALSE,NA,NA
kelan_martin_2021_BOS,Kelan Martin,2021-22,2021-22,2021,2020-21,IND,BOS,FALSE,new_team,team_change,3,25,72,NA,NA,FALSE,FALSE,NA,NA
keldon_johnson_2021_SAS,Keldon Johnson,2021-22,2021-22,2021,2020-21,SAS,SAS,TRUE,re_signed_standard,roster_continuity,3,21,69,NA,NA,FALSE,FALSE,NA,NA
keljin_blevins_2021_POR,Keljin Blevins,2021-22,2021-22,2021,2020-21,POR,POR,TRUE,re_signed_standard,roster_continuity,3,25,47,NA,NA,FALSE,FALSE,NA,NA
kelly_olynyk_2021_DET,Kelly Olynyk,2021-22,2021-22,2021,2020-21,HOU,DET,FALSE,new_team,team_change,3,29,73,NA,NA,FALSE,FALSE,NA,NA
kelly_oubre_2021_CHA,Kelly Oubre Jr.,2021-22,2021-22,2021,2020-21,GSW,CHA,FALSE,new_team,team_change,3,25,68,NA,NA,FALSE,FALSE,NA,NA
kemba_walker_2021_NYK,Kemba Walker,2021-22,2021-22,2021,2020-21,BOS,NYK,FALSE,new_team,team_change,3,30,43,NA,NA,FALSE,FALSE,NA,NA
kendrick_nunn_2021_LAL,Kendrick Nunn,2021-22,2021-22,2021,2020-21,MIA,LAL,FALSE,new_team,team_change,3,25,70,NA,NA,FALSE,FALSE,NA,NA
kenrich_williams_2021_OKC,Kenrich Williams,2021-22,2021-22,2021,2020-21,OKC,OKC,TRUE,re_signed_standard,roster_continuity,3,26,72,NA,NA,FALSE,FALSE,NA,NA
kent_bazemore_2021_LAL,Kent Bazemore,2021-22,2021-22,2021,2020-21,GSW,LAL,FALSE,new_team,team_change,3,31,69,NA,NA,FALSE,FALSE,NA,NA
kentavious_caldwell-pope_2021_WAS,Kentavious Caldwell-Pope,2021-22,2021-22,2021,2020-21,LAL,WAS,FALSE,new_team,team_change,3,27,68,NA,NA,FALSE,FALSE,NA,NA
kevin_durant_2021_BKN,Kevin Durant,2021-22,2021-22,2021,2020-21,BKN,BKN,TRUE,re_signed_standard,roster_continuity,3,32,42,NA,NA,FALSE,FALSE,NA,NA
kevin_huerter_2021_ATL,Kevin Huerter,2021-22,2021-22,2021,2020-21,ATL,ATL,TRUE,re_signed_standard,roster_continuity,3,22,70,NA,NA,FALSE,FALSE,NA,NA
kevin_knox_2021_ATL,Kevin Knox II,2021-22,2021-22,2021,2020-21,NYK,ATL,FALSE,new_team,team_change,3,21,72,NA,NA,FALSE,FALSE,NA,NA
kevon_looney_2021_GSW,Kevon Looney,2021-22,2021-22,2021,2020-21,GSW,GSW,TRUE,re_signed_standard,roster_continuity,3,24,71,NA,NA,FALSE,FALSE,NA,NA
khem_birch_2021_TOR,Khem Birch,2021-22,2021-22,2021,2020-21,TOR,TOR,TRUE,re_signed_standard,roster_continuity,3,28,70,NA,NA,FALSE,FALSE,NA,NA
khris_middleton_2021_MIL,Khris Middleton,2021-22,2021-22,2021,2020-21,MIL,MIL,TRUE,re_signed_standard,roster_continuity,3,29,70,NA,NA,FALSE,FALSE,NA,NA
killian_tillie_2021_MEM,Killian Tillie,2021-22,2021-22,2021,2020-21,MEM,MEM,TRUE,re_signed_standard,roster_continuity,3,22,45,NA,NA,FALSE,FALSE,NA,NA
kira_lewis_2021_NOP,Kira Lewis Jr.,2021-22,2021-22,2021,2020-21,NOP,NOP,TRUE,re_signed_standard,roster_continuity,3,19,69,NA,NA,FALSE,FALSE,NA,NA
kj_martin_2021_HOU,KJ Martin,2021-22,2021-22,2021,2020-21,HOU,HOU,TRUE,re_signed_standard,roster_continuity,3,20,50,NA,NA,FALSE,FALSE,NA,NA
kristaps_porzingis_2021_WAS,Kristaps Porzingis,2021-22,2021-22,2021,2020-21,DAL,WAS,FALSE,new_team,team_change,3,25,51,NA,NA,FALSE,FALSE,NA,NA
kyle_anderson_2021_MEM,Kyle Anderson,2021-22,2021-22,2021,2020-21,MEM,MEM,TRUE,re_signed_standard,roster_continuity,3,27,71,NA,NA,FALSE,FALSE,NA,NA
kyle_guy_2021_MIA,Kyle Guy,2021-22,2021-22,2021,2020-21,SAC,MIA,FALSE,new_team,team_change,3,23,57,NA,NA,FALSE,FALSE,NA,NA
kyle_kuzma_2021_WAS,Kyle Kuzma,2021-22,2021-22,2021,2020-21,LAL,WAS,FALSE,new_team,team_change,3,25,70,NA,NA,FALSE,FALSE,NA,NA
kyle_lowry_2021_MIA,Kyle Lowry,2021-22,2021-22,2021,2020-21,TOR,MIA,FALSE,new_team,team_change,3,34,49,NA,NA,FALSE,FALSE,NA,NA
kyrie_irving_2021_BKN,Kyrie Irving,2021-22,2021-22,2021,2020-21,BKN,BKN,TRUE,re_signed_standard,roster_continuity,3,28,55,NA,NA,FALSE,FALSE,NA,NA
kz_okpala_2021_MIA,KZ Okpala,2021-22,2021-22,2021,2020-21,MIA,MIA,TRUE,re_signed_standard,roster_continuity,3,21,61,NA,NA,FALSE,FALSE,NA,NA
lamar_stevens_2021_CLE,Lamar Stevens,2021-22,2021-22,2021,2020-21,CLE,CLE,TRUE,re_signed_standard,roster_continuity,3,23,57,NA,NA,FALSE,FALSE,NA,NA
lamelo_ball_2021_CHA,LaMelo Ball,2021-22,2021-22,2021,2020-21,CHA,CHA,TRUE,re_signed_standard,roster_continuity,3,19,51,NA,NA,FALSE,FALSE,NA,NA
landry_shamet_2021_PHX,Landry Shamet,2021-22,2021-22,2021,2020-21,BKN,PHX,FALSE,new_team,team_change,3,23,66,NA,NA,FALSE,FALSE,NA,NA
langston_galloway_2021_MIL,Langston Galloway,2021-22,2021-22,2021,2020-21,PHX,MIL,FALSE,new_team,team_change,3,29,70,NA,NA,FALSE,FALSE,NA,NA
larry_nance_2021_NOP,Larry Nance Jr.,2021-22,2021-22,2021,2020-21,CLE,NOP,FALSE,new_team,team_change,3,28,44,NA,NA,FALSE,FALSE,NA,NA
lauri_markkanen_2021_CLE,Lauri Markkanen,2021-22,2021-22,2021,2020-21,CHI,CLE,FALSE,new_team,team_change,3,23,52,NA,NA,FALSE,FALSE,NA,NA
lebron_james_2021_LAL,LeBron James,2021-22,2021-22,2021,2020-21,LAL,LAL,TRUE,re_signed_standard,roster_continuity,3,36,45,NA,NA,FALSE,FALSE,NA,NA
lonnie_walker_2021_SAS,Lonnie Walker IV,2021-22,2021-22,2021,2020-21,SAS,SAS,TRUE,re_signed_standard,roster_continuity,3,22,64,NA,NA,FALSE,FALSE,NA,NA
lonzo_ball_2021_CHI,Lonzo Ball,2021-22,2021-22,2021,2020-21,NOP,CHI,FALSE,new_team,team_change,3,23,62,NA,NA,FALSE,FALSE,NA,NA
lou_williams_2021_ATL,Lou Williams,2021-22,2021-22,2021,2020-21,ATL,ATL,TRUE,re_signed_standard,roster_continuity,3,34,69,NA,NA,FALSE,FALSE,NA,NA
luguentz_dort_2021_OKC,Luguentz Dort,2021-22,2021-22,2021,2020-21,OKC,OKC,TRUE,re_signed_standard,roster_continuity,3,21,56,NA,NA,FALSE,FALSE,NA,NA
luka_doncic_2021_DAL,Luka Doncic,2021-22,2021-22,2021,2020-21,DAL,DAL,TRUE,re_signed_standard,roster_continuity,3,21,68,NA,NA,FALSE,FALSE,NA,NA
luke_kennard_2021_LAC,Luke Kennard,2021-22,2021-22,2021,2020-21,LAC,LAC,TRUE,re_signed_standard,roster_continuity,3,24,71,NA,NA,FALSE,FALSE,NA,NA
luke_kornet_2021_BOS,Luke Kornet,2021-22,2021-22,2021,2020-21,BOS,BOS,TRUE,re_signed_standard,roster_continuity,3,25,68,NA,NA,FALSE,FALSE,NA,NA
malachi_flynn_2021_TOR,Malachi Flynn,2021-22,2021-22,2021,2020-21,TOR,TOR,TRUE,re_signed_standard,roster_continuity,3,22,61,NA,NA,FALSE,FALSE,NA,NA
malcolm_brogdon_2021_IND,Malcolm Brogdon,2021-22,2021-22,2021,2020-21,IND,IND,TRUE,re_signed_standard,roster_continuity,3,28,61,NA,NA,FALSE,FALSE,NA,NA
malik_beasley_2021_MIN,Malik Beasley,2021-22,2021-22,2021,2020-21,MIN,MIN,TRUE,re_signed_standard,roster_continuity,3,24,48,NA,NA,FALSE,FALSE,NA,NA
malik_monk_2021_LAL,Malik Monk,2021-22,2021-22,2021,2020-21,CHA,LAL,FALSE,new_team,team_change,3,22,57,NA,NA,FALSE,FALSE,NA,NA
marcus_morris_2021_LAC,Marcus Morris Sr.,2021-22,2021-22,2021,2020-21,LAC,LAC,TRUE,re_signed_standard,roster_continuity,3,31,65,NA,NA,FALSE,FALSE,NA,NA
marcus_smart_2021_BOS,Marcus Smart,2021-22,2021-22,2021,2020-21,BOS,BOS,TRUE,re_signed_standard,roster_continuity,3,26,50,NA,NA,FALSE,FALSE,NA,NA
markieff_morris_2021_MIA,Markieff Morris,2021-22,2021-22,2021,2020-21,LAL,MIA,FALSE,new_team,team_change,3,31,71,NA,NA,FALSE,FALSE,NA,NA
markus_howard_2021_DEN,Markus Howard,2021-22,2021-22,2021,2020-21,DEN,DEN,TRUE,re_signed_standard,roster_continuity,3,21,65,NA,NA,FALSE,FALSE,NA,NA
marvin_bagley_2021_DET,Marvin Bagley III,2021-22,2021-22,2021,2020-21,SAC,DET,FALSE,new_team,team_change,3,21,45,NA,NA,FALSE,FALSE,NA,NA
mason_jones_2021_LAL,Mason Jones,2021-22,2021-22,2021,2020-21,PHI,LAL,FALSE,new_team,team_change,3,22,46,NA,NA,FALSE,FALSE,NA,NA
mason_plumlee_2021_CHA,Mason Plumlee,2021-22,2021-22,2021,2020-21,DET,CHA,FALSE,new_team,team_change,3,30,56,NA,NA,FALSE,FALSE,NA,NA
matisse_thybulle_2021_PHI,Matisse Thybulle,2021-22,2021-22,2021,2020-21,PHI,PHI,TRUE,re_signed_standard,roster_continuity,3,23,68,NA,NA,FALSE,FALSE,NA,NA
matt_thomas_2021_CHI,Matt Thomas,2021-22,2021-22,2021,2020-21,UTA,CHI,FALSE,new_team,team_change,3,26,72,NA,NA,FALSE,FALSE,NA,NA
maurice_harkless_2021_SAC,Maurice Harkless,2021-22,2021-22,2021,2020-21,SAC,SAC,TRUE,re_signed_standard,roster_continuity,3,27,69,NA,NA,FALSE,FALSE,NA,NA
max_strus_2021_MIA,Max Strus,2021-22,2021-22,2021,2020-21,MIA,MIA,TRUE,re_signed_standard,roster_continuity,3,24,65,NA,NA,FALSE,FALSE,NA,NA
maxi_kleber_2021_DAL,Maxi Kleber,2021-22,2021-22,2021,2020-21,DAL,DAL,TRUE,re_signed_standard,roster_continuity,3,29,60,NA,NA,FALSE,FALSE,NA,NA
michael_porter_2021_DEN,Michael Porter Jr.,2021-22,2021-22,2021,2020-21,DEN,DEN,TRUE,re_signed_standard,roster_continuity,3,22,61,NA,NA,FALSE,FALSE,NA,NA
mikal_bridges_2021_PHX,Mikal Bridges,2021-22,2021-22,2021,2020-21,PHX,PHX,TRUE,re_signed_standard,roster_continuity,3,24,72,NA,NA,FALSE,FALSE,NA,NA
mike_conley_2021_UTA,Mike Conley,2021-22,2021-22,2021,2020-21,UTA,UTA,TRUE,re_signed_standard,roster_continuity,3,33,51,NA,NA,FALSE,FALSE,NA,NA
mike_muscala_2021_OKC,Mike Muscala,2021-22,2021-22,2021,2020-21,OKC,OKC,TRUE,re_signed_standard,roster_continuity,3,29,59,NA,NA,FALSE,FALSE,NA,NA
miles_bridges_2021_CHA,Miles Bridges,2021-22,2021-22,2021,2020-21,CHA,CHA,TRUE,re_signed_standard,roster_continuity,3,22,66,NA,NA,FALSE,FALSE,NA,NA
miye_oni_2021_NOP,Miye Oni,2021-22,2021-22,2021,2020-21,UTA,NOP,FALSE,new_team,team_change,3,23,72,NA,NA,FALSE,FALSE,NA,NA
mo_bamba_2021_ORL,Mo Bamba,2021-22,2021-22,2021,2020-21,ORL,ORL,TRUE,re_signed_standard,roster_continuity,3,22,69,NA,NA,FALSE,FALSE,NA,NA
monte_morris_2021_DEN,Monte Morris,2021-22,2021-22,2021,2020-21,DEN,DEN,TRUE,re_signed_standard,roster_continuity,3,25,48,NA,NA,FALSE,FALSE,NA,NA
montrezl_harrell_2021_CHA,Montrezl Harrell,2021-22,2021-22,2021,2020-21,LAL,CHA,FALSE,new_team,team_change,3,27,72,NA,NA,FALSE,FALSE,NA,NA
moritz_wagner_2021_ORL,Moritz Wagner,2021-22,2021-22,2021,2020-21,ORL,ORL,TRUE,re_signed_standard,roster_continuity,3,23,65,NA,NA,FALSE,FALSE,NA,NA
moses_brown_2021_CLE,Moses Brown,2021-22,2021-22,2021,2020-21,OKC,CLE,FALSE,new_team,team_change,3,21,55,NA,NA,FALSE,FALSE,NA,NA
mychal_mulder_2021_MIA,Mychal Mulder,2021-22,2021-22,2021,2020-21,GSW,MIA,FALSE,new_team,team_change,3,26,72,NA,NA,FALSE,FALSE,NA,NA
myles_turner_2021_IND,Myles Turner,2021-22,2021-22,2021,2020-21,IND,IND,TRUE,re_signed_standard,roster_continuity,3,24,47,NA,NA,FALSE,FALSE,NA,NA
naji_marshall_2021_NOP,Naji Marshall,2021-22,2021-22,2021,2020-21,NOP,NOP,TRUE,re_signed_standard,roster_continuity,3,23,52,NA,NA,FALSE,FALSE,NA,NA
nassir_little_2021_POR,Nassir Little,2021-22,2021-22,2021,2020-21,POR,POR,TRUE,re_signed_standard,roster_continuity,3,20,58,NA,NA,FALSE,FALSE,NA,NA
nate_hinton_2021_IND,Nate Hinton,2021-22,2021-22,2021,2020-21,DAL,IND,FALSE,new_team,team_change,3,21,46,NA,NA,FALSE,FALSE,NA,NA
nathan_knight_2021_MIN,Nathan Knight,2021-22,2021-22,2021,2020-21,ATL,MIN,FALSE,new_team,team_change,3,23,62,NA,NA,FALSE,FALSE,NA,NA
naz_reid_2021_MIN,Naz Reid,2021-22,2021-22,2021,2020-21,MIN,MIN,TRUE,re_signed_standard,roster_continuity,3,21,72,NA,NA,FALSE,FALSE,NA,NA
nemanja_bjelica_2021_GSW,Nemanja Bjelica,2021-22,2021-22,2021,2020-21,MIA,GSW,FALSE,new_team,team_change,3,32,68,NA,NA,FALSE,FALSE,NA,NA
nerlens_noel_2021_NYK,Nerlens Noel,2021-22,2021-22,2021,2020-21,NYK,NYK,TRUE,re_signed_standard,roster_continuity,3,26,68,NA,NA,FALSE,FALSE,NA,NA
nic_claxton_2021_BKN,Nic Claxton,2021-22,2021-22,2021,2020-21,BKN,BKN,TRUE,re_signed_standard,roster_continuity,3,21,44,NA,NA,FALSE,FALSE,NA,NA
nick_richards_2021_CHA,Nick Richards,2021-22,2021-22,2021,2020-21,CHA,CHA,TRUE,re_signed_standard,roster_continuity,3,23,62,NA,NA,FALSE,FALSE,NA,NA
nickeil_alexander-walker_2021_UTA,Nickeil Alexander-Walker,2021-22,2021-22,2021,2020-21,NOP,UTA,FALSE,new_team,team_change,3,22,55,NA,NA,FALSE,FALSE,NA,NA
nicolas_batum_2021_LAC,Nicolas Batum,2021-22,2021-22,2021,2020-21,LAC,LAC,TRUE,re_signed_standard,roster_continuity,3,32,69,NA,NA,FALSE,FALSE,NA,NA
nikola_jokic_2021_DEN,Nikola Jokic,2021-22,2021-22,2021,2020-21,DEN,DEN,TRUE,re_signed_standard,roster_continuity,3,25,72,NA,NA,FALSE,FALSE,NA,NA
nikola_vucevic_2021_CHI,Nikola Vucevic,2021-22,2021-22,2021,2020-21,CHI,CHI,TRUE,re_signed_standard,roster_continuity,3,30,71,NA,NA,FALSE,FALSE,NA,NA
norman_powell_2021_LAC,Norman Powell,2021-22,2021-22,2021,2020-21,POR,LAC,FALSE,new_team,team_change,3,27,70,NA,NA,FALSE,FALSE,NA,NA
obi_toppin_2021_NYK,Obi Toppin,2021-22,2021-22,2021,2020-21,NYK,NYK,TRUE,re_signed_standard,roster_continuity,3,22,62,NA,NA,FALSE,FALSE,NA,NA
og_anunoby_2021_TOR,OG Anunoby,2021-22,2021-22,2021,2020-21,TOR,TOR,TRUE,re_signed_standard,roster_continuity,3,23,45,NA,NA,FALSE,FALSE,NA,NA
onyeka_okongwu_2021_ATL,Onyeka Okongwu,2021-22,2021-22,2021,2020-21,ATL,ATL,TRUE,re_signed_standard,roster_continuity,3,20,58,NA,NA,FALSE,FALSE,NA,NA
pascal_siakam_2021_TOR,Pascal Siakam,2021-22,2021-22,2021,2020-21,TOR,TOR,TRUE,re_signed_standard,roster_continuity,3,26,58,NA,NA,FALSE,FALSE,NA,NA
pat_connaughton_2021_MIL,Pat Connaughton,2021-22,2021-22,2021,2020-21,MIL,MIL,TRUE,re_signed_standard,roster_continuity,3,28,69,NA,NA,FALSE,FALSE,NA,NA
patrick_beverley_2021_MIN,Patrick Beverley,2021-22,2021-22,2021,2020-21,LAC,MIN,FALSE,new_team,team_change,3,32,42,NA,NA,FALSE,FALSE,NA,NA
patrick_williams_2021_CHI,Patrick Williams,2021-22,2021-22,2021,2020-21,CHI,CHI,TRUE,re_signed_standard,roster_continuity,3,19,71,NA,NA,FALSE,FALSE,NA,NA
patty_mills_2021_BKN,Patty Mills,2021-22,2021-22,2021,2020-21,SAS,BKN,FALSE,new_team,team_change,3,32,71,NA,NA,FALSE,FALSE,NA,NA
paul_george_2021_LAC,Paul George,2021-22,2021-22,2021,2020-21,LAC,LAC,TRUE,re_signed_standard,roster_continuity,3,30,60,NA,NA,FALSE,FALSE,NA,NA
paul_millsap_2021_PHI,Paul Millsap,2021-22,2021-22,2021,2020-21,DEN,PHI,FALSE,new_team,team_change,3,35,61,NA,NA,FALSE,FALSE,NA,NA
paul_reed_2021_PHI,Paul Reed,2021-22,2021-22,2021,2020-21,PHI,PHI,TRUE,re_signed_standard,roster_continuity,3,21,46,NA,NA,FALSE,FALSE,NA,NA
paul_watson_2021_OKC,Paul Watson,2021-22,2021-22,2021,2020-21,TOR,OKC,FALSE,new_team,team_change,3,26,53,NA,NA,FALSE,FALSE,NA,NA
payton_pritchard_2021_BOS,Payton Pritchard,2021-22,2021-22,2021,2020-21,BOS,BOS,TRUE,re_signed_standard,roster_continuity,3,23,66,NA,NA,FALSE,FALSE,NA,NA
pj_dozier_2021_DEN,PJ Dozier,2021-22,2021-22,2021,2020-21,DEN,DEN,TRUE,re_signed_standard,roster_continuity,3,24,50,NA,NA,FALSE,FALSE,NA,NA
pj_tucker_2021_MIA,P.J. Tucker,2021-22,2021-22,2021,2020-21,MIL,MIA,FALSE,new_team,team_change,3,35,56,NA,NA,FALSE,FALSE,NA,NA
pj_washington_2021_CHA,P.J. Washington,2021-22,2021-22,2021,2020-21,CHA,CHA,TRUE,re_signed_standard,roster_continuity,3,22,69,NA,NA,FALSE,FALSE,NA,NA
precious_achiuwa_2021_TOR,Precious Achiuwa,2021-22,2021-22,2021,2020-21,MIA,TOR,FALSE,new_team,team_change,3,21,72,NA,NA,FALSE,FALSE,NA,NA
rajon_rondo_2021_CLE,Rajon Rondo,2021-22,2021-22,2021,2020-21,LAC,CLE,FALSE,new_team,team_change,3,34,52,NA,NA,FALSE,FALSE,NA,NA
raul_neto_2021_WAS,Raul Neto,2021-22,2021-22,2021,2020-21,WAS,WAS,TRUE,re_signed_standard,roster_continuity,3,28,66,NA,NA,FALSE,FALSE,NA,NA
reggie_bullock_2021_DAL,Reggie Bullock Jr.,2021-22,2021-22,2021,2020-21,NYK,DAL,FALSE,new_team,team_change,3,29,65,NA,NA,FALSE,FALSE,NA,NA
reggie_jackson_2021_LAC,Reggie Jackson,2021-22,2021-22,2021,2020-21,LAC,LAC,TRUE,re_signed_standard,roster_continuity,3,30,71,NA,NA,FALSE,FALSE,NA,NA
reggie_perry_2021_POR,Reggie Perry,2021-22,2021-22,2021,2020-21,BKN,POR,FALSE,new_team,team_change,3,20,56,NA,NA,FALSE,FALSE,NA,NA
richaun_holmes_2021_SAC,Richaun Holmes,2021-22,2021-22,2021,2020-21,SAC,SAC,TRUE,re_signed_standard,roster_continuity,3,27,65,NA,NA,FALSE,FALSE,NA,NA
ricky_rubio_2021_CLE,Ricky Rubio,2021-22,2021-22,2021,2020-21,MIN,CLE,FALSE,new_team,team_change,3,30,70,NA,NA,FALSE,FALSE,NA,NA
rj_barrett_2021_NYK,RJ Barrett,2021-22,2021-22,2021,2020-21,NYK,NYK,TRUE,re_signed_standard,roster_continuity,3,20,72,NA,NA,FALSE,FALSE,NA,NA
rj_hampton_2021_ORL,R.J. Hampton,2021-22,2021-22,2021,2020-21,ORL,ORL,TRUE,re_signed_standard,roster_continuity,3,19,64,NA,NA,FALSE,FALSE,NA,NA
robert_covington_2021_LAC,Robert Covington,2021-22,2021-22,2021,2020-21,POR,LAC,FALSE,new_team,team_change,3,30,71,NA,NA,FALSE,FALSE,NA,NA
robert_williams_2021_BOS,Robert Williams III,2021-22,2021-22,2021,2020-21,BOS,BOS,TRUE,re_signed_standard,roster_continuity,3,23,54,NA,NA,FALSE,FALSE,NA,NA
robin_lopez_2021_ORL,Robin Lopez,2021-22,2021-22,2021,2020-21,WAS,ORL,FALSE,new_team,team_change,3,32,71,NA,NA,FALSE,FALSE,NA,NA
rodney_hood_2021_LAC,Rodney Hood,2021-22,2021-22,2021,2020-21,TOR,LAC,FALSE,new_team,team_change,3,28,65,NA,NA,FALSE,FALSE,NA,NA
rodney_mcgruder_2021_DET,Rodney McGruder,2021-22,2021-22,2021,2020-21,DET,DET,TRUE,re_signed_standard,roster_continuity,3,29,45,NA,NA,FALSE,FALSE,NA,NA
royce_oneale_2021_UTA,Royce O'Neale,2021-22,2021-22,2021,2020-21,UTA,UTA,TRUE,re_signed_standard,roster_continuity,3,27,71,NA,NA,FALSE,FALSE,NA,NA
rudy_gay_2021_UTA,Rudy Gay,2021-22,2021-22,2021,2020-21,SAS,UTA,FALSE,new_team,team_change,3,34,65,NA,NA,FALSE,FALSE,NA,NA
rudy_gobert_2021_UTA,Rudy Gobert,2021-22,2021-22,2021,2020-21,UTA,UTA,TRUE,re_signed_standard,roster_continuity,3,28,71,NA,NA,FALSE,FALSE,NA,NA
rui_hachimura_2021_WAS,Rui Hachimura,2021-22,2021-22,2021,2020-21,WAS,WAS,TRUE,re_signed_standard,roster_continuity,3,22,57,NA,NA,FALSE,FALSE,NA,NA
russell_westbrook_2021_LAL,Russell Westbrook,2021-22,2021-22,2021,2020-21,WAS,LAL,FALSE,new_team,team_change,3,32,67,NA,NA,FALSE,FALSE,NA,NA
ryan_arcidiacono_2021_NYK,Ryan Arcidiacono,2021-22,2021-22,2021,2020-21,CHI,NYK,FALSE,new_team,team_change,3,26,65,NA,NA,FALSE,FALSE,NA,NA
saben_lee_2021_DET,Saben Lee,2021-22,2021-22,2021,2020-21,DET,DET,TRUE,re_signed_standard,roster_continuity,3,21,59,NA,NA,FALSE,FALSE,NA,NA
saddiq_bey_2021_DET,Saddiq Bey,2021-22,2021-22,2021,2020-21,DET,DET,TRUE,re_signed_standard,roster_continuity,3,21,72,NA,NA,FALSE,FALSE,NA,NA
sam_merrill_2021_MEM,Sam Merrill,2021-22,2021-22,2021,2020-21,MIL,MEM,FALSE,new_team,team_change,3,24,61,NA,NA,FALSE,FALSE,NA,NA
sekou_doumbouya_2021_LAL,Sekou Doumbouya,2021-22,2021-22,2021,2020-21,DET,LAL,FALSE,new_team,team_change,3,20,65,NA,NA,FALSE,FALSE,NA,NA
semi_ojeleye_2021_LAC,Semi Ojeleye,2021-22,2021-22,2021,2020-21,BOS,LAC,FALSE,new_team,team_change,3,26,66,NA,NA,FALSE,FALSE,NA,NA
serge_ibaka_2021_MIL,Serge Ibaka,2021-22,2021-22,2021,2020-21,LAC,MIL,FALSE,new_team,team_change,3,31,42,NA,NA,FALSE,FALSE,NA,NA
seth_curry_2021_BKN,Seth Curry,2021-22,2021-22,2021,2020-21,PHI,BKN,FALSE,new_team,team_change,3,30,59,NA,NA,FALSE,FALSE,NA,NA
shai_gilgeous-alexander_2021_OKC,Shai Gilgeous-Alexander,2021-22,2021-22,2021,2020-21,OKC,OKC,TRUE,re_signed_standard,roster_continuity,3,22,42,NA,NA,FALSE,FALSE,NA,NA
shake_milton_2021_PHI,Shake Milton,2021-22,2021-22,2021,2020-21,PHI,PHI,TRUE,re_signed_standard,roster_continuity,3,24,66,NA,NA,FALSE,FALSE,NA,NA
shaquille_harrison_2021_MEM,Shaquille Harrison,2021-22,2021-22,2021,2020-21,DEN,MEM,FALSE,new_team,team_change,3,27,48,NA,NA,FALSE,FALSE,NA,NA
sindarius_thornwell_2021_ORL,Sindarius Thornwell,2021-22,2021-22,2021,2020-21,ORL,ORL,TRUE,re_signed_standard,roster_continuity,3,26,45,NA,NA,FALSE,FALSE,NA,NA
skylar_mays_2021_ATL,Skylar Mays,2021-22,2021-22,2021,2020-21,ATL,ATL,TRUE,re_signed_standard,roster_continuity,3,23,64,NA,NA,FALSE,FALSE,NA,NA
solomon_hill_2021_ATL,Solomon Hill,2021-22,2021-22,2021,2020-21,ATL,ATL,TRUE,re_signed_standard,roster_continuity,3,29,72,NA,NA,FALSE,FALSE,NA,NA
stanley_johnson_2021_LAL,Stanley Johnson,2021-22,2021-22,2021,2020-21,TOR,LAL,FALSE,new_team,team_change,3,24,72,NA,NA,FALSE,FALSE,NA,NA
stephen_curry_2021_GSW,Stephen Curry,2021-22,2021-22,2021,2020-21,GSW,GSW,TRUE,re_signed_standard,roster_continuity,3,32,70,NA,NA,FALSE,FALSE,NA,NA
sterling_brown_2021_DAL,Sterling Brown,2021-22,2021-22,2021,2020-21,HOU,DAL,FALSE,new_team,team_change,3,25,53,NA,NA,FALSE,FALSE,NA,NA
steven_adams_2021_MEM,Steven Adams,2021-22,2021-22,2021,2020-21,NOP,MEM,FALSE,new_team,team_change,3,27,61,NA,NA,FALSE,FALSE,NA,NA
svi_mykhailiuk_2021_TOR,Svi Mykhailiuk,2021-22,2021-22,2021,2020-21,OKC,TOR,FALSE,new_team,team_change,3,23,70,NA,NA,FALSE,FALSE,NA,NA
tacko_fall_2021_CLE,Tacko Fall,2021-22,2021-22,2021,2020-21,BOS,CLE,FALSE,new_team,team_change,3,25,60,NA,NA,FALSE,FALSE,NA,NA
taj_gibson_2021_NYK,Taj Gibson,2021-22,2021-22,2021,2020-21,NYK,NYK,TRUE,re_signed_standard,roster_continuity,3,35,58,NA,NA,FALSE,FALSE,NA,NA
talen_horton-tucker_2021_LAL,Talen Horton-Tucker,2021-22,2021-22,2021,2020-21,LAL,LAL,TRUE,re_signed_standard,roster_continuity,3,20,70,NA,NA,FALSE,FALSE,NA,NA
taurean_prince_2021_MIN,Taurean Prince,2021-22,2021-22,2021,2020-21,CLE,MIN,FALSE,new_team,team_change,3,26,48,NA,NA,FALSE,FALSE,NA,NA
terance_mann_2021_LAC,Terance Mann,2021-22,2021-22,2021,2020-21,LAC,LAC,TRUE,re_signed_standard,roster_continuity,3,24,71,NA,NA,FALSE,FALSE,NA,NA
terence_davis_2021_SAC,Terence Davis,2021-22,2021-22,2021,2020-21,SAC,SAC,TRUE,re_signed_standard,roster_continuity,3,23,71,NA,NA,FALSE,FALSE,NA,NA
terrence_ross_2021_ORL,Terrence Ross,2021-22,2021-22,2021,2020-21,ORL,ORL,TRUE,re_signed_standard,roster_continuity,3,29,68,NA,NA,FALSE,FALSE,NA,NA
terry_rozier_2021_CHA,Terry Rozier,2021-22,2021-22,2021,2020-21,CHA,CHA,TRUE,re_signed_standard,roster_continuity,3,26,71,NA,NA,FALSE,FALSE,NA,NA
thaddeus_young_2021_TOR,Thaddeus Young,2021-22,2021-22,2021,2020-21,CHI,TOR,FALSE,new_team,team_change,3,32,69,NA,NA,FALSE,FALSE,NA,NA
thanasis_antetokounmpo_2021_MIL,Thanasis Antetokounmpo,2021-22,2021-22,2021,2020-21,MIL,MIL,TRUE,re_signed_standard,roster_continuity,3,28,72,NA,NA,FALSE,FALSE,NA,NA
theo_maledon_2021_OKC,Theo Maledon,2021-22,2021-22,2021,2020-21,OKC,OKC,TRUE,re_signed_standard,roster_continuity,3,19,71,NA,NA,FALSE,FALSE,NA,NA
theo_pinson_2021_DAL,Theo Pinson,2021-22,2021-22,2021,2020-21,NYK,DAL,FALSE,new_team,team_change,3,25,72,NA,NA,FALSE,FALSE,NA,NA
tim_hardaway_2021_DAL,Tim Hardaway Jr.,2021-22,2021-22,2021,2020-21,DAL,DAL,TRUE,re_signed_standard,roster_continuity,3,28,71,NA,NA,FALSE,FALSE,NA,NA
timothe_luwawu-cabarrot_2021_ATL,Timothe Luwawu-Cabarrot,2021-22,2021-22,2021,2020-21,BKN,ATL,FALSE,new_team,team_change,3,25,69,NA,NA,FALSE,FALSE,NA,NA
tj_mcconnell_2021_IND,T.J. McConnell,2021-22,2021-22,2021,2020-21,IND,IND,TRUE,re_signed_standard,roster_continuity,3,28,72,NA,NA,FALSE,FALSE,NA,NA
tobias_harris_2021_PHI,Tobias Harris,2021-22,2021-22,2021,2020-21,PHI,PHI,TRUE,re_signed_standard,roster_continuity,3,28,63,NA,NA,FALSE,FALSE,NA,NA
tomas_satoransky_2021_WAS,Tomas Satoransky,2021-22,2021-22,2021,2020-21,CHI,WAS,FALSE,new_team,team_change,3,29,59,NA,NA,FALSE,FALSE,NA,NA
tony_bradley_2021_CHI,Tony Bradley,2021-22,2021-22,2021,2020-21,OKC,CHI,FALSE,new_team,team_change,3,23,71,NA,NA,FALSE,FALSE,NA,NA
tony_snell_2021_NOP,Tony Snell,2021-22,2021-22,2021,2020-21,ATL,NOP,FALSE,new_team,team_change,3,29,50,NA,NA,FALSE,FALSE,NA,NA
torrey_craig_2021_PHX,Torrey Craig,2021-22,2021-22,2021,2020-21,PHX,PHX,TRUE,re_signed_standard,roster_continuity,3,30,64,NA,NA,FALSE,FALSE,NA,NA
trae_young_2021_ATL,Trae Young,2021-22,2021-22,2021,2020-21,ATL,ATL,TRUE,re_signed_standard,roster_continuity,3,22,66,NA,NA,FALSE,FALSE,NA,NA
tre_jones_2021_SAS,Tre Jones,2021-22,2021-22,2021,2020-21,SAS,SAS,TRUE,re_signed_standard,roster_continuity,3,21,65,NA,NA,FALSE,FALSE,NA,NA
tremont_waters_2021_WAS,Tremont Waters,2021-22,2021-22,2021,2020-21,BOS,WAS,FALSE,new_team,team_change,3,23,69,NA,NA,FALSE,FALSE,NA,NA
trent_forrest_2021_UTA,Trent Forrest,2021-22,2021-22,2021,2020-21,UTA,UTA,TRUE,re_signed_standard,roster_continuity,3,22,53,NA,NA,FALSE,FALSE,NA,NA
trey_burke_2021_DAL,Trey Burke,2021-22,2021-22,2021,2020-21,DAL,DAL,TRUE,re_signed_standard,roster_continuity,3,28,70,NA,NA,FALSE,FALSE,NA,NA
trey_lyles_2021_SAC,Trey Lyles,2021-22,2021-22,2021,2020-21,SAS,SAC,FALSE,new_team,team_change,3,25,45,NA,NA,FALSE,FALSE,NA,NA
tristan_thompson_2021_CHI,Tristan Thompson,2021-22,2021-22,2021,2020-21,BOS,CHI,FALSE,new_team,team_change,3,29,54,NA,NA,FALSE,FALSE,NA,NA
troy_brown_2021_CHI,Troy Brown Jr.,2021-22,2021-22,2021,2020-21,CHI,CHI,TRUE,re_signed_standard,roster_continuity,3,21,52,NA,NA,FALSE,FALSE,NA,NA
tyler_herro_2021_MIA,Tyler Herro,2021-22,2021-22,2021,2020-21,MIA,MIA,TRUE,re_signed_standard,roster_continuity,3,21,69,NA,NA,FALSE,FALSE,NA,NA
tyler_johnson_2021_SAS,Tyler Johnson,2021-22,2021-22,2021,2020-21,BKN,SAS,FALSE,new_team,team_change,3,28,61,NA,NA,FALSE,FALSE,NA,NA
tyrese_haliburton_2021_IND,Tyrese Haliburton,2021-22,2021-22,2021,2020-21,SAC,IND,FALSE,new_team,team_change,3,20,58,NA,NA,FALSE,FALSE,NA,NA
tyrese_maxey_2021_PHI,Tyrese Maxey,2021-22,2021-22,2021,2020-21,PHI,PHI,TRUE,re_signed_standard,roster_continuity,3,20,72,NA,NA,FALSE,FALSE,NA,NA
tyus_jones_2021_MEM,Tyus Jones,2021-22,2021-22,2021,2020-21,MEM,MEM,TRUE,re_signed_standard,roster_continuity,3,24,72,NA,NA,FALSE,FALSE,NA,NA
udonis_haslem_2021_MIA,Udonis Haslem,2021-22,2021-22,2021,2020-21,MIA,MIA,TRUE,re_signed_standard,roster_continuity,3,40,63,NA,NA,FALSE,FALSE,NA,NA
vernon_carey_2021_WAS,Vernon Carey Jr.,2021-22,2021-22,2021,2020-21,CHA,WAS,FALSE,new_team,team_change,3,19,54,NA,NA,FALSE,FALSE,NA,NA
victor_oladipo_2021_MIA,Victor Oladipo,2021-22,2021-22,2021,2020-21,MIA,MIA,TRUE,re_signed_standard,roster_continuity,3,28,43,NA,NA,FALSE,FALSE,NA,NA
vlatko_cancar_2021_DEN,Vlatko Cancar,2021-22,2021-22,2021,2020-21,DEN,DEN,TRUE,re_signed_standard,roster_continuity,3,23,72,NA,NA,FALSE,FALSE,NA,NA
wayne_ellington_2021_LAL,Wayne Ellington,2021-22,2021-22,2021,2020-21,DET,LAL,FALSE,new_team,team_change,3,33,62,NA,NA,FALSE,FALSE,NA,NA
wendell_carter_2021_ORL,Wendell Carter Jr.,2021-22,2021-22,2021,2020-21,ORL,ORL,TRUE,re_signed_standard,roster_continuity,3,21,59,NA,NA,FALSE,FALSE,NA,NA
wenyen_gabriel_2021_LAL,Wenyen Gabriel,2021-22,2021-22,2021,2020-21,NOP,LAL,FALSE,new_team,team_change,3,23,64,NA,NA,FALSE,FALSE,NA,NA
wes_iwundu_2021_ATL,Wes Iwundu,2021-22,2021-22,2021,2020-21,NOP,ATL,FALSE,new_team,team_change,3,26,70,NA,NA,FALSE,FALSE,NA,NA
wesley_matthews_2021_MIL,Wesley Matthews,2021-22,2021-22,2021,2020-21,LAL,MIL,FALSE,new_team,team_change,3,34,70,NA,NA,FALSE,FALSE,NA,NA
will_barton_2021_DEN,Will Barton,2021-22,2021-22,2021,2020-21,DEN,DEN,TRUE,re_signed_standard,roster_continuity,3,30,56,NA,NA,FALSE,FALSE,NA,NA
willie_cauley-stein_2021_PHI,Willie Cauley-Stein,2021-22,2021-22,2021,2020-21,DAL,PHI,FALSE,new_team,team_change,3,27,60,NA,NA,FALSE,FALSE,NA,NA
willy_hernangomez_2021_NOP,Willy Hernangomez,2021-22,2021-22,2021,2020-21,NOP,NOP,TRUE,re_signed_standard,roster_continuity,3,26,72,NA,NA,FALSE,FALSE,NA,NA
xavier_tillman_2021_MEM,Xavier Tillman,2021-22,2021-22,2021,2020-21,MEM,MEM,TRUE,re_signed_standard,roster_continuity,3,22,70,NA,NA,FALSE,FALSE,NA,NA
yuta_watanabe_2021_TOR,Yuta Watanabe,2021-22,2021-22,2021,2020-21,TOR,TOR,TRUE,re_signed_standard,roster_continuity,3,26,68,NA,NA,FALSE,FALSE,NA,NA
zach_collins_2021_SAS,Zach Collins,2021-22,2021-22,2021,2020-21,POR,SAS,FALSE,new_team,team_change,3,NA,46,NA,NA,FALSE,FALSE,NA,NA
zach_lavine_2021_CHI,Zach LaVine,2021-22,2021-22,2021,2020-21,CHI,CHI,TRUE,re_signed_standard,roster_continuity,3,25,58,NA,NA,FALSE,FALSE,NA,NA
zeke_nnaji_2021_DEN,Zeke Nnaji,2021-22,2021-22,2021,2020-21,DEN,DEN,TRUE,re_signed_standard,roster_continuity,3,20,68,NA,NA,FALSE,FALSE,NA,NA
aaron_gordon_2022_DEN,Aaron Gordon,2022-23,2022-23,2022,2021-22,DEN,DEN,TRUE,re_signed_standard,roster_continuity,3,26,75,NA,NA,FALSE,FALSE,NA,NA
aaron_holiday_2022_ATL,Aaron Holiday,2022-23,2022-23,2022,2021-22,PHX,ATL,FALSE,new_team,team_change,3,25,73,NA,NA,FALSE,FALSE,NA,NA
aaron_nesmith_2022_IND,Aaron Nesmith,2022-23,2022-23,2022,2021-22,BOS,IND,FALSE,new_team,team_change,3,22,68,NA,NA,FALSE,FALSE,NA,NA
aaron_wiggins_2022_OKC,Aaron Wiggins,2022-23,2022-23,2022,2021-22,OKC,OKC,TRUE,re_signed_standard,roster_continuity,3,23,62,NA,NA,FALSE,FALSE,NA,NA
admiral_schofield_2022_ORL,Admiral Schofield,2022-23,2022-23,2022,2021-22,ORL,ORL,TRUE,re_signed_standard,roster_continuity,3,24,48,NA,NA,FALSE,FALSE,NA,NA
al_horford_2022_BOS,Al Horford,2022-23,2022-23,2022,2021-22,BOS,BOS,TRUE,re_signed_standard,roster_continuity,3,35,70,NA,NA,FALSE,FALSE,NA,NA
alec_burks_2022_DET,Alec Burks,2022-23,2022-23,2022,2021-22,NYK,DET,FALSE,new_team,team_change,3,30,81,NA,NA,FALSE,FALSE,NA,NA
aleksej_pokusevski_2022_OKC,Aleksej Pokusevski,2022-23,2022-23,2022,2021-22,OKC,OKC,TRUE,re_signed_standard,roster_continuity,3,20,70,NA,NA,FALSE,FALSE,NA,NA
alex_caruso_2022_CHI,Alex Caruso,2022-23,2022-23,2022,2021-22,CHI,CHI,TRUE,re_signed_standard,roster_continuity,3,27,42,NA,NA,FALSE,FALSE,NA,NA
alex_len_2022_SAC,Alex Len,2022-23,2022-23,2022,2021-22,SAC,SAC,TRUE,re_signed_standard,roster_continuity,3,28,73,NA,NA,FALSE,FALSE,NA,NA
alperen_sengun_2022_HOU,Alperen Sengun,2022-23,2022-23,2022,2021-22,HOU,HOU,TRUE,re_signed_standard,roster_continuity,3,19,72,NA,NA,FALSE,FALSE,NA,NA
amir_coffey_2022_LAC,Amir Coffey,2022-23,2022-23,2022,2021-22,LAC,LAC,TRUE,re_signed_standard,roster_continuity,3,24,75,NA,NA,FALSE,FALSE,NA,NA
andre_drummond_2022_CHI,Andre Drummond,2022-23,2022-23,2022,2021-22,BKN,CHI,FALSE,new_team,team_change,3,28,76,NA,NA,FALSE,FALSE,NA,NA
andre_iguodala_2022_GSW,Andre Iguodala,2022-23,2022-23,2022,2021-22,GSW,GSW,TRUE,re_signed_standard,roster_continuity,3,38,40,NA,NA,FALSE,FALSE,NA,NA
andrew_wiggins_2022_GSW,Andrew Wiggins,2022-23,2022-23,2022,2021-22,GSW,GSW,TRUE,re_signed_standard,roster_continuity,3,26,74,NA,NA,FALSE,FALSE,NA,NA
anfernee_simons_2022_POR,Anfernee Simons,2022-23,2022-23,2022,2021-22,POR,POR,TRUE,re_signed_standard,roster_continuity,3,22,58,NA,NA,FALSE,FALSE,NA,NA
anthony_davis_2022_LAL,Anthony Davis,2022-23,2022-23,2022,2021-22,LAL,LAL,TRUE,re_signed_standard,roster_continuity,3,28,44,NA,NA,FALSE,FALSE,NA,NA
anthony_edwards_2022_MIN,Anthony Edwards,2022-23,2022-23,2022,2021-22,MIN,MIN,TRUE,re_signed_standard,roster_continuity,3,20,73,NA,NA,FALSE,FALSE,NA,NA
anthony_gill_2022_WAS,Anthony Gill,2022-23,2022-23,2022,2021-22,WAS,WAS,TRUE,re_signed_standard,roster_continuity,3,29,70,NA,NA,FALSE,FALSE,NA,NA
austin_reaves_2022_LAL,Austin Reaves,2022-23,2022-23,2022,2021-22,LAL,LAL,TRUE,re_signed_standard,roster_continuity,3,23,75,NA,NA,FALSE,FALSE,NA,NA
austin_rivers_2022_MIN,Austin Rivers,2022-23,2022-23,2022,2021-22,DEN,MIN,FALSE,new_team,team_change,3,29,72,NA,NA,FALSE,FALSE,NA,NA
ayo_dosunmu_2022_CHI,Ayo Dosunmu,2022-23,2022-23,2022,2021-22,CHI,CHI,TRUE,re_signed_standard,roster_continuity,3,22,78,NA,NA,FALSE,FALSE,NA,NA
bam_adebayo_2022_MIA,Bam Adebayo,2022-23,2022-23,2022,2021-22,MIA,MIA,TRUE,re_signed_standard,roster_continuity,3,24,56,NA,NA,FALSE,FALSE,NA,NA
bismack_biyombo_2022_PHX,Bismack Biyombo,2022-23,2022-23,2022,2021-22,PHX,PHX,TRUE,re_signed_standard,roster_continuity,3,29,47,NA,NA,FALSE,FALSE,NA,NA
blake_griffin_2022_BOS,Blake Griffin,2022-23,2022-23,2022,2021-22,BKN,BOS,FALSE,new_team,team_change,3,32,81,NA,NA,FALSE,FALSE,NA,NA
boban_marjanovic_2022_HOU,Boban Marjanovic,2022-23,2022-23,2022,2021-22,DAL,HOU,FALSE,new_team,team_change,3,33,76,NA,NA,FALSE,FALSE,NA,NA
bobby_portis_2022_MIL,Bobby Portis,2022-23,2022-23,2022,2021-22,MIL,MIL,TRUE,re_signed_standard,roster_continuity,3,26,73,NA,NA,FALSE,FALSE,NA,NA
bogdan_bogdanovic_2022_ATL,Bogdan Bogdanovic,2022-23,2022-23,2022,2021-22,ATL,ATL,TRUE,re_signed_standard,roster_continuity,3,29,65,NA,NA,FALSE,FALSE,NA,NA
bojan_bogdanovic_2022_DET,Bojan Bogdanovic,2022-23,2022-23,2022,2021-22,UTA,DET,FALSE,new_team,team_change,3,32,69,NA,NA,FALSE,FALSE,NA,NA
bones_hyland_2022_LAC,Bones Hyland,2022-23,2022-23,2022,2021-22,DEN,LAC,FALSE,new_team,team_change,3,21,75,NA,NA,FALSE,FALSE,NA,NA
bradley_beal_2022_WAS,Bradley Beal,2022-23,2022-23,2022,2021-22,WAS,WAS,TRUE,re_signed_standard,roster_continuity,3,28,41,NA,NA,FALSE,FALSE,NA,NA
brandon_boston_2022_LAC,Brandon Boston,2022-23,2022-23,2022,2021-22,LAC,LAC,TRUE,re_signed_standard,roster_continuity,3,20,66,NA,NA,FALSE,FALSE,NA,NA
brandon_clarke_2022_MEM,Brandon Clarke,2022-23,2022-23,2022,2021-22,MEM,MEM,TRUE,re_signed_standard,roster_continuity,3,25,68,NA,NA,FALSE,FALSE,NA,NA
brandon_ingram_2022_NOP,Brandon Ingram,2022-23,2022-23,2022,2021-22,NOP,NOP,TRUE,re_signed_standard,roster_continuity,3,24,60,NA,NA,FALSE,FALSE,NA,NA
bruce_brown_2022_DEN,Bruce Brown,2022-23,2022-23,2022,2021-22,BKN,DEN,FALSE,new_team,team_change,3,25,79,NA,NA,FALSE,FALSE,NA,NA
bruno_fernando_2022_ATL,Bruno Fernando,2022-23,2022-23,2022,2021-22,HOU,ATL,FALSE,new_team,team_change,3,23,70,NA,NA,FALSE,FALSE,NA,NA
bryn_forbes_2022_MIN,Bryn Forbes,2022-23,2022-23,2022,2021-22,DEN,MIN,FALSE,new_team,team_change,3,28,83,NA,NA,FALSE,FALSE,NA,NA
buddy_hield_2022_IND,Buddy Hield,2022-23,2022-23,2022,2021-22,IND,IND,TRUE,re_signed_standard,roster_continuity,3,29,81,NA,NA,FALSE,FALSE,NA,NA
cade_cunningham_2022_DET,Cade Cunningham,2022-23,2022-23,2022,2021-22,DET,DET,TRUE,re_signed_standard,roster_continuity,3,20,72,NA,NA,FALSE,FALSE,NA,NA
caleb_martin_2022_MIA,Caleb Martin,2022-23,2022-23,2022,2021-22,MIA,MIA,TRUE,re_signed_standard,roster_continuity,3,26,64,NA,NA,FALSE,FALSE,NA,NA
cam_reddish_2022_POR,Cam Reddish,2022-23,2022-23,2022,2021-22,NYK,POR,FALSE,new_team,team_change,3,22,54,NA,NA,FALSE,FALSE,NA,NA
cam_thomas_2022_BKN,Cam Thomas,2022-23,2022-23,2022,2021-22,BKN,BKN,TRUE,re_signed_standard,roster_continuity,3,20,78,NA,NA,FALSE,FALSE,NA,NA
cameron_johnson_2022_BKN,Cameron Johnson,2022-23,2022-23,2022,2021-22,PHX,BKN,FALSE,new_team,team_change,3,25,69,NA,NA,FALSE,FALSE,NA,NA
cameron_payne_2022_PHX,Cameron Payne,2022-23,2022-23,2022,2021-22,PHX,PHX,TRUE,re_signed_standard,roster_continuity,3,27,69,NA,NA,FALSE,FALSE,NA,NA
caris_levert_2022_CLE,Caris LeVert,2022-23,2022-23,2022,2021-22,CLE,CLE,TRUE,re_signed_standard,roster_continuity,3,27,58,NA,NA,FALSE,FALSE,NA,NA
cedi_osman_2022_CLE,Cedi Osman,2022-23,2022-23,2022,2021-22,CLE,CLE,TRUE,re_signed_standard,roster_continuity,3,26,71,NA,NA,FALSE,FALSE,NA,NA
charles_bassey_2022_SAS,Charles Bassey,2022-23,2022-23,2022,2021-22,PHI,SAS,FALSE,new_team,team_change,3,21,64,NA,NA,FALSE,FALSE,NA,NA
chimezie_metu_2022_SAC,Chimezie Metu,2022-23,2022-23,2022,2021-22,SAC,SAC,TRUE,re_signed_standard,roster_continuity,3,24,77,NA,NA,FALSE,FALSE,NA,NA
chris_boucher_2022_TOR,Chris Boucher,2022-23,2022-23,2022,2021-22,TOR,TOR,TRUE,re_signed_standard,roster_continuity,3,29,81,NA,NA,FALSE,FALSE,NA,NA
chris_duarte_2022_IND,Chris Duarte,2022-23,2022-23,2022,2021-22,IND,IND,TRUE,re_signed_standard,roster_continuity,3,24,62,NA,NA,FALSE,FALSE,NA,NA
chris_paul_2022_PHX,Chris Paul,2022-23,2022-23,2022,2021-22,PHX,PHX,TRUE,re_signed_standard,roster_continuity,3,36,67,NA,NA,FALSE,FALSE,NA,NA
christian_wood_2022_DAL,Christian Wood,2022-23,2022-23,2022,2021-22,HOU,DAL,FALSE,new_team,team_change,3,26,69,NA,NA,FALSE,FALSE,NA,NA
chuma_okeke_2022_ORL,Chuma Okeke,2022-23,2022-23,2022,2021-22,ORL,ORL,TRUE,re_signed_standard,roster_continuity,3,23,70,NA,NA,FALSE,FALSE,NA,NA
cj_mccollum_2022_NOP,CJ McCollum,2022-23,2022-23,2022,2021-22,NOP,NOP,TRUE,re_signed_standard,roster_continuity,3,30,62,NA,NA,FALSE,FALSE,NA,NA
clint_capela_2022_ATL,Clint Capela,2022-23,2022-23,2022,2021-22,ATL,ATL,TRUE,re_signed_standard,roster_continuity,3,27,74,NA,NA,FALSE,FALSE,NA,NA
coby_white_2022_CHI,Coby White,2022-23,2022-23,2022,2021-22,CHI,CHI,TRUE,re_signed_standard,roster_continuity,3,21,64,NA,NA,FALSE,FALSE,NA,NA
cody_martin_2022_CHA,Cody Martin,2022-23,2022-23,2022,2021-22,CHA,CHA,TRUE,re_signed_standard,roster_continuity,3,26,73,NA,NA,FALSE,FALSE,NA,NA
cole_anthony_2022_ORL,Cole Anthony,2022-23,2022-23,2022,2021-22,ORL,ORL,TRUE,re_signed_standard,roster_continuity,3,21,72,NA,NA,FALSE,FALSE,NA,NA
corey_kispert_2022_WAS,Corey Kispert,2022-23,2022-23,2022,2021-22,WAS,WAS,TRUE,re_signed_standard,roster_continuity,3,22,82,NA,NA,FALSE,FALSE,NA,NA
cory_joseph_2022_DET,Cory Joseph,2022-23,2022-23,2022,2021-22,DET,DET,TRUE,re_signed_standard,roster_continuity,3,30,74,NA,NA,FALSE,FALSE,NA,NA
dalano_banton_2022_TOR,Dalano Banton,2022-23,2022-23,2022,2021-22,TOR,TOR,TRUE,re_signed_standard,roster_continuity,3,22,77,NA,NA,FALSE,FALSE,NA,NA
damian_jones_2022_UTA,Damian Jones,2022-23,2022-23,2022,2021-22,SAC,UTA,FALSE,new_team,team_change,3,26,78,NA,NA,FALSE,FALSE,NA,NA
damion_lee_2022_PHX,Damion Lee,2022-23,2022-23,2022,2021-22,GSW,PHX,FALSE,new_team,team_change,3,29,72,NA,NA,FALSE,FALSE,NA,NA
dangelo_russell_2022_LAL,D'Angelo Russell,2022-23,2022-23,2022,2021-22,MIN,LAL,FALSE,new_team,team_change,3,25,65,NA,NA,FALSE,FALSE,NA,NA
daniel_gafford_2022_WAS,Daniel Gafford,2022-23,2022-23,2022,2021-22,WAS,WAS,TRUE,re_signed_standard,roster_continuity,3,23,74,NA,NA,FALSE,FALSE,NA,NA
daniel_theis_2022_IND,Daniel Theis,2022-23,2022-23,2022,2021-22,BOS,IND,FALSE,new_team,team_change,3,29,75,NA,NA,FALSE,FALSE,NA,NA
danny_green_2022_CLE,Danny Green,2022-23,2022-23,2022,2021-22,PHI,CLE,FALSE,new_team,team_change,3,34,65,NA,NA,FALSE,FALSE,NA,NA
danuel_house_2022_PHI,Danuel House Jr.,2022-23,2022-23,2022,2021-22,UTA,PHI,FALSE,new_team,team_change,3,28,49,NA,NA,FALSE,FALSE,NA,NA
darius_bazley_2022_PHX,Darius Bazley,2022-23,2022-23,2022,2021-22,OKC,PHX,FALSE,new_team,team_change,3,21,69,NA,NA,FALSE,FALSE,NA,NA
darius_garland_2022_CLE,Darius Garland,2022-23,2022-23,2022,2021-22,CLE,CLE,TRUE,re_signed_standard,roster_continuity,3,22,68,NA,NA,FALSE,FALSE,NA,NA
davion_mitchell_2022_SAC,Davion Mitchell,2022-23,2022-23,2022,2021-22,SAC,SAC,TRUE,re_signed_standard,roster_continuity,3,23,75,NA,NA,FALSE,FALSE,NA,NA
davis_bertans_2022_DAL,Davis Bertans,2022-23,2022-23,2022,2021-22,DAL,DAL,TRUE,re_signed_standard,roster_continuity,3,29,61,NA,NA,FALSE,FALSE,NA,NA
davon_reed_2022_LAL,Davon Reed,2022-23,2022-23,2022,2021-22,DEN,LAL,FALSE,new_team,team_change,3,26,59,NA,NA,FALSE,FALSE,NA,NA
dayron_sharpe_2022_BKN,Day'Ron Sharpe,2022-23,2022-23,2022,2021-22,BKN,BKN,TRUE,re_signed_standard,roster_continuity,3,20,57,NA,NA,FALSE,FALSE,NA,NA
deaaron_fox_2022_SAC,De'Aaron Fox,2022-23,2022-23,2022,2021-22,SAC,SAC,TRUE,re_signed_standard,roster_continuity,3,24,64,NA,NA,FALSE,FALSE,NA,NA
dean_wade_2022_CLE,Dean Wade,2022-23,2022-23,2022,2021-22,CLE,CLE,TRUE,re_signed_standard,roster_continuity,3,25,60,NA,NA,FALSE,FALSE,NA,NA
deandre_ayton_2022_PHX,Deandre Ayton,2022-23,2022-23,2022,2021-22,PHX,PHX,TRUE,re_signed_standard,roster_continuity,3,23,74,NA,NA,FALSE,FALSE,NA,NA
deandre_hunter_2022_ATL,De'Andre Hunter,2022-23,2022-23,2022,2021-22,ATL,ATL,TRUE,re_signed_standard,roster_continuity,3,24,55,NA,NA,FALSE,FALSE,NA,NA
deandre_jordan_2022_DEN,DeAndre Jordan,2022-23,2022-23,2022,2021-22,PHI,DEN,FALSE,new_team,team_change,3,33,80,NA,NA,FALSE,FALSE,NA,NA
deanthony_melton_2022_PHI,De'Anthony Melton,2022-23,2022-23,2022,2021-22,MEM,PHI,FALSE,new_team,team_change,3,23,73,NA,NA,FALSE,FALSE,NA,NA
dejounte_murray_2022_ATL,Dejounte Murray,2022-23,2022-23,2022,2021-22,SAS,ATL,FALSE,new_team,team_change,3,25,69,NA,NA,FALSE,FALSE,NA,NA
delon_wright_2022_WAS,Delon Wright,2022-23,2022-23,2022,2021-22,ATL,WAS,FALSE,new_team,team_change,3,29,79,NA,NA,FALSE,FALSE,NA,NA
demar_derozan_2022_CHI,DeMar DeRozan,2022-23,2022-23,2022,2021-22,CHI,CHI,TRUE,re_signed_standard,roster_continuity,3,32,76,NA,NA,FALSE,FALSE,NA,NA
deni_avdija_2022_WAS,Deni Avdija,2022-23,2022-23,2022,2021-22,WAS,WAS,TRUE,re_signed_standard,roster_continuity,3,21,82,NA,NA,FALSE,FALSE,NA,NA
dennis_schroder_2022_LAL,Dennis Schroder,2022-23,2022-23,2022,2021-22,HOU,LAL,FALSE,new_team,team_change,3,28,65,NA,NA,FALSE,FALSE,NA,NA
dennis_smith_2022_CHA,Dennis Smith Jr.,2022-23,2022-23,2022,2021-22,POR,CHA,FALSE,new_team,team_change,3,24,53,NA,NA,FALSE,FALSE,NA,NA
derrick_favors_2022_ATL,Derrick Favors,2022-23,2022-23,2022,2021-22,OKC,ATL,FALSE,new_team,team_change,3,30,65,NA,NA,FALSE,FALSE,NA,NA
derrick_jones_2022_CHI,Derrick Jones Jr.,2022-23,2022-23,2022,2021-22,CHI,CHI,TRUE,re_signed_standard,roster_continuity,3,24,61,NA,NA,FALSE,FALSE,NA,NA
derrick_white_2022_BOS,Derrick White,2022-23,2022-23,2022,2021-22,BOS,BOS,TRUE,re_signed_standard,roster_continuity,3,27,75,NA,NA,FALSE,FALSE,NA,NA
desmond_bane_2022_MEM,Desmond Bane,2022-23,2022-23,2022,2021-22,MEM,MEM,TRUE,re_signed_standard,roster_continuity,3,23,78,NA,NA,FALSE,FALSE,NA,NA
devin_booker_2022_PHX,Devin Booker,2022-23,2022-23,2022,2021-22,PHX,PHX,TRUE,re_signed_supermax,supermax,3,25,78,NA,NA,TRUE,TRUE,NA,NA
devin_vassell_2022_SAS,Devin Vassell,2022-23,2022-23,2022,2021-22,SAS,SAS,TRUE,re_signed_standard,roster_continuity,3,21,72,NA,NA,FALSE,FALSE,NA,NA
devonte_graham_2022_SAS,Devonte' Graham,2022-23,2022-23,2022,2021-22,NOP,SAS,FALSE,new_team,team_change,3,26,78,NA,NA,FALSE,FALSE,NA,NA
dewayne_dedmon_2022_PHI,Dewayne Dedmon,2022-23,2022-23,2022,2021-22,MIA,PHI,FALSE,new_team,team_change,3,32,69,NA,NA,FALSE,FALSE,NA,NA
dj_augustin_2022_HOU,D.J. Augustin,2022-23,2022-23,2022,2021-22,LAL,HOU,FALSE,new_team,team_change,3,34,69,NA,NA,FALSE,FALSE,NA,NA
domantas_sabonis_2022_SAC,Domantas Sabonis,2022-23,2022-23,2022,2021-22,SAC,SAC,TRUE,re_signed_standard,roster_continuity,3,25,63,NA,NA,FALSE,FALSE,NA,NA
donovan_mitchell_2022_CLE,Donovan Mitchell,2022-23,2022-23,2022,2021-22,UTA,CLE,FALSE,new_team,team_change,3,25,67,NA,NA,FALSE,FALSE,NA,NA
donte_divincenzo_2022_GSW,Donte DiVincenzo,2022-23,2022-23,2022,2021-22,SAC,GSW,FALSE,new_team,team_change,3,25,42,NA,NA,FALSE,FALSE,NA,NA
dorian_finney-smith_2022_BKN,Dorian Finney-Smith,2022-23,2022-23,2022,2021-22,DAL,BKN,FALSE,new_team,team_change,3,28,81,NA,NA,FALSE,FALSE,NA,NA
doug_mcdermott_2022_SAS,Doug McDermott,2022-23,2022-23,2022,2021-22,SAS,SAS,TRUE,re_signed_standard,roster_continuity,3,30,51,NA,NA,FALSE,FALSE,NA,NA
draymond_green_2022_GSW,Draymond Green,2022-23,2022-23,2022,2021-22,GSW,GSW,TRUE,re_signed_standard,roster_continuity,3,31,46,NA,NA,FALSE,FALSE,NA,NA
drew_eubanks_2022_POR,Drew Eubanks,2022-23,2022-23,2022,2021-22,POR,POR,TRUE,re_signed_standard,roster_continuity,3,24,77,NA,NA,FALSE,FALSE,NA,NA
duane_washington_2022_PHX,Duane Washington Jr.,2022-23,2022-23,2022,2021-22,IND,PHX,FALSE,new_team,team_change,3,21,64,NA,NA,FALSE,FALSE,NA,NA
duncan_robinson_2022_MIA,Duncan Robinson,2022-23,2022-23,2022,2021-22,MIA,MIA,TRUE,re_signed_standard,roster_continuity,3,27,79,NA,NA,FALSE,FALSE,NA,NA
dwight_powell_2022_DAL,Dwight Powell,2022-23,2022-23,2022,2021-22,DAL,DAL,TRUE,re_signed_standard,roster_continuity,3,30,82,NA,NA,FALSE,FALSE,NA,NA
dylan_windler_2022_CLE,Dylan Windler,2022-23,2022-23,2022,2021-22,CLE,CLE,TRUE,re_signed_standard,roster_continuity,3,25,65,NA,NA,FALSE,FALSE,NA,NA
eric_gordon_2022_LAC,Eric Gordon,2022-23,2022-23,2022,2021-22,HOU,LAC,FALSE,new_team,team_change,3,33,63,NA,NA,FALSE,FALSE,NA,NA
evan_fournier_2022_NYK,Evan Fournier,2022-23,2022-23,2022,2021-22,NYK,NYK,TRUE,re_signed_standard,roster_continuity,3,29,81,NA,NA,FALSE,FALSE,NA,NA
evan_mobley_2022_CLE,Evan Mobley,2022-23,2022-23,2022,2021-22,CLE,CLE,TRUE,re_signed_standard,roster_continuity,3,20,69,NA,NA,FALSE,FALSE,NA,NA
facundo_campazzo_2022_DAL,Facundo Campazzo,2022-23,2022-23,2022,2021-22,DEN,DAL,FALSE,new_team,team_change,3,30,81,NA,NA,FALSE,FALSE,NA,NA
frank_jackson_2022_UTA,Frank Jackson,2022-23,2022-23,2022,2021-22,DET,UTA,FALSE,new_team,team_change,3,23,63,NA,NA,FALSE,FALSE,NA,NA
frank_ntilikina_2022_DAL,Frank Ntilikina,2022-23,2022-23,2022,2021-22,DAL,DAL,TRUE,re_signed_standard,roster_continuity,3,23,73,NA,NA,FALSE,FALSE,NA,NA
franz_wagner_2022_ORL,Franz Wagner,2022-23,2022-23,2022,2021-22,ORL,ORL,TRUE,re_signed_standard,roster_continuity,3,20,79,NA,NA,FALSE,FALSE,NA,NA
fred_vanvleet_2022_TOR,Fred VanVleet,2022-23,2022-23,2022,2021-22,TOR,TOR,TRUE,re_signed_standard,roster_continuity,3,27,67,NA,NA,FALSE,FALSE,NA,NA
furkan_korkmaz_2022_PHI,Furkan Korkmaz,2022-23,2022-23,2022,2021-22,PHI,PHI,TRUE,re_signed_standard,roster_continuity,3,24,76,NA,NA,FALSE,FALSE,NA,NA
gabe_vincent_2022_MIA,Gabe Vincent,2022-23,2022-23,2022,2021-22,MIA,MIA,TRUE,re_signed_standard,roster_continuity,3,25,72,NA,NA,FALSE,FALSE,NA,NA
garrett_temple_2022_NOP,Garrett Temple,2022-23,2022-23,2022,2021-22,NOP,NOP,TRUE,re_signed_standard,roster_continuity,3,35,78,NA,NA,FALSE,FALSE,NA,NA
garrison_mathews_2022_ATL,Garrison Mathews,2022-23,2022-23,2022,2021-22,HOU,ATL,FALSE,new_team,team_change,3,25,65,NA,NA,FALSE,FALSE,NA,NA
gary_harris_2022_ORL,Gary Harris,2022-23,2022-23,2022,2021-22,ORL,ORL,TRUE,re_signed_standard,roster_continuity,3,27,79,NA,NA,FALSE,FALSE,NA,NA
gary_payton_2022_GSW,Gary Payton II,2022-23,2022-23,2022,2021-22,GSW,GSW,TRUE,re_signed_standard,roster_continuity,3,29,73,NA,NA,FALSE,FALSE,NA,NA
gary_trent_2022_TOR,Gary Trent Jr.,2022-23,2022-23,2022,2021-22,TOR,TOR,TRUE,re_signed_standard,roster_continuity,3,23,71,NA,NA,FALSE,FALSE,NA,NA
george_hill_2022_IND,George Hill,2022-23,2022-23,2022,2021-22,MIL,IND,FALSE,new_team,team_change,3,35,55,NA,NA,FALSE,FALSE,NA,NA
georges_niang_2022_PHI,Georges Niang,2022-23,2022-23,2022,2021-22,PHI,PHI,TRUE,re_signed_standard,roster_continuity,3,28,77,NA,NA,FALSE,FALSE,NA,NA
giannis_antetokounmpo_2022_MIL,Giannis Antetokounmpo,2022-23,2022-23,2022,2021-22,MIL,MIL,TRUE,re_signed_standard,roster_continuity,3,27,68,NA,NA,FALSE,FALSE,NA,NA
goga_bitadze_2022_ORL,Goga Bitadze,2022-23,2022-23,2022,2021-22,IND,ORL,FALSE,new_team,team_change,3,22,70,NA,NA,FALSE,FALSE,NA,NA
gordon_hayward_2022_CHA,Gordon Hayward,2022-23,2022-23,2022,2021-22,CHA,CHA,TRUE,re_signed_standard,roster_continuity,3,31,50,NA,NA,FALSE,FALSE,NA,NA
gorgui_dieng_2022_SAS,Gorgui Dieng,2022-23,2022-23,2022,2021-22,ATL,SAS,FALSE,new_team,team_change,3,32,75,NA,NA,FALSE,FALSE,NA,NA
grant_williams_2022_BOS,Grant Williams,2022-23,2022-23,2022,2021-22,BOS,BOS,TRUE,re_signed_standard,roster_continuity,3,23,77,NA,NA,FALSE,FALSE,NA,NA
grayson_allen_2022_MIL,Grayson Allen,2022-23,2022-23,2022,2021-22,MIL,MIL,TRUE,re_signed_standard,roster_continuity,3,26,70,NA,NA,FALSE,FALSE,NA,NA
greg_brown_2022_POR,Greg Brown III,2022-23,2022-23,2022,2021-22,POR,POR,TRUE,re_signed_standard,roster_continuity,3,20,80,NA,NA,FALSE,FALSE,NA,NA
hamidou_diallo_2022_DET,Hamidou Diallo,2022-23,2022-23,2022,2021-22,DET,DET,TRUE,re_signed_standard,roster_continuity,3,23,69,NA,NA,FALSE,FALSE,NA,NA
harrison_barnes_2022_SAC,Harrison Barnes,2022-23,2022-23,2022,2021-22,SAC,SAC,TRUE,re_signed_standard,roster_continuity,3,29,77,NA,NA,FALSE,FALSE,NA,NA
herbert_jones_2022_NOP,Herbert Jones,2022-23,2022-23,2022,2021-22,NOP,NOP,TRUE,re_signed_standard,roster_continuity,3,23,80,NA,NA,FALSE,FALSE,NA,NA
immanuel_quickley_2022_NYK,Immanuel Quickley,2022-23,2022-23,2022,2021-22,NYK,NYK,TRUE,re_signed_standard,roster_continuity,3,22,78,NA,NA,FALSE,FALSE,NA,NA
isaac_okoro_2022_CLE,Isaac Okoro,2022-23,2022-23,2022,2021-22,CLE,CLE,TRUE,re_signed_standard,roster_continuity,3,21,67,NA,NA,FALSE,FALSE,NA,NA
isaiah_hartenstein_2022_NYK,Isaiah Hartenstein,2022-23,2022-23,2022,2021-22,LAC,NYK,FALSE,new_team,team_change,3,23,70,NA,NA,FALSE,FALSE,NA,NA
isaiah_jackson_2022_IND,Isaiah Jackson,2022-23,2022-23,2022,2021-22,IND,IND,TRUE,re_signed_standard,roster_continuity,3,20,53,NA,NA,FALSE,FALSE,NA,NA
isaiah_joe_2022_OKC,Isaiah Joe,2022-23,2022-23,2022,2021-22,PHI,OKC,FALSE,new_team,team_change,3,22,77,NA,NA,FALSE,FALSE,NA,NA
isaiah_roby_2022_SAS,Isaiah Roby,2022-23,2022-23,2022,2021-22,OKC,SAS,FALSE,new_team,team_change,3,23,67,NA,NA,FALSE,FALSE,NA,NA
isaiah_stewart_2022_DET,Isaiah Stewart,2022-23,2022-23,2022,2021-22,DET,DET,TRUE,re_signed_standard,roster_continuity,3,20,73,NA,NA,FALSE,FALSE,NA,NA
ish_smith_2022_DEN,Ish Smith,2022-23,2022-23,2022,2021-22,WAS,DEN,FALSE,new_team,team_change,3,33,79,NA,NA,FALSE,FALSE,NA,NA
ish_wainright_2022_PHX,Ish Wainright,2022-23,2022-23,2022,2021-22,PHX,PHX,TRUE,re_signed_standard,roster_continuity,3,27,73,NA,NA,FALSE,FALSE,NA,NA
ivica_zubac_2022_LAC,Ivica Zubac,2022-23,2022-23,2022,2021-22,LAC,LAC,TRUE,re_signed_standard,roster_continuity,3,24,76,NA,NA,FALSE,FALSE,NA,NA
ja_morant_2022_MEM,Ja Morant,2022-23,2022-23,2022,2021-22,MEM,MEM,TRUE,re_signed_standard,roster_continuity,3,22,57,NA,NA,FALSE,FALSE,NA,NA
jaden_mcdaniels_2022_MIN,Jaden McDaniels,2022-23,2022-23,2022,2021-22,MIN,MIN,TRUE,re_signed_standard,roster_continuity,3,21,70,NA,NA,FALSE,FALSE,NA,NA
jae_crowder_2022_MIL,Jae Crowder,2022-23,2022-23,2022,2021-22,PHX,MIL,FALSE,new_team,team_change,3,31,76,NA,NA,FALSE,FALSE,NA,NA
jaesean_tate_2022_HOU,Jae'Sean Tate,2022-23,2022-23,2022,2021-22,HOU,HOU,TRUE,re_signed_standard,roster_continuity,3,26,78,NA,NA,FALSE,FALSE,NA,NA
jakob_poeltl_2022_TOR,Jakob Poeltl,2022-23,2022-23,2022,2021-22,SAS,TOR,FALSE,new_team,team_change,3,26,69,NA,NA,FALSE,FALSE,NA,NA
jalen_brunson_2022_NYK,Jalen Brunson,2022-23,2022-23,2022,2021-22,DAL,NYK,FALSE,new_team,team_change,3,25,79,NA,NA,FALSE,FALSE,NA,NA
jalen_green_2022_HOU,Jalen Green,2022-23,2022-23,2022,2021-22,HOU,HOU,TRUE,re_signed_standard,roster_continuity,3,19,68,NA,NA,FALSE,FALSE,NA,NA
jalen_johnson_2022_ATL,Jalen Johnson,2022-23,2022-23,2022,2021-22,ATL,ATL,TRUE,re_signed_standard,roster_continuity,3,20,48,NA,NA,FALSE,FALSE,NA,NA
jalen_mcdaniels_2022_PHI,Jalen McDaniels,2022-23,2022-23,2022,2021-22,CHA,PHI,FALSE,new_team,team_change,3,24,63,NA,NA,FALSE,FALSE,NA,NA
jalen_smith_2022_IND,Jalen Smith,2022-23,2022-23,2022,2021-22,IND,IND,TRUE,re_signed_standard,roster_continuity,3,21,78,NA,NA,FALSE,FALSE,NA,NA
jalen_suggs_2022_ORL,Jalen Suggs,2022-23,2022-23,2022,2021-22,ORL,ORL,TRUE,re_signed_standard,roster_continuity,3,20,48,NA,NA,FALSE,FALSE,NA,NA
james_bouknight_2022_CHA,James Bouknight,2022-23,2022-23,2022,2021-22,CHA,CHA,TRUE,re_signed_standard,roster_continuity,3,21,59,NA,NA,FALSE,FALSE,NA,NA
james_harden_2022_PHI,James Harden,2022-23,2022-23,2022,2021-22,PHI,PHI,TRUE,re_signed_standard,roster_continuity,3,32,70,NA,NA,FALSE,FALSE,NA,NA
james_johnson_2022_IND,James Johnson,2022-23,2022-23,2022,2021-22,BKN,IND,FALSE,new_team,team_change,3,34,73,NA,NA,FALSE,FALSE,NA,NA
jamychal_green_2022_GSW,JaMychal Green,2022-23,2022-23,2022,2021-22,DEN,GSW,FALSE,new_team,team_change,3,31,71,NA,NA,FALSE,FALSE,NA,NA
jared_butler_2022_OKC,Jared Butler,2022-23,2022-23,2022,2021-22,UTA,OKC,FALSE,new_team,team_change,3,21,70,NA,NA,FALSE,FALSE,NA,NA
jaren_jackson_2022_MEM,Jaren Jackson Jr.,2022-23,2022-23,2022,2021-22,MEM,MEM,TRUE,re_signed_standard,roster_continuity,3,22,78,NA,NA,FALSE,FALSE,NA,NA
jarred_vanderbilt_2022_LAL,Jarred Vanderbilt,2022-23,2022-23,2022,2021-22,MIN,LAL,FALSE,new_team,team_change,3,22,75,NA,NA,FALSE,FALSE,NA,NA
jarrett_allen_2022_CLE,Jarrett Allen,2022-23,2022-23,2022,2021-22,CLE,CLE,TRUE,re_signed_standard,roster_continuity,3,23,57,NA,NA,FALSE,FALSE,NA,NA
jarrett_culver_2022_ATL,Jarrett Culver,2022-23,2022-23,2022,2021-22,MEM,ATL,FALSE,new_team,team_change,3,22,74,NA,NA,FALSE,FALSE,NA,NA
javale_mcgee_2022_DAL,JaVale McGee,2022-23,2022-23,2022,2021-22,PHX,DAL,FALSE,new_team,team_change,3,34,74,NA,NA,FALSE,FALSE,NA,NA
javonte_green_2022_CHI,Javonte Green,2022-23,2022-23,2022,2021-22,CHI,CHI,TRUE,re_signed_standard,roster_continuity,3,28,65,NA,NA,FALSE,FALSE,NA,NA
jaxson_hayes_2022_NOP,Jaxson Hayes,2022-23,2022-23,2022,2021-22,NOP,NOP,TRUE,re_signed_standard,roster_continuity,3,21,82,NA,NA,FALSE,FALSE,NA,NA
jaylen_brown_2022_BOS,Jaylen Brown,2022-23,2022-23,2022,2021-22,BOS,BOS,TRUE,re_signed_standard,roster_continuity,3,25,66,NA,NA,FALSE,FALSE,NA,NA
jaylen_nowell_2022_MIN,Jaylen Nowell,2022-23,2022-23,2022,2021-22,MIN,MIN,TRUE,re_signed_standard,roster_continuity,3,22,80,NA,NA,FALSE,FALSE,NA,NA
jayson_tatum_2022_BOS,Jayson Tatum,2022-23,2022-23,2022,2021-22,BOS,BOS,TRUE,re_signed_standard,roster_continuity,3,23,76,NA,NA,FALSE,FALSE,NA,NA
jeff_green_2022_DEN,Jeff Green,2022-23,2022-23,2022,2021-22,DEN,DEN,TRUE,re_signed_standard,roster_continuity,3,35,75,NA,NA,FALSE,FALSE,NA,NA
jerami_grant_2022_POR,Jerami Grant,2022-23,2022-23,2022,2021-22,DET,POR,FALSE,new_team,team_change,3,27,50,NA,NA,FALSE,FALSE,NA,NA
jeremiah_robinson-earl_2022_OKC,Jeremiah Robinson-Earl,2022-23,2022-23,2022,2021-22,OKC,OKC,TRUE,re_signed_standard,roster_continuity,3,21,54,NA,NA,FALSE,FALSE,NA,NA
jericho_sims_2022_NYK,Jericho Sims,2022-23,2022-23,2022,2021-22,NYK,NYK,TRUE,re_signed_standard,roster_continuity,3,23,70,NA,NA,FALSE,FALSE,NA,NA
jevon_carter_2022_MIL,Jevon Carter,2022-23,2022-23,2022,2021-22,MIL,MIL,TRUE,re_signed_standard,roster_continuity,3,26,80,NA,NA,FALSE,FALSE,NA,NA
jimmy_butler_2022_MIA,Jimmy Butler III,2022-23,2022-23,2022,2021-22,MIA,MIA,TRUE,re_signed_standard,roster_continuity,3,32,57,NA,NA,FALSE,FALSE,NA,NA
jock_landale_2022_PHX,Jock Landale,2022-23,2022-23,2022,2021-22,SAS,PHX,FALSE,new_team,team_change,3,26,69,NA,NA,FALSE,FALSE,NA,NA
joe_ingles_2022_MIL,Joe Ingles,2022-23,2022-23,2022,2021-22,UTA,MIL,FALSE,new_team,team_change,3,34,46,NA,NA,FALSE,FALSE,NA,NA
joe_wieskamp_2022_TOR,Joe Wieskamp,2022-23,2022-23,2022,2021-22,SAS,TOR,FALSE,new_team,team_change,3,22,50,NA,NA,FALSE,FALSE,NA,NA
joel_embiid_2022_PHI,Joel Embiid,2022-23,2022-23,2022,2021-22,PHI,PHI,TRUE,re_signed_standard,roster_continuity,3,27,70,NA,NA,FALSE,FALSE,NA,NA
john_collins_2022_ATL,John Collins,2022-23,2022-23,2022,2021-22,ATL,ATL,TRUE,re_signed_standard,roster_continuity,3,24,54,NA,NA,FALSE,FALSE,NA,NA
john_konchar_2022_MEM,John Konchar,2022-23,2022-23,2022,2021-22,MEM,MEM,TRUE,re_signed_standard,roster_continuity,3,25,75,NA,NA,FALSE,FALSE,NA,NA
jonas_valanciunas_2022_NOP,Jonas Valanciunas,2022-23,2022-23,2022,2021-22,NOP,NOP,TRUE,re_signed_standard,roster_continuity,3,29,75,NA,NA,FALSE,FALSE,NA,NA
jonathan_kuminga_2022_GSW,Jonathan Kuminga,2022-23,2022-23,2022,2021-22,GSW,GSW,TRUE,re_signed_standard,roster_continuity,3,19,72,NA,NA,FALSE,FALSE,NA,NA
jordan_clarkson_2022_UTA,Jordan Clarkson,2022-23,2022-23,2022,2021-22,UTA,UTA,TRUE,re_signed_standard,roster_continuity,3,29,81,NA,NA,FALSE,FALSE,NA,NA
jordan_mclaughlin_2022_MIN,Jordan McLaughlin,2022-23,2022-23,2022,2021-22,MIN,MIN,TRUE,re_signed_standard,roster_continuity,3,25,78,NA,NA,FALSE,FALSE,NA,NA
jordan_nwora_2022_IND,Jordan Nwora,2022-23,2022-23,2022,2021-22,MIL,IND,FALSE,new_team,team_change,3,23,81,NA,NA,FALSE,FALSE,NA,NA
jordan_poole_2022_GSW,Jordan Poole,2022-23,2022-23,2022,2021-22,GSW,GSW,TRUE,re_signed_standard,roster_continuity,3,22,76,NA,NA,FALSE,FALSE,NA,NA
jose_alvarado_2022_NOP,Jose Alvarado,2022-23,2022-23,2022,2021-22,NOP,NOP,TRUE,re_signed_standard,roster_continuity,3,23,76,NA,NA,FALSE,FALSE,NA,NA
josh_christopher_2022_HOU,Josh Christopher,2022-23,2022-23,2022,2021-22,HOU,HOU,TRUE,re_signed_standard,roster_continuity,3,20,80,NA,NA,FALSE,FALSE,NA,NA
josh_giddey_2022_OKC,Josh Giddey,2022-23,2022-23,2022,2021-22,OKC,OKC,TRUE,re_signed_standard,roster_continuity,3,19,54,NA,NA,FALSE,FALSE,NA,NA
josh_green_2022_DAL,Josh Green,2022-23,2022-23,2022,2021-22,DAL,DAL,TRUE,re_signed_standard,roster_continuity,3,21,78,NA,NA,FALSE,FALSE,NA,NA
josh_hart_2022_NYK,Josh Hart,2022-23,2022-23,2022,2021-22,POR,NYK,FALSE,new_team,team_change,3,26,58,NA,NA,FALSE,FALSE,NA,NA
josh_okogie_2022_PHX,Josh Okogie,2022-23,2022-23,2022,2021-22,MIN,PHX,FALSE,new_team,team_change,3,23,71,NA,NA,FALSE,FALSE,NA,NA
josh_richardson_2022_NOP,Josh Richardson,2022-23,2022-23,2022,2021-22,SAS,NOP,FALSE,new_team,team_change,3,28,67,NA,NA,FALSE,FALSE,NA,NA
joshua_primo_2022_SAS,Joshua Primo,2022-23,2022-23,2022,2021-22,SAS,SAS,TRUE,re_signed_standard,roster_continuity,3,19,56,NA,NA,FALSE,FALSE,NA,NA
jrue_holiday_2022_MIL,Jrue Holiday,2022-23,2022-23,2022,2021-22,MIL,MIL,TRUE,re_signed_standard,roster_continuity,3,31,70,NA,NA,FALSE,FALSE,NA,NA
jt_thor_2022_CHA,JT Thor,2022-23,2022-23,2022,2021-22,CHA,CHA,TRUE,re_signed_standard,roster_continuity,3,19,59,NA,NA,FALSE,FALSE,NA,NA
juan_toscano-anderson_2022_UTA,Juan Toscano-Anderson,2022-23,2022-23,2022,2021-22,GSW,UTA,FALSE,new_team,team_change,3,28,81,NA,NA,FALSE,FALSE,NA,NA
juancho_hernangomez_2022_TOR,Juancho Hernangomez,2022-23,2022-23,2022,2021-22,UTA,TOR,FALSE,new_team,team_change,3,26,77,NA,NA,FALSE,FALSE,NA,NA
julius_randle_2022_NYK,Julius Randle,2022-23,2022-23,2022,2021-22,NYK,NYK,TRUE,re_signed_standard,roster_continuity,3,27,73,NA,NA,FALSE,FALSE,NA,NA
justin_champagnie_2022_BOS,Justin Champagnie,2022-23,2022-23,2022,2021-22,TOR,BOS,FALSE,new_team,team_change,3,20,61,NA,NA,FALSE,FALSE,NA,NA
justin_holiday_2022_DAL,Justin Holiday,2022-23,2022-23,2022,2021-22,SAC,DAL,FALSE,new_team,team_change,3,32,74,NA,NA,FALSE,FALSE,NA,NA
justise_winslow_2022_POR,Justise Winslow,2022-23,2022-23,2022,2021-22,POR,POR,TRUE,re_signed_standard,roster_continuity,3,25,72,NA,NA,FALSE,FALSE,NA,NA
jusuf_nurkic_2022_POR,Jusuf Nurkic,2022-23,2022-23,2022,2021-22,POR,POR,TRUE,re_signed_standard,roster_continuity,3,27,57,NA,NA,FALSE,FALSE,NA,NA
kai_jones_2022_CHA,Kai Jones,2022-23,2022-23,2022,2021-22,CHA,CHA,TRUE,re_signed_standard,roster_continuity,3,21,54,NA,NA,FALSE,FALSE,NA,NA
karl-anthony_towns_2022_MIN,Karl-Anthony Towns,2022-23,2022-23,2022,2021-22,MIN,MIN,TRUE,re_signed_supermax,supermax,3,26,75,NA,NA,TRUE,TRUE,NA,NA
keita_bates-diop_2022_SAS,Keita Bates-Diop,2022-23,2022-23,2022,2021-22,SAS,SAS,TRUE,re_signed_standard,roster_continuity,3,26,67,NA,NA,FALSE,FALSE,NA,NA
keldon_johnson_2022_SAS,Keldon Johnson,2022-23,2022-23,2022,2021-22,SAS,SAS,TRUE,re_signed_standard,roster_continuity,3,22,75,NA,NA,FALSE,FALSE,NA,NA
kelly_olynyk_2022_UTA,Kelly Olynyk,2022-23,2022-23,2022,2021-22,DET,UTA,FALSE,new_team,team_change,3,30,49,NA,NA,FALSE,FALSE,NA,NA
kelly_oubre_2022_CHA,Kelly Oubre Jr.,2022-23,2022-23,2022,2021-22,CHA,CHA,TRUE,re_signed_standard,roster_continuity,3,26,78,NA,NA,FALSE,FALSE,NA,NA
kemba_walker_2022_DAL,Kemba Walker,2022-23,2022-23,2022,2021-22,NYK,DAL,FALSE,new_team,team_change,3,31,47,NA,NA,FALSE,FALSE,NA,NA
kenrich_williams_2022_OKC,Kenrich Williams,2022-23,2022-23,2022,2021-22,OKC,OKC,TRUE,re_signed_standard,roster_continuity,3,27,63,NA,NA,FALSE,FALSE,NA,NA
kentavious_caldwell-pope_2022_DEN,Kentavious Caldwell-Pope,2022-23,2022-23,2022,2021-22,WAS,DEN,FALSE,new_team,team_change,3,28,77,NA,NA,FALSE,FALSE,NA,NA
keon_johnson_2022_POR,Keon Johnson,2022-23,2022-23,2022,2021-22,POR,POR,TRUE,re_signed_standard,roster_continuity,3,19,46,NA,NA,FALSE,FALSE,NA,NA
kessler_edwards_2022_SAC,Kessler Edwards,2022-23,2022-23,2022,2021-22,BKN,SAC,FALSE,new_team,team_change,3,21,59,NA,NA,FALSE,FALSE,NA,NA
kevin_durant_2022_PHX,Kevin Durant,2022-23,2022-23,2022,2021-22,BKN,PHX,FALSE,new_team,team_change,3,33,55,NA,NA,FALSE,FALSE,NA,NA
kevin_huerter_2022_SAC,Kevin Huerter,2022-23,2022-23,2022,2021-22,ATL,SAC,FALSE,new_team,team_change,3,23,75,NA,NA,FALSE,FALSE,NA,NA
kevin_knox_2022_POR,Kevin Knox II,2022-23,2022-23,2022,2021-22,ATL,POR,FALSE,new_team,team_change,3,22,78,NA,NA,FALSE,FALSE,NA,NA
kevin_love_2022_MIA,Kevin Love,2022-23,2022-23,2022,2021-22,CLE,MIA,FALSE,new_team,team_change,3,33,74,NA,NA,FALSE,FALSE,NA,NA
kevin_porter_2022_HOU,Kevin Porter Jr.,2022-23,2022-23,2022,2021-22,HOU,HOU,TRUE,re_signed_standard,roster_continuity,3,21,62,NA,NA,FALSE,FALSE,NA,NA
kevon_looney_2022_GSW,Kevon Looney,2022-23,2022-23,2022,2021-22,GSW,GSW,TRUE,re_signed_standard,roster_continuity,3,25,82,NA,NA,FALSE,FALSE,NA,NA
khem_birch_2022_TOR,Khem Birch,2022-23,2022-23,2022,2021-22,TOR,TOR,TRUE,re_signed_standard,roster_continuity,3,29,57,NA,NA,FALSE,FALSE,NA,NA
khris_middleton_2022_MIL,Khris Middleton,2022-23,2022-23,2022,2021-22,MIL,MIL,TRUE,re_signed_standard,roster_continuity,3,30,70,NA,NA,FALSE,FALSE,NA,NA
killian_hayes_2022_DET,Killian Hayes,2022-23,2022-23,2022,2021-22,DET,DET,TRUE,re_signed_standard,roster_continuity,3,20,69,NA,NA,FALSE,FALSE,NA,NA
kj_martin_2022_HOU,KJ Martin,2022-23,2022-23,2022,2021-22,HOU,HOU,TRUE,re_signed_standard,roster_continuity,3,21,80,NA,NA,FALSE,FALSE,NA,NA
kristaps_porzingis_2022_WAS,Kristaps Porzingis,2022-23,2022-23,2022,2021-22,WAS,WAS,TRUE,re_signed_standard,roster_continuity,3,26,53,NA,NA,FALSE,FALSE,NA,NA
kyle_anderson_2022_MIN,Kyle Anderson,2022-23,2022-23,2022,2021-22,MEM,MIN,FALSE,new_team,team_change,3,28,69,NA,NA,FALSE,FALSE,NA,NA
kyle_kuzma_2022_WAS,Kyle Kuzma,2022-23,2022-23,2022,2021-22,WAS,WAS,TRUE,re_signed_standard,roster_continuity,3,26,67,NA,NA,FALSE,FALSE,NA,NA
kyle_lowry_2022_MIA,Kyle Lowry,2022-23,2022-23,2022,2021-22,MIA,MIA,TRUE,re_signed_standard,roster_continuity,3,35,64,NA,NA,FALSE,FALSE,NA,NA
lamar_stevens_2022_CLE,Lamar Stevens,2022-23,2022-23,2022,2021-22,CLE,CLE,TRUE,re_signed_standard,roster_continuity,3,24,71,NA,NA,FALSE,FALSE,NA,NA
lamelo_ball_2022_CHA,LaMelo Ball,2022-23,2022-23,2022,2021-22,CHA,CHA,TRUE,re_signed_standard,roster_continuity,3,20,76,NA,NA,FALSE,FALSE,NA,NA
landry_shamet_2022_PHX,Landry Shamet,2022-23,2022-23,2022,2021-22,PHX,PHX,TRUE,re_signed_standard,roster_continuity,3,24,70,NA,NA,FALSE,FALSE,NA,NA
larry_nance_2022_NOP,Larry Nance Jr.,2022-23,2022-23,2022,2021-22,NOP,NOP,TRUE,re_signed_standard,roster_continuity,3,29,47,NA,NA,FALSE,FALSE,NA,NA
lauri_markkanen_2022_UTA,Lauri Markkanen,2022-23,2022-23,2022,2021-22,CLE,UTA,FALSE,new_team,team_change,3,24,61,NA,NA,FALSE,FALSE,NA,NA
leandro_bolmaro_2022_UTA,Leandro Bolmaro,2022-23,2022-23,2022,2021-22,MIN,UTA,FALSE,new_team,team_change,3,21,61,NA,NA,FALSE,FALSE,NA,NA
lebron_james_2022_LAL,LeBron James,2022-23,2022-23,2022,2021-22,LAL,LAL,TRUE,re_signed_standard,roster_continuity,3,37,60,NA,NA,FALSE,FALSE,NA,NA
lonnie_walker_2022_LAL,Lonnie Walker IV,2022-23,2022-23,2022,2021-22,SAS,LAL,FALSE,new_team,team_change,3,23,72,NA,NA,FALSE,FALSE,NA,NA
luguentz_dort_2022_OKC,Luguentz Dort,2022-23,2022-23,2022,2021-22,OKC,OKC,TRUE,re_signed_standard,roster_continuity,3,22,52,NA,NA,FALSE,FALSE,NA,NA
luka_doncic_2022_DAL,Luka Doncic,2022-23,2022-23,2022,2021-22,DAL,DAL,TRUE,re_signed_standard,roster_continuity,3,22,65,NA,NA,FALSE,FALSE,NA,NA
luka_garza_2022_MIN,Luka Garza,2022-23,2022-23,2022,2021-22,DET,MIN,FALSE,new_team,team_change,3,23,55,NA,NA,FALSE,FALSE,NA,NA
luke_kennard_2022_MEM,Luke Kennard,2022-23,2022-23,2022,2021-22,LAC,MEM,FALSE,new_team,team_change,3,25,71,NA,NA,FALSE,FALSE,NA,NA
malachi_flynn_2022_TOR,Malachi Flynn,2022-23,2022-23,2022,2021-22,TOR,TOR,TRUE,re_signed_standard,roster_continuity,3,23,67,NA,NA,FALSE,FALSE,NA,NA
malcolm_brogdon_2022_BOS,Malcolm Brogdon,2022-23,2022-23,2022,2021-22,IND,BOS,FALSE,new_team,team_change,3,29,46,NA,NA,FALSE,FALSE,NA,NA
malik_beasley_2022_LAL,Malik Beasley,2022-23,2022-23,2022,2021-22,MIN,LAL,FALSE,new_team,team_change,3,25,80,NA,NA,FALSE,FALSE,NA,NA
malik_monk_2022_SAC,Malik Monk,2022-23,2022-23,2022,2021-22,LAL,SAC,FALSE,new_team,team_change,3,23,77,NA,NA,FALSE,FALSE,NA,NA
marcus_morris_2022_LAC,Marcus Morris Sr.,2022-23,2022-23,2022,2021-22,LAC,LAC,TRUE,re_signed_standard,roster_continuity,3,32,58,NA,NA,FALSE,FALSE,NA,NA
marcus_smart_2022_BOS,Marcus Smart,2022-23,2022-23,2022,2021-22,BOS,BOS,TRUE,re_signed_standard,roster_continuity,3,27,71,NA,NA,FALSE,FALSE,NA,NA
marvin_bagley_2022_DET,Marvin Bagley III,2022-23,2022-23,2022,2021-22,DET,DET,TRUE,re_signed_standard,roster_continuity,3,22,62,NA,NA,FALSE,FALSE,NA,NA
mason_plumlee_2022_LAC,Mason Plumlee,2022-23,2022-23,2022,2021-22,CHA,LAC,FALSE,new_team,team_change,3,31,73,NA,NA,FALSE,FALSE,NA,NA
matisse_thybulle_2022_POR,Matisse Thybulle,2022-23,2022-23,2022,2021-22,PHI,POR,FALSE,new_team,team_change,3,24,67,NA,NA,FALSE,FALSE,NA,NA
max_strus_2022_MIA,Max Strus,2022-23,2022-23,2022,2021-22,MIA,MIA,TRUE,re_signed_standard,roster_continuity,3,25,73,NA,NA,FALSE,FALSE,NA,NA
maxi_kleber_2022_DAL,Maxi Kleber,2022-23,2022-23,2022,2021-22,DAL,DAL,TRUE,re_signed_standard,roster_continuity,3,30,62,NA,NA,FALSE,FALSE,NA,NA
mikal_bridges_2022_BKN,Mikal Bridges,2022-23,2022-23,2022,2021-22,PHX,BKN,FALSE,new_team,team_change,3,25,82,NA,NA,FALSE,FALSE,NA,NA
mike_conley_2022_MIN,Mike Conley,2022-23,2022-23,2022,2021-22,UTA,MIN,FALSE,new_team,team_change,3,34,72,NA,NA,FALSE,FALSE,NA,NA
mike_muscala_2022_BOS,Mike Muscala,2022-23,2022-23,2022,2021-22,OKC,BOS,FALSE,new_team,team_change,3,30,47,NA,NA,FALSE,FALSE,NA,NA
miles_mcbride_2022_NYK,Miles McBride,2022-23,2022-23,2022,2021-22,NYK,NYK,TRUE,re_signed_standard,roster_continuity,3,21,75,NA,NA,FALSE,FALSE,NA,NA
mitchell_robinson_2022_NYK,Mitchell Robinson,2022-23,2022-23,2022,2021-22,NYK,NYK,TRUE,re_signed_standard,roster_continuity,3,23,76,NA,NA,FALSE,FALSE,NA,NA
mo_bamba_2022_LAL,Mo Bamba,2022-23,2022-23,2022,2021-22,ORL,LAL,FALSE,new_team,team_change,3,23,72,NA,NA,FALSE,FALSE,NA,NA
monte_morris_2022_WAS,Monte Morris,2022-23,2022-23,2022,2021-22,DEN,WAS,FALSE,new_team,team_change,3,26,75,NA,NA,FALSE,FALSE,NA,NA
montrezl_harrell_2022_PHI,Montrezl Harrell,2022-23,2022-23,2022,2021-22,CHA,PHI,FALSE,new_team,team_change,3,28,72,NA,NA,FALSE,FALSE,NA,NA
moritz_wagner_2022_ORL,Moritz Wagner,2022-23,2022-23,2022,2021-22,ORL,ORL,TRUE,re_signed_standard,roster_continuity,3,24,66,NA,NA,FALSE,FALSE,NA,NA
moses_brown_2022_BKN,Moses Brown,2022-23,2022-23,2022,2021-22,CLE,BKN,FALSE,new_team,team_change,3,22,72,NA,NA,FALSE,FALSE,NA,NA
moses_moody_2022_GSW,Moses Moody,2022-23,2022-23,2022,2021-22,GSW,GSW,TRUE,re_signed_standard,roster_continuity,3,19,71,NA,NA,FALSE,FALSE,NA,NA
myles_turner_2022_IND,Myles Turner,2022-23,2022-23,2022,2021-22,IND,IND,TRUE,re_signed_standard,roster_continuity,3,25,42,NA,NA,FALSE,FALSE,NA,NA
naji_marshall_2022_NOP,Naji Marshall,2022-23,2022-23,2022,2021-22,NOP,NOP,TRUE,re_signed_standard,roster_continuity,3,24,79,NA,NA,FALSE,FALSE,NA,NA
nassir_little_2022_POR,Nassir Little,2022-23,2022-23,2022,2021-22,POR,POR,TRUE,re_signed_standard,roster_continuity,3,21,42,NA,NA,FALSE,FALSE,NA,NA
nathan_knight_2022_MIN,Nathan Knight,2022-23,2022-23,2022,2021-22,MIN,MIN,TRUE,re_signed_standard,roster_continuity,3,24,77,NA,NA,FALSE,FALSE,NA,NA
naz_reid_2022_MIN,Naz Reid,2022-23,2022-23,2022,2021-22,MIN,MIN,TRUE,re_signed_standard,roster_continuity,3,22,79,NA,NA,FALSE,FALSE,NA,NA
nic_claxton_2022_BKN,Nic Claxton,2022-23,2022-23,2022,2021-22,BKN,BKN,TRUE,re_signed_standard,roster_continuity,3,22,57,NA,NA,FALSE,FALSE,NA,NA
nick_richards_2022_CHA,Nick Richards,2022-23,2022-23,2022,2021-22,CHA,CHA,TRUE,re_signed_standard,roster_continuity,3,24,81,NA,NA,FALSE,FALSE,NA,NA
nickeil_alexander-walker_2022_MIN,Nickeil Alexander-Walker,2022-23,2022-23,2022,2021-22,UTA,MIN,FALSE,new_team,team_change,3,23,77,NA,NA,FALSE,FALSE,NA,NA
nicolas_batum_2022_LAC,Nicolas Batum,2022-23,2022-23,2022,2021-22,LAC,LAC,TRUE,re_signed_standard,roster_continuity,3,33,63,NA,NA,FALSE,FALSE,NA,NA
nikola_jokic_2022_DEN,Nikola Jokic,2022-23,2022-23,2022,2021-22,DEN,DEN,TRUE,re_signed_supermax,supermax,3,26,75,NA,NA,TRUE,TRUE,NA,NA
nikola_vucevic_2022_CHI,Nikola Vucevic,2022-23,2022-23,2022,2021-22,CHI,CHI,TRUE,re_signed_standard,roster_continuity,3,31,73,NA,NA,FALSE,FALSE,NA,NA
norman_powell_2022_LAC,Norman Powell,2022-23,2022-23,2022,2021-22,LAC,LAC,TRUE,re_signed_standard,roster_continuity,3,28,46,NA,NA,FALSE,FALSE,NA,NA
obi_toppin_2022_NYK,Obi Toppin,2022-23,2022-23,2022,2021-22,NYK,NYK,TRUE,re_signed_standard,roster_continuity,3,23,74,NA,NA,FALSE,FALSE,NA,NA
og_anunoby_2022_TOR,OG Anunoby,2022-23,2022-23,2022,2021-22,TOR,TOR,TRUE,re_signed_standard,roster_continuity,3,24,48,NA,NA,FALSE,FALSE,NA,NA
omer_yurtseven_2022_MIA,Omer Yurtseven,2022-23,2022-23,2022,2021-22,MIA,MIA,TRUE,re_signed_standard,roster_continuity,3,23,78,NA,NA,FALSE,FALSE,NA,NA
onyeka_okongwu_2022_ATL,Onyeka Okongwu,2022-23,2022-23,2022,2021-22,ATL,ATL,TRUE,re_signed_standard,roster_continuity,3,21,48,NA,NA,FALSE,FALSE,NA,NA
oshae_brissett_2022_IND,Oshae Brissett,2022-23,2022-23,2022,2021-22,IND,IND,TRUE,re_signed_standard,roster_continuity,3,23,82,NA,NA,FALSE,FALSE,NA,NA
otto_porter_2022_TOR,Otto Porter Jr.,2022-23,2022-23,2022,2021-22,GSW,TOR,FALSE,new_team,team_change,3,28,69,NA,NA,FALSE,FALSE,NA,NA
pascal_siakam_2022_TOR,Pascal Siakam,2022-23,2022-23,2022,2021-22,TOR,TOR,TRUE,re_signed_standard,roster_continuity,3,27,68,NA,NA,FALSE,FALSE,NA,NA
pat_connaughton_2022_MIL,Pat Connaughton,2022-23,2022-23,2022,2021-22,MIL,MIL,TRUE,re_signed_standard,roster_continuity,3,29,66,NA,NA,FALSE,FALSE,NA,NA
patrick_beverley_2022_CHI,Patrick Beverley,2022-23,2022-23,2022,2021-22,MIN,CHI,FALSE,new_team,team_change,3,33,60,NA,NA,FALSE,FALSE,NA,NA
patty_mills_2022_BKN,Patty Mills,2022-23,2022-23,2022,2021-22,BKN,BKN,TRUE,re_signed_standard,roster_continuity,3,33,81,NA,NA,FALSE,FALSE,NA,NA
paul_reed_2022_PHI,Paul Reed,2022-23,2022-23,2022,2021-22,PHI,PHI,TRUE,re_signed_standard,roster_continuity,3,22,62,NA,NA,FALSE,FALSE,NA,NA
payton_pritchard_2022_BOS,Payton Pritchard,2022-23,2022-23,2022,2021-22,BOS,BOS,TRUE,re_signed_standard,roster_continuity,3,24,78,NA,NA,FALSE,FALSE,NA,NA
pj_tucker_2022_PHI,P.J. Tucker,2022-23,2022-23,2022,2021-22,MIA,PHI,FALSE,new_team,team_change,3,36,75,NA,NA,FALSE,FALSE,NA,NA
pj_washington_2022_CHA,P.J. Washington,2022-23,2022-23,2022,2021-22,CHA,CHA,TRUE,re_signed_standard,roster_continuity,3,23,68,NA,NA,FALSE,FALSE,NA,NA
precious_achiuwa_2022_TOR,Precious Achiuwa,2022-23,2022-23,2022,2021-22,TOR,TOR,TRUE,re_signed_standard,roster_continuity,3,22,74,NA,NA,FALSE,FALSE,NA,NA
quentin_grimes_2022_NYK,Quentin Grimes,2022-23,2022-23,2022,2021-22,NYK,NYK,TRUE,re_signed_standard,roster_continuity,3,21,62,NA,NA,FALSE,FALSE,NA,NA
raul_neto_2022_CLE,Raul Neto,2022-23,2022-23,2022,2021-22,WAS,CLE,FALSE,new_team,team_change,3,29,76,NA,NA,FALSE,FALSE,NA,NA
reggie_bullock_2022_DAL,Reggie Bullock Jr.,2022-23,2022-23,2022,2021-22,DAL,DAL,TRUE,re_signed_standard,roster_continuity,3,30,68,NA,NA,FALSE,FALSE,NA,NA
reggie_jackson_2022_DEN,Reggie Jackson,2022-23,2022-23,2022,2021-22,LAC,DEN,FALSE,new_team,team_change,3,31,77,NA,NA,FALSE,FALSE,NA,NA
richaun_holmes_2022_SAC,Richaun Holmes,2022-23,2022-23,2022,2021-22,SAC,SAC,TRUE,re_signed_standard,roster_continuity,3,28,51,NA,NA,FALSE,FALSE,NA,NA
rj_barrett_2022_NYK,RJ Barrett,2022-23,2022-23,2022,2021-22,NYK,NYK,TRUE,re_signed_standard,roster_continuity,3,21,71,NA,NA,FALSE,FALSE,NA,NA
rj_hampton_2022_DET,R.J. Hampton,2022-23,2022-23,2022,2021-22,ORL,DET,FALSE,new_team,team_change,3,20,64,NA,NA,FALSE,FALSE,NA,NA
robert_covington_2022_LAC,Robert Covington,2022-23,2022-23,2022,2021-22,LAC,LAC,TRUE,re_signed_standard,roster_continuity,3,31,71,NA,NA,FALSE,FALSE,NA,NA
robert_williams_2022_BOS,Robert Williams III,2022-23,2022-23,2022,2021-22,BOS,BOS,TRUE,re_signed_standard,roster_continuity,3,24,62,NA,NA,FALSE,FALSE,NA,NA
robin_lopez_2022_CLE,Robin Lopez,2022-23,2022-23,2022,2021-22,ORL,CLE,FALSE,new_team,team_change,3,33,76,NA,NA,FALSE,FALSE,NA,NA
rodney_mcgruder_2022_DET,Rodney McGruder,2022-23,2022-23,2022,2021-22,DET,DET,TRUE,re_signed_standard,roster_continuity,3,30,74,NA,NA,FALSE,FALSE,NA,NA
romeo_langford_2022_SAS,Romeo Langford,2022-23,2022-23,2022,2021-22,SAS,SAS,TRUE,re_signed_standard,roster_continuity,3,22,60,NA,NA,FALSE,FALSE,NA,NA
royce_oneale_2022_BKN,Royce O'Neale,2022-23,2022-23,2022,2021-22,UTA,BKN,FALSE,new_team,team_change,3,28,79,NA,NA,FALSE,FALSE,NA,NA
rudy_gay_2022_UTA,Rudy Gay,2022-23,2022-23,2022,2021-22,UTA,UTA,TRUE,re_signed_standard,roster_continuity,3,35,59,NA,NA,FALSE,FALSE,NA,NA
rudy_gobert_2022_MIN,Rudy Gobert,2022-23,2022-23,2022,2021-22,UTA,MIN,FALSE,new_team,team_change,3,29,68,NA,NA,FALSE,FALSE,NA,NA
rui_hachimura_2022_LAL,Rui Hachimura,2022-23,2022-23,2022,2021-22,WAS,LAL,FALSE,new_team,team_change,3,23,45,NA,NA,FALSE,FALSE,NA,NA
russell_westbrook_2022_LAC,Russell Westbrook,2022-23,2022-23,2022,2021-22,LAL,LAC,FALSE,new_team,team_change,3,33,79,NA,NA,FALSE,FALSE,NA,NA
saben_lee_2022_PHX,Saben Lee,2022-23,2022-23,2022,2021-22,DET,PHX,FALSE,new_team,team_change,3,22,52,NA,NA,FALSE,FALSE,NA,NA
saddiq_bey_2022_ATL,Saddiq Bey,2022-23,2022-23,2022,2021-22,DET,ATL,FALSE,new_team,team_change,3,22,82,NA,NA,FALSE,FALSE,NA,NA
sam_hauser_2022_BOS,Sam Hauser,2022-23,2022-23,2022,2021-22,BOS,BOS,TRUE,re_signed_standard,roster_continuity,3,24,43,NA,NA,FALSE,FALSE,NA,NA
sandro_mamukelashvili_2022_SAS,Sandro Mamukelashvili,2022-23,2022-23,2022,2021-22,MIL,SAS,FALSE,new_team,team_change,3,22,59,NA,NA,FALSE,FALSE,NA,NA
santi_aldama_2022_MEM,Santi Aldama,2022-23,2022-23,2022,2021-22,MEM,MEM,TRUE,re_signed_standard,roster_continuity,3,21,59,NA,NA,FALSE,FALSE,NA,NA
scottie_barnes_2022_TOR,Scottie Barnes,2022-23,2022-23,2022,2021-22,TOR,TOR,TRUE,re_signed_standard,roster_continuity,3,20,76,NA,NA,FALSE,FALSE,NA,NA
serge_ibaka_2022_MIL,Serge Ibaka,2022-23,2022-23,2022,2021-22,MIL,MIL,TRUE,re_signed_standard,roster_continuity,3,32,63,NA,NA,FALSE,FALSE,NA,NA
seth_curry_2022_BKN,Seth Curry,2022-23,2022-23,2022,2021-22,BKN,BKN,TRUE,re_signed_standard,roster_continuity,3,31,76,NA,NA,FALSE,FALSE,NA,NA
shai_gilgeous-alexander_2022_OKC,Shai Gilgeous-Alexander,2022-23,2022-23,2022,2021-22,OKC,OKC,TRUE,re_signed_standard,roster_continuity,3,23,56,NA,NA,FALSE,FALSE,NA,NA
shake_milton_2022_PHI,Shake Milton,2022-23,2022-23,2022,2021-22,PHI,PHI,TRUE,re_signed_standard,roster_continuity,3,25,57,NA,NA,FALSE,FALSE,NA,NA
skylar_mays_2022_POR,Skylar Mays,2022-23,2022-23,2022,2021-22,ATL,POR,FALSE,new_team,team_change,3,24,67,NA,NA,FALSE,FALSE,NA,NA
spencer_dinwiddie_2022_BKN,Spencer Dinwiddie,2022-23,2022-23,2022,2021-22,DAL,BKN,FALSE,new_team,team_change,3,28,67,NA,NA,FALSE,FALSE,NA,NA
stanley_johnson_2022_SAS,Stanley Johnson,2022-23,2022-23,2022,2021-22,LAL,SAS,FALSE,new_team,team_change,3,25,48,NA,NA,FALSE,FALSE,NA,NA
stephen_curry_2022_GSW,Stephen Curry,2022-23,2022-23,2022,2021-22,GSW,GSW,TRUE,re_signed_standard,roster_continuity,3,33,64,NA,NA,FALSE,FALSE,NA,NA
sterling_brown_2022_LAL,Sterling Brown,2022-23,2022-23,2022,2021-22,DAL,LAL,FALSE,new_team,team_change,3,26,55,NA,NA,FALSE,FALSE,NA,NA
steven_adams_2022_MEM,Steven Adams,2022-23,2022-23,2022,2021-22,MEM,MEM,TRUE,re_signed_standard,roster_continuity,3,28,76,NA,NA,FALSE,FALSE,NA,NA
svi_mykhailiuk_2022_CHA,Svi Mykhailiuk,2022-23,2022-23,2022,2021-22,TOR,CHA,FALSE,new_team,team_change,3,24,80,NA,NA,FALSE,FALSE,NA,NA
taj_gibson_2022_WAS,Taj Gibson,2022-23,2022-23,2022,2021-22,NYK,WAS,FALSE,new_team,team_change,3,36,75,NA,NA,FALSE,FALSE,NA,NA
talen_horton-tucker_2022_UTA,Talen Horton-Tucker,2022-23,2022-23,2022,2021-22,LAL,UTA,FALSE,new_team,team_change,3,21,65,NA,NA,FALSE,FALSE,NA,NA
taurean_prince_2022_MIN,Taurean Prince,2022-23,2022-23,2022,2021-22,MIN,MIN,TRUE,re_signed_standard,roster_continuity,3,27,76,NA,NA,FALSE,FALSE,NA,NA
terance_mann_2022_LAC,Terance Mann,2022-23,2022-23,2022,2021-22,LAC,LAC,TRUE,re_signed_standard,roster_continuity,3,25,81,NA,NA,FALSE,FALSE,NA,NA
terence_davis_2022_SAC,Terence Davis,2022-23,2022-23,2022,2021-22,SAC,SAC,TRUE,re_signed_standard,roster_continuity,3,24,40,NA,NA,FALSE,FALSE,NA,NA
terrence_ross_2022_PHX,Terrence Ross,2022-23,2022-23,2022,2021-22,ORL,PHX,FALSE,new_team,team_change,3,30,76,NA,NA,FALSE,FALSE,NA,NA
terry_rozier_2022_CHA,Terry Rozier,2022-23,2022-23,2022,2021-22,CHA,CHA,TRUE,re_signed_standard,roster_continuity,3,27,75,NA,NA,FALSE,FALSE,NA,NA
terry_taylor_2022_CHI,Terry Taylor,2022-23,2022-23,2022,2021-22,IND,CHI,FALSE,new_team,team_change,3,22,45,NA,NA,FALSE,FALSE,NA,NA
thaddeus_young_2022_TOR,Thaddeus Young,2022-23,2022-23,2022,2021-22,TOR,TOR,TRUE,re_signed_standard,roster_continuity,3,33,79,NA,NA,FALSE,FALSE,NA,NA
thanasis_antetokounmpo_2022_MIL,Thanasis Antetokounmpo,2022-23,2022-23,2022,2021-22,MIL,MIL,TRUE,re_signed_standard,roster_continuity,3,29,80,NA,NA,FALSE,FALSE,NA,NA
theo_maledon_2022_CHA,Theo Maledon,2022-23,2022-23,2022,2021-22,OKC,CHA,FALSE,new_team,team_change,3,20,72,NA,NA,FALSE,FALSE,NA,NA
tim_hardaway_2022_DAL,Tim Hardaway Jr.,2022-23,2022-23,2022,2021-22,DAL,DAL,TRUE,re_signed_standard,roster_continuity,3,29,42,NA,NA,FALSE,FALSE,NA,NA
tobias_harris_2022_PHI,Tobias Harris,2022-23,2022-23,2022,2021-22,PHI,PHI,TRUE,re_signed_standard,roster_continuity,3,29,76,NA,NA,FALSE,FALSE,NA,NA
tony_bradley_2022_CHI,Tony Bradley,2022-23,2022-23,2022,2021-22,CHI,CHI,TRUE,re_signed_standard,roster_continuity,3,24,76,NA,NA,FALSE,FALSE,NA,NA
torrey_craig_2022_PHX,Torrey Craig,2022-23,2022-23,2022,2021-22,PHX,PHX,TRUE,re_signed_standard,roster_continuity,3,31,81,NA,NA,FALSE,FALSE,NA,NA
trae_young_2022_ATL,Trae Young,2022-23,2022-23,2022,2021-22,ATL,ATL,TRUE,re_signed_standard,roster_continuity,3,23,76,NA,NA,FALSE,FALSE,NA,NA
tre_jones_2022_SAS,Tre Jones,2022-23,2022-23,2022,2021-22,SAS,SAS,TRUE,re_signed_standard,roster_continuity,3,22,73,NA,NA,FALSE,FALSE,NA,NA
tre_mann_2022_OKC,Tre Mann,2022-23,2022-23,2022,2021-22,OKC,OKC,TRUE,re_signed_standard,roster_continuity,3,20,68,NA,NA,FALSE,FALSE,NA,NA
trendon_watford_2022_POR,Trendon Watford,2022-23,2022-23,2022,2021-22,POR,POR,TRUE,re_signed_standard,roster_continuity,3,21,54,NA,NA,FALSE,FALSE,NA,NA
trent_forrest_2022_ATL,Trent Forrest,2022-23,2022-23,2022,2021-22,UTA,ATL,FALSE,new_team,team_change,3,23,70,NA,NA,FALSE,FALSE,NA,NA
trey_lyles_2022_SAC,Trey Lyles,2022-23,2022-23,2022,2021-22,SAC,SAC,TRUE,re_signed_standard,roster_continuity,3,26,76,NA,NA,FALSE,FALSE,NA,NA
trey_murphy_2022_NOP,Trey Murphy III,2022-23,2022-23,2022,2021-22,NOP,NOP,TRUE,re_signed_standard,roster_continuity,3,21,76,NA,NA,FALSE,FALSE,NA,NA
troy_brown_2022_LAL,Troy Brown Jr.,2022-23,2022-23,2022,2021-22,CHI,LAL,FALSE,new_team,team_change,3,22,80,NA,NA,FALSE,FALSE,NA,NA
ty_jerome_2022_GSW,Ty Jerome,2022-23,2022-23,2022,2021-22,OKC,GSW,FALSE,new_team,team_change,3,24,59,NA,NA,FALSE,FALSE,NA,NA
tyler_herro_2022_MIA,Tyler Herro,2022-23,2022-23,2022,2021-22,MIA,MIA,TRUE,re_signed_standard,roster_continuity,3,22,71,NA,NA,FALSE,FALSE,NA,NA
tyrese_haliburton_2022_IND,Tyrese Haliburton,2022-23,2022-23,2022,2021-22,IND,IND,TRUE,re_signed_standard,roster_continuity,3,21,77,NA,NA,FALSE,FALSE,NA,NA
tyrese_maxey_2022_PHI,Tyrese Maxey,2022-23,2022-23,2022,2021-22,PHI,PHI,TRUE,re_signed_standard,roster_continuity,3,21,77,NA,NA,FALSE,FALSE,NA,NA
tyus_jones_2022_MEM,Tyus Jones,2022-23,2022-23,2022,2021-22,MEM,MEM,TRUE,re_signed_standard,roster_continuity,3,25,74,NA,NA,FALSE,FALSE,NA,NA
udonis_haslem_2022_MIA,Udonis Haslem,2022-23,2022-23,2022,2021-22,MIA,MIA,TRUE,re_signed_standard,roster_continuity,3,41,76,NA,NA,FALSE,FALSE,NA,NA
usman_garuba_2022_HOU,Usman Garuba,2022-23,2022-23,2022,2021-22,HOU,HOU,TRUE,re_signed_standard,roster_continuity,3,19,44,NA,NA,FALSE,FALSE,NA,NA
vit_krejci_2022_ATL,Vit Krejci,2022-23,2022-23,2022,2021-22,OKC,ATL,FALSE,new_team,team_change,3,21,41,NA,NA,FALSE,FALSE,NA,NA
wendell_carter_2022_ORL,Wendell Carter Jr.,2022-23,2022-23,2022,2021-22,ORL,ORL,TRUE,re_signed_standard,roster_continuity,3,22,66,NA,NA,FALSE,FALSE,NA,NA
wesley_matthews_2022_MIL,Wesley Matthews,2022-23,2022-23,2022,2021-22,MIL,MIL,TRUE,re_signed_standard,roster_continuity,3,35,52,NA,NA,FALSE,FALSE,NA,NA
will_barton_2022_TOR,Will Barton,2022-23,2022-23,2022,2021-22,DEN,TOR,FALSE,new_team,team_change,3,31,73,NA,NA,FALSE,FALSE,NA,NA
willy_hernangomez_2022_NOP,Willy Hernangomez,2022-23,2022-23,2022,2021-22,NOP,NOP,TRUE,re_signed_standard,roster_continuity,3,27,78,NA,NA,FALSE,FALSE,NA,NA
xavier_tillman_2022_MEM,Xavier Tillman,2022-23,2022-23,2022,2021-22,MEM,MEM,TRUE,re_signed_standard,roster_continuity,3,23,73,NA,NA,FALSE,FALSE,NA,NA
yuta_watanabe_2022_BKN,Yuta Watanabe,2022-23,2022-23,2022,2021-22,TOR,BKN,FALSE,new_team,team_change,3,27,56,NA,NA,FALSE,FALSE,NA,NA
zach_lavine_2022_CHI,Zach LaVine,2022-23,2022-23,2022,2021-22,CHI,CHI,TRUE,re_signed_standard,roster_continuity,3,26,67,NA,NA,FALSE,FALSE,NA,NA
zeke_nnaji_2022_DEN,Zeke Nnaji,2022-23,2022-23,2022,2021-22,DEN,DEN,TRUE,re_signed_standard,roster_continuity,3,21,53,NA,NA,FALSE,FALSE,NA,NA
ziaire_williams_2022_MEM,Ziaire Williams,2022-23,2022-23,2022,2021-22,MEM,MEM,TRUE,re_signed_standard,roster_continuity,3,20,64,NA,NA,FALSE,FALSE,NA,NA
aaron_gordon_2023_DEN,Aaron Gordon,2023-24,2023-24,2023,2022-23,DEN,DEN,TRUE,re_signed_standard,roster_continuity,3,27,68,NA,NA,FALSE,FALSE,NA,NA
aaron_holiday_2023_HOU,Aaron Holiday,2023-24,2023-24,2023,2022-23,ATL,HOU,FALSE,new_team,team_change,3,26,81,NA,NA,FALSE,FALSE,NA,NA
aaron_nesmith_2023_IND,Aaron Nesmith,2023-24,2023-24,2023,2022-23,IND,IND,TRUE,re_signed_standard,roster_continuity,3,23,77,NA,NA,FALSE,FALSE,NA,NA
aaron_wiggins_2023_OKC,Aaron Wiggins,2023-24,2023-24,2023,2022-23,OKC,OKC,TRUE,re_signed_standard,roster_continuity,3,24,82,NA,NA,FALSE,FALSE,NA,NA
admiral_schofield_2023_ORL,Admiral Schofield,2023-24,2023-24,2023,2022-23,ORL,ORL,TRUE,re_signed_standard,roster_continuity,3,25,67,NA,NA,FALSE,FALSE,NA,NA
aj_green_2023_MIL,AJ Green,2023-24,2023-24,2023,2022-23,MIL,MIL,TRUE,re_signed_standard,roster_continuity,3,23,50,NA,NA,FALSE,FALSE,NA,NA
aj_griffin_2023_ATL,AJ Griffin,2023-24,2023-24,2023,2022-23,ATL,ATL,TRUE,re_signed_standard,roster_continuity,3,19,82,NA,NA,FALSE,FALSE,NA,NA
al_horford_2023_BOS,Al Horford,2023-24,2023-24,2023,2022-23,BOS,BOS,TRUE,re_signed_standard,roster_continuity,3,36,66,NA,NA,FALSE,FALSE,NA,NA
alec_burks_2023_NYK,Alec Burks,2023-24,2023-24,2023,2022-23,DET,NYK,FALSE,new_team,team_change,3,31,51,NA,NA,FALSE,FALSE,NA,NA
alex_caruso_2023_CHI,Alex Caruso,2023-24,2023-24,2023,2022-23,CHI,CHI,TRUE,re_signed_standard,roster_continuity,3,28,67,NA,NA,FALSE,FALSE,NA,NA
alex_len_2023_SAC,Alex Len,2023-24,2023-24,2023,2022-23,SAC,SAC,TRUE,re_signed_standard,roster_continuity,3,29,77,NA,NA,FALSE,FALSE,NA,NA
alperen_sengun_2023_HOU,Alperen Sengun,2023-24,2023-24,2023,2022-23,HOU,HOU,TRUE,re_signed_standard,roster_continuity,3,20,76,NA,NA,FALSE,FALSE,NA,NA
amir_coffey_2023_LAC,Amir Coffey,2023-24,2023-24,2023,2022-23,LAC,LAC,TRUE,re_signed_standard,roster_continuity,3,25,82,NA,NA,FALSE,FALSE,NA,NA
andre_drummond_2023_CHI,Andre Drummond,2023-24,2023-24,2023,2022-23,CHI,CHI,TRUE,re_signed_standard,roster_continuity,3,29,76,NA,NA,FALSE,FALSE,NA,NA
andrew_nembhard_2023_IND,Andrew Nembhard,2023-24,2023-24,2023,2022-23,IND,IND,TRUE,re_signed_standard,roster_continuity,3,23,80,NA,NA,FALSE,FALSE,NA,NA
andrew_wiggins_2023_GSW,Andrew Wiggins,2023-24,2023-24,2023,2022-23,GSW,GSW,TRUE,re_signed_standard,roster_continuity,3,27,40,NA,NA,FALSE,FALSE,NA,NA
anfernee_simons_2023_POR,Anfernee Simons,2023-24,2023-24,2023,2022-23,POR,POR,TRUE,re_signed_standard,roster_continuity,3,23,62,NA,NA,FALSE,FALSE,NA,NA
anthony_davis_2023_LAL,Anthony Davis,2023-24,2023-24,2023,2022-23,LAL,LAL,TRUE,re_signed_standard,roster_continuity,3,29,57,NA,NA,FALSE,FALSE,NA,NA
anthony_edwards_2023_MIN,Anthony Edwards,2023-24,2023-24,2023,2022-23,MIN,MIN,TRUE,re_signed_standard,roster_continuity,3,21,80,NA,NA,FALSE,FALSE,NA,NA
anthony_gill_2023_WAS,Anthony Gill,2023-24,2023-24,2023,2022-23,WAS,WAS,TRUE,re_signed_standard,roster_continuity,3,30,78,NA,NA,FALSE,FALSE,NA,NA
austin_reaves_2023_LAL,Austin Reaves,2023-24,2023-24,2023,2022-23,LAL,LAL,TRUE,re_signed_standard,roster_continuity,3,24,65,NA,NA,FALSE,FALSE,NA,NA
ayo_dosunmu_2023_CHI,Ayo Dosunmu,2023-24,2023-24,2023,2022-23,CHI,CHI,TRUE,re_signed_standard,roster_continuity,3,23,80,NA,NA,FALSE,FALSE,NA,NA
bam_adebayo_2023_MIA,Bam Adebayo,2023-24,2023-24,2023,2022-23,MIA,MIA,TRUE,re_signed_standard,roster_continuity,3,25,79,NA,NA,FALSE,FALSE,NA,NA
ben_simmons_2023_BKN,Ben Simmons,2023-24,2023-24,2023,2022-23,BKN,BKN,TRUE,re_signed_standard,roster_continuity,3,26,44,NA,NA,FALSE,FALSE,NA,NA
bennedict_mathurin_2023_IND,Bennedict Mathurin,2023-24,2023-24,2023,2022-23,IND,IND,TRUE,re_signed_standard,roster_continuity,3,20,78,NA,NA,FALSE,FALSE,NA,NA
bismack_biyombo_2023_OKC,Bismack Biyombo,2023-24,2023-24,2023,2022-23,PHX,OKC,FALSE,new_team,team_change,3,30,82,NA,NA,FALSE,FALSE,NA,NA
blake_wesley_2023_SAS,Blake Wesley,2023-24,2023-24,2023,2022-23,SAS,SAS,TRUE,re_signed_standard,roster_continuity,3,19,43,NA,NA,FALSE,FALSE,NA,NA
boban_marjanovic_2023_HOU,Boban Marjanovic,2023-24,2023-24,2023,2022-23,HOU,HOU,TRUE,re_signed_standard,roster_continuity,3,34,81,NA,NA,FALSE,FALSE,NA,NA
bobby_portis_2023_MIL,Bobby Portis,2023-24,2023-24,2023,2022-23,MIL,MIL,TRUE,re_signed_standard,roster_continuity,3,27,71,NA,NA,FALSE,FALSE,NA,NA
bogdan_bogdanovic_2023_ATL,Bogdan Bogdanovic,2023-24,2023-24,2023,2022-23,ATL,ATL,TRUE,re_signed_standard,roster_continuity,3,30,55,NA,NA,FALSE,FALSE,NA,NA
bojan_bogdanovic_2023_NYK,Bojan Bogdanovic,2023-24,2023-24,2023,2022-23,DET,NYK,FALSE,new_team,team_change,3,33,59,NA,NA,FALSE,FALSE,NA,NA
bol_bol_2023_PHX,Bol Bol,2023-24,2023-24,2023,2022-23,ORL,PHX,FALSE,new_team,team_change,3,23,78,NA,NA,FALSE,FALSE,NA,NA
bones_hyland_2023_LAC,Bones Hyland,2023-24,2023-24,2023,2022-23,LAC,LAC,TRUE,re_signed_standard,roster_continuity,3,22,72,NA,NA,FALSE,FALSE,NA,NA
bradley_beal_2023_PHX,Bradley Beal,2023-24,2023-24,2023,2022-23,WAS,PHX,FALSE,new_team,team_change,3,29,54,NA,NA,FALSE,FALSE,NA,NA
brandon_boston_2023_LAC,Brandon Boston,2023-24,2023-24,2023,2022-23,LAC,LAC,TRUE,re_signed_standard,roster_continuity,3,21,43,NA,NA,FALSE,FALSE,NA,NA
brandon_clarke_2023_MEM,Brandon Clarke,2023-24,2023-24,2023,2022-23,MEM,MEM,TRUE,re_signed_standard,roster_continuity,3,26,56,NA,NA,FALSE,FALSE,NA,NA
brandon_ingram_2023_NOP,Brandon Ingram,2023-24,2023-24,2023,2022-23,NOP,NOP,TRUE,re_signed_standard,roster_continuity,3,25,45,NA,NA,FALSE,FALSE,NA,NA
brook_lopez_2023_MIL,Brook Lopez,2023-24,2023-24,2023,2022-23,MIL,MIL,TRUE,re_signed_standard,roster_continuity,3,34,78,NA,NA,FALSE,FALSE,NA,NA
bruce_brown_2023_TOR,Bruce Brown,2023-24,2023-24,2023,2022-23,DEN,TOR,FALSE,new_team,team_change,3,26,80,NA,NA,FALSE,FALSE,NA,NA
bruno_fernando_2023_ATL,Bruno Fernando,2023-24,2023-24,2023,2022-23,ATL,ATL,TRUE,re_signed_standard,roster_continuity,3,24,64,NA,NA,FALSE,FALSE,NA,NA
bryce_mcgowens_2023_CHA,Bryce McGowens,2023-24,2023-24,2023,2022-23,CHA,CHA,TRUE,re_signed_standard,roster_continuity,3,20,70,NA,NA,FALSE,FALSE,NA,NA
buddy_hield_2023_PHI,Buddy Hield,2023-24,2023-24,2023,2022-23,IND,PHI,FALSE,new_team,team_change,3,30,80,NA,NA,FALSE,FALSE,NA,NA
caleb_houstan_2023_ORL,Caleb Houstan,2023-24,2023-24,2023,2022-23,ORL,ORL,TRUE,re_signed_standard,roster_continuity,3,20,74,NA,NA,FALSE,FALSE,NA,NA
caleb_martin_2023_MIA,Caleb Martin,2023-24,2023-24,2023,2022-23,MIA,MIA,TRUE,re_signed_standard,roster_continuity,3,27,73,NA,NA,FALSE,FALSE,NA,NA
cam_reddish_2023_LAL,Cam Reddish,2023-24,2023-24,2023,2022-23,POR,LAL,FALSE,new_team,team_change,3,23,80,NA,NA,FALSE,FALSE,NA,NA
cam_thomas_2023_BKN,Cam Thomas,2023-24,2023-24,2023,2022-23,BKN,BKN,TRUE,re_signed_standard,roster_continuity,3,21,82,NA,NA,FALSE,FALSE,NA,NA
cameron_johnson_2023_BKN,Cameron Johnson,2023-24,2023-24,2023,2022-23,BKN,BKN,TRUE,re_signed_standard,roster_continuity,3,26,44,NA,NA,FALSE,FALSE,NA,NA
cameron_payne_2023_PHI,Cameron Payne,2023-24,2023-24,2023,2022-23,PHX,PHI,FALSE,new_team,team_change,3,28,52,NA,NA,FALSE,FALSE,NA,NA
caris_levert_2023_CLE,Caris LeVert,2023-24,2023-24,2023,2022-23,CLE,CLE,TRUE,re_signed_standard,roster_continuity,3,28,76,NA,NA,FALSE,FALSE,NA,NA
cedi_osman_2023_SAS,Cedi Osman,2023-24,2023-24,2023,2022-23,CLE,SAS,FALSE,new_team,team_change,3,27,81,NA,NA,FALSE,FALSE,NA,NA
chimezie_metu_2023_DET,Chimezie Metu,2023-24,2023-24,2023,2022-23,SAC,DET,FALSE,new_team,team_change,3,25,81,NA,NA,FALSE,FALSE,NA,NA
chris_boucher_2023_TOR,Chris Boucher,2023-24,2023-24,2023,2022-23,TOR,TOR,TRUE,re_signed_standard,roster_continuity,3,30,78,NA,NA,FALSE,FALSE,NA,NA
chris_duarte_2023_SAC,Chris Duarte,2023-24,2023-24,2023,2022-23,IND,SAC,FALSE,new_team,team_change,3,25,49,NA,NA,FALSE,FALSE,NA,NA
chris_paul_2023_GSW,Chris Paul,2023-24,2023-24,2023,2022-23,PHX,GSW,FALSE,new_team,team_change,3,37,67,NA,NA,FALSE,FALSE,NA,NA
christian_braun_2023_DEN,Christian Braun,2023-24,2023-24,2023,2022-23,DEN,DEN,TRUE,re_signed_standard,roster_continuity,3,21,82,NA,NA,FALSE,FALSE,NA,NA
christian_wood_2023_LAL,Christian Wood,2023-24,2023-24,2023,2022-23,DAL,LAL,FALSE,new_team,team_change,3,27,70,NA,NA,FALSE,FALSE,NA,NA
chuma_okeke_2023_ORL,Chuma Okeke,2023-24,2023-24,2023,2022-23,ORL,ORL,TRUE,re_signed_standard,roster_continuity,3,24,44,NA,NA,FALSE,FALSE,NA,NA
cj_mccollum_2023_NOP,CJ McCollum,2023-24,2023-24,2023,2022-23,NOP,NOP,TRUE,re_signed_standard,roster_continuity,3,31,75,NA,NA,FALSE,FALSE,NA,NA
clint_capela_2023_ATL,Clint Capela,2023-24,2023-24,2023,2022-23,ATL,ATL,TRUE,re_signed_standard,roster_continuity,3,28,67,NA,NA,FALSE,FALSE,NA,NA
coby_white_2023_CHI,Coby White,2023-24,2023-24,2023,2022-23,CHI,CHI,TRUE,re_signed_standard,roster_continuity,3,22,74,NA,NA,FALSE,FALSE,NA,NA
cole_anthony_2023_ORL,Cole Anthony,2023-24,2023-24,2023,2022-23,ORL,ORL,TRUE,re_signed_standard,roster_continuity,3,22,64,NA,NA,FALSE,FALSE,NA,NA
collin_sexton_2023_UTA,Collin Sexton,2023-24,2023-24,2023,2022-23,UTA,UTA,TRUE,re_signed_standard,roster_continuity,3,24,51,NA,NA,FALSE,FALSE,NA,NA
corey_kispert_2023_WAS,Corey Kispert,2023-24,2023-24,2023,2022-23,WAS,WAS,TRUE,re_signed_standard,roster_continuity,3,23,74,NA,NA,FALSE,FALSE,NA,NA
cory_joseph_2023_GSW,Cory Joseph,2023-24,2023-24,2023,2022-23,DET,GSW,FALSE,new_team,team_change,3,31,73,NA,NA,FALSE,FALSE,NA,NA
daishen_nix_2023_MIN,Daishen Nix,2023-24,2023-24,2023,2022-23,HOU,MIN,FALSE,new_team,team_change,3,20,81,NA,NA,FALSE,FALSE,NA,NA
dalano_banton_2023_POR,Dalano Banton,2023-24,2023-24,2023,2022-23,TOR,POR,FALSE,new_team,team_change,3,23,47,NA,NA,FALSE,FALSE,NA,NA
dalen_terry_2023_CHI,Dalen Terry,2023-24,2023-24,2023,2022-23,CHI,CHI,TRUE,re_signed_standard,roster_continuity,3,20,79,NA,NA,FALSE,FALSE,NA,NA
damian_jones_2023_CLE,Damian Jones,2023-24,2023-24,2023,2022-23,UTA,CLE,FALSE,new_team,team_change,3,27,80,NA,NA,FALSE,FALSE,NA,NA
damian_lillard_2023_MIL,Damian Lillard,2023-24,2023-24,2023,2022-23,POR,MIL,FALSE,new_team,team_change,3,32,68,NA,NA,FALSE,FALSE,NA,NA
dangelo_russell_2023_LAL,D'Angelo Russell,2023-24,2023-24,2023,2022-23,LAL,LAL,TRUE,re_signed_standard,roster_continuity,3,26,73,NA,NA,FALSE,FALSE,NA,NA
daniel_gafford_2023_DAL,Daniel Gafford,2023-24,2023-24,2023,2022-23,WAS,DAL,FALSE,new_team,team_change,3,24,79,NA,NA,FALSE,FALSE,NA,NA
danuel_house_2023_PHI,Danuel House Jr.,2023-24,2023-24,2023,2022-23,PHI,PHI,TRUE,re_signed_standard,roster_continuity,3,29,80,NA,NA,FALSE,FALSE,NA,NA
dario_saric_2023_GSW,Dario Saric,2023-24,2023-24,2023,2022-23,OKC,GSW,FALSE,new_team,team_change,3,28,83,NA,NA,FALSE,FALSE,NA,NA
darius_bazley_2023_UTA,Darius Bazley,2023-24,2023-24,2023,2022-23,PHX,UTA,FALSE,new_team,team_change,3,22,70,NA,NA,FALSE,FALSE,NA,NA
darius_garland_2023_CLE,Darius Garland,2023-24,2023-24,2023,2022-23,CLE,CLE,TRUE,re_signed_standard,roster_continuity,3,23,69,NA,NA,FALSE,FALSE,NA,NA
david_duke_2023_SAS,David Duke Jr.,2023-24,2023-24,2023,2022-23,BKN,SAS,FALSE,new_team,team_change,3,23,40,NA,NA,FALSE,FALSE,NA,NA
david_roddy_2023_PHX,David Roddy,2023-24,2023-24,2023,2022-23,MEM,PHX,FALSE,new_team,team_change,3,21,78,NA,NA,FALSE,FALSE,NA,NA
davion_mitchell_2023_SAC,Davion Mitchell,2023-24,2023-24,2023,2022-23,SAC,SAC,TRUE,re_signed_standard,roster_continuity,3,24,81,NA,NA,FALSE,FALSE,NA,NA
davis_bertans_2023_CHA,Davis Bertans,2023-24,2023-24,2023,2022-23,DAL,CHA,FALSE,new_team,team_change,3,30,57,NA,NA,FALSE,FALSE,NA,NA
dayron_sharpe_2023_BKN,Day'Ron Sharpe,2023-24,2023-24,2023,2022-23,BKN,BKN,TRUE,re_signed_standard,roster_continuity,3,21,70,NA,NA,FALSE,FALSE,NA,NA
deaaron_fox_2023_SAC,De'Aaron Fox,2023-24,2023-24,2023,2022-23,SAC,SAC,TRUE,re_signed_standard,roster_continuity,3,25,73,NA,NA,FALSE,FALSE,NA,NA
dean_wade_2023_CLE,Dean Wade,2023-24,2023-24,2023,2022-23,CLE,CLE,TRUE,re_signed_standard,roster_continuity,3,26,50,NA,NA,FALSE,FALSE,NA,NA
deandre_ayton_2023_POR,Deandre Ayton,2023-24,2023-24,2023,2022-23,PHX,POR,FALSE,new_team,team_change,3,24,72,NA,NA,FALSE,FALSE,NA,NA
deandre_hunter_2023_ATL,De'Andre Hunter,2023-24,2023-24,2023,2022-23,ATL,ATL,TRUE,re_signed_standard,roster_continuity,3,25,70,NA,NA,FALSE,FALSE,NA,NA
deandre_jordan_2023_DEN,DeAndre Jordan,2023-24,2023-24,2023,2022-23,DEN,DEN,TRUE,re_signed_standard,roster_continuity,3,34,82,NA,NA,FALSE,FALSE,NA,NA
deanthony_melton_2023_PHI,De'Anthony Melton,2023-24,2023-24,2023,2022-23,PHI,PHI,TRUE,re_signed_standard,roster_continuity,3,24,79,NA,NA,FALSE,FALSE,NA,NA
dejounte_murray_2023_ATL,Dejounte Murray,2023-24,2023-24,2023,2022-23,ATL,ATL,TRUE,re_signed_standard,roster_continuity,3,26,74,NA,NA,FALSE,FALSE,NA,NA
delon_wright_2023_MIA,Delon Wright,2023-24,2023-24,2023,2022-23,WAS,MIA,FALSE,new_team,team_change,3,30,51,NA,NA,FALSE,FALSE,NA,NA
demar_derozan_2023_CHI,DeMar DeRozan,2023-24,2023-24,2023,2022-23,CHI,CHI,TRUE,re_signed_standard,roster_continuity,3,33,74,NA,NA,FALSE,FALSE,NA,NA
deni_avdija_2023_WAS,Deni Avdija,2023-24,2023-24,2023,2022-23,WAS,WAS,TRUE,re_signed_standard,roster_continuity,3,22,76,NA,NA,FALSE,FALSE,NA,NA
dennis_schroder_2023_BKN,Dennis Schroder,2023-24,2023-24,2023,2022-23,LAL,BKN,FALSE,new_team,team_change,3,29,68,NA,NA,FALSE,FALSE,NA,NA
dennis_smith_2023_BKN,Dennis Smith Jr.,2023-24,2023-24,2023,2022-23,CHA,BKN,FALSE,new_team,team_change,3,25,59,NA,NA,FALSE,FALSE,NA,NA
derrick_jones_2023_DAL,Derrick Jones Jr.,2023-24,2023-24,2023,2022-23,CHI,DAL,FALSE,new_team,team_change,3,25,75,NA,NA,FALSE,FALSE,NA,NA
derrick_rose_2023_MEM,Derrick Rose,2023-24,2023-24,2023,2022-23,NYK,MEM,FALSE,new_team,team_change,3,34,75,NA,NA,FALSE,FALSE,NA,NA
derrick_white_2023_BOS,Derrick White,2023-24,2023-24,2023,2022-23,BOS,BOS,TRUE,re_signed_standard,roster_continuity,3,28,82,NA,NA,FALSE,FALSE,NA,NA
desmond_bane_2023_MEM,Desmond Bane,2023-24,2023-24,2023,2022-23,MEM,MEM,TRUE,re_signed_standard,roster_continuity,3,24,59,NA,NA,FALSE,FALSE,NA,NA
devin_booker_2023_PHX,Devin Booker,2023-24,2023-24,2023,2022-23,PHX,PHX,TRUE,re_signed_standard,roster_continuity,3,26,56,NA,NA,FALSE,FALSE,NA,NA
devin_vassell_2023_SAS,Devin Vassell,2023-24,2023-24,2023,2022-23,SAS,SAS,TRUE,re_signed_standard,roster_continuity,3,22,43,NA,NA,FALSE,FALSE,NA,NA
devonte_graham_2023_SAS,Devonte' Graham,2023-24,2023-24,2023,2022-23,SAS,SAS,TRUE,re_signed_standard,roster_continuity,3,27,78,NA,NA,FALSE,FALSE,NA,NA
dillon_brooks_2023_HOU,Dillon Brooks,2023-24,2023-24,2023,2022-23,MEM,HOU,FALSE,new_team,team_change,3,27,76,NA,NA,FALSE,FALSE,NA,NA
domantas_sabonis_2023_SAC,Domantas Sabonis,2023-24,2023-24,2023,2022-23,SAC,SAC,TRUE,re_signed_standard,roster_continuity,3,26,79,NA,NA,FALSE,FALSE,NA,NA
donovan_mitchell_2023_CLE,Donovan Mitchell,2023-24,2023-24,2023,2022-23,CLE,CLE,TRUE,re_signed_standard,roster_continuity,3,26,70,NA,NA,FALSE,FALSE,NA,NA
donte_divincenzo_2023_NYK,Donte DiVincenzo,2023-24,2023-24,2023,2022-23,GSW,NYK,FALSE,new_team,team_change,3,26,72,NA,NA,FALSE,FALSE,NA,NA
dorian_finney-smith_2023_BKN,Dorian Finney-Smith,2023-24,2023-24,2023,2022-23,BKN,BKN,TRUE,re_signed_standard,roster_continuity,3,29,66,NA,NA,FALSE,FALSE,NA,NA
doug_mcdermott_2023_IND,Doug McDermott,2023-24,2023-24,2023,2022-23,SAS,IND,FALSE,new_team,team_change,3,31,67,NA,NA,FALSE,FALSE,NA,NA
draymond_green_2023_GSW,Draymond Green,2023-24,2023-24,2023,2022-23,GSW,GSW,TRUE,re_signed_standard,roster_continuity,3,32,75,NA,NA,FALSE,FALSE,NA,NA
drew_eubanks_2023_PHX,Drew Eubanks,2023-24,2023-24,2023,2022-23,POR,PHX,FALSE,new_team,team_change,3,25,81,NA,NA,FALSE,FALSE,NA,NA
duane_washington_2023_NYK,Duane Washington Jr.,2023-24,2023-24,2023,2022-23,PHX,NYK,FALSE,new_team,team_change,3,22,42,NA,NA,FALSE,FALSE,NA,NA
duncan_robinson_2023_MIA,Duncan Robinson,2023-24,2023-24,2023,2022-23,MIA,MIA,TRUE,re_signed_standard,roster_continuity,3,28,57,NA,NA,FALSE,FALSE,NA,NA
dwight_powell_2023_DAL,Dwight Powell,2023-24,2023-24,2023,2022-23,DAL,DAL,TRUE,re_signed_standard,roster_continuity,3,31,82,NA,NA,FALSE,FALSE,NA,NA
dyson_daniels_2023_NOP,Dyson Daniels,2023-24,2023-24,2023,2022-23,NOP,NOP,TRUE,re_signed_standard,roster_continuity,3,19,68,NA,NA,FALSE,FALSE,NA,NA
eric_gordon_2023_PHX,Eric Gordon,2023-24,2023-24,2023,2022-23,LAC,PHX,FALSE,new_team,team_change,3,34,69,NA,NA,FALSE,FALSE,NA,NA
eugene_omoruyi_2023_WAS,Eugene Omoruyi,2023-24,2023-24,2023,2022-23,DET,WAS,FALSE,new_team,team_change,3,25,51,NA,NA,FALSE,FALSE,NA,NA
evan_fournier_2023_DET,Evan Fournier,2023-24,2023-24,2023,2022-23,NYK,DET,FALSE,new_team,team_change,3,30,79,NA,NA,FALSE,FALSE,NA,NA
evan_mobley_2023_CLE,Evan Mobley,2023-24,2023-24,2023,2022-23,CLE,CLE,TRUE,re_signed_standard,roster_continuity,3,21,80,NA,NA,FALSE,FALSE,NA,NA
frank_ntilikina_2023_CHA,Frank Ntilikina,2023-24,2023-24,2023,2022-23,DAL,CHA,FALSE,new_team,team_change,3,24,72,NA,NA,FALSE,FALSE,NA,NA
franz_wagner_2023_ORL,Franz Wagner,2023-24,2023-24,2023,2022-23,ORL,ORL,TRUE,re_signed_standard,roster_continuity,3,21,81,NA,NA,FALSE,FALSE,NA,NA
fred_vanvleet_2023_HOU,Fred VanVleet,2023-24,2023-24,2023,2022-23,TOR,HOU,FALSE,new_team,team_change,3,28,71,NA,NA,FALSE,FALSE,NA,NA
furkan_korkmaz_2023_PHI,Furkan Korkmaz,2023-24,2023-24,2023,2022-23,PHI,PHI,TRUE,re_signed_standard,roster_continuity,3,25,76,NA,NA,FALSE,FALSE,NA,NA
gabe_vincent_2023_LAL,Gabe Vincent,2023-24,2023-24,2023,2022-23,MIA,LAL,FALSE,new_team,team_change,3,26,74,NA,NA,FALSE,FALSE,NA,NA
garrett_temple_2023_TOR,Garrett Temple,2023-24,2023-24,2023,2022-23,NOP,TOR,FALSE,new_team,team_change,3,36,80,NA,NA,FALSE,FALSE,NA,NA
garrison_mathews_2023_ATL,Garrison Mathews,2023-24,2023-24,2023,2022-23,ATL,ATL,TRUE,re_signed_standard,roster_continuity,3,26,76,NA,NA,FALSE,FALSE,NA,NA
gary_harris_2023_ORL,Gary Harris,2023-24,2023-24,2023,2022-23,ORL,ORL,TRUE,re_signed_standard,roster_continuity,3,28,52,NA,NA,FALSE,FALSE,NA,NA
gary_trent_2023_TOR,Gary Trent Jr.,2023-24,2023-24,2023,2022-23,TOR,TOR,TRUE,re_signed_standard,roster_continuity,3,24,72,NA,NA,FALSE,FALSE,NA,NA
georges_niang_2023_CLE,Georges Niang,2023-24,2023-24,2023,2022-23,PHI,CLE,FALSE,new_team,team_change,3,29,80,NA,NA,FALSE,FALSE,NA,NA
giannis_antetokounmpo_2023_MIL,Giannis Antetokounmpo,2023-24,2023-24,2023,2022-23,MIL,MIL,TRUE,re_signed_standard,roster_continuity,3,28,63,NA,NA,FALSE,FALSE,NA,NA
goga_bitadze_2023_ORL,Goga Bitadze,2023-24,2023-24,2023,2022-23,ORL,ORL,TRUE,re_signed_standard,roster_continuity,3,23,79,NA,NA,FALSE,FALSE,NA,NA
gordon_hayward_2023_OKC,Gordon Hayward,2023-24,2023-24,2023,2022-23,CHA,OKC,FALSE,new_team,team_change,3,32,50,NA,NA,FALSE,FALSE,NA,NA
grant_williams_2023_CHA,Grant Williams,2023-24,2023-24,2023,2022-23,BOS,CHA,FALSE,new_team,team_change,3,24,82,NA,NA,FALSE,FALSE,NA,NA
grayson_allen_2023_PHX,Grayson Allen,2023-24,2023-24,2023,2022-23,MIL,PHX,FALSE,new_team,team_change,3,27,73,NA,NA,FALSE,FALSE,NA,NA
greg_brown_2023_DAL,Greg Brown III,2023-24,2023-24,2023,2022-23,POR,DAL,FALSE,new_team,team_change,3,21,41,NA,NA,FALSE,FALSE,NA,NA
hamidou_diallo_2023_WAS,Hamidou Diallo,2023-24,2023-24,2023,2022-23,DET,WAS,FALSE,new_team,team_change,3,24,70,NA,NA,FALSE,FALSE,NA,NA
harrison_barnes_2023_SAC,Harrison Barnes,2023-24,2023-24,2023,2022-23,SAC,SAC,TRUE,re_signed_standard,roster_continuity,3,30,82,NA,NA,FALSE,FALSE,NA,NA
haywood_highsmith_2023_MIA,Haywood Highsmith,2023-24,2023-24,2023,2022-23,MIA,MIA,TRUE,re_signed_standard,roster_continuity,3,26,82,NA,NA,FALSE,FALSE,NA,NA
herbert_jones_2023_NOP,Herbert Jones,2023-24,2023-24,2023,2022-23,NOP,NOP,TRUE,re_signed_standard,roster_continuity,3,24,67,NA,NA,FALSE,FALSE,NA,NA
immanuel_quickley_2023_TOR,Immanuel Quickley,2023-24,2023-24,2023,2022-23,NYK,TOR,FALSE,new_team,team_change,3,23,82,NA,NA,FALSE,FALSE,NA,NA
isaac_okoro_2023_CLE,Isaac Okoro,2023-24,2023-24,2023,2022-23,CLE,CLE,TRUE,re_signed_standard,roster_continuity,3,22,77,NA,NA,FALSE,FALSE,NA,NA
isaiah_hartenstein_2023_NYK,Isaiah Hartenstein,2023-24,2023-24,2023,2022-23,NYK,NYK,TRUE,re_signed_standard,roster_continuity,3,24,82,NA,NA,FALSE,FALSE,NA,NA
isaiah_jackson_2023_IND,Isaiah Jackson,2023-24,2023-24,2023,2022-23,IND,IND,TRUE,re_signed_standard,roster_continuity,3,21,81,NA,NA,FALSE,FALSE,NA,NA
isaiah_joe_2023_OKC,Isaiah Joe,2023-24,2023-24,2023,2022-23,OKC,OKC,TRUE,re_signed_standard,roster_continuity,3,23,81,NA,NA,FALSE,FALSE,NA,NA
isaiah_livers_2023_WAS,Isaiah Livers,2023-24,2023-24,2023,2022-23,DET,WAS,FALSE,new_team,team_change,3,24,60,NA,NA,FALSE,FALSE,NA,NA
isaiah_stewart_2023_DET,Isaiah Stewart,2023-24,2023-24,2023,2022-23,DET,DET,TRUE,re_signed_standard,roster_continuity,3,21,54,NA,NA,FALSE,FALSE,NA,NA
ish_smith_2023_CHA,Ish Smith,2023-24,2023-24,2023,2022-23,DEN,CHA,FALSE,new_team,team_change,3,34,72,NA,NA,FALSE,FALSE,NA,NA
ish_wainright_2023_PHX,Ish Wainright,2023-24,2023-24,2023,2022-23,PHX,PHX,TRUE,re_signed_standard,roster_continuity,3,28,72,NA,NA,FALSE,FALSE,NA,NA
ivica_zubac_2023_LAC,Ivica Zubac,2023-24,2023-24,2023,2022-23,LAC,LAC,TRUE,re_signed_standard,roster_continuity,3,25,77,NA,NA,FALSE,FALSE,NA,NA
ja_morant_2023_MEM,Ja Morant,2023-24,2023-24,2023,2022-23,MEM,MEM,TRUE,re_signed_standard,roster_continuity,3,23,61,NA,NA,FALSE,FALSE,NA,NA
jabari_smith_2023_HOU,Jabari Smith Jr.,2023-24,2023-24,2023,2022-23,HOU,HOU,TRUE,re_signed_standard,roster_continuity,3,19,79,NA,NA,FALSE,FALSE,NA,NA
jabari_walker_2023_POR,Jabari Walker,2023-24,2023-24,2023,2022-23,POR,POR,TRUE,re_signed_standard,roster_continuity,3,20,82,NA,NA,FALSE,FALSE,NA,NA
jack_white_2023_MEM,Jack White,2023-24,2023-24,2023,2022-23,DEN,MEM,FALSE,new_team,team_change,3,25,41,NA,NA,FALSE,FALSE,NA,NA
jaden_hardy_2023_DAL,Jaden Hardy,2023-24,2023-24,2023,2022-23,DAL,DAL,TRUE,re_signed_standard,roster_continuity,3,20,70,NA,NA,FALSE,FALSE,NA,NA
jaden_ivey_2023_DET,Jaden Ivey,2023-24,2023-24,2023,2022-23,DET,DET,TRUE,re_signed_standard,roster_continuity,3,20,77,NA,NA,FALSE,FALSE,NA,NA
jaden_mcdaniels_2023_MIN,Jaden McDaniels,2023-24,2023-24,2023,2022-23,MIN,MIN,TRUE,re_signed_standard,roster_continuity,3,22,80,NA,NA,FALSE,FALSE,NA,NA
jaden_springer_2023_BOS,Jaden Springer,2023-24,2023-24,2023,2022-23,PHI,BOS,FALSE,new_team,team_change,3,20,47,NA,NA,FALSE,FALSE,NA,NA
jake_laravia_2023_MEM,Jake LaRavia,2023-24,2023-24,2023,2022-23,MEM,MEM,TRUE,re_signed_standard,roster_continuity,3,21,52,NA,NA,FALSE,FALSE,NA,NA
jakob_poeltl_2023_TOR,Jakob Poeltl,2023-24,2023-24,2023,2022-23,TOR,TOR,TRUE,re_signed_standard,roster_continuity,3,27,72,NA,NA,FALSE,FALSE,NA,NA
jalen_brunson_2023_NYK,Jalen Brunson,2023-24,2023-24,2023,2022-23,NYK,NYK,TRUE,re_signed_standard,roster_continuity,3,26,71,NA,NA,FALSE,FALSE,NA,NA
jalen_duren_2023_DET,Jalen Duren,2023-24,2023-24,2023,2022-23,DET,DET,TRUE,re_signed_standard,roster_continuity,3,19,74,NA,NA,FALSE,FALSE,NA,NA
jalen_green_2023_HOU,Jalen Green,2023-24,2023-24,2023,2022-23,HOU,HOU,TRUE,re_signed_standard,roster_continuity,3,20,76,NA,NA,FALSE,FALSE,NA,NA
jalen_johnson_2023_ATL,Jalen Johnson,2023-24,2023-24,2023,2022-23,ATL,ATL,TRUE,re_signed_standard,roster_continuity,3,21,73,NA,NA,FALSE,FALSE,NA,NA
jalen_mcdaniels_2023_TOR,Jalen McDaniels,2023-24,2023-24,2023,2022-23,PHI,TOR,FALSE,new_team,team_change,3,25,82,NA,NA,FALSE,FALSE,NA,NA
jalen_smith_2023_IND,Jalen Smith,2023-24,2023-24,2023,2022-23,IND,IND,TRUE,re_signed_standard,roster_continuity,3,22,79,NA,NA,FALSE,FALSE,NA,NA
jalen_suggs_2023_ORL,Jalen Suggs,2023-24,2023-24,2023,2022-23,ORL,ORL,TRUE,re_signed_standard,roster_continuity,3,21,54,NA,NA,FALSE,FALSE,NA,NA
jalen_williams_2023_OKC,Jalen Williams,2023-24,2023-24,2023,2022-23,OKC,OKC,TRUE,re_signed_standard,roster_continuity,3,21,76,NA,NA,FALSE,FALSE,NA,NA
jamal_cain_2023_MIA,Jamal Cain,2023-24,2023-24,2023,2022-23,MIA,MIA,TRUE,re_signed_standard,roster_continuity,3,23,41,NA,NA,FALSE,FALSE,NA,NA
jamal_murray_2023_DEN,Jamal Murray,2023-24,2023-24,2023,2022-23,DEN,DEN,TRUE,re_signed_standard,roster_continuity,3,25,65,NA,NA,FALSE,FALSE,NA,NA
james_bouknight_2023_CHA,James Bouknight,2023-24,2023-24,2023,2022-23,CHA,CHA,TRUE,re_signed_standard,roster_continuity,3,22,55,NA,NA,FALSE,FALSE,NA,NA
james_harden_2023_LAC,James Harden,2023-24,2023-24,2023,2022-23,PHI,LAC,FALSE,new_team,team_change,3,33,62,NA,NA,FALSE,FALSE,NA,NA
james_johnson_2023_IND,James Johnson,2023-24,2023-24,2023,2022-23,IND,IND,TRUE,re_signed_standard,roster_continuity,3,35,79,NA,NA,FALSE,FALSE,NA,NA
james_wiseman_2023_DET,James Wiseman,2023-24,2023-24,2023,2022-23,DET,DET,TRUE,re_signed_standard,roster_continuity,3,21,60,NA,NA,FALSE,FALSE,NA,NA
jaren_jackson_2023_MEM,Jaren Jackson Jr.,2023-24,2023-24,2023,2022-23,MEM,MEM,TRUE,re_signed_standard,roster_continuity,3,23,63,NA,NA,FALSE,FALSE,NA,NA
jarred_vanderbilt_2023_LAL,Jarred Vanderbilt,2023-24,2023-24,2023,2022-23,LAL,LAL,TRUE,re_signed_standard,roster_continuity,3,23,78,NA,NA,FALSE,FALSE,NA,NA
jarrett_allen_2023_CLE,Jarrett Allen,2023-24,2023-24,2023,2022-23,CLE,CLE,TRUE,re_signed_standard,roster_continuity,3,24,71,NA,NA,FALSE,FALSE,NA,NA
javale_mcgee_2023_SAC,JaVale McGee,2023-24,2023-24,2023,2022-23,DAL,SAC,FALSE,new_team,team_change,3,35,77,NA,NA,FALSE,FALSE,NA,NA
jaxson_hayes_2023_LAL,Jaxson Hayes,2023-24,2023-24,2023,2022-23,NOP,LAL,FALSE,new_team,team_change,3,22,82,NA,NA,FALSE,FALSE,NA,NA
jaylen_brown_2023_BOS,Jaylen Brown,2023-24,2023-24,2023,2022-23,BOS,BOS,TRUE,re_signed_supermax,supermax,3,26,68,NA,NA,TRUE,TRUE,NA,NA
jaylen_nowell_2023_DET,Jaylen Nowell,2023-24,2023-24,2023,2022-23,MIN,DET,FALSE,new_team,team_change,3,23,68,NA,NA,FALSE,FALSE,NA,NA
jaylin_williams_2023_OKC,Jaylin Williams,2023-24,2023-24,2023,2022-23,OKC,OKC,TRUE,re_signed_standard,roster_continuity,3,20,66,NA,NA,FALSE,FALSE,NA,NA
jayson_tatum_2023_BOS,Jayson Tatum,2023-24,2023-24,2023,2022-23,BOS,BOS,TRUE,re_signed_standard,roster_continuity,3,24,74,NA,NA,FALSE,FALSE,NA,NA
jeff_dowtin_2023_PHI,Jeff Dowtin Jr.,2023-24,2023-24,2023,2022-23,TOR,PHI,FALSE,new_team,team_change,3,25,50,NA,NA,FALSE,FALSE,NA,NA
jeff_green_2023_HOU,Jeff Green,2023-24,2023-24,2023,2022-23,DEN,HOU,FALSE,new_team,team_change,3,36,60,NA,NA,FALSE,FALSE,NA,NA
jerami_grant_2023_POR,Jerami Grant,2023-24,2023-24,2023,2022-23,POR,POR,TRUE,re_signed_standard,roster_continuity,3,28,63,NA,NA,FALSE,FALSE,NA,NA
jeremiah_robinson-earl_2023_NOP,Jeremiah Robinson-Earl,2023-24,2023-24,2023,2022-23,OKC,NOP,FALSE,new_team,team_change,3,22,54,NA,NA,FALSE,FALSE,NA,NA
jeremy_sochan_2023_SAS,Jeremy Sochan,2023-24,2023-24,2023,2022-23,SAS,SAS,TRUE,re_signed_standard,roster_continuity,3,19,59,NA,NA,FALSE,FALSE,NA,NA
jericho_sims_2023_NYK,Jericho Sims,2023-24,2023-24,2023,2022-23,NYK,NYK,TRUE,re_signed_standard,roster_continuity,3,24,82,NA,NA,FALSE,FALSE,NA,NA
jevon_carter_2023_CHI,Jevon Carter,2023-24,2023-24,2023,2022-23,MIL,CHI,FALSE,new_team,team_change,3,27,81,NA,NA,FALSE,FALSE,NA,NA
jimmy_butler_2023_MIA,Jimmy Butler III,2023-24,2023-24,2023,2022-23,MIA,MIA,TRUE,re_signed_standard,roster_continuity,3,33,65,NA,NA,FALSE,FALSE,NA,NA
jock_landale_2023_HOU,Jock Landale,2023-24,2023-24,2023,2022-23,PHX,HOU,FALSE,new_team,team_change,3,27,80,NA,NA,FALSE,FALSE,NA,NA
joe_harris_2023_DET,Joe Harris,2023-24,2023-24,2023,2022-23,BKN,DET,FALSE,new_team,team_change,3,31,76,NA,NA,FALSE,FALSE,NA,NA
joe_ingles_2023_ORL,Joe Ingles,2023-24,2023-24,2023,2022-23,MIL,ORL,FALSE,new_team,team_change,3,35,48,NA,NA,FALSE,FALSE,NA,NA
joel_embiid_2023_PHI,Joel Embiid,2023-24,2023-24,2023,2022-23,PHI,PHI,TRUE,re_signed_standard,roster_continuity,3,28,69,NA,NA,FALSE,FALSE,NA,NA
john_butler_2023_WAS,John Butler Jr.,2023-24,2023-24,2023,2022-23,POR,WAS,FALSE,new_team,team_change,3,20,40,NA,NA,FALSE,FALSE,NA,NA
john_collins_2023_UTA,John Collins,2023-24,2023-24,2023,2022-23,ATL,UTA,FALSE,new_team,team_change,3,25,71,NA,NA,FALSE,FALSE,NA,NA
john_konchar_2023_MEM,John Konchar,2023-24,2023-24,2023,2022-23,MEM,MEM,TRUE,re_signed_standard,roster_continuity,3,26,74,NA,NA,FALSE,FALSE,NA,NA
johnny_davis_2023_WAS,Johnny Davis,2023-24,2023-24,2023,2022-23,WAS,WAS,TRUE,re_signed_standard,roster_continuity,3,20,46,NA,NA,FALSE,FALSE,NA,NA
jonas_valanciunas_2023_NOP,Jonas Valanciunas,2023-24,2023-24,2023,2022-23,NOP,NOP,TRUE,re_signed_standard,roster_continuity,3,30,79,NA,NA,FALSE,FALSE,NA,NA
jonathan_kuminga_2023_GSW,Jonathan Kuminga,2023-24,2023-24,2023,2022-23,GSW,GSW,TRUE,re_signed_standard,roster_continuity,3,20,71,NA,NA,FALSE,FALSE,NA,NA
jordan_clarkson_2023_UTA,Jordan Clarkson,2023-24,2023-24,2023,2022-23,UTA,UTA,TRUE,re_signed_standard,roster_continuity,3,30,62,NA,NA,FALSE,FALSE,NA,NA
jordan_goodwin_2023_MEM,Jordan Goodwin,2023-24,2023-24,2023,2022-23,WAS,MEM,FALSE,new_team,team_change,3,24,74,NA,NA,FALSE,FALSE,NA,NA
jordan_mclaughlin_2023_MIN,Jordan McLaughlin,2023-24,2023-24,2023,2022-23,MIN,MIN,TRUE,re_signed_standard,roster_continuity,3,26,45,NA,NA,FALSE,FALSE,NA,NA
jordan_nwora_2023_TOR,Jordan Nwora,2023-24,2023-24,2023,2022-23,IND,TOR,FALSE,new_team,team_change,3,24,78,NA,NA,FALSE,FALSE,NA,NA
jordan_poole_2023_WAS,Jordan Poole,2023-24,2023-24,2023,2022-23,GSW,WAS,FALSE,new_team,team_change,3,23,82,NA,NA,FALSE,FALSE,NA,NA
jose_alvarado_2023_NOP,Jose Alvarado,2023-24,2023-24,2023,2022-23,NOP,NOP,TRUE,re_signed_standard,roster_continuity,3,24,61,NA,NA,FALSE,FALSE,NA,NA
josh_christopher_2023_UTA,Josh Christopher,2023-24,2023-24,2023,2022-23,HOU,UTA,FALSE,new_team,team_change,3,21,79,NA,NA,FALSE,FALSE,NA,NA
josh_giddey_2023_OKC,Josh Giddey,2023-24,2023-24,2023,2022-23,OKC,OKC,TRUE,re_signed_standard,roster_continuity,3,20,76,NA,NA,FALSE,FALSE,NA,NA
josh_green_2023_DAL,Josh Green,2023-24,2023-24,2023,2022-23,DAL,DAL,TRUE,re_signed_standard,roster_continuity,3,22,60,NA,NA,FALSE,FALSE,NA,NA
josh_hart_2023_NYK,Josh Hart,2023-24,2023-24,2023,2022-23,NYK,NYK,TRUE,re_signed_standard,roster_continuity,3,27,78,NA,NA,FALSE,FALSE,NA,NA
josh_minott_2023_MIN,Josh Minott,2023-24,2023-24,2023,2022-23,MIN,MIN,TRUE,re_signed_standard,roster_continuity,3,20,57,NA,NA,FALSE,FALSE,NA,NA
josh_okogie_2023_PHX,Josh Okogie,2023-24,2023-24,2023,2022-23,PHX,PHX,TRUE,re_signed_standard,roster_continuity,3,24,80,NA,NA,FALSE,FALSE,NA,NA
josh_richardson_2023_MIA,Josh Richardson,2023-24,2023-24,2023,2022-23,NOP,MIA,FALSE,new_team,team_change,3,29,67,NA,NA,FALSE,FALSE,NA,NA
jrue_holiday_2023_BOS,Jrue Holiday,2023-24,2023-24,2023,2022-23,MIL,BOS,FALSE,new_team,team_change,3,32,67,NA,NA,FALSE,FALSE,NA,NA
jt_thor_2023_CHA,JT Thor,2023-24,2023-24,2023,2022-23,CHA,CHA,TRUE,re_signed_standard,roster_continuity,3,20,79,NA,NA,FALSE,FALSE,NA,NA
juan_toscano-anderson_2023_SAC,Juan Toscano-Anderson,2023-24,2023-24,2023,2022-23,UTA,SAC,FALSE,new_team,team_change,3,29,67,NA,NA,FALSE,FALSE,NA,NA
julius_randle_2023_NYK,Julius Randle,2023-24,2023-24,2023,2022-23,NYK,NYK,TRUE,re_signed_standard,roster_continuity,3,28,77,NA,NA,FALSE,FALSE,NA,NA
justin_holiday_2023_DEN,Justin Holiday,2023-24,2023-24,2023,2022-23,DAL,DEN,FALSE,new_team,team_change,3,33,77,NA,NA,FALSE,FALSE,NA,NA
justin_jackson_2023_MIN,Justin Jackson,2023-24,2023-24,2023,2022-23,BOS,MIN,FALSE,new_team,team_change,3,27,55,NA,NA,FALSE,FALSE,NA,NA
jusuf_nurkic_2023_PHX,Jusuf Nurkic,2023-24,2023-24,2023,2022-23,POR,PHX,FALSE,new_team,team_change,3,28,55,NA,NA,FALSE,FALSE,NA,NA
kai_jones_2023_PHI,Kai Jones,2023-24,2023-24,2023,2022-23,CHA,PHI,FALSE,new_team,team_change,3,22,68,NA,NA,FALSE,FALSE,NA,NA
kawhi_leonard_2023_LAC,Kawhi Leonard,2023-24,2023-24,2023,2022-23,LAC,LAC,TRUE,re_signed_standard,roster_continuity,3,31,52,NA,NA,FALSE,FALSE,NA,NA
keegan_murray_2023_SAC,Keegan Murray,2023-24,2023-24,2023,2022-23,SAC,SAC,TRUE,re_signed_standard,roster_continuity,3,22,80,NA,NA,FALSE,FALSE,NA,NA
keita_bates-diop_2023_BKN,Keita Bates-Diop,2023-24,2023-24,2023,2022-23,SAS,BKN,FALSE,new_team,team_change,3,27,75,NA,NA,FALSE,FALSE,NA,NA
keldon_johnson_2023_SAS,Keldon Johnson,2023-24,2023-24,2023,2022-23,SAS,SAS,TRUE,re_signed_standard,roster_continuity,3,23,70,NA,NA,FALSE,FALSE,NA,NA
kelly_olynyk_2023_TOR,Kelly Olynyk,2023-24,2023-24,2023,2022-23,UTA,TOR,FALSE,new_team,team_change,3,31,68,NA,NA,FALSE,FALSE,NA,NA
kelly_oubre_2023_PHI,Kelly Oubre Jr.,2023-24,2023-24,2023,2022-23,CHA,PHI,FALSE,new_team,team_change,3,27,57,NA,NA,FALSE,FALSE,NA,NA
kenneth_lofton_2023_UTA,Kenneth Lofton Jr.,2023-24,2023-24,2023,2022-23,MEM,UTA,FALSE,new_team,team_change,3,20,47,NA,NA,FALSE,FALSE,NA,NA
kenrich_williams_2023_OKC,Kenrich Williams,2023-24,2023-24,2023,2022-23,OKC,OKC,TRUE,re_signed_standard,roster_continuity,3,28,55,NA,NA,FALSE,FALSE,NA,NA
kentavious_caldwell-pope_2023_DEN,Kentavious Caldwell-Pope,2023-24,2023-24,2023,2022-23,DEN,DEN,TRUE,re_signed_standard,roster_continuity,3,29,76,NA,NA,FALSE,FALSE,NA,NA
keon_johnson_2023_BKN,Keon Johnson,2023-24,2023-24,2023,2022-23,POR,BKN,FALSE,new_team,team_change,3,20,65,NA,NA,FALSE,FALSE,NA,NA
kessler_edwards_2023_SAC,Kessler Edwards,2023-24,2023-24,2023,2022-23,SAC,SAC,TRUE,re_signed_standard,roster_continuity,3,22,61,NA,NA,FALSE,FALSE,NA,NA
kevin_durant_2023_PHX,Kevin Durant,2023-24,2023-24,2023,2022-23,PHX,PHX,TRUE,re_signed_standard,roster_continuity,3,34,48,NA,NA,FALSE,FALSE,NA,NA
kevin_huerter_2023_SAC,Kevin Huerter,2023-24,2023-24,2023,2022-23,SAC,SAC,TRUE,re_signed_standard,roster_continuity,3,24,76,NA,NA,FALSE,FALSE,NA,NA
kevin_knox_2023_DET,Kevin Knox II,2023-24,2023-24,2023,2022-23,POR,DET,FALSE,new_team,team_change,3,23,82,NA,NA,FALSE,FALSE,NA,NA
kevin_love_2023_MIA,Kevin Love,2023-24,2023-24,2023,2022-23,MIA,MIA,TRUE,re_signed_standard,roster_continuity,3,34,71,NA,NA,FALSE,FALSE,NA,NA
kevon_harris_2023_ORL,Kevon Harris,2023-24,2023-24,2023,2022-23,ORL,ORL,TRUE,re_signed_standard,roster_continuity,3,25,47,NA,NA,FALSE,FALSE,NA,NA
kevon_looney_2023_GSW,Kevon Looney,2023-24,2023-24,2023,2022-23,GSW,GSW,TRUE,re_signed_standard,roster_continuity,3,26,82,NA,NA,FALSE,FALSE,NA,NA
killian_hayes_2023_DET,Killian Hayes,2023-24,2023-24,2023,2022-23,DET,DET,TRUE,re_signed_standard,roster_continuity,3,21,82,NA,NA,FALSE,FALSE,NA,NA
kira_lewis_2023_UTA,Kira Lewis Jr.,2023-24,2023-24,2023,2022-23,NOP,UTA,FALSE,new_team,team_change,3,21,56,NA,NA,FALSE,FALSE,NA,NA
kj_martin_2023_PHI,KJ Martin,2023-24,2023-24,2023,2022-23,HOU,PHI,FALSE,new_team,team_change,3,22,82,NA,NA,FALSE,FALSE,NA,NA
klay_thompson_2023_GSW,Klay Thompson,2023-24,2023-24,2023,2022-23,GSW,GSW,TRUE,re_signed_standard,roster_continuity,3,32,73,NA,NA,FALSE,FALSE,NA,NA
kristaps_porzingis_2023_BOS,Kristaps Porzingis,2023-24,2023-24,2023,2022-23,WAS,BOS,FALSE,new_team,team_change,3,27,68,NA,NA,FALSE,FALSE,NA,NA
kyle_anderson_2023_MIN,Kyle Anderson,2023-24,2023-24,2023,2022-23,MIN,MIN,TRUE,re_signed_standard,roster_continuity,3,29,72,NA,NA,FALSE,FALSE,NA,NA
kyle_kuzma_2023_WAS,Kyle Kuzma,2023-24,2023-24,2023,2022-23,WAS,WAS,TRUE,re_signed_standard,roster_continuity,3,27,64,NA,NA,FALSE,FALSE,NA,NA
kyle_lowry_2023_PHI,Kyle Lowry,2023-24,2023-24,2023,2022-23,MIA,PHI,FALSE,new_team,team_change,3,36,57,NA,NA,FALSE,FALSE,NA,NA
kyrie_irving_2023_DAL,Kyrie Irving,2023-24,2023-24,2023,2022-23,DAL,DAL,TRUE,re_signed_standard,roster_continuity,3,30,61,NA,NA,FALSE,FALSE,NA,NA
lamar_stevens_2023_MEM,Lamar Stevens,2023-24,2023-24,2023,2022-23,CLE,MEM,FALSE,new_team,team_change,3,25,77,NA,NA,FALSE,FALSE,NA,NA
landry_shamet_2023_WAS,Landry Shamet,2023-24,2023-24,2023,2022-23,PHX,WAS,FALSE,new_team,team_change,3,25,46,NA,NA,FALSE,FALSE,NA,NA
larry_nance_2023_NOP,Larry Nance Jr.,2023-24,2023-24,2023,2022-23,NOP,NOP,TRUE,re_signed_standard,roster_continuity,3,30,66,NA,NA,FALSE,FALSE,NA,NA
lauri_markkanen_2023_UTA,Lauri Markkanen,2023-24,2023-24,2023,2022-23,UTA,UTA,TRUE,re_signed_standard,roster_continuity,3,25,66,NA,NA,FALSE,FALSE,NA,NA
lebron_james_2023_LAL,LeBron James,2023-24,2023-24,2023,2022-23,LAL,LAL,TRUE,re_signed_standard,roster_continuity,3,38,57,NA,NA,FALSE,FALSE,NA,NA
lindy_waters_2023_OKC,Lindy Waters III,2023-24,2023-24,2023,2022-23,OKC,OKC,TRUE,re_signed_standard,roster_continuity,3,25,50,NA,NA,FALSE,FALSE,NA,NA
lonnie_walker_2023_BKN,Lonnie Walker IV,2023-24,2023-24,2023,2022-23,LAL,BKN,FALSE,new_team,team_change,3,24,71,NA,NA,FALSE,FALSE,NA,NA
luguentz_dort_2023_OKC,Luguentz Dort,2023-24,2023-24,2023,2022-23,OKC,OKC,TRUE,re_signed_standard,roster_continuity,3,23,75,NA,NA,FALSE,FALSE,NA,NA
luka_doncic_2023_DAL,Luka Doncic,2023-24,2023-24,2023,2022-23,DAL,DAL,TRUE,re_signed_standard,roster_continuity,3,23,66,NA,NA,FALSE,FALSE,NA,NA
luka_garza_2023_MIN,Luka Garza,2023-24,2023-24,2023,2022-23,MIN,MIN,TRUE,re_signed_standard,roster_continuity,3,24,50,NA,NA,FALSE,FALSE,NA,NA
luke_kennard_2023_MEM,Luke Kennard,2023-24,2023-24,2023,2022-23,MEM,MEM,TRUE,re_signed_standard,roster_continuity,3,26,67,NA,NA,FALSE,FALSE,NA,NA
luke_kornet_2023_BOS,Luke Kornet,2023-24,2023-24,2023,2022-23,BOS,BOS,TRUE,re_signed_standard,roster_continuity,3,27,80,NA,NA,FALSE,FALSE,NA,NA
malachi_flynn_2023_DET,Malachi Flynn,2023-24,2023-24,2023,2022-23,TOR,DET,FALSE,new_team,team_change,3,24,82,NA,NA,FALSE,FALSE,NA,NA
malaki_branham_2023_SAS,Malaki Branham,2023-24,2023-24,2023,2022-23,SAS,SAS,TRUE,re_signed_standard,roster_continuity,3,19,72,NA,NA,FALSE,FALSE,NA,NA
malcolm_brogdon_2023_POR,Malcolm Brogdon,2023-24,2023-24,2023,2022-23,BOS,POR,FALSE,new_team,team_change,3,30,69,NA,NA,FALSE,FALSE,NA,NA
malik_beasley_2023_MIL,Malik Beasley,2023-24,2023-24,2023,2022-23,LAL,MIL,FALSE,new_team,team_change,3,26,81,NA,NA,FALSE,FALSE,NA,NA
malik_monk_2023_SAC,Malik Monk,2023-24,2023-24,2023,2022-23,SAC,SAC,TRUE,re_signed_standard,roster_continuity,3,24,79,NA,NA,FALSE,FALSE,NA,NA
mamadi_diakite_2023_NYK,Mamadi Diakite,2023-24,2023-24,2023,2022-23,CLE,NYK,FALSE,new_team,team_change,3,26,46,NA,NA,FALSE,FALSE,NA,NA
marcus_morris_2023_CLE,Marcus Morris Sr.,2023-24,2023-24,2023,2022-23,LAC,CLE,FALSE,new_team,team_change,3,33,66,NA,NA,FALSE,FALSE,NA,NA
marcus_smart_2023_MEM,Marcus Smart,2023-24,2023-24,2023,2022-23,BOS,MEM,FALSE,new_team,team_change,3,28,61,NA,NA,FALSE,FALSE,NA,NA
marjon_beauchamp_2023_MIL,MarJon Beauchamp,2023-24,2023-24,2023,2022-23,MIL,MIL,TRUE,re_signed_standard,roster_continuity,3,22,77,NA,NA,FALSE,FALSE,NA,NA
mark_williams_2023_CHA,Mark Williams,2023-24,2023-24,2023,2022-23,CHA,CHA,TRUE,re_signed_standard,roster_continuity,3,21,63,NA,NA,FALSE,FALSE,NA,NA
markelle_fultz_2023_ORL,Markelle Fultz,2023-24,2023-24,2023,2022-23,ORL,ORL,TRUE,re_signed_standard,roster_continuity,3,24,60,NA,NA,FALSE,FALSE,NA,NA
markieff_morris_2023_DAL,Markieff Morris,2023-24,2023-24,2023,2022-23,DAL,DAL,TRUE,re_signed_standard,roster_continuity,3,33,72,NA,NA,FALSE,FALSE,NA,NA
marvin_bagley_2023_WAS,Marvin Bagley III,2023-24,2023-24,2023,2022-23,DET,WAS,FALSE,new_team,team_change,3,23,49,NA,NA,FALSE,FALSE,NA,NA
mason_plumlee_2023_LAC,Mason Plumlee,2023-24,2023-24,2023,2022-23,LAC,LAC,TRUE,re_signed_standard,roster_continuity,3,32,79,NA,NA,FALSE,FALSE,NA,NA
matisse_thybulle_2023_POR,Matisse Thybulle,2023-24,2023-24,2023,2022-23,POR,POR,TRUE,re_signed_standard,roster_continuity,3,25,73,NA,NA,FALSE,FALSE,NA,NA
matt_ryan_2023_NOP,Matt Ryan,2023-24,2023-24,2023,2022-23,MIN,NOP,FALSE,new_team,team_change,3,25,56,NA,NA,FALSE,FALSE,NA,NA
max_christie_2023_LAL,Max Christie,2023-24,2023-24,2023,2022-23,LAL,LAL,TRUE,re_signed_standard,roster_continuity,3,19,73,NA,NA,FALSE,FALSE,NA,NA
max_strus_2023_CLE,Max Strus,2023-24,2023-24,2023,2022-23,MIA,CLE,FALSE,new_team,team_change,3,26,80,NA,NA,FALSE,FALSE,NA,NA
michael_porter_2023_DEN,Michael Porter Jr.,2023-24,2023-24,2023,2022-23,DEN,DEN,TRUE,re_signed_standard,roster_continuity,3,24,63,NA,NA,FALSE,FALSE,NA,NA
mikal_bridges_2023_BKN,Mikal Bridges,2023-24,2023-24,2023,2022-23,BKN,BKN,TRUE,re_signed_standard,roster_continuity,3,26,83,NA,NA,FALSE,FALSE,NA,NA
mike_conley_2023_MIN,Mike Conley,2023-24,2023-24,2023,2022-23,MIN,MIN,TRUE,re_signed_standard,roster_continuity,3,35,67,NA,NA,FALSE,FALSE,NA,NA
mike_muscala_2023_OKC,Mike Muscala,2023-24,2023-24,2023,2022-23,BOS,OKC,FALSE,new_team,team_change,3,31,75,NA,NA,FALSE,FALSE,NA,NA
miles_mcbride_2023_NYK,Miles McBride,2023-24,2023-24,2023,2022-23,NYK,NYK,TRUE,re_signed_standard,roster_continuity,3,22,82,NA,NA,FALSE,FALSE,NA,NA
mitchell_robinson_2023_NYK,Mitchell Robinson,2023-24,2023-24,2023,2022-23,NYK,NYK,TRUE,re_signed_standard,roster_continuity,3,24,61,NA,NA,FALSE,FALSE,NA,NA
mo_bamba_2023_PHI,Mo Bamba,2023-24,2023-24,2023,2022-23,LAL,PHI,FALSE,new_team,team_change,3,24,64,NA,NA,FALSE,FALSE,NA,NA
monte_morris_2023_MIN,Monte Morris,2023-24,2023-24,2023,2022-23,WAS,MIN,FALSE,new_team,team_change,3,27,64,NA,NA,FALSE,FALSE,NA,NA
moritz_wagner_2023_ORL,Moritz Wagner,2023-24,2023-24,2023,2022-23,ORL,ORL,TRUE,re_signed_standard,roster_continuity,3,25,62,NA,NA,FALSE,FALSE,NA,NA
moses_brown_2023_POR,Moses Brown,2023-24,2023-24,2023,2022-23,BKN,POR,FALSE,new_team,team_change,3,23,60,NA,NA,FALSE,FALSE,NA,NA
moses_moody_2023_GSW,Moses Moody,2023-24,2023-24,2023,2022-23,GSW,GSW,TRUE,re_signed_standard,roster_continuity,3,20,79,NA,NA,FALSE,FALSE,NA,NA
myles_turner_2023_IND,Myles Turner,2023-24,2023-24,2023,2022-23,IND,IND,TRUE,re_signed_standard,roster_continuity,3,26,68,NA,NA,FALSE,FALSE,NA,NA
naji_marshall_2023_NOP,Naji Marshall,2023-24,2023-24,2023,2022-23,NOP,NOP,TRUE,re_signed_standard,roster_continuity,3,25,77,NA,NA,FALSE,FALSE,NA,NA
nassir_little_2023_PHX,Nassir Little,2023-24,2023-24,2023,2022-23,POR,PHX,FALSE,new_team,team_change,3,22,54,NA,NA,FALSE,FALSE,NA,NA
naz_reid_2023_MIN,Naz Reid,2023-24,2023-24,2023,2022-23,MIN,MIN,TRUE,re_signed_standard,roster_continuity,3,23,75,NA,NA,FALSE,FALSE,NA,NA
nic_claxton_2023_BKN,Nic Claxton,2023-24,2023-24,2023,2022-23,BKN,BKN,TRUE,re_signed_standard,roster_continuity,3,23,77,NA,NA,FALSE,FALSE,NA,NA
nick_richards_2023_CHA,Nick Richards,2023-24,2023-24,2023,2022-23,CHA,CHA,TRUE,re_signed_standard,roster_continuity,3,25,80,NA,NA,FALSE,FALSE,NA,NA
nickeil_alexander-walker_2023_MIN,Nickeil Alexander-Walker,2023-24,2023-24,2023,2022-23,MIN,MIN,TRUE,re_signed_standard,roster_continuity,3,24,79,NA,NA,FALSE,FALSE,NA,NA
nicolas_batum_2023_PHI,Nicolas Batum,2023-24,2023-24,2023,2022-23,LAC,PHI,FALSE,new_team,team_change,3,34,79,NA,NA,FALSE,FALSE,NA,NA
nikola_jokic_2023_DEN,Nikola Jokic,2023-24,2023-24,2023,2022-23,DEN,DEN,TRUE,re_signed_standard,roster_continuity,3,27,69,NA,NA,FALSE,FALSE,NA,NA
nikola_vucevic_2023_CHI,Nikola Vucevic,2023-24,2023-24,2023,2022-23,CHI,CHI,TRUE,re_signed_standard,roster_continuity,3,32,82,NA,NA,FALSE,FALSE,NA,NA
norman_powell_2023_LAC,Norman Powell,2023-24,2023-24,2023,2022-23,LAC,LAC,TRUE,re_signed_standard,roster_continuity,3,29,60,NA,NA,FALSE,FALSE,NA,NA
obi_toppin_2023_IND,Obi Toppin,2023-24,2023-24,2023,2022-23,NYK,IND,FALSE,new_team,team_change,3,24,69,NA,NA,FALSE,FALSE,NA,NA
ochai_agbaji_2023_TOR,Ochai Agbaji,2023-24,2023-24,2023,2022-23,UTA,TOR,FALSE,new_team,team_change,3,22,76,NA,NA,FALSE,FALSE,NA,NA
og_anunoby_2023_NYK,OG Anunoby,2023-24,2023-24,2023,2022-23,TOR,NYK,FALSE,new_team,team_change,3,25,68,NA,NA,FALSE,FALSE,NA,NA
onyeka_okongwu_2023_ATL,Onyeka Okongwu,2023-24,2023-24,2023,2022-23,ATL,ATL,TRUE,re_signed_standard,roster_continuity,3,22,80,NA,NA,FALSE,FALSE,NA,NA
oshae_brissett_2023_BOS,Oshae Brissett,2023-24,2023-24,2023,2022-23,IND,BOS,FALSE,new_team,team_change,3,24,82,NA,NA,FALSE,FALSE,NA,NA
ousmane_dieng_2023_OKC,Ousmane Dieng,2023-24,2023-24,2023,2022-23,OKC,OKC,TRUE,re_signed_standard,roster_continuity,3,19,41,NA,NA,FALSE,FALSE,NA,NA
paolo_banchero_2023_ORL,Paolo Banchero,2023-24,2023-24,2023,2022-23,ORL,ORL,TRUE,re_signed_standard,roster_continuity,3,20,73,NA,NA,FALSE,FALSE,NA,NA
pascal_siakam_2023_IND,Pascal Siakam,2023-24,2023-24,2023,2022-23,TOR,IND,FALSE,new_team,team_change,3,28,71,NA,NA,FALSE,FALSE,NA,NA
pat_connaughton_2023_MIL,Pat Connaughton,2023-24,2023-24,2023,2022-23,MIL,MIL,TRUE,re_signed_standard,roster_continuity,3,30,62,NA,NA,FALSE,FALSE,NA,NA
patrick_baldwin_2023_WAS,Patrick Baldwin Jr.,2023-24,2023-24,2023,2022-23,GSW,WAS,FALSE,new_team,team_change,3,20,60,NA,NA,FALSE,FALSE,NA,NA
patrick_beverley_2023_MIL,Patrick Beverley,2023-24,2023-24,2023,2022-23,CHI,MIL,FALSE,new_team,team_change,3,34,73,NA,NA,FALSE,FALSE,NA,NA
patrick_williams_2023_CHI,Patrick Williams,2023-24,2023-24,2023,2022-23,CHI,CHI,TRUE,re_signed_standard,roster_continuity,3,21,82,NA,NA,FALSE,FALSE,NA,NA
patty_mills_2023_MIA,Patty Mills,2023-24,2023-24,2023,2022-23,BKN,MIA,FALSE,new_team,team_change,3,34,80,NA,NA,FALSE,FALSE,NA,NA
paul_george_2023_LAC,Paul George,2023-24,2023-24,2023,2022-23,LAC,LAC,TRUE,re_signed_standard,roster_continuity,3,32,56,NA,NA,FALSE,FALSE,NA,NA
paul_reed_2023_PHI,Paul Reed,2023-24,2023-24,2023,2022-23,PHI,PHI,TRUE,re_signed_standard,roster_continuity,3,23,82,NA,NA,FALSE,FALSE,NA,NA
payton_pritchard_2023_BOS,Payton Pritchard,2023-24,2023-24,2023,2022-23,BOS,BOS,TRUE,re_signed_standard,roster_continuity,3,25,69,NA,NA,FALSE,FALSE,NA,NA
peyton_watson_2023_DEN,Peyton Watson,2023-24,2023-24,2023,2022-23,DEN,DEN,TRUE,re_signed_standard,roster_continuity,3,20,44,NA,NA,FALSE,FALSE,NA,NA
pj_tucker_2023_LAC,P.J. Tucker,2023-24,2023-24,2023,2022-23,PHI,LAC,FALSE,new_team,team_change,3,37,76,NA,NA,FALSE,FALSE,NA,NA
pj_washington_2023_DAL,P.J. Washington,2023-24,2023-24,2023,2022-23,CHA,DAL,FALSE,new_team,team_change,3,24,75,NA,NA,FALSE,FALSE,NA,NA
precious_achiuwa_2023_NYK,Precious Achiuwa,2023-24,2023-24,2023,2022-23,TOR,NYK,FALSE,new_team,team_change,3,23,64,NA,NA,FALSE,FALSE,NA,NA
quentin_grimes_2023_DET,Quentin Grimes,2023-24,2023-24,2023,2022-23,NYK,DET,FALSE,new_team,team_change,3,22,74,NA,NA,FALSE,FALSE,NA,NA
reggie_bullock_2023_HOU,Reggie Bullock Jr.,2023-24,2023-24,2023,2022-23,DAL,HOU,FALSE,new_team,team_change,3,31,78,NA,NA,FALSE,FALSE,NA,NA
reggie_jackson_2023_DEN,Reggie Jackson,2023-24,2023-24,2023,2022-23,DEN,DEN,TRUE,re_signed_standard,roster_continuity,3,32,78,NA,NA,FALSE,FALSE,NA,NA
richaun_holmes_2023_WAS,Richaun Holmes,2023-24,2023-24,2023,2022-23,SAC,WAS,FALSE,new_team,team_change,3,29,77,NA,NA,FALSE,FALSE,NA,NA
rj_barrett_2023_TOR,RJ Barrett,2023-24,2023-24,2023,2022-23,NYK,TOR,FALSE,new_team,team_change,3,22,75,NA,NA,FALSE,FALSE,NA,NA
rj_hampton_2023_WAS,R.J. Hampton,2023-24,2023-24,2023,2022-23,DET,WAS,FALSE,new_team,team_change,3,21,66,NA,NA,FALSE,FALSE,NA,NA
robert_covington_2023_PHI,Robert Covington,2023-24,2023-24,2023,2022-23,LAC,PHI,FALSE,new_team,team_change,3,32,76,NA,NA,FALSE,FALSE,NA,NA
robin_lopez_2023_MIL,Robin Lopez,2023-24,2023-24,2023,2022-23,CLE,MIL,FALSE,new_team,team_change,3,34,81,NA,NA,FALSE,FALSE,NA,NA
royce_oneale_2023_PHX,Royce O'Neale,2023-24,2023-24,2023,2022-23,BKN,PHX,FALSE,new_team,team_change,3,29,78,NA,NA,FALSE,FALSE,NA,NA
rudy_gobert_2023_MIN,Rudy Gobert,2023-24,2023-24,2023,2022-23,MIN,MIN,TRUE,re_signed_standard,roster_continuity,3,30,73,NA,NA,FALSE,FALSE,NA,NA
rui_hachimura_2023_LAL,Rui Hachimura,2023-24,2023-24,2023,2022-23,LAL,LAL,TRUE,re_signed_standard,roster_continuity,3,24,64,NA,NA,FALSE,FALSE,NA,NA
russell_westbrook_2023_LAC,Russell Westbrook,2023-24,2023-24,2023,2022-23,LAC,LAC,TRUE,re_signed_standard,roster_continuity,3,34,74,NA,NA,FALSE,FALSE,NA,NA
ryan_arcidiacono_2023_NYK,Ryan Arcidiacono,2023-24,2023-24,2023,2022-23,POR,NYK,FALSE,new_team,team_change,3,28,62,NA,NA,FALSE,FALSE,NA,NA
ryan_rollins_2023_MIL,Ryan Rollins,2023-24,2023-24,2023,2022-23,GSW,MIL,FALSE,new_team,team_change,3,20,40,NA,NA,FALSE,FALSE,NA,NA
saddiq_bey_2023_ATL,Saddiq Bey,2023-24,2023-24,2023,2022-23,ATL,ATL,TRUE,re_signed_standard,roster_continuity,3,23,77,NA,NA,FALSE,FALSE,NA,NA
sam_hauser_2023_BOS,Sam Hauser,2023-24,2023-24,2023,2022-23,BOS,BOS,TRUE,re_signed_standard,roster_continuity,3,25,82,NA,NA,FALSE,FALSE,NA,NA
sandro_mamukelashvili_2023_SAS,Sandro Mamukelashvili,2023-24,2023-24,2023,2022-23,SAS,SAS,TRUE,re_signed_standard,roster_continuity,3,23,61,NA,NA,FALSE,FALSE,NA,NA
santi_aldama_2023_MEM,Santi Aldama,2023-24,2023-24,2023,2022-23,MEM,MEM,TRUE,re_signed_standard,roster_continuity,3,22,77,NA,NA,FALSE,FALSE,NA,NA
scottie_barnes_2023_TOR,Scottie Barnes,2023-24,2023-24,2023,2022-23,TOR,TOR,TRUE,re_signed_standard,roster_continuity,3,21,78,NA,NA,FALSE,FALSE,NA,NA
seth_curry_2023_CHA,Seth Curry,2023-24,2023-24,2023,2022-23,BKN,CHA,FALSE,new_team,team_change,3,32,62,NA,NA,FALSE,FALSE,NA,NA
shaedon_sharpe_2023_POR,Shaedon Sharpe,2023-24,2023-24,2023,2022-23,POR,POR,TRUE,re_signed_standard,roster_continuity,3,19,81,NA,NA,FALSE,FALSE,NA,NA
shai_gilgeous-alexander_2023_OKC,Shai Gilgeous-Alexander,2023-24,2023-24,2023,2022-23,OKC,OKC,TRUE,re_signed_standard,roster_continuity,3,24,70,NA,NA,FALSE,FALSE,NA,NA
shake_milton_2023_NYK,Shake Milton,2023-24,2023-24,2023,2022-23,PHI,NYK,FALSE,new_team,team_change,3,26,82,NA,NA,FALSE,FALSE,NA,NA
simone_fontecchio_2023_DET,Simone Fontecchio,2023-24,2023-24,2023,2022-23,UTA,DET,FALSE,new_team,team_change,3,27,72,NA,NA,FALSE,FALSE,NA,NA
spencer_dinwiddie_2023_LAL,Spencer Dinwiddie,2023-24,2023-24,2023,2022-23,BKN,LAL,FALSE,new_team,team_change,3,29,80,NA,NA,FALSE,FALSE,NA,NA
stephen_curry_2023_GSW,Stephen Curry,2023-24,2023-24,2023,2022-23,GSW,GSW,TRUE,re_signed_standard,roster_continuity,3,34,56,NA,NA,FALSE,FALSE,NA,NA
svi_mykhailiuk_2023_BOS,Svi Mykhailiuk,2023-24,2023-24,2023,2022-23,CHA,BOS,FALSE,new_team,team_change,3,25,80,NA,NA,FALSE,FALSE,NA,NA
taj_gibson_2023_DET,Taj Gibson,2023-24,2023-24,2023,2022-23,WAS,DET,FALSE,new_team,team_change,3,37,77,NA,NA,FALSE,FALSE,NA,NA
talen_horton-tucker_2023_UTA,Talen Horton-Tucker,2023-24,2023-24,2023,2022-23,UTA,UTA,TRUE,re_signed_standard,roster_continuity,3,22,78,NA,NA,FALSE,FALSE,NA,NA
tari_eason_2023_HOU,Tari Eason,2023-24,2023-24,2023,2022-23,HOU,HOU,TRUE,re_signed_standard,roster_continuity,3,21,82,NA,NA,FALSE,FALSE,NA,NA
taurean_prince_2023_LAL,Taurean Prince,2023-24,2023-24,2023,2022-23,MIN,LAL,FALSE,new_team,team_change,3,28,54,NA,NA,FALSE,FALSE,NA,NA
terance_mann_2023_LAC,Terance Mann,2023-24,2023-24,2023,2022-23,LAC,LAC,TRUE,re_signed_standard,roster_continuity,3,26,81,NA,NA,FALSE,FALSE,NA,NA
terry_rozier_2023_MIA,Terry Rozier,2023-24,2023-24,2023,2022-23,CHA,MIA,FALSE,new_team,team_change,3,28,66,NA,NA,FALSE,FALSE,NA,NA
terry_taylor_2023_CHI,Terry Taylor,2023-24,2023-24,2023,2022-23,CHI,CHI,TRUE,re_signed_standard,roster_continuity,3,23,67,NA,NA,FALSE,FALSE,NA,NA
thaddeus_young_2023_PHX,Thaddeus Young,2023-24,2023-24,2023,2022-23,TOR,PHX,FALSE,new_team,team_change,3,34,82,NA,NA,FALSE,FALSE,NA,NA
thanasis_antetokounmpo_2023_MIL,Thanasis Antetokounmpo,2023-24,2023-24,2023,2022-23,MIL,MIL,TRUE,re_signed_standard,roster_continuity,3,30,80,NA,NA,FALSE,FALSE,NA,NA
theo_maledon_2023_PHX,Theo Maledon,2023-24,2023-24,2023,2022-23,CHA,PHX,FALSE,new_team,team_change,3,21,46,NA,NA,FALSE,FALSE,NA,NA
thomas_bryant_2023_MIA,Thomas Bryant,2023-24,2023-24,2023,2022-23,DEN,MIA,FALSE,new_team,team_change,3,25,68,NA,NA,FALSE,FALSE,NA,NA
tim_hardaway_2023_DAL,Tim Hardaway Jr.,2023-24,2023-24,2023,2022-23,DAL,DAL,TRUE,re_signed_standard,roster_continuity,3,30,71,NA,NA,FALSE,FALSE,NA,NA
tj_mcconnell_2023_IND,T.J. McConnell,2023-24,2023-24,2023,2022-23,IND,IND,TRUE,re_signed_standard,roster_continuity,3,30,76,NA,NA,FALSE,FALSE,NA,NA
tj_warren_2023_MIN,T.J. Warren,2023-24,2023-24,2023,2022-23,PHX,MIN,FALSE,new_team,team_change,3,29,48,NA,NA,FALSE,FALSE,NA,NA
tobias_harris_2023_PHI,Tobias Harris,2023-24,2023-24,2023,2022-23,PHI,PHI,TRUE,re_signed_standard,roster_continuity,3,30,78,NA,NA,FALSE,FALSE,NA,NA
torrey_craig_2023_CHI,Torrey Craig,2023-24,2023-24,2023,2022-23,PHX,CHI,FALSE,new_team,team_change,3,32,79,NA,NA,FALSE,FALSE,NA,NA
trae_young_2023_ATL,Trae Young,2023-24,2023-24,2023,2022-23,ATL,ATL,TRUE,re_signed_standard,roster_continuity,3,24,75,NA,NA,FALSE,FALSE,NA,NA
tre_jones_2023_SAS,Tre Jones,2023-24,2023-24,2023,2022-23,SAS,SAS,TRUE,re_signed_standard,roster_continuity,3,23,70,NA,NA,FALSE,FALSE,NA,NA
tre_mann_2023_CHA,Tre Mann,2023-24,2023-24,2023,2022-23,OKC,CHA,FALSE,new_team,team_change,3,21,77,NA,NA,FALSE,FALSE,NA,NA
trendon_watford_2023_BKN,Trendon Watford,2023-24,2023-24,2023,2022-23,POR,BKN,FALSE,new_team,team_change,3,22,74,NA,NA,FALSE,FALSE,NA,NA
trent_forrest_2023_ATL,Trent Forrest,2023-24,2023-24,2023,2022-23,ATL,ATL,TRUE,re_signed_standard,roster_continuity,3,24,46,NA,NA,FALSE,FALSE,NA,NA
trey_lyles_2023_SAC,Trey Lyles,2023-24,2023-24,2023,2022-23,SAC,SAC,TRUE,re_signed_standard,roster_continuity,3,27,79,NA,NA,FALSE,FALSE,NA,NA
trey_murphy_2023_NOP,Trey Murphy III,2023-24,2023-24,2023,2022-23,NOP,NOP,TRUE,re_signed_standard,roster_continuity,3,22,79,NA,NA,FALSE,FALSE,NA,NA
troy_brown_2023_DET,Troy Brown Jr.,2023-24,2023-24,2023,2022-23,LAL,DET,FALSE,new_team,team_change,3,23,77,NA,NA,FALSE,FALSE,NA,NA
ty_jerome_2023_CLE,Ty Jerome,2023-24,2023-24,2023,2022-23,GSW,CLE,FALSE,new_team,team_change,3,25,48,NA,NA,FALSE,FALSE,NA,NA
tyler_herro_2023_MIA,Tyler Herro,2023-24,2023-24,2023,2022-23,MIA,MIA,TRUE,re_signed_standard,roster_continuity,3,23,71,NA,NA,FALSE,FALSE,NA,NA
tyrese_haliburton_2023_IND,Tyrese Haliburton,2023-24,2023-24,2023,2022-23,IND,IND,TRUE,re_signed_standard,roster_continuity,3,22,56,NA,NA,FALSE,FALSE,NA,NA
tyrese_maxey_2023_PHI,Tyrese Maxey,2023-24,2023-24,2023,2022-23,PHI,PHI,TRUE,re_signed_standard,roster_continuity,3,22,60,NA,NA,FALSE,FALSE,NA,NA
tyty_washington_2023_MIL,TyTy Washington Jr.,2023-24,2023-24,2023,2022-23,HOU,MIL,FALSE,new_team,team_change,3,21,47,NA,NA,FALSE,FALSE,NA,NA
tyus_jones_2023_WAS,Tyus Jones,2023-24,2023-24,2023,2022-23,MEM,WAS,FALSE,new_team,team_change,3,26,81,NA,NA,FALSE,FALSE,NA,NA
udoka_azubuike_2023_PHX,Udoka Azubuike,2023-24,2023-24,2023,2022-23,UTA,PHX,FALSE,new_team,team_change,3,23,75,NA,NA,FALSE,FALSE,NA,NA
usman_garuba_2023_GSW,Usman Garuba,2023-24,2023-24,2023,2022-23,HOU,GSW,FALSE,new_team,team_change,3,20,82,NA,NA,FALSE,FALSE,NA,NA
victor_oladipo_2023_MEM,Victor Oladipo,2023-24,2023-24,2023,2022-23,MIA,MEM,FALSE,new_team,team_change,3,30,51,NA,NA,FALSE,FALSE,NA,NA
vince_williams_2023_MEM,Vince Williams Jr.,2023-24,2023-24,2023,2022-23,MEM,MEM,TRUE,re_signed_standard,roster_continuity,3,22,41,NA,NA,FALSE,FALSE,NA,NA
vit_krejci_2023_ATL,Vit Krejci,2023-24,2023-24,2023,2022-23,ATL,ATL,TRUE,re_signed_standard,roster_continuity,3,22,81,NA,NA,FALSE,FALSE,NA,NA
walker_kessler_2023_UTA,Walker Kessler,2023-24,2023-24,2023,2022-23,UTA,UTA,TRUE,re_signed_standard,roster_continuity,3,21,74,NA,NA,FALSE,FALSE,NA,NA
wendell_carter_2023_ORL,Wendell Carter Jr.,2023-24,2023-24,2023,2022-23,ORL,ORL,TRUE,re_signed_standard,roster_continuity,3,23,60,NA,NA,FALSE,FALSE,NA,NA
wendell_moore_2023_MIN,Wendell Moore Jr.,2023-24,2023-24,2023,2022-23,MIN,MIN,TRUE,re_signed_standard,roster_continuity,3,21,64,NA,NA,FALSE,FALSE,NA,NA
wenyen_gabriel_2023_MEM,Wenyen Gabriel,2023-24,2023-24,2023,2022-23,LAL,MEM,FALSE,new_team,team_change,3,25,76,NA,NA,FALSE,FALSE,NA,NA
wesley_matthews_2023_ATL,Wesley Matthews,2023-24,2023-24,2023,2022-23,MIL,ATL,FALSE,new_team,team_change,3,36,67,NA,NA,FALSE,FALSE,NA,NA
xavier_tillman_2023_BOS,Xavier Tillman,2023-24,2023-24,2023,2022-23,MEM,BOS,FALSE,new_team,team_change,3,24,80,NA,NA,FALSE,FALSE,NA,NA
yuta_watanabe_2023_MEM,Yuta Watanabe,2023-24,2023-24,2023,2022-23,BKN,MEM,FALSE,new_team,team_change,3,28,68,NA,NA,FALSE,FALSE,NA,NA
zach_collins_2023_SAS,Zach Collins,2023-24,2023-24,2023,2022-23,SAS,SAS,TRUE,re_signed_standard,roster_continuity,3,25,67,NA,NA,FALSE,FALSE,NA,NA
zach_lavine_2023_CHI,Zach LaVine,2023-24,2023-24,2023,2022-23,CHI,CHI,TRUE,re_signed_standard,roster_continuity,3,27,77,NA,NA,FALSE,FALSE,NA,NA
zeke_nnaji_2023_DEN,Zeke Nnaji,2023-24,2023-24,2023,2022-23,DEN,DEN,TRUE,re_signed_standard,roster_continuity,3,22,62,NA,NA,FALSE,FALSE,NA,NA
ziaire_williams_2023_MEM,Ziaire Williams,2023-24,2023-24,2023,2022-23,MEM,MEM,TRUE,re_signed_standard,roster_continuity,3,21,41,NA,NA,FALSE,FALSE,NA,NA
aaron_gordon_2024_DEN,Aaron Gordon,2024-25,2024-25,2024,2023-24,DEN,DEN,TRUE,re_signed_standard,roster_continuity,3,28,73,NA,NA,FALSE,FALSE,NA,NA
aaron_holiday_2024_HOU,Aaron Holiday,2024-25,2024-25,2024,2023-24,HOU,HOU,TRUE,re_signed_standard,roster_continuity,3,27,82,NA,NA,FALSE,FALSE,NA,NA
aaron_nesmith_2024_IND,Aaron Nesmith,2024-25,2024-25,2024,2023-24,IND,IND,TRUE,re_signed_standard,roster_continuity,3,24,73,NA,NA,FALSE,FALSE,NA,NA
aaron_wiggins_2024_OKC,Aaron Wiggins,2024-25,2024-25,2024,2023-24,OKC,OKC,TRUE,re_signed_standard,roster_continuity,3,25,82,NA,NA,FALSE,FALSE,NA,NA
aj_green_2024_MIL,AJ Green,2024-25,2024-25,2024,2023-24,MIL,MIL,TRUE,re_signed_standard,roster_continuity,3,24,78,NA,NA,FALSE,FALSE,NA,NA
aj_lawson_2024_TOR,A.J. Lawson,2024-25,2024-25,2024,2023-24,DAL,TOR,FALSE,new_team,team_change,3,23,59,NA,NA,FALSE,FALSE,NA,NA
al_horford_2024_BOS,Al Horford,2024-25,2024-25,2024,2023-24,BOS,BOS,TRUE,re_signed_standard,roster_continuity,3,37,67,NA,NA,FALSE,FALSE,NA,NA
alec_burks_2024_MIA,Alec Burks,2024-25,2024-25,2024,2023-24,NYK,MIA,FALSE,new_team,team_change,3,32,74,NA,NA,FALSE,FALSE,NA,NA
alex_caruso_2024_OKC,Alex Caruso,2024-25,2024-25,2024,2023-24,CHI,OKC,FALSE,new_team,team_change,3,29,78,NA,NA,FALSE,FALSE,NA,NA
alex_len_2024_LAL,Alex Len,2024-25,2024-25,2024,2023-24,SAC,LAL,FALSE,new_team,team_change,3,30,62,NA,NA,FALSE,FALSE,NA,NA
alperen_sengun_2024_HOU,Alperen Sengun,2024-25,2024-25,2024,2023-24,HOU,HOU,TRUE,re_signed_standard,roster_continuity,3,21,63,NA,NA,FALSE,FALSE,NA,NA
amen_thompson_2024_HOU,Amen Thompson,2024-25,2024-25,2024,2023-24,HOU,HOU,TRUE,re_signed_standard,roster_continuity,3,21,62,NA,NA,FALSE,FALSE,NA,NA
amir_coffey_2024_LAC,Amir Coffey,2024-25,2024-25,2024,2023-24,LAC,LAC,TRUE,re_signed_standard,roster_continuity,3,26,82,NA,NA,FALSE,FALSE,NA,NA
andre_drummond_2024_PHI,Andre Drummond,2024-25,2024-25,2024,2023-24,CHI,PHI,FALSE,new_team,team_change,3,30,79,NA,NA,FALSE,FALSE,NA,NA
andre_jackson_2024_MIL,Andre Jackson Jr.,2024-25,2024-25,2024,2023-24,MIL,MIL,TRUE,re_signed_standard,roster_continuity,3,22,79,NA,NA,FALSE,FALSE,NA,NA
andrew_nembhard_2024_IND,Andrew Nembhard,2024-25,2024-25,2024,2023-24,IND,IND,TRUE,re_signed_standard,roster_continuity,3,24,70,NA,NA,FALSE,FALSE,NA,NA
andrew_wiggins_2024_MIA,Andrew Wiggins,2024-25,2024-25,2024,2023-24,GSW,MIA,FALSE,new_team,team_change,3,28,72,NA,NA,FALSE,FALSE,NA,NA
anfernee_simons_2024_POR,Anfernee Simons,2024-25,2024-25,2024,2023-24,POR,POR,TRUE,re_signed_standard,roster_continuity,3,24,51,NA,NA,FALSE,FALSE,NA,NA
anthony_black_2024_ORL,Anthony Black,2024-25,2024-25,2024,2023-24,ORL,ORL,TRUE,re_signed_standard,roster_continuity,3,20,82,NA,NA,FALSE,FALSE,NA,NA
anthony_davis_2024_DAL,Anthony Davis,2024-25,2024-25,2024,2023-24,LAL,DAL,FALSE,new_team,team_change,3,30,80,NA,NA,FALSE,FALSE,NA,NA
anthony_edwards_2024_MIN,Anthony Edwards,2024-25,2024-25,2024,2023-24,MIN,MIN,TRUE,re_signed_standard,roster_continuity,3,22,79,NA,NA,FALSE,FALSE,NA,NA
anthony_gill_2024_WAS,Anthony Gill,2024-25,2024-25,2024,2023-24,WAS,WAS,TRUE,re_signed_standard,roster_continuity,3,31,81,NA,NA,FALSE,FALSE,NA,NA
ausar_thompson_2024_DET,Ausar Thompson,2024-25,2024-25,2024,2023-24,DET,DET,TRUE,re_signed_standard,roster_continuity,3,21,65,NA,NA,FALSE,FALSE,NA,NA
austin_reaves_2024_LAL,Austin Reaves,2024-25,2024-25,2024,2023-24,LAL,LAL,TRUE,re_signed_standard,roster_continuity,3,25,83,NA,NA,FALSE,FALSE,NA,NA
ayo_dosunmu_2024_CHI,Ayo Dosunmu,2024-25,2024-25,2024,2023-24,CHI,CHI,TRUE,re_signed_standard,roster_continuity,3,24,76,NA,NA,FALSE,FALSE,NA,NA
bam_adebayo_2024_MIA,Bam Adebayo,2024-25,2024-25,2024,2023-24,MIA,MIA,TRUE,re_signed_standard,roster_continuity,3,26,74,NA,NA,FALSE,FALSE,NA,NA
ben_sheppard_2024_IND,Ben Sheppard,2024-25,2024-25,2024,2023-24,IND,IND,TRUE,re_signed_standard,roster_continuity,3,22,78,NA,NA,FALSE,FALSE,NA,NA
bennedict_mathurin_2024_IND,Bennedict Mathurin,2024-25,2024-25,2024,2023-24,IND,IND,TRUE,re_signed_standard,roster_continuity,3,21,61,NA,NA,FALSE,FALSE,NA,NA
bilal_coulibaly_2024_WAS,Bilal Coulibaly,2024-25,2024-25,2024,2023-24,WAS,WAS,TRUE,re_signed_standard,roster_continuity,3,19,64,NA,NA,FALSE,FALSE,NA,NA
bismack_biyombo_2024_SAS,Bismack Biyombo,2024-25,2024-25,2024,2023-24,OKC,SAS,FALSE,new_team,team_change,3,31,60,NA,NA,FALSE,FALSE,NA,NA
blake_wesley_2024_SAS,Blake Wesley,2024-25,2024-25,2024,2023-24,SAS,SAS,TRUE,re_signed_standard,roster_continuity,3,20,75,NA,NA,FALSE,FALSE,NA,NA
bobby_portis_2024_MIL,Bobby Portis,2024-25,2024-25,2024,2023-24,MIL,MIL,TRUE,re_signed_standard,roster_continuity,3,28,82,NA,NA,FALSE,FALSE,NA,NA
bogdan_bogdanovic_2024_LAC,Bogdan Bogdanovic,2024-25,2024-25,2024,2023-24,ATL,LAC,FALSE,new_team,team_change,3,31,82,NA,NA,FALSE,FALSE,NA,NA
bol_bol_2024_PHX,Bol Bol,2024-25,2024-25,2024,2023-24,PHX,PHX,TRUE,re_signed_standard,roster_continuity,3,24,71,NA,NA,FALSE,FALSE,NA,NA
bones_hyland_2024_MIN,Bones Hyland,2024-25,2024-25,2024,2023-24,LAC,MIN,FALSE,new_team,team_change,3,23,78,NA,NA,FALSE,FALSE,NA,NA
bradley_beal_2024_PHX,Bradley Beal,2024-25,2024-25,2024,2023-24,PHX,PHX,TRUE,re_signed_standard,roster_continuity,3,30,53,NA,NA,FALSE,FALSE,NA,NA
brandin_podziemski_2024_GSW,Brandin Podziemski,2024-25,2024-25,2024,2023-24,GSW,GSW,TRUE,re_signed_standard,roster_continuity,3,20,79,NA,NA,FALSE,FALSE,NA,NA
brandon_boston_2024_NOP,Brandon Boston,2024-25,2024-25,2024,2023-24,LAC,NOP,FALSE,new_team,team_change,3,22,60,NA,NA,FALSE,FALSE,NA,NA
brandon_ingram_2024_TOR,Brandon Ingram,2024-25,2024-25,2024,2023-24,NOP,TOR,FALSE,new_team,team_change,3,26,65,NA,NA,FALSE,FALSE,NA,NA
brandon_miller_2024_CHA,Brandon Miller,2024-25,2024-25,2024,2023-24,CHA,CHA,TRUE,re_signed_standard,roster_continuity,3,21,78,NA,NA,FALSE,FALSE,NA,NA
braxton_key_2024_GSW,Braxton Key,2024-25,2024-25,2024,2023-24,DEN,GSW,FALSE,new_team,team_change,3,26,50,NA,NA,FALSE,FALSE,NA,NA
brice_sensabaugh_2024_UTA,Brice Sensabaugh,2024-25,2024-25,2024,2023-24,UTA,UTA,TRUE,re_signed_standard,roster_continuity,3,20,46,NA,NA,FALSE,FALSE,NA,NA
brook_lopez_2024_MIL,Brook Lopez,2024-25,2024-25,2024,2023-24,MIL,MIL,TRUE,re_signed_standard,roster_continuity,3,35,79,NA,NA,FALSE,FALSE,NA,NA
bruce_brown_2024_NOP,Bruce Brown,2024-25,2024-25,2024,2023-24,TOR,NOP,FALSE,new_team,team_change,3,27,72,NA,NA,FALSE,FALSE,NA,NA
bruno_fernando_2024_TOR,Bruno Fernando,2024-25,2024-25,2024,2023-24,ATL,TOR,FALSE,new_team,team_change,3,25,77,NA,NA,FALSE,FALSE,NA,NA
bryce_mcgowens_2024_POR,Bryce McGowens,2024-25,2024-25,2024,2023-24,CHA,POR,FALSE,new_team,team_change,3,21,78,NA,NA,FALSE,FALSE,NA,NA
buddy_hield_2024_GSW,Buddy Hield,2024-25,2024-25,2024,2023-24,PHI,GSW,FALSE,new_team,team_change,3,31,85,NA,NA,FALSE,FALSE,NA,NA
cade_cunningham_2024_DET,Cade Cunningham,2024-25,2024-25,2024,2023-24,DET,DET,TRUE,re_signed_standard,roster_continuity,3,22,74,NA,NA,FALSE,FALSE,NA,NA
caleb_houstan_2024_ORL,Caleb Houstan,2024-25,2024-25,2024,2023-24,ORL,ORL,TRUE,re_signed_standard,roster_continuity,3,21,78,NA,NA,FALSE,FALSE,NA,NA
caleb_martin_2024_DAL,Caleb Martin,2024-25,2024-25,2024,2023-24,MIA,DAL,FALSE,new_team,team_change,3,28,65,NA,NA,FALSE,FALSE,NA,NA
cam_reddish_2024_LAL,Cam Reddish,2024-25,2024-25,2024,2023-24,LAL,LAL,TRUE,re_signed_standard,roster_continuity,3,24,60,NA,NA,FALSE,FALSE,NA,NA
cam_thomas_2024_BKN,Cam Thomas,2024-25,2024-25,2024,2023-24,BKN,BKN,TRUE,re_signed_standard,roster_continuity,3,22,75,NA,NA,FALSE,FALSE,NA,NA
cam_whitmore_2024_HOU,Cam Whitmore,2024-25,2024-25,2024,2023-24,HOU,HOU,TRUE,re_signed_standard,roster_continuity,3,19,57,NA,NA,FALSE,FALSE,NA,NA
cameron_johnson_2024_BKN,Cameron Johnson,2024-25,2024-25,2024,2023-24,BKN,BKN,TRUE,re_signed_standard,roster_continuity,3,27,65,NA,NA,FALSE,FALSE,NA,NA
cameron_payne_2024_NYK,Cameron Payne,2024-25,2024-25,2024,2023-24,PHI,NYK,FALSE,new_team,team_change,3,29,82,NA,NA,FALSE,FALSE,NA,NA
caris_levert_2024_ATL,Caris LeVert,2024-25,2024-25,2024,2023-24,CLE,ATL,FALSE,new_team,team_change,3,29,75,NA,NA,FALSE,FALSE,NA,NA
cason_wallace_2024_OKC,Cason Wallace,2024-25,2024-25,2024,2023-24,OKC,OKC,TRUE,re_signed_standard,roster_continuity,3,20,82,NA,NA,FALSE,FALSE,NA,NA
chet_holmgren_2024_OKC,Chet Holmgren,2024-25,2024-25,2024,2023-24,OKC,OKC,TRUE,re_signed_standard,roster_continuity,3,21,82,NA,NA,FALSE,FALSE,NA,NA
chris_boucher_2024_TOR,Chris Boucher,2024-25,2024-25,2024,2023-24,TOR,TOR,TRUE,re_signed_standard,roster_continuity,3,31,69,NA,NA,FALSE,FALSE,NA,NA
chris_duarte_2024_CHI,Chris Duarte,2024-25,2024-25,2024,2023-24,SAC,CHI,FALSE,new_team,team_change,3,26,79,NA,NA,FALSE,FALSE,NA,NA
chris_livingston_2024_MIL,Chris Livingston,2024-25,2024-25,2024,2023-24,MIL,MIL,TRUE,re_signed_standard,roster_continuity,3,20,49,NA,NA,FALSE,FALSE,NA,NA
chris_paul_2024_SAS,Chris Paul,2024-25,2024-25,2024,2023-24,GSW,SAS,FALSE,new_team,team_change,3,38,59,NA,NA,FALSE,FALSE,NA,NA
christian_braun_2024_DEN,Christian Braun,2024-25,2024-25,2024,2023-24,DEN,DEN,TRUE,re_signed_standard,roster_continuity,3,22,82,NA,NA,FALSE,FALSE,NA,NA
christian_wood_2024_LAL,Christian Wood,2024-25,2024-25,2024,2023-24,LAL,LAL,TRUE,re_signed_standard,roster_continuity,3,28,57,NA,NA,FALSE,FALSE,NA,NA
chuma_okeke_2024_CLE,Chuma Okeke,2024-25,2024-25,2024,2023-24,ORL,CLE,FALSE,new_team,team_change,3,25,82,NA,NA,FALSE,FALSE,NA,NA
cj_mccollum_2024_NOP,CJ McCollum,2024-25,2024-25,2024,2023-24,NOP,NOP,TRUE,re_signed_standard,roster_continuity,3,32,66,NA,NA,FALSE,FALSE,NA,NA
clint_capela_2024_ATL,Clint Capela,2024-25,2024-25,2024,2023-24,ATL,ATL,TRUE,re_signed_standard,roster_continuity,3,29,76,NA,NA,FALSE,FALSE,NA,NA
coby_white_2024_CHI,Coby White,2024-25,2024-25,2024,2023-24,CHI,CHI,TRUE,re_signed_standard,roster_continuity,3,23,79,NA,NA,FALSE,FALSE,NA,NA
colby_jones_2024_WAS,Colby Jones,2024-25,2024-25,2024,2023-24,SAC,WAS,FALSE,new_team,team_change,3,21,59,NA,NA,FALSE,FALSE,NA,NA
cole_anthony_2024_ORL,Cole Anthony,2024-25,2024-25,2024,2023-24,ORL,ORL,TRUE,re_signed_standard,roster_continuity,3,23,81,NA,NA,FALSE,FALSE,NA,NA
cole_swider_2024_TOR,Cole Swider,2024-25,2024-25,2024,2023-24,MIA,TOR,FALSE,new_team,team_change,3,24,43,NA,NA,FALSE,FALSE,NA,NA
collin_gillespie_2024_PHX,Collin Gillespie,2024-25,2024-25,2024,2023-24,DEN,PHX,FALSE,new_team,team_change,3,24,49,NA,NA,FALSE,FALSE,NA,NA
collin_sexton_2024_UTA,Collin Sexton,2024-25,2024-25,2024,2023-24,UTA,UTA,TRUE,re_signed_standard,roster_continuity,3,25,78,NA,NA,FALSE,FALSE,NA,NA
corey_kispert_2024_WAS,Corey Kispert,2024-25,2024-25,2024,2023-24,WAS,WAS,TRUE,re_signed_standard,roster_continuity,3,24,81,NA,NA,FALSE,FALSE,NA,NA
cory_joseph_2024_ORL,Cory Joseph,2024-25,2024-25,2024,2023-24,GSW,ORL,FALSE,new_team,team_change,3,32,48,NA,NA,FALSE,FALSE,NA,NA
craig_porter_2024_CLE,Craig Porter Jr.,2024-25,2024-25,2024,2023-24,CLE,CLE,TRUE,re_signed_standard,roster_continuity,3,23,71,NA,NA,FALSE,FALSE,NA,NA
daishen_nix_2024_SAC,Daishen Nix,2024-25,2024-25,2024,2023-24,MIN,SAC,FALSE,new_team,team_change,3,21,43,NA,NA,FALSE,FALSE,NA,NA
dalano_banton_2024_POR,Dalano Banton,2024-25,2024-25,2024,2023-24,POR,POR,TRUE,re_signed_standard,roster_continuity,3,24,80,NA,NA,FALSE,FALSE,NA,NA
dalen_terry_2024_CHI,Dalen Terry,2024-25,2024-25,2024,2023-24,CHI,CHI,TRUE,re_signed_standard,roster_continuity,3,21,74,NA,NA,FALSE,FALSE,NA,NA
damian_lillard_2024_MIL,Damian Lillard,2024-25,2024-25,2024,2023-24,MIL,MIL,TRUE,re_signed_standard,roster_continuity,3,33,74,NA,NA,FALSE,FALSE,NA,NA
dangelo_russell_2024_BKN,D'Angelo Russell,2024-25,2024-25,2024,2023-24,LAL,BKN,FALSE,new_team,team_change,3,27,81,NA,NA,FALSE,FALSE,NA,NA
daniel_gafford_2024_DAL,Daniel Gafford,2024-25,2024-25,2024,2023-24,DAL,DAL,TRUE,re_signed_standard,roster_continuity,3,25,74,NA,NA,FALSE,FALSE,NA,NA
daniel_theis_2024_NOP,Daniel Theis,2024-25,2024-25,2024,2023-24,LAC,NOP,FALSE,new_team,team_change,3,31,80,NA,NA,FALSE,FALSE,NA,NA
dante_exum_2024_DAL,Dante Exum,2024-25,2024-25,2024,2023-24,DAL,DAL,TRUE,re_signed_standard,roster_continuity,3,28,57,NA,NA,FALSE,FALSE,NA,NA
daquan_jeffries_2024_CHA,DaQuan Jeffries,2024-25,2024-25,2024,2023-24,NYK,CHA,FALSE,new_team,team_change,3,26,54,NA,NA,FALSE,FALSE,NA,NA
dario_saric_2024_DEN,Dario Saric,2024-25,2024-25,2024,2023-24,GSW,DEN,FALSE,new_team,team_change,3,29,74,NA,NA,FALSE,FALSE,NA,NA
darius_garland_2024_CLE,Darius Garland,2024-25,2024-25,2024,2023-24,CLE,CLE,TRUE,re_signed_standard,roster_continuity,3,24,57,NA,NA,FALSE,FALSE,NA,NA
david_roddy_2024_HOU,David Roddy,2024-25,2024-25,2024,2023-24,PHX,HOU,FALSE,new_team,team_change,3,22,81,NA,NA,FALSE,FALSE,NA,NA
davion_mitchell_2024_MIA,Davion Mitchell,2024-25,2024-25,2024,2023-24,SAC,MIA,FALSE,new_team,team_change,3,25,81,NA,NA,FALSE,FALSE,NA,NA
dayron_sharpe_2024_BKN,Day'Ron Sharpe,2024-25,2024-25,2024,2023-24,BKN,BKN,TRUE,re_signed_standard,roster_continuity,3,22,72,NA,NA,FALSE,FALSE,NA,NA
deaaron_fox_2024_SAS,De'Aaron Fox,2024-25,2024-25,2024,2023-24,SAC,SAS,FALSE,new_team,team_change,3,26,74,NA,NA,FALSE,FALSE,NA,NA
dean_wade_2024_CLE,Dean Wade,2024-25,2024-25,2024,2023-24,CLE,CLE,TRUE,re_signed_standard,roster_continuity,3,27,57,NA,NA,FALSE,FALSE,NA,NA
deandre_ayton_2024_POR,Deandre Ayton,2024-25,2024-25,2024,2023-24,POR,POR,TRUE,re_signed_standard,roster_continuity,3,25,56,NA,NA,FALSE,FALSE,NA,NA
deandre_hunter_2024_CLE,De'Andre Hunter,2024-25,2024-25,2024,2023-24,ATL,CLE,FALSE,new_team,team_change,3,26,58,NA,NA,FALSE,FALSE,NA,NA
deandre_jordan_2024_DEN,DeAndre Jordan,2024-25,2024-25,2024,2023-24,DEN,DEN,TRUE,re_signed_standard,roster_continuity,3,35,82,NA,NA,FALSE,FALSE,NA,NA
deanthony_melton_2024_GSW,De'Anthony Melton,2024-25,2024-25,2024,2023-24,PHI,GSW,FALSE,new_team,team_change,3,25,41,NA,NA,FALSE,FALSE,NA,NA
dejounte_murray_2024_NOP,Dejounte Murray,2024-25,2024-25,2024,2023-24,ATL,NOP,FALSE,new_team,team_change,3,27,82,NA,NA,FALSE,FALSE,NA,NA
delon_wright_2024_NYK,Delon Wright,2024-25,2024-25,2024,2023-24,MIA,NYK,FALSE,new_team,team_change,3,31,60,NA,NA,FALSE,FALSE,NA,NA
demar_derozan_2024_SAC,DeMar DeRozan,2024-25,2024-25,2024,2023-24,CHI,SAC,FALSE,new_team,team_change,3,34,80,NA,NA,FALSE,FALSE,NA,NA
deni_avdija_2024_POR,Deni Avdija,2024-25,2024-25,2024,2023-24,WAS,POR,FALSE,new_team,team_change,3,23,79,NA,NA,FALSE,FALSE,NA,NA
dennis_schroder_2024_DET,Dennis Schroder,2024-25,2024-25,2024,2023-24,BKN,DET,FALSE,new_team,team_change,3,30,82,NA,NA,FALSE,FALSE,NA,NA
dennis_smith_2024_BKN,Dennis Smith Jr.,2024-25,2024-25,2024,2023-24,BKN,BKN,TRUE,re_signed_standard,roster_continuity,3,26,70,NA,NA,FALSE,FALSE,NA,NA
dereck_lively_2024_DAL,Dereck Lively II,2024-25,2024-25,2024,2023-24,DAL,DAL,TRUE,re_signed_standard,roster_continuity,3,19,55,NA,NA,FALSE,FALSE,NA,NA
derrick_jones_2024_LAC,Derrick Jones Jr.,2024-25,2024-25,2024,2023-24,DAL,LAC,FALSE,new_team,team_change,3,26,77,NA,NA,FALSE,FALSE,NA,NA
derrick_white_2024_BOS,Derrick White,2024-25,2024-25,2024,2023-24,BOS,BOS,TRUE,re_signed_standard,roster_continuity,3,29,76,NA,NA,FALSE,FALSE,NA,NA
desmond_bane_2024_MEM,Desmond Bane,2024-25,2024-25,2024,2023-24,MEM,MEM,TRUE,re_signed_standard,roster_continuity,3,25,43,NA,NA,FALSE,FALSE,NA,NA
devin_booker_2024_PHX,Devin Booker,2024-25,2024-25,2024,2023-24,PHX,PHX,TRUE,re_signed_standard,roster_continuity,3,27,68,NA,NA,FALSE,FALSE,NA,NA
devin_vassell_2024_SAS,Devin Vassell,2024-25,2024-25,2024,2023-24,SAS,SAS,TRUE,re_signed_standard,roster_continuity,3,23,69,NA,NA,FALSE,FALSE,NA,NA
dillon_brooks_2024_HOU,Dillon Brooks,2024-25,2024-25,2024,2023-24,HOU,HOU,TRUE,re_signed_standard,roster_continuity,3,28,73,NA,NA,FALSE,FALSE,NA,NA
domantas_sabonis_2024_SAC,Domantas Sabonis,2024-25,2024-25,2024,2023-24,SAC,SAC,TRUE,re_signed_standard,roster_continuity,3,27,82,NA,NA,FALSE,FALSE,NA,NA
dominick_barlow_2024_ATL,Dominick Barlow,2024-25,2024-25,2024,2023-24,SAS,ATL,FALSE,new_team,team_change,3,20,48,NA,NA,FALSE,FALSE,NA,NA
donovan_mitchell_2024_CLE,Donovan Mitchell,2024-25,2024-25,2024,2023-24,CLE,CLE,TRUE,re_signed_standard,roster_continuity,3,27,56,NA,NA,FALSE,FALSE,NA,NA
donte_divincenzo_2024_MIN,Donte DiVincenzo,2024-25,2024-25,2024,2023-24,NYK,MIN,FALSE,new_team,team_change,3,27,82,NA,NA,FALSE,FALSE,NA,NA
dorian_finney-smith_2024_LAL,Dorian Finney-Smith,2024-25,2024-25,2024,2023-24,BKN,LAL,FALSE,new_team,team_change,3,30,77,NA,NA,FALSE,FALSE,NA,NA
doug_mcdermott_2024_SAC,Doug McDermott,2024-25,2024-25,2024,2023-24,IND,SAC,FALSE,new_team,team_change,3,32,67,NA,NA,FALSE,FALSE,NA,NA
draymond_green_2024_GSW,Draymond Green,2024-25,2024-25,2024,2023-24,GSW,GSW,TRUE,re_signed_standard,roster_continuity,3,33,75,NA,NA,FALSE,FALSE,NA,NA
drew_eubanks_2024_LAC,Drew Eubanks,2024-25,2024-25,2024,2023-24,PHX,LAC,FALSE,new_team,team_change,3,26,80,NA,NA,FALSE,FALSE,NA,NA
duncan_robinson_2024_MIA,Duncan Robinson,2024-25,2024-25,2024,2023-24,MIA,MIA,TRUE,re_signed_standard,roster_continuity,3,29,69,NA,NA,FALSE,FALSE,NA,NA
duop_reath_2024_POR,Duop Reath,2024-25,2024-25,2024,2023-24,POR,POR,TRUE,re_signed_standard,roster_continuity,3,27,71,NA,NA,FALSE,FALSE,NA,NA
dwight_powell_2024_DAL,Dwight Powell,2024-25,2024-25,2024,2023-24,DAL,DAL,TRUE,re_signed_standard,roster_continuity,3,32,79,NA,NA,FALSE,FALSE,NA,NA
dyson_daniels_2024_ATL,Dyson Daniels,2024-25,2024-25,2024,2023-24,NOP,ATL,FALSE,new_team,team_change,3,20,61,NA,NA,FALSE,FALSE,NA,NA
eric_gordon_2024_PHI,Eric Gordon,2024-25,2024-25,2024,2023-24,PHX,PHI,FALSE,new_team,team_change,3,35,68,NA,NA,FALSE,FALSE,NA,NA
eugene_omoruyi_2024_TOR,Eugene Omoruyi,2024-25,2024-25,2024,2023-24,WAS,TOR,FALSE,new_team,team_change,3,26,62,NA,NA,FALSE,FALSE,NA,NA
evan_mobley_2024_CLE,Evan Mobley,2024-25,2024-25,2024,2023-24,CLE,CLE,TRUE,re_signed_standard,roster_continuity,3,22,50,NA,NA,FALSE,FALSE,NA,NA
franz_wagner_2024_ORL,Franz Wagner,2024-25,2024-25,2024,2023-24,ORL,ORL,TRUE,re_signed_standard,roster_continuity,3,22,72,NA,NA,FALSE,FALSE,NA,NA
fred_vanvleet_2024_HOU,Fred VanVleet,2024-25,2024-25,2024,2023-24,HOU,HOU,TRUE,re_signed_standard,roster_continuity,3,29,73,NA,NA,FALSE,FALSE,NA,NA
garrett_temple_2024_TOR,Garrett Temple,2024-25,2024-25,2024,2023-24,TOR,TOR,TRUE,re_signed_standard,roster_continuity,3,37,80,NA,NA,FALSE,FALSE,NA,NA
garrison_mathews_2024_ATL,Garrison Mathews,2024-25,2024-25,2024,2023-24,ATL,ATL,TRUE,re_signed_standard,roster_continuity,3,27,81,NA,NA,FALSE,FALSE,NA,NA
gary_harris_2024_ORL,Gary Harris,2024-25,2024-25,2024,2023-24,ORL,ORL,TRUE,re_signed_standard,roster_continuity,3,29,54,NA,NA,FALSE,FALSE,NA,NA
gary_payton_2024_GSW,Gary Payton II,2024-25,2024-25,2024,2023-24,GSW,GSW,TRUE,re_signed_standard,roster_continuity,3,31,51,NA,NA,FALSE,FALSE,NA,NA
gary_trent_2024_MIL,Gary Trent Jr.,2024-25,2024-25,2024,2023-24,TOR,MIL,FALSE,new_team,team_change,3,25,78,NA,NA,FALSE,FALSE,NA,NA
georges_niang_2024_ATL,Georges Niang,2024-25,2024-25,2024,2023-24,CLE,ATL,FALSE,new_team,team_change,3,30,82,NA,NA,FALSE,FALSE,NA,NA
gg_jackson_2024_MEM,GG Jackson,2024-25,2024-25,2024,2023-24,MEM,MEM,TRUE,re_signed_standard,roster_continuity,3,19,55,NA,NA,FALSE,FALSE,NA,NA
giannis_antetokounmpo_2024_MIL,Giannis Antetokounmpo,2024-25,2024-25,2024,2023-24,MIL,MIL,TRUE,re_signed_standard,roster_continuity,3,29,73,NA,NA,FALSE,FALSE,NA,NA
goga_bitadze_2024_ORL,Goga Bitadze,2024-25,2024-25,2024,2023-24,ORL,ORL,TRUE,re_signed_standard,roster_continuity,3,24,82,NA,NA,FALSE,FALSE,NA,NA
gradey_dick_2024_TOR,Gradey Dick,2024-25,2024-25,2024,2023-24,TOR,TOR,TRUE,re_signed_standard,roster_continuity,3,20,72,NA,NA,FALSE,FALSE,NA,NA
grant_williams_2024_CHA,Grant Williams,2024-25,2024-25,2024,2023-24,CHA,CHA,TRUE,re_signed_standard,roster_continuity,3,25,77,NA,NA,FALSE,FALSE,NA,NA
grayson_allen_2024_PHX,Grayson Allen,2024-25,2024-25,2024,2023-24,PHX,PHX,TRUE,re_signed_standard,roster_continuity,3,28,75,NA,NA,FALSE,FALSE,NA,NA
gui_santos_2024_GSW,Gui Santos,2024-25,2024-25,2024,2023-24,GSW,GSW,TRUE,re_signed_standard,roster_continuity,3,21,42,NA,NA,FALSE,FALSE,NA,NA
harrison_barnes_2024_SAS,Harrison Barnes,2024-25,2024-25,2024,2023-24,SAC,SAS,FALSE,new_team,team_change,3,31,82,NA,NA,FALSE,FALSE,NA,NA
haywood_highsmith_2024_MIA,Haywood Highsmith,2024-25,2024-25,2024,2023-24,MIA,MIA,TRUE,re_signed_standard,roster_continuity,3,27,69,NA,NA,FALSE,FALSE,NA,NA
herbert_jones_2024_NOP,Herbert Jones,2024-25,2024-25,2024,2023-24,NOP,NOP,TRUE,re_signed_standard,roster_continuity,3,25,77,NA,NA,FALSE,FALSE,NA,NA
hunter_tyson_2024_DEN,Hunter Tyson,2024-25,2024-25,2024,2023-24,DEN,DEN,TRUE,re_signed_standard,roster_continuity,3,23,46,NA,NA,FALSE,FALSE,NA,NA
immanuel_quickley_2024_TOR,Immanuel Quickley,2024-25,2024-25,2024,2023-24,TOR,TOR,TRUE,re_signed_standard,roster_continuity,3,24,69,NA,NA,FALSE,FALSE,NA,NA
isaac_okoro_2024_CLE,Isaac Okoro,2024-25,2024-25,2024,2023-24,CLE,CLE,TRUE,re_signed_standard,roster_continuity,3,23,71,NA,NA,FALSE,FALSE,NA,NA
isaiah_hartenstein_2024_OKC,Isaiah Hartenstein,2024-25,2024-25,2024,2023-24,NYK,OKC,FALSE,new_team,team_change,3,25,78,NA,NA,FALSE,FALSE,NA,NA
isaiah_jackson_2024_IND,Isaiah Jackson,2024-25,2024-25,2024,2023-24,IND,IND,TRUE,re_signed_standard,roster_continuity,3,22,80,NA,NA,FALSE,FALSE,NA,NA
isaiah_joe_2024_OKC,Isaiah Joe,2024-25,2024-25,2024,2023-24,OKC,OKC,TRUE,re_signed_standard,roster_continuity,3,24,78,NA,NA,FALSE,FALSE,NA,NA
isaiah_stewart_2024_DET,Isaiah Stewart,2024-25,2024-25,2024,2023-24,DET,DET,TRUE,re_signed_standard,roster_continuity,3,22,56,NA,NA,FALSE,FALSE,NA,NA
ivica_zubac_2024_LAC,Ivica Zubac,2024-25,2024-25,2024,2023-24,LAC,LAC,TRUE,re_signed_standard,roster_continuity,3,26,71,NA,NA,FALSE,FALSE,NA,NA
jabari_smith_2024_HOU,Jabari Smith Jr.,2024-25,2024-25,2024,2023-24,HOU,HOU,TRUE,re_signed_standard,roster_continuity,3,20,79,NA,NA,FALSE,FALSE,NA,NA
jabari_walker_2024_POR,Jabari Walker,2024-25,2024-25,2024,2023-24,POR,POR,TRUE,re_signed_standard,roster_continuity,3,21,73,NA,NA,FALSE,FALSE,NA,NA
jaden_hardy_2024_DAL,Jaden Hardy,2024-25,2024-25,2024,2023-24,DAL,DAL,TRUE,re_signed_standard,roster_continuity,3,21,82,NA,NA,FALSE,FALSE,NA,NA
jaden_ivey_2024_DET,Jaden Ivey,2024-25,2024-25,2024,2023-24,DET,DET,TRUE,re_signed_standard,roster_continuity,3,21,82,NA,NA,FALSE,FALSE,NA,NA
jaden_mcdaniels_2024_MIN,Jaden McDaniels,2024-25,2024-25,2024,2023-24,MIN,MIN,TRUE,re_signed_standard,roster_continuity,3,23,72,NA,NA,FALSE,FALSE,NA,NA
jaden_springer_2024_UTA,Jaden Springer,2024-25,2024-25,2024,2023-24,BOS,UTA,FALSE,new_team,team_change,3,21,65,NA,NA,FALSE,FALSE,NA,NA
jae_crowder_2024_SAC,Jae Crowder,2024-25,2024-25,2024,2023-24,MIL,SAC,FALSE,new_team,team_change,3,33,51,NA,NA,FALSE,FALSE,NA,NA
jaesean_tate_2024_HOU,Jae'Sean Tate,2024-25,2024-25,2024,2023-24,HOU,HOU,TRUE,re_signed_standard,roster_continuity,3,28,73,NA,NA,FALSE,FALSE,NA,NA
jaime_jaquez_2024_MIA,Jaime Jaquez Jr.,2024-25,2024-25,2024,2023-24,MIA,MIA,TRUE,re_signed_standard,roster_continuity,3,22,76,NA,NA,FALSE,FALSE,NA,NA
jake_laravia_2024_SAC,Jake LaRavia,2024-25,2024-25,2024,2023-24,MEM,SAC,FALSE,new_team,team_change,3,22,52,NA,NA,FALSE,FALSE,NA,NA
jakob_poeltl_2024_TOR,Jakob Poeltl,2024-25,2024-25,2024,2023-24,TOR,TOR,TRUE,re_signed_standard,roster_continuity,3,28,50,NA,NA,FALSE,FALSE,NA,NA
jalen_brunson_2024_NYK,Jalen Brunson,2024-25,2024-25,2024,2023-24,NYK,NYK,TRUE,re_signed_standard,roster_continuity,3,27,82,NA,NA,FALSE,FALSE,NA,NA
jalen_duren_2024_DET,Jalen Duren,2024-25,2024-25,2024,2023-24,DET,DET,TRUE,re_signed_standard,roster_continuity,3,20,73,NA,NA,FALSE,FALSE,NA,NA
jalen_green_2024_HOU,Jalen Green,2024-25,2024-25,2024,2023-24,HOU,HOU,TRUE,re_signed_standard,roster_continuity,3,21,82,NA,NA,FALSE,FALSE,NA,NA
jalen_hood-schifino_2024_PHI,Jalen Hood-Schifino,2024-25,2024-25,2024,2023-24,LAL,PHI,FALSE,new_team,team_change,3,20,46,NA,NA,FALSE,FALSE,NA,NA
jalen_johnson_2024_ATL,Jalen Johnson,2024-25,2024-25,2024,2023-24,ATL,ATL,TRUE,re_signed_standard,roster_continuity,3,22,62,NA,NA,FALSE,FALSE,NA,NA
jalen_mcdaniels_2024_WAS,Jalen McDaniels,2024-25,2024-25,2024,2023-24,TOR,WAS,FALSE,new_team,team_change,3,26,82,NA,NA,FALSE,FALSE,NA,NA
jalen_pickett_2024_DEN,Jalen Pickett,2024-25,2024-25,2024,2023-24,DEN,DEN,TRUE,re_signed_standard,roster_continuity,3,24,55,NA,NA,FALSE,FALSE,NA,NA
jalen_smith_2024_CHI,Jalen Smith,2024-25,2024-25,2024,2023-24,IND,CHI,FALSE,new_team,team_change,3,23,68,NA,NA,FALSE,FALSE,NA,NA
jalen_suggs_2024_ORL,Jalen Suggs,2024-25,2024-25,2024,2023-24,ORL,ORL,TRUE,re_signed_standard,roster_continuity,3,22,76,NA,NA,FALSE,FALSE,NA,NA
jalen_williams_2024_OKC,Jalen Williams,2024-25,2024-25,2024,2023-24,OKC,OKC,TRUE,re_signed_standard,roster_continuity,3,22,71,NA,NA,FALSE,FALSE,NA,NA
jalen_wilson_2024_BKN,Jalen Wilson,2024-25,2024-25,2024,2023-24,BKN,BKN,TRUE,re_signed_standard,roster_continuity,3,23,54,NA,NA,FALSE,FALSE,NA,NA
jamal_cain_2024_NOP,Jamal Cain,2024-25,2024-25,2024,2023-24,MIA,NOP,FALSE,new_team,team_change,3,24,50,NA,NA,FALSE,FALSE,NA,NA
jamal_murray_2024_DEN,Jamal Murray,2024-25,2024-25,2024,2023-24,DEN,DEN,TRUE,re_signed_standard,roster_continuity,3,26,59,NA,NA,FALSE,FALSE,NA,NA
james_harden_2024_LAC,James Harden,2024-25,2024-25,2024,2023-24,LAC,LAC,TRUE,re_signed_standard,roster_continuity,3,34,73,NA,NA,FALSE,FALSE,NA,NA
james_johnson_2024_IND,James Johnson,2024-25,2024-25,2024,2023-24,IND,IND,TRUE,re_signed_standard,roster_continuity,3,36,54,NA,NA,FALSE,FALSE,NA,NA
james_wiseman_2024_IND,James Wiseman,2024-25,2024-25,2024,2023-24,DET,IND,FALSE,new_team,team_change,3,22,82,NA,NA,FALSE,FALSE,NA,NA
jarace_walker_2024_IND,Jarace Walker,2024-25,2024-25,2024,2023-24,IND,IND,TRUE,re_signed_standard,roster_continuity,3,20,73,NA,NA,FALSE,FALSE,NA,NA
jared_butler_2024_PHI,Jared Butler,2024-25,2024-25,2024,2023-24,WAS,PHI,FALSE,new_team,team_change,3,23,56,NA,NA,FALSE,FALSE,NA,NA
jaren_jackson_2024_MEM,Jaren Jackson Jr.,2024-25,2024-25,2024,2023-24,MEM,MEM,TRUE,re_signed_standard,roster_continuity,3,24,68,NA,NA,FALSE,FALSE,NA,NA
jarrett_allen_2024_CLE,Jarrett Allen,2024-25,2024-25,2024,2023-24,CLE,CLE,TRUE,re_signed_standard,roster_continuity,3,25,77,NA,NA,FALSE,FALSE,NA,NA
jaxson_hayes_2024_LAL,Jaxson Hayes,2024-25,2024-25,2024,2023-24,LAL,LAL,TRUE,re_signed_standard,roster_continuity,3,23,80,NA,NA,FALSE,FALSE,NA,NA
jay_huff_2024_MEM,Jay Huff,2024-25,2024-25,2024,2023-24,DEN,MEM,FALSE,new_team,team_change,3,25,47,NA,NA,FALSE,FALSE,NA,NA
jaylen_brown_2024_BOS,Jaylen Brown,2024-25,2024-25,2024,2023-24,BOS,BOS,TRUE,re_signed_standard,roster_continuity,3,27,71,NA,NA,FALSE,FALSE,NA,NA
jaylin_williams_2024_OKC,Jaylin Williams,2024-25,2024-25,2024,2023-24,OKC,OKC,TRUE,re_signed_standard,roster_continuity,3,21,74,NA,NA,FALSE,FALSE,NA,NA
jayson_tatum_2024_BOS,Jayson Tatum,2024-25,2024-25,2024,2023-24,BOS,BOS,TRUE,re_signed_supermax,supermax,3,25,75,NA,NA,TRUE,TRUE,NA,NA
jeff_green_2024_HOU,Jeff Green,2024-25,2024-25,2024,2023-24,HOU,HOU,TRUE,re_signed_standard,roster_continuity,3,37,79,NA,NA,FALSE,FALSE,NA,NA
jerami_grant_2024_POR,Jerami Grant,2024-25,2024-25,2024,2023-24,POR,POR,TRUE,re_signed_standard,roster_continuity,3,29,58,NA,NA,FALSE,FALSE,NA,NA
jeremiah_robinson-earl_2024_NOP,Jeremiah Robinson-Earl,2024-25,2024-25,2024,2023-24,NOP,NOP,TRUE,re_signed_standard,roster_continuity,3,23,68,NA,NA,FALSE,FALSE,NA,NA
jeremy_sochan_2024_SAS,Jeremy Sochan,2024-25,2024-25,2024,2023-24,SAS,SAS,TRUE,re_signed_standard,roster_continuity,3,20,74,NA,NA,FALSE,FALSE,NA,NA
jericho_sims_2024_MIL,Jericho Sims,2024-25,2024-25,2024,2023-24,NYK,MIL,FALSE,new_team,team_change,3,25,76,NA,NA,FALSE,FALSE,NA,NA
jevon_carter_2024_CHI,Jevon Carter,2024-25,2024-25,2024,2023-24,CHI,CHI,TRUE,re_signed_standard,roster_continuity,3,28,82,NA,NA,FALSE,FALSE,NA,NA
jimmy_butler_2024_GSW,Jimmy Butler III,2024-25,2024-25,2024,2023-24,MIA,GSW,FALSE,new_team,team_change,3,34,65,NA,NA,FALSE,FALSE,NA,NA
jock_landale_2024_HOU,Jock Landale,2024-25,2024-25,2024,2023-24,HOU,HOU,TRUE,re_signed_standard,roster_continuity,3,28,78,NA,NA,FALSE,FALSE,NA,NA
joe_ingles_2024_MIN,Joe Ingles,2024-25,2024-25,2024,2023-24,ORL,MIN,FALSE,new_team,team_change,3,36,71,NA,NA,FALSE,FALSE,NA,NA
joel_embiid_2024_PHI,Joel Embiid,2024-25,2024-25,2024,2023-24,PHI,PHI,TRUE,re_signed_standard,roster_continuity,3,29,43,NA,NA,FALSE,FALSE,NA,NA
john_collins_2024_UTA,John Collins,2024-25,2024-25,2024,2023-24,UTA,UTA,TRUE,re_signed_standard,roster_continuity,3,26,70,NA,NA,FALSE,FALSE,NA,NA
john_konchar_2024_MEM,John Konchar,2024-25,2024-25,2024,2023-24,MEM,MEM,TRUE,re_signed_standard,roster_continuity,3,27,67,NA,NA,FALSE,FALSE,NA,NA
johnny_davis_2024_WAS,Johnny Davis,2024-25,2024-25,2024,2023-24,WAS,WAS,TRUE,re_signed_standard,roster_continuity,3,21,65,NA,NA,FALSE,FALSE,NA,NA
jonas_valanciunas_2024_SAC,Jonas Valanciunas,2024-25,2024-25,2024,2023-24,NOP,SAC,FALSE,new_team,team_change,3,31,82,NA,NA,FALSE,FALSE,NA,NA
jonathan_isaac_2024_ORL,Jonathan Isaac,2024-25,2024-25,2024,2023-24,ORL,ORL,TRUE,re_signed_standard,roster_continuity,3,26,63,NA,NA,FALSE,FALSE,NA,NA
jonathan_kuminga_2024_GSW,Jonathan Kuminga,2024-25,2024-25,2024,2023-24,GSW,GSW,TRUE,re_signed_standard,roster_continuity,3,21,75,NA,NA,FALSE,FALSE,NA,NA
jordan_clarkson_2024_UTA,Jordan Clarkson,2024-25,2024-25,2024,2023-24,UTA,UTA,TRUE,re_signed_standard,roster_continuity,3,31,56,NA,NA,FALSE,FALSE,NA,NA
jordan_goodwin_2024_LAL,Jordan Goodwin,2024-25,2024-25,2024,2023-24,MEM,LAL,FALSE,new_team,team_change,3,25,69,NA,NA,FALSE,FALSE,NA,NA
jordan_hawkins_2024_NOP,Jordan Hawkins,2024-25,2024-25,2024,2023-24,NOP,NOP,TRUE,re_signed_standard,roster_continuity,3,21,81,NA,NA,FALSE,FALSE,NA,NA
jordan_mclaughlin_2024_SAS,Jordan McLaughlin,2024-25,2024-25,2024,2023-24,MIN,SAS,FALSE,new_team,team_change,3,27,67,NA,NA,FALSE,FALSE,NA,NA
jordan_poole_2024_WAS,Jordan Poole,2024-25,2024-25,2024,2023-24,WAS,WAS,TRUE,re_signed_standard,roster_continuity,3,24,82,NA,NA,FALSE,FALSE,NA,NA
jose_alvarado_2024_NOP,Jose Alvarado,2024-25,2024-25,2024,2023-24,NOP,NOP,TRUE,re_signed_standard,roster_continuity,3,25,65,NA,NA,FALSE,FALSE,NA,NA
josh_giddey_2024_CHI,Josh Giddey,2024-25,2024-25,2024,2023-24,OKC,CHI,FALSE,new_team,team_change,3,21,80,NA,NA,FALSE,FALSE,NA,NA
josh_green_2024_CHA,Josh Green,2024-25,2024-25,2024,2023-24,DAL,CHA,FALSE,new_team,team_change,3,23,58,NA,NA,FALSE,FALSE,NA,NA
josh_hart_2024_NYK,Josh Hart,2024-25,2024-25,2024,2023-24,NYK,NYK,TRUE,re_signed_standard,roster_continuity,3,28,81,NA,NA,FALSE,FALSE,NA,NA
josh_minott_2024_MIN,Josh Minott,2024-25,2024-25,2024,2023-24,MIN,MIN,TRUE,re_signed_standard,roster_continuity,3,21,64,NA,NA,FALSE,FALSE,NA,NA
josh_okogie_2024_CHA,Josh Okogie,2024-25,2024-25,2024,2023-24,PHX,CHA,FALSE,new_team,team_change,3,25,68,NA,NA,FALSE,FALSE,NA,NA
josh_richardson_2024_MIA,Josh Richardson,2024-25,2024-25,2024,2023-24,MIA,MIA,TRUE,re_signed_standard,roster_continuity,3,30,46,NA,NA,FALSE,FALSE,NA,NA
jrue_holiday_2024_BOS,Jrue Holiday,2024-25,2024-25,2024,2023-24,BOS,BOS,TRUE,re_signed_standard,roster_continuity,3,33,69,NA,NA,FALSE,FALSE,NA,NA
jt_thor_2024_WAS,JT Thor,2024-25,2024-25,2024,2023-24,CHA,WAS,FALSE,new_team,team_change,3,21,82,NA,NA,FALSE,FALSE,NA,NA
julian_champagnie_2024_SAS,Julian Champagnie,2024-25,2024-25,2024,2023-24,SAS,SAS,TRUE,re_signed_standard,roster_continuity,3,22,81,NA,NA,FALSE,FALSE,NA,NA
julian_phillips_2024_CHI,Julian Phillips,2024-25,2024-25,2024,2023-24,CHI,CHI,TRUE,re_signed_standard,roster_continuity,3,20,60,NA,NA,FALSE,FALSE,NA,NA
julian_strawther_2024_DEN,Julian Strawther,2024-25,2024-25,2024,2023-24,DEN,DEN,TRUE,re_signed_standard,roster_continuity,3,21,67,NA,NA,FALSE,FALSE,NA,NA
julius_randle_2024_MIN,Julius Randle,2024-25,2024-25,2024,2023-24,NYK,MIN,FALSE,new_team,team_change,3,29,50,NA,NA,FALSE,FALSE,NA,NA
justin_minaya_2024_POR,Justin Minaya,2024-25,2024-25,2024,2023-24,POR,POR,TRUE,re_signed_standard,roster_continuity,3,24,45,NA,NA,FALSE,FALSE,NA,NA
jusuf_nurkic_2024_CHA,Jusuf Nurkic,2024-25,2024-25,2024,2023-24,PHX,CHA,FALSE,new_team,team_change,3,29,77,NA,NA,FALSE,FALSE,NA,NA
karl-anthony_towns_2024_NYK,Karl-Anthony Towns,2024-25,2024-25,2024,2023-24,MIN,NYK,FALSE,new_team,team_change,3,28,62,NA,NA,FALSE,FALSE,NA,NA
kawhi_leonard_2024_LAC,Kawhi Leonard,2024-25,2024-25,2024,2023-24,LAC,LAC,TRUE,re_signed_standard,roster_continuity,3,32,68,NA,NA,FALSE,FALSE,NA,NA
keegan_murray_2024_SAC,Keegan Murray,2024-25,2024-25,2024,2023-24,SAC,SAC,TRUE,re_signed_standard,roster_continuity,3,23,77,NA,NA,FALSE,FALSE,NA,NA
keldon_johnson_2024_SAS,Keldon Johnson,2024-25,2024-25,2024,2023-24,SAS,SAS,TRUE,re_signed_standard,roster_continuity,3,24,69,NA,NA,FALSE,FALSE,NA,NA
kelly_olynyk_2024_NOP,Kelly Olynyk,2024-25,2024-25,2024,2023-24,TOR,NOP,FALSE,new_team,team_change,3,32,81,NA,NA,FALSE,FALSE,NA,NA
kelly_oubre_2024_PHI,Kelly Oubre Jr.,2024-25,2024-25,2024,2023-24,PHI,PHI,TRUE,re_signed_standard,roster_continuity,3,28,71,NA,NA,FALSE,FALSE,NA,NA
kendall_brown_2024_BKN,Kendall Brown,2024-25,2024-25,2024,2023-24,IND,BKN,FALSE,new_team,team_change,3,20,42,NA,NA,FALSE,FALSE,NA,NA
kenrich_williams_2024_OKC,Kenrich Williams,2024-25,2024-25,2024,2023-24,OKC,OKC,TRUE,re_signed_standard,roster_continuity,3,29,72,NA,NA,FALSE,FALSE,NA,NA
kentavious_caldwell-pope_2024_ORL,Kentavious Caldwell-Pope,2024-25,2024-25,2024,2023-24,DEN,ORL,FALSE,new_team,team_change,3,30,76,NA,NA,FALSE,FALSE,NA,NA
keon_ellis_2024_SAC,Keon Ellis,2024-25,2024-25,2024,2023-24,SAC,SAC,TRUE,re_signed_standard,roster_continuity,3,24,79,NA,NA,FALSE,FALSE,NA,NA
kessler_edwards_2024_DAL,Kessler Edwards,2024-25,2024-25,2024,2023-24,SAC,DAL,FALSE,new_team,team_change,3,23,80,NA,NA,FALSE,FALSE,NA,NA
kevin_durant_2024_PHX,Kevin Durant,2024-25,2024-25,2024,2023-24,PHX,PHX,TRUE,re_signed_standard,roster_continuity,3,35,76,NA,NA,FALSE,FALSE,NA,NA
kevin_huerter_2024_CHI,Kevin Huerter,2024-25,2024-25,2024,2023-24,SAC,CHI,FALSE,new_team,team_change,3,25,64,NA,NA,FALSE,FALSE,NA,NA
kevin_knox_2024_GSW,Kevin Knox II,2024-25,2024-25,2024,2023-24,DET,GSW,FALSE,new_team,team_change,3,24,40,NA,NA,FALSE,FALSE,NA,NA
kevin_love_2024_MIA,Kevin Love,2024-25,2024-25,2024,2023-24,MIA,MIA,TRUE,re_signed_standard,roster_continuity,3,35,62,NA,NA,FALSE,FALSE,NA,NA
kevon_looney_2024_GSW,Kevon Looney,2024-25,2024-25,2024,2023-24,GSW,GSW,TRUE,re_signed_standard,roster_continuity,3,27,82,NA,NA,FALSE,FALSE,NA,NA
keyonte_george_2024_UTA,Keyonte George,2024-25,2024-25,2024,2023-24,UTA,UTA,TRUE,re_signed_standard,roster_continuity,3,20,77,NA,NA,FALSE,FALSE,NA,NA
khris_middleton_2024_WAS,Khris Middleton,2024-25,2024-25,2024,2023-24,MIL,WAS,FALSE,new_team,team_change,3,32,55,NA,NA,FALSE,FALSE,NA,NA
killian_hayes_2024_BKN,Killian Hayes,2024-25,2024-25,2024,2023-24,DET,BKN,FALSE,new_team,team_change,3,22,50,NA,NA,FALSE,FALSE,NA,NA
kj_martin_2024_UTA,KJ Martin,2024-25,2024-25,2024,2023-24,PHI,UTA,FALSE,new_team,team_change,3,23,79,NA,NA,FALSE,FALSE,NA,NA
klay_thompson_2024_DAL,Klay Thompson,2024-25,2024-25,2024,2023-24,GSW,DAL,FALSE,new_team,team_change,3,33,79,NA,NA,FALSE,FALSE,NA,NA
kobe_brown_2024_LAC,Kobe Brown,2024-25,2024-25,2024,2023-24,LAC,LAC,TRUE,re_signed_standard,roster_continuity,3,24,64,NA,NA,FALSE,FALSE,NA,NA
kris_dunn_2024_LAC,Kris Dunn,2024-25,2024-25,2024,2023-24,UTA,LAC,FALSE,new_team,team_change,3,29,73,NA,NA,FALSE,FALSE,NA,NA
kris_murray_2024_POR,Kris Murray,2024-25,2024-25,2024,2023-24,POR,POR,TRUE,re_signed_standard,roster_continuity,3,23,81,NA,NA,FALSE,FALSE,NA,NA
kristaps_porzingis_2024_BOS,Kristaps Porzingis,2024-25,2024-25,2024,2023-24,BOS,BOS,TRUE,re_signed_standard,roster_continuity,3,28,58,NA,NA,FALSE,FALSE,NA,NA
kyle_anderson_2024_MIA,Kyle Anderson,2024-25,2024-25,2024,2023-24,MIN,MIA,FALSE,new_team,team_change,3,30,80,NA,NA,FALSE,FALSE,NA,NA
kyle_kuzma_2024_MIL,Kyle Kuzma,2024-25,2024-25,2024,2023-24,WAS,MIL,FALSE,new_team,team_change,3,28,71,NA,NA,FALSE,FALSE,NA,NA
kyle_lowry_2024_PHI,Kyle Lowry,2024-25,2024-25,2024,2023-24,PHI,PHI,TRUE,re_signed_standard,roster_continuity,3,37,60,NA,NA,FALSE,FALSE,NA,NA
kyrie_irving_2024_DAL,Kyrie Irving,2024-25,2024-25,2024,2023-24,DAL,DAL,TRUE,re_signed_standard,roster_continuity,3,31,59,NA,NA,FALSE,FALSE,NA,NA
lamar_stevens_2024_MEM,Lamar Stevens,2024-25,2024-25,2024,2023-24,MEM,MEM,TRUE,re_signed_standard,roster_continuity,3,26,77,NA,NA,FALSE,FALSE,NA,NA
landry_shamet_2024_NYK,Landry Shamet,2024-25,2024-25,2024,2023-24,WAS,NYK,FALSE,new_team,team_change,3,26,49,NA,NA,FALSE,FALSE,NA,NA
larry_nance_2024_ATL,Larry Nance Jr.,2024-25,2024-25,2024,2023-24,NOP,ATL,FALSE,new_team,team_change,3,31,62,NA,NA,FALSE,FALSE,NA,NA
lauri_markkanen_2024_UTA,Lauri Markkanen,2024-25,2024-25,2024,2023-24,UTA,UTA,TRUE,re_signed_standard,roster_continuity,3,26,55,NA,NA,FALSE,FALSE,NA,NA
lebron_james_2024_LAL,LeBron James,2024-25,2024-25,2024,2023-24,LAL,LAL,TRUE,re_signed_standard,roster_continuity,3,39,74,NA,NA,FALSE,FALSE,NA,NA
lester_quinones_2024_NOP,Lester Quinones,2024-25,2024-25,2024,2023-24,GSW,NOP,FALSE,new_team,team_change,3,23,57,NA,NA,FALSE,FALSE,NA,NA
lindy_waters_2024_DET,Lindy Waters III,2024-25,2024-25,2024,2023-24,OKC,DET,FALSE,new_team,team_change,3,26,55,NA,NA,FALSE,FALSE,NA,NA
lonnie_walker_2024_PHI,Lonnie Walker IV,2024-25,2024-25,2024,2023-24,BKN,PHI,FALSE,new_team,team_change,3,25,68,NA,NA,FALSE,FALSE,NA,NA
luguentz_dort_2024_OKC,Luguentz Dort,2024-25,2024-25,2024,2023-24,OKC,OKC,TRUE,re_signed_standard,roster_continuity,3,24,79,NA,NA,FALSE,FALSE,NA,NA
luka_doncic_2024_LAL,Luka Doncic,2024-25,2024-25,2024,2023-24,DAL,LAL,FALSE,new_team,team_change,3,24,70,NA,NA,FALSE,FALSE,NA,NA
luka_garza_2024_MIN,Luka Garza,2024-25,2024-25,2024,2023-24,MIN,MIN,TRUE,re_signed_standard,roster_continuity,3,25,50,NA,NA,FALSE,FALSE,NA,NA
luke_kennard_2024_MEM,Luke Kennard,2024-25,2024-25,2024,2023-24,MEM,MEM,TRUE,re_signed_standard,roster_continuity,3,27,50,NA,NA,FALSE,FALSE,NA,NA
luke_kornet_2024_BOS,Luke Kornet,2024-25,2024-25,2024,2023-24,BOS,BOS,TRUE,re_signed_standard,roster_continuity,3,28,74,NA,NA,FALSE,FALSE,NA,NA
malachi_flynn_2024_CHA,Malachi Flynn,2024-25,2024-25,2024,2023-24,DET,CHA,FALSE,new_team,team_change,3,25,78,NA,NA,FALSE,FALSE,NA,NA
malaki_branham_2024_SAS,Malaki Branham,2024-25,2024-25,2024,2023-24,SAS,SAS,TRUE,re_signed_standard,roster_continuity,3,20,81,NA,NA,FALSE,FALSE,NA,NA
malcolm_brogdon_2024_WAS,Malcolm Brogdon,2024-25,2024-25,2024,2023-24,POR,WAS,FALSE,new_team,team_change,3,31,44,NA,NA,FALSE,FALSE,NA,NA
malik_beasley_2024_DET,Malik Beasley,2024-25,2024-25,2024,2023-24,MIL,DET,FALSE,new_team,team_change,3,27,79,NA,NA,FALSE,FALSE,NA,NA
malik_monk_2024_SAC,Malik Monk,2024-25,2024-25,2024,2023-24,SAC,SAC,TRUE,re_signed_standard,roster_continuity,3,25,72,NA,NA,FALSE,FALSE,NA,NA
marcus_sasser_2024_DET,Marcus Sasser,2024-25,2024-25,2024,2023-24,DET,DET,TRUE,re_signed_standard,roster_continuity,3,23,78,NA,NA,FALSE,FALSE,NA,NA
marjon_beauchamp_2024_NYK,MarJon Beauchamp,2024-25,2024-25,2024,2023-24,MIL,NYK,FALSE,new_team,team_change,3,23,68,NA,NA,FALSE,FALSE,NA,NA
markelle_fultz_2024_SAC,Markelle Fultz,2024-25,2024-25,2024,2023-24,ORL,SAC,FALSE,new_team,team_change,3,25,45,NA,NA,FALSE,FALSE,NA,NA
markieff_morris_2024_LAL,Markieff Morris,2024-25,2024-25,2024,2023-24,DAL,LAL,FALSE,new_team,team_change,3,34,80,NA,NA,FALSE,FALSE,NA,NA
marvin_bagley_2024_MEM,Marvin Bagley III,2024-25,2024-25,2024,2023-24,WAS,MEM,FALSE,new_team,team_change,3,24,63,NA,NA,FALSE,FALSE,NA,NA
mason_plumlee_2024_PHX,Mason Plumlee,2024-25,2024-25,2024,2023-24,LAC,PHX,FALSE,new_team,team_change,3,33,57,NA,NA,FALSE,FALSE,NA,NA
matisse_thybulle_2024_POR,Matisse Thybulle,2024-25,2024-25,2024,2023-24,POR,POR,TRUE,re_signed_standard,roster_continuity,3,26,77,NA,NA,FALSE,FALSE,NA,NA
matt_ryan_2024_NYK,Matt Ryan,2024-25,2024-25,2024,2023-24,NOP,NYK,FALSE,new_team,team_change,3,26,45,NA,NA,FALSE,FALSE,NA,NA
max_christie_2024_DAL,Max Christie,2024-25,2024-25,2024,2023-24,LAL,DAL,FALSE,new_team,team_change,3,20,81,NA,NA,FALSE,FALSE,NA,NA
max_strus_2024_CLE,Max Strus,2024-25,2024-25,2024,2023-24,CLE,CLE,TRUE,re_signed_standard,roster_continuity,3,27,70,NA,NA,FALSE,FALSE,NA,NA
maxi_kleber_2024_DAL,Maxi Kleber,2024-25,2024-25,2024,2023-24,DAL,DAL,TRUE,re_signed_standard,roster_continuity,3,32,46,NA,NA,FALSE,FALSE,NA,NA
maxwell_lewis_2024_BKN,Maxwell Lewis,2024-25,2024-25,2024,2023-24,LAL,BKN,FALSE,new_team,team_change,3,21,63,NA,NA,FALSE,FALSE,NA,NA
michael_porter_2024_DEN,Michael Porter Jr.,2024-25,2024-25,2024,2023-24,DEN,DEN,TRUE,re_signed_standard,roster_continuity,3,25,82,NA,NA,FALSE,FALSE,NA,NA
mikal_bridges_2024_NYK,Mikal Bridges,2024-25,2024-25,2024,2023-24,BKN,NYK,FALSE,new_team,team_change,3,27,82,NA,NA,FALSE,FALSE,NA,NA
mike_conley_2024_MIN,Mike Conley,2024-25,2024-25,2024,2023-24,MIN,MIN,TRUE,re_signed_standard,roster_continuity,3,36,76,NA,NA,FALSE,FALSE,NA,NA
miles_bridges_2024_CHA,Miles Bridges,2024-25,2024-25,2024,2023-24,CHA,CHA,TRUE,re_signed_standard,roster_continuity,3,25,74,NA,NA,FALSE,FALSE,NA,NA
miles_mcbride_2024_NYK,Miles McBride,2024-25,2024-25,2024,2023-24,NYK,NYK,TRUE,re_signed_standard,roster_continuity,3,23,82,NA,NA,FALSE,FALSE,NA,NA
mo_bamba_2024_NOP,Mo Bamba,2024-25,2024-25,2024,2023-24,PHI,NOP,FALSE,new_team,team_change,3,25,72,NA,NA,FALSE,FALSE,NA,NA
moritz_wagner_2024_ORL,Moritz Wagner,2024-25,2024-25,2024,2023-24,ORL,ORL,TRUE,re_signed_standard,roster_continuity,3,26,82,NA,NA,FALSE,FALSE,NA,NA
moses_brown_2024_DAL,Moses Brown,2024-25,2024-25,2024,2023-24,POR,DAL,FALSE,new_team,team_change,3,24,58,NA,NA,FALSE,FALSE,NA,NA
moses_moody_2024_GSW,Moses Moody,2024-25,2024-25,2024,2023-24,GSW,GSW,TRUE,re_signed_standard,roster_continuity,3,21,73,NA,NA,FALSE,FALSE,NA,NA
myles_turner_2024_IND,Myles Turner,2024-25,2024-25,2024,2023-24,IND,IND,TRUE,re_signed_standard,roster_continuity,3,27,79,NA,NA,FALSE,FALSE,NA,NA
naji_marshall_2024_DAL,Naji Marshall,2024-25,2024-25,2024,2023-24,NOP,DAL,FALSE,new_team,team_change,3,26,69,NA,NA,FALSE,FALSE,NA,NA
nate_williams_2024_HOU,Nate Williams,2024-25,2024-25,2024,2023-24,HOU,HOU,TRUE,re_signed_standard,roster_continuity,3,24,50,NA,NA,FALSE,FALSE,NA,NA
naz_reid_2024_MIN,Naz Reid,2024-25,2024-25,2024,2023-24,MIN,MIN,TRUE,re_signed_standard,roster_continuity,3,24,81,NA,NA,FALSE,FALSE,NA,NA
neemias_queta_2024_BOS,Neemias Queta,2024-25,2024-25,2024,2023-24,BOS,BOS,TRUE,re_signed_standard,roster_continuity,3,24,49,NA,NA,FALSE,FALSE,NA,NA
nic_claxton_2024_BKN,Nic Claxton,2024-25,2024-25,2024,2023-24,BKN,BKN,TRUE,re_signed_standard,roster_continuity,3,24,75,NA,NA,FALSE,FALSE,NA,NA
nick_richards_2024_PHX,Nick Richards,2024-25,2024-25,2024,2023-24,CHA,PHX,FALSE,new_team,team_change,3,26,70,NA,NA,FALSE,FALSE,NA,NA
nick_smith_2024_CHA,Nick Smith Jr.,2024-25,2024-25,2024,2023-24,CHA,CHA,TRUE,re_signed_standard,roster_continuity,3,19,73,NA,NA,FALSE,FALSE,NA,NA
nickeil_alexander-walker_2024_MIN,Nickeil Alexander-Walker,2024-25,2024-25,2024,2023-24,MIN,MIN,TRUE,re_signed_standard,roster_continuity,3,25,82,NA,NA,FALSE,FALSE,NA,NA
nicolas_batum_2024_LAC,Nicolas Batum,2024-25,2024-25,2024,2023-24,PHI,LAC,FALSE,new_team,team_change,3,35,67,NA,NA,FALSE,FALSE,NA,NA
nikola_jokic_2024_DEN,Nikola Jokic,2024-25,2024-25,2024,2023-24,DEN,DEN,TRUE,re_signed_standard,roster_continuity,3,28,79,NA,NA,FALSE,FALSE,NA,NA
nikola_jovic_2024_MIA,Nikola Jovic,2024-25,2024-25,2024,2023-24,MIA,MIA,TRUE,re_signed_standard,roster_continuity,3,20,72,NA,NA,FALSE,FALSE,NA,NA
nikola_vucevic_2024_CHI,Nikola Vucevic,2024-25,2024-25,2024,2023-24,CHI,CHI,TRUE,re_signed_standard,roster_continuity,3,33,77,NA,NA,FALSE,FALSE,NA,NA
norman_powell_2024_LAC,Norman Powell,2024-25,2024-25,2024,2023-24,LAC,LAC,TRUE,re_signed_standard,roster_continuity,3,30,79,NA,NA,FALSE,FALSE,NA,NA
obi_toppin_2024_IND,Obi Toppin,2024-25,2024-25,2024,2023-24,IND,IND,TRUE,re_signed_standard,roster_continuity,3,25,83,NA,NA,FALSE,FALSE,NA,NA
ochai_agbaji_2024_TOR,Ochai Agbaji,2024-25,2024-25,2024,2023-24,TOR,TOR,TRUE,re_signed_standard,roster_continuity,3,23,79,NA,NA,FALSE,FALSE,NA,NA
og_anunoby_2024_NYK,OG Anunoby,2024-25,2024-25,2024,2023-24,NYK,NYK,TRUE,re_signed_standard,roster_continuity,3,26,55,NA,NA,FALSE,FALSE,NA,NA
olivier-maxence_prosper_2024_DAL,Olivier-Maxence Prosper,2024-25,2024-25,2024,2023-24,DAL,DAL,TRUE,re_signed_standard,roster_continuity,3,21,64,NA,NA,FALSE,FALSE,NA,NA
onyeka_okongwu_2024_ATL,Onyeka Okongwu,2024-25,2024-25,2024,2023-24,ATL,ATL,TRUE,re_signed_standard,roster_continuity,3,23,64,NA,NA,FALSE,FALSE,NA,NA
orlando_robinson_2024_TOR,Orlando Robinson,2024-25,2024-25,2024,2023-24,MIA,TOR,FALSE,new_team,team_change,3,23,68,NA,NA,FALSE,FALSE,NA,NA
oshae_brissett_2024_PHI,Oshae Brissett,2024-25,2024-25,2024,2023-24,BOS,PHI,FALSE,new_team,team_change,3,25,80,NA,NA,FALSE,FALSE,NA,NA
paolo_banchero_2024_ORL,Paolo Banchero,2024-25,2024-25,2024,2023-24,ORL,ORL,TRUE,re_signed_standard,roster_continuity,3,21,80,NA,NA,FALSE,FALSE,NA,NA
pascal_siakam_2024_IND,Pascal Siakam,2024-25,2024-25,2024,2023-24,IND,IND,TRUE,re_signed_standard,roster_continuity,3,29,81,NA,NA,FALSE,FALSE,NA,NA
pat_connaughton_2024_MIL,Pat Connaughton,2024-25,2024-25,2024,2023-24,MIL,MIL,TRUE,re_signed_standard,roster_continuity,3,31,76,NA,NA,FALSE,FALSE,NA,NA
patrick_baldwin_2024_LAC,Patrick Baldwin Jr.,2024-25,2024-25,2024,2023-24,WAS,LAC,FALSE,new_team,team_change,3,21,61,NA,NA,FALSE,FALSE,NA,NA
patrick_williams_2024_CHI,Patrick Williams,2024-25,2024-25,2024,2023-24,CHI,CHI,TRUE,re_signed_standard,roster_continuity,3,22,48,NA,NA,FALSE,FALSE,NA,NA
patty_mills_2024_LAC,Patty Mills,2024-25,2024-25,2024,2023-24,MIA,LAC,FALSE,new_team,team_change,3,35,78,NA,NA,FALSE,FALSE,NA,NA
paul_george_2024_PHI,Paul George,2024-25,2024-25,2024,2023-24,LAC,PHI,FALSE,new_team,team_change,3,33,74,NA,NA,FALSE,FALSE,NA,NA
paul_reed_2024_DET,Paul Reed,2024-25,2024-25,2024,2023-24,PHI,DET,FALSE,new_team,team_change,3,24,82,NA,NA,FALSE,FALSE,NA,NA
payton_pritchard_2024_BOS,Payton Pritchard,2024-25,2024-25,2024,2023-24,BOS,BOS,TRUE,re_signed_standard,roster_continuity,3,26,82,NA,NA,FALSE,FALSE,NA,NA
peyton_watson_2024_DEN,Peyton Watson,2024-25,2024-25,2024,2023-24,DEN,DEN,TRUE,re_signed_standard,roster_continuity,3,21,82,NA,NA,FALSE,FALSE,NA,NA
pj_tucker_2024_NYK,P.J. Tucker,2024-25,2024-25,2024,2023-24,LAC,NYK,FALSE,new_team,team_change,3,38,80,NA,NA,FALSE,FALSE,NA,NA
pj_washington_2024_DAL,P.J. Washington,2024-25,2024-25,2024,2023-24,DAL,DAL,TRUE,re_signed_standard,roster_continuity,3,25,74,NA,NA,FALSE,FALSE,NA,NA
precious_achiuwa_2024_NYK,Precious Achiuwa,2024-25,2024-25,2024,2023-24,NYK,NYK,TRUE,re_signed_standard,roster_continuity,3,24,75,NA,NA,FALSE,FALSE,NA,NA
quentin_grimes_2024_PHI,Quentin Grimes,2024-25,2024-25,2024,2023-24,DET,PHI,FALSE,new_team,team_change,3,23,54,NA,NA,FALSE,FALSE,NA,NA
rayan_rupert_2024_POR,Rayan Rupert,2024-25,2024-25,2024,2023-24,POR,POR,TRUE,re_signed_standard,roster_continuity,3,19,63,NA,NA,FALSE,FALSE,NA,NA
reggie_jackson_2024_PHI,Reggie Jackson,2024-25,2024-25,2024,2023-24,DEN,PHI,FALSE,new_team,team_change,3,33,82,NA,NA,FALSE,FALSE,NA,NA
richaun_holmes_2024_WAS,Richaun Holmes,2024-25,2024-25,2024,2023-24,WAS,WAS,TRUE,re_signed_standard,roster_continuity,3,30,76,NA,NA,FALSE,FALSE,NA,NA
ricky_council_2024_PHI,Ricky Council IV,2024-25,2024-25,2024,2023-24,PHI,PHI,TRUE,re_signed_standard,roster_continuity,3,22,44,NA,NA,FALSE,FALSE,NA,NA
rj_barrett_2024_TOR,RJ Barrett,2024-25,2024-25,2024,2023-24,TOR,TOR,TRUE,re_signed_standard,roster_continuity,3,23,65,NA,NA,FALSE,FALSE,NA,NA
royce_oneale_2024_PHX,Royce O'Neale,2024-25,2024-25,2024,2023-24,PHX,PHX,TRUE,re_signed_standard,roster_continuity,3,30,80,NA,NA,FALSE,FALSE,NA,NA
rudy_gobert_2024_MIN,Rudy Gobert,2024-25,2024-25,2024,2023-24,MIN,MIN,TRUE,re_signed_standard,roster_continuity,3,31,79,NA,NA,FALSE,FALSE,NA,NA
rui_hachimura_2024_LAL,Rui Hachimura,2024-25,2024-25,2024,2023-24,LAL,LAL,TRUE,re_signed_standard,roster_continuity,3,25,71,NA,NA,FALSE,FALSE,NA,NA
russell_westbrook_2024_DEN,Russell Westbrook,2024-25,2024-25,2024,2023-24,LAC,DEN,FALSE,new_team,team_change,3,35,68,NA,NA,FALSE,FALSE,NA,NA
sam_hauser_2024_BOS,Sam Hauser,2024-25,2024-25,2024,2023-24,BOS,BOS,TRUE,re_signed_standard,roster_continuity,3,26,79,NA,NA,FALSE,FALSE,NA,NA
sam_merrill_2024_CLE,Sam Merrill,2024-25,2024-25,2024,2023-24,CLE,CLE,TRUE,re_signed_standard,roster_continuity,3,27,77,NA,NA,FALSE,FALSE,NA,NA
sandro_mamukelashvili_2024_SAS,Sandro Mamukelashvili,2024-25,2024-25,2024,2023-24,SAS,SAS,TRUE,re_signed_standard,roster_continuity,3,24,82,NA,NA,FALSE,FALSE,NA,NA
santi_aldama_2024_MEM,Santi Aldama,2024-25,2024-25,2024,2023-24,MEM,MEM,TRUE,re_signed_standard,roster_continuity,3,23,74,NA,NA,FALSE,FALSE,NA,NA
scoot_henderson_2024_POR,Scoot Henderson,2024-25,2024-25,2024,2023-24,POR,POR,TRUE,re_signed_standard,roster_continuity,3,19,66,NA,NA,FALSE,FALSE,NA,NA
scottie_barnes_2024_TOR,Scottie Barnes,2024-25,2024-25,2024,2023-24,TOR,TOR,TRUE,re_signed_standard,roster_continuity,3,22,60,NA,NA,FALSE,FALSE,NA,NA
seth_curry_2024_CHA,Seth Curry,2024-25,2024-25,2024,2023-24,CHA,CHA,TRUE,re_signed_standard,roster_continuity,3,33,57,NA,NA,FALSE,FALSE,NA,NA
shaedon_sharpe_2024_POR,Shaedon Sharpe,2024-25,2024-25,2024,2023-24,POR,POR,TRUE,re_signed_standard,roster_continuity,3,20,51,NA,NA,FALSE,FALSE,NA,NA
shai_gilgeous-alexander_2024_OKC,Shai Gilgeous-Alexander,2024-25,2024-25,2024,2023-24,OKC,OKC,TRUE,re_signed_standard,roster_continuity,3,25,75,NA,NA,FALSE,FALSE,NA,NA
shake_milton_2024_LAL,Shake Milton,2024-25,2024-25,2024,2023-24,NYK,LAL,FALSE,new_team,team_change,3,27,80,NA,NA,FALSE,FALSE,NA,NA
simone_fontecchio_2024_DET,Simone Fontecchio,2024-25,2024-25,2024,2023-24,DET,DET,TRUE,re_signed_standard,roster_continuity,3,28,69,NA,NA,FALSE,FALSE,NA,NA
spencer_dinwiddie_2024_DAL,Spencer Dinwiddie,2024-25,2024-25,2024,2023-24,LAL,DAL,FALSE,new_team,team_change,3,30,76,NA,NA,FALSE,FALSE,NA,NA
stanley_umude_2024_MIL,Stanley Umude,2024-25,2024-25,2024,2023-24,DET,MIL,FALSE,new_team,team_change,3,24,45,NA,NA,FALSE,FALSE,NA,NA
stephen_curry_2024_GSW,Stephen Curry,2024-25,2024-25,2024,2023-24,GSW,GSW,TRUE,re_signed_standard,roster_continuity,3,35,74,NA,NA,FALSE,FALSE,NA,NA
svi_mykhailiuk_2024_UTA,Svi Mykhailiuk,2024-25,2024-25,2024,2023-24,BOS,UTA,FALSE,new_team,team_change,3,26,79,NA,NA,FALSE,FALSE,NA,NA
talen_horton-tucker_2024_CHI,Talen Horton-Tucker,2024-25,2024-25,2024,2023-24,UTA,CHI,FALSE,new_team,team_change,3,23,80,NA,NA,FALSE,FALSE,NA,NA
taurean_prince_2024_MIL,Taurean Prince,2024-25,2024-25,2024,2023-24,LAL,MIL,FALSE,new_team,team_change,3,29,80,NA,NA,FALSE,FALSE,NA,NA
taylor_hendricks_2024_UTA,Taylor Hendricks,2024-25,2024-25,2024,2023-24,UTA,UTA,TRUE,re_signed_standard,roster_continuity,3,20,52,NA,NA,FALSE,FALSE,NA,NA
terance_mann_2024_ATL,Terance Mann,2024-25,2024-25,2024,2023-24,LAC,ATL,FALSE,new_team,team_change,3,27,75,NA,NA,FALSE,FALSE,NA,NA
terry_rozier_2024_MIA,Terry Rozier,2024-25,2024-25,2024,2023-24,MIA,MIA,TRUE,re_signed_standard,roster_continuity,3,29,62,NA,NA,FALSE,FALSE,NA,NA
terry_taylor_2024_SAC,Terry Taylor,2024-25,2024-25,2024,2023-24,CHI,SAC,FALSE,new_team,team_change,3,24,75,NA,NA,FALSE,FALSE,NA,NA
thomas_bryant_2024_IND,Thomas Bryant,2024-25,2024-25,2024,2023-24,MIA,IND,FALSE,new_team,team_change,3,26,82,NA,NA,FALSE,FALSE,NA,NA
tim_hardaway_2024_DET,Tim Hardaway Jr.,2024-25,2024-25,2024,2023-24,DAL,DET,FALSE,new_team,team_change,3,31,79,NA,NA,FALSE,FALSE,NA,NA
tj_mcconnell_2024_IND,T.J. McConnell,2024-25,2024-25,2024,2023-24,IND,IND,TRUE,re_signed_standard,roster_continuity,3,31,82,NA,NA,FALSE,FALSE,NA,NA
tobias_harris_2024_DET,Tobias Harris,2024-25,2024-25,2024,2023-24,PHI,DET,FALSE,new_team,team_change,3,31,76,NA,NA,FALSE,FALSE,NA,NA
torrey_craig_2024_BOS,Torrey Craig,2024-25,2024-25,2024,2023-24,CHI,BOS,FALSE,new_team,team_change,3,33,77,NA,NA,FALSE,FALSE,NA,NA
toumani_camara_2024_POR,Toumani Camara,2024-25,2024-25,2024,2023-24,POR,POR,TRUE,re_signed_standard,roster_continuity,3,23,73,NA,NA,FALSE,FALSE,NA,NA
trae_young_2024_ATL,Trae Young,2024-25,2024-25,2024,2023-24,ATL,ATL,TRUE,re_signed_standard,roster_continuity,3,25,62,NA,NA,FALSE,FALSE,NA,NA
trayce_jackson-davis_2024_GSW,Trayce Jackson-Davis,2024-25,2024-25,2024,2023-24,GSW,GSW,TRUE,re_signed_standard,roster_continuity,3,23,79,NA,NA,FALSE,FALSE,NA,NA
tre_jones_2024_CHI,Tre Jones,2024-25,2024-25,2024,2023-24,SAS,CHI,FALSE,new_team,team_change,3,24,78,NA,NA,FALSE,FALSE,NA,NA
tre_mann_2024_CHA,Tre Mann,2024-25,2024-25,2024,2023-24,CHA,CHA,TRUE,re_signed_standard,roster_continuity,3,22,77,NA,NA,FALSE,FALSE,NA,NA
trendon_watford_2024_BKN,Trendon Watford,2024-25,2024-25,2024,2023-24,BKN,BKN,TRUE,re_signed_standard,roster_continuity,3,23,82,NA,NA,FALSE,FALSE,NA,NA
trey_lyles_2024_SAC,Trey Lyles,2024-25,2024-25,2024,2023-24,SAC,SAC,TRUE,re_signed_standard,roster_continuity,3,28,59,NA,NA,FALSE,FALSE,NA,NA
trey_murphy_2024_NOP,Trey Murphy III,2024-25,2024-25,2024,2023-24,NOP,NOP,TRUE,re_signed_standard,roster_continuity,3,23,59,NA,NA,FALSE,FALSE,NA,NA
tristan_thompson_2024_CLE,Tristan Thompson,2024-25,2024-25,2024,2023-24,CLE,CLE,TRUE,re_signed_standard,roster_continuity,3,32,62,NA,NA,FALSE,FALSE,NA,NA
tyler_herro_2024_MIA,Tyler Herro,2024-25,2024-25,2024,2023-24,MIA,MIA,TRUE,re_signed_standard,roster_continuity,3,24,46,NA,NA,FALSE,FALSE,NA,NA
tyrese_haliburton_2024_IND,Tyrese Haliburton,2024-25,2024-25,2024,2023-24,IND,IND,TRUE,re_signed_standard,roster_continuity,3,23,70,NA,NA,FALSE,FALSE,NA,NA
tyrese_maxey_2024_PHI,Tyrese Maxey,2024-25,2024-25,2024,2023-24,PHI,PHI,TRUE,re_signed_standard,roster_continuity,3,23,73,NA,NA,FALSE,FALSE,NA,NA
tyus_jones_2024_PHX,Tyus Jones,2024-25,2024-25,2024,2023-24,WAS,PHX,FALSE,new_team,team_change,3,27,71,NA,NA,FALSE,FALSE,NA,NA
vasilije_micic_2024_PHX,Vasilije Micic,2024-25,2024-25,2024,2023-24,CHA,PHX,FALSE,new_team,team_change,3,30,82,NA,NA,FALSE,FALSE,NA,NA
victor_wembanyama_2024_SAS,Victor Wembanyama,2024-25,2024-25,2024,2023-24,SAS,SAS,TRUE,re_signed_standard,roster_continuity,3,20,72,NA,NA,FALSE,FALSE,NA,NA
vince_williams_2024_MEM,Vince Williams Jr.,2024-25,2024-25,2024,2023-24,MEM,MEM,TRUE,re_signed_standard,roster_continuity,3,23,72,NA,NA,FALSE,FALSE,NA,NA
walker_kessler_2024_UTA,Walker Kessler,2024-25,2024-25,2024,2023-24,UTA,UTA,TRUE,re_signed_standard,roster_continuity,3,22,65,NA,NA,FALSE,FALSE,NA,NA
wendell_carter_2024_ORL,Wendell Carter Jr.,2024-25,2024-25,2024,2023-24,ORL,ORL,TRUE,re_signed_standard,roster_continuity,3,24,61,NA,NA,FALSE,FALSE,NA,NA
wendell_moore_2024_CHA,Wendell Moore Jr.,2024-25,2024-25,2024,2023-24,MIN,CHA,FALSE,new_team,team_change,3,22,59,NA,NA,FALSE,FALSE,NA,NA
xavier_tillman_2024_BOS,Xavier Tillman,2024-25,2024-25,2024,2023-24,BOS,BOS,TRUE,re_signed_standard,roster_continuity,3,25,64,NA,NA,FALSE,FALSE,NA,NA
zach_collins_2024_CHI,Zach Collins,2024-25,2024-25,2024,2023-24,SAS,CHI,FALSE,new_team,team_change,3,26,69,NA,NA,FALSE,FALSE,NA,NA
zeke_nnaji_2024_DEN,Zeke Nnaji,2024-25,2024-25,2024,2023-24,DEN,DEN,TRUE,re_signed_standard,roster_continuity,3,23,74,NA,NA,FALSE,FALSE,NA,NA
ziaire_williams_2024_BKN,Ziaire Williams,2024-25,2024-25,2024,2023-24,MEM,BKN,FALSE,new_team,team_change,3,22,75,NA,NA,FALSE,FALSE,NA,NA
zion_williamson_2024_NOP,Zion Williamson,2024-25,2024-25,2024,2023-24,NOP,NOP,TRUE,re_signed_standard,roster_continuity,3,23,77,NA,NA,FALSE,FALSE,NA,NA
