event_id,signing_team,season,player_name,treatment_category,contract_type,contract_years,mis_overall,mis_data_quality
malcolm_delaney_2017_ATL,ATL,2017-18,Malcolm Delaney,re_signed_standard,roster_continuity,3,2.9999999999999996,complete
taurean_prince_2017_ATL,ATL,2017-18,Taurean Prince,re_signed_standard,roster_continuity,3,-0.10698109994891893,complete
dennis_schroder_2017_ATL,ATL,2017-18,Dennis Schroder,re_signed_standard,roster_continuity,3,-0.6346780356539803,complete
mike_muscala_2017_ATL,ATL,2017-18,Mike Muscala,re_signed_standard,roster_continuity,3,-0.8731231994705226,complete
dewayne_dedmon_2017_ATL,ATL,2017-18,Dewayne Dedmon,new_team,team_change,3,-0.979834426203853,complete
kent_bazemore_2017_ATL,ATL,2017-18,Kent Bazemore,re_signed_standard,roster_continuity,3,-1.1867587683051162,complete
miles_plumlee_2017_ATL,ATL,2017-18,Miles Plumlee,new_team,team_change,3,-2.3,complete
deandre_bembry_2017_ATL,ATL,2017-18,DeAndre' Bembry,re_signed_standard,roster_continuity,3,NA,missing_data
nicolas_brussino_2017_ATL,ATL,2017-18,Nicolas Brussino,new_team,team_change,3,NA,missing_data
john_collins_2018_ATL,ATL,2018-19,John Collins,re_signed_standard,roster_continuity,3,2.208293650793651,complete
alex_len_2018_ATL,ATL,2018-19,Alex Len,new_team,team_change,3,0.31974027823594964,complete
taurean_prince_2018_ATL,ATL,2018-19,Taurean Prince,re_signed_standard,roster_continuity,3,-1.0461242870110006,complete
dewayne_dedmon_2018_ATL,ATL,2018-19,Dewayne Dedmon,re_signed_standard,roster_continuity,3,-1.877790190965018,complete
kent_bazemore_2018_ATL,ATL,2018-19,Kent Bazemore,re_signed_standard,roster_continuity,3,-2.0018577627666616,complete
vince_carter_2018_ATL,ATL,2018-19,Vince Carter,new_team,team_change,3,-2.2031840756103627,complete
alex_poythress_2018_ATL,ATL,2018-19,Alex Poythress,new_team,team_change,3,NA,missing_data
deandre_bembry_2018_ATL,ATL,2018-19,DeAndre' Bembry,re_signed_standard,roster_continuity,3,NA,missing_data
deyonta_davis_2018_ATL,ATL,2018-19,Deyonta Davis,new_team,team_change,3,NA,missing_data
justin_anderson_2018_ATL,ATL,2018-19,Justin Anderson,new_team,team_change,3,NA,missing_data
miles_plumlee_2018_ATL,ATL,2018-19,Miles Plumlee,re_signed_standard,roster_continuity,3,NA,missing_data
trae_young_2019_ATL,ATL,2019-20,Trae Young,re_signed_standard,roster_continuity,3,4.9382485138466,complete
john_collins_2019_ATL,ATL,2019-20,John Collins,re_signed_standard,roster_continuity,3,1.8940629485616391,complete
kevin_huerter_2019_ATL,ATL,2019-20,Kevin Huerter,re_signed_standard,roster_continuity,3,1.399110964767863,complete
deandre_bembry_2019_ATL,ATL,2019-20,DeAndre' Bembry,re_signed_standard,roster_continuity,3,0.7341915550978373,complete
jeff_teague_2019_ATL,ATL,2019-20,Jeff Teague,new_team,team_change,3,-1.892623240885047,complete
treveon_graham_2019_ATL,ATL,2019-20,Treveon Graham,new_team,team_change,3,-2.4949008498583565,complete
dewayne_dedmon_2019_ATL,ATL,2019-20,Dewayne Dedmon,re_signed_standard,roster_continuity,3,-3.3244810032082825,complete
vince_carter_2019_ATL,ATL,2019-20,Vince Carter,re_signed_standard,roster_continuity,3,-3.382258064516129,complete
chandler_parsons_2019_ATL,ATL,2019-20,Chandler Parsons,new_team,team_change,3,NA,missing_data
tyrone_wallace_2019_ATL,ATL,2019-20,Tyrone Wallace,new_team,team_change,3,NA,missing_data
kris_dunn_2020_ATL,ATL,2020-21,Kris Dunn,new_team,team_change,3,4.097404063205417,complete
trae_young_2020_ATL,ATL,2020-21,Trae Young,re_signed_standard,roster_continuity,3,2.641105669768959,complete
deandre_hunter_2020_ATL,ATL,2020-21,De'Andre Hunter,re_signed_standard,roster_continuity,3,1.880438256105912,complete
kevin_huerter_2020_ATL,ATL,2020-21,Kevin Huerter,re_signed_standard,roster_continuity,3,1.8675391961295795,complete
bogdan_bogdanovic_2020_ATL,ATL,2020-21,Bogdan Bogdanovic,new_team,team_change,3,1.7143805319833658,complete
cam_reddish_2020_ATL,ATL,2020-21,Cam Reddish,re_signed_standard,roster_continuity,3,1.6267441860465115,complete
solomon_hill_2020_ATL,ATL,2020-21,Solomon Hill,new_team,team_change,3,0.04852492370295014,complete
clint_capela_2020_ATL,ATL,2020-21,Clint Capela,new_team,team_change,3,-0.12461073318216176,complete
tony_snell_2020_ATL,ATL,2020-21,Tony Snell,new_team,team_change,3,-0.8648038651681191,complete
john_collins_2020_ATL,ATL,2020-21,John Collins,re_signed_standard,roster_continuity,3,-1.1345891874696492,complete
danilo_gallinari_2020_ATL,ATL,2020-21,Danilo Gallinari,new_team,team_change,3,-3.479969203846288,complete
lou_williams_2020_ATL,ATL,2020-21,Lou Williams,new_team,team_change,3,-4.298711625116362,complete
brandon_goodwin_2020_ATL,ATL,2020-21,Brandon Goodwin,re_signed_standard,roster_continuity,3,NA,missing_data
bruno_fernando_2020_ATL,ATL,2020-21,Bruno Fernando,re_signed_standard,roster_continuity,3,NA,missing_data
onyeka_okongwu_2021_ATL,ATL,2021-22,Onyeka Okongwu,re_signed_standard,roster_continuity,3,1.8029203956665096,complete
kevin_huerter_2021_ATL,ATL,2021-22,Kevin Huerter,re_signed_standard,roster_continuity,3,0.6078798503874794,complete
kevin_knox_2021_ATL,ATL,2021-22,Kevin Knox II,new_team,team_change,3,0.29259259259259274,complete
delon_wright_2021_ATL,ATL,2021-22,Delon Wright,new_team,team_change,3,0.17990320334446208,complete
timothe_luwawu-cabarrot_2021_ATL,ATL,2021-22,Timothe Luwawu-Cabarrot,new_team,team_change,3,0.1138728323699425,complete
trae_young_2021_ATL,ATL,2021-22,Trae Young,re_signed_standard,roster_continuity,3,0.01580103720688708,complete
clint_capela_2021_ATL,ATL,2021-22,Clint Capela,re_signed_standard,roster_continuity,3,-0.748121202709461,complete
bogdan_bogdanovic_2021_ATL,ATL,2021-22,Bogdan Bogdanovic,re_signed_standard,roster_continuity,3,-1.2431458775965516,complete
lou_williams_2021_ATL,ATL,2021-22,Lou Williams,re_signed_standard,roster_continuity,3,-2.714663827198053,complete
john_collins_2021_ATL,ATL,2021-22,John Collins,re_signed_standard,roster_continuity,3,-2.988265508547246,complete
danilo_gallinari_2021_ATL,ATL,2021-22,Danilo Gallinari,re_signed_standard,roster_continuity,3,-3.085535568888424,complete
gorgui_dieng_2021_ATL,ATL,2021-22,Gorgui Dieng,new_team,team_change,3,NA,missing_data
skylar_mays_2021_ATL,ATL,2021-22,Skylar Mays,re_signed_standard,roster_continuity,3,NA,missing_data
solomon_hill_2021_ATL,ATL,2021-22,Solomon Hill,re_signed_standard,roster_continuity,3,NA,missing_data
wes_iwundu_2021_ATL,ATL,2021-22,Wes Iwundu,new_team,team_change,3,NA,missing_data
vit_krejci_2022_ATL,ATL,2022-23,Vit Krejci,new_team,team_change,3,4.594805194805194,complete
aaron_holiday_2022_ATL,ATL,2022-23,Aaron Holiday,new_team,team_change,3,1.747101033411951,complete
onyeka_okongwu_2022_ATL,ATL,2022-23,Onyeka Okongwu,re_signed_standard,roster_continuity,3,0.7070277140942168,complete
deandre_hunter_2022_ATL,ATL,2022-23,De'Andre Hunter,re_signed_standard,roster_continuity,3,0.4999769276615036,complete
garrison_mathews_2022_ATL,ATL,2022-23,Garrison Mathews,new_team,team_change,3,-0.26129505582137114,complete
saddiq_bey_2022_ATL,ATL,2022-23,Saddiq Bey,new_team,team_change,3,-0.6552439256584168,complete
clint_capela_2022_ATL,ATL,2022-23,Clint Capela,re_signed_standard,roster_continuity,3,-1.7487136553417146,complete
dejounte_murray_2022_ATL,ATL,2022-23,Dejounte Murray,new_team,team_change,3,-2.3211801348275864,complete
trae_young_2022_ATL,ATL,2022-23,Trae Young,re_signed_standard,roster_continuity,3,-2.4828925259019745,complete
bogdan_bogdanovic_2022_ATL,ATL,2022-23,Bogdan Bogdanovic,re_signed_standard,roster_continuity,3,-2.530017862097512,complete
john_collins_2022_ATL,ATL,2022-23,John Collins,re_signed_standard,roster_continuity,3,-2.541891699189982,complete
bruno_fernando_2022_ATL,ATL,2022-23,Bruno Fernando,new_team,team_change,3,NA,missing_data
derrick_favors_2022_ATL,ATL,2022-23,Derrick Favors,new_team,team_change,3,NA,missing_data
jalen_johnson_2022_ATL,ATL,2022-23,Jalen Johnson,re_signed_standard,roster_continuity,3,NA,missing_data
jarrett_culver_2022_ATL,ATL,2022-23,Jarrett Culver,new_team,team_change,3,NA,missing_data
trent_forrest_2022_ATL,ATL,2022-23,Trent Forrest,new_team,team_change,3,NA,missing_data
vit_krejci_2023_ATL,ATL,2023-24,Vit Krejci,re_signed_standard,roster_continuity,3,4.191186001296176,complete
jalen_johnson_2023_ATL,ATL,2023-24,Jalen Johnson,re_signed_standard,roster_continuity,3,2.3665030674846625,complete
deandre_hunter_2023_ATL,ATL,2023-24,De'Andre Hunter,re_signed_standard,roster_continuity,3,1.831615653482754,complete
garrison_mathews_2023_ATL,ATL,2023-24,Garrison Mathews,re_signed_standard,roster_continuity,3,-0.03363212483143218,complete
onyeka_okongwu_2023_ATL,ATL,2023-24,Onyeka Okongwu,re_signed_standard,roster_continuity,3,-0.1532604925424904,complete
saddiq_bey_2023_ATL,ATL,2023-24,Saddiq Bey,re_signed_standard,roster_continuity,3,-0.30088207985143917,complete
bogdan_bogdanovic_2023_ATL,ATL,2023-24,Bogdan Bogdanovic,re_signed_standard,roster_continuity,3,-1.5315620438791624,complete
dejounte_murray_2023_ATL,ATL,2023-24,Dejounte Murray,re_signed_standard,roster_continuity,3,-2.2377979837912636,complete
clint_capela_2023_ATL,ATL,2023-24,Clint Capela,re_signed_standard,roster_continuity,3,-2.2466344230950903,complete
trae_young_2023_ATL,ATL,2023-24,Trae Young,re_signed_standard,roster_continuity,3,-2.899082083982953,complete
aj_griffin_2023_ATL,ATL,2023-24,AJ Griffin,re_signed_standard,roster_continuity,3,NA,missing_data
bruno_fernando_2023_ATL,ATL,2023-24,Bruno Fernando,re_signed_standard,roster_continuity,3,NA,missing_data
trent_forrest_2023_ATL,ATL,2023-24,Trent Forrest,re_signed_standard,roster_continuity,3,NA,missing_data
wesley_matthews_2023_ATL,ATL,2023-24,Wesley Matthews,new_team,team_change,3,NA,missing_data
jalen_johnson_2024_ATL,ATL,2024-25,Jalen Johnson,re_signed_standard,roster_continuity,3,2.512411888530542,complete
dyson_daniels_2024_ATL,ATL,2024-25,Dyson Daniels,new_team,team_change,3,1.8430017678255748,complete
garrison_mathews_2024_ATL,ATL,2024-25,Garrison Mathews,re_signed_standard,roster_continuity,3,1.1547079856972582,complete
onyeka_okongwu_2024_ATL,ATL,2024-25,Onyeka Okongwu,re_signed_standard,roster_continuity,3,0.7021030965786452,complete
caris_levert_2024_ATL,ATL,2024-25,Caris LeVert,new_team,team_change,3,0.3677742767363745,complete
georges_niang_2024_ATL,ATL,2024-25,Georges Niang,new_team,team_change,3,-0.07843254561770863,complete
clint_capela_2024_ATL,ATL,2024-25,Clint Capela,re_signed_standard,roster_continuity,3,-1.4887896097794648,complete
terance_mann_2024_ATL,ATL,2024-25,Terance Mann,new_team,team_change,3,-1.5408559969187594,complete
trae_young_2024_ATL,ATL,2024-25,Trae Young,re_signed_standard,roster_continuity,3,-2.496765558777604,complete
dominick_barlow_2024_ATL,ATL,2024-25,Dominick Barlow,new_team,team_change,3,NA,missing_data
larry_nance_2024_ATL,ATL,2024-25,Larry Nance Jr.,new_team,team_change,3,NA,missing_data
joe_harris_2017_BKN,BKN,2017-18,Joe Harris,re_signed_standard,roster_continuity,3,3.6438585510874666,complete
dangelo_russell_2017_BKN,BKN,2017-18,D'Angelo Russell,new_team,team_change,3,3.5026760460924855,complete
spencer_dinwiddie_2017_BKN,BKN,2017-18,Spencer Dinwiddie,re_signed_standard,roster_continuity,3,1.9850659800450592,complete
nik_stauskas_2017_BKN,BKN,2017-18,Nik Stauskas,new_team,team_change,3,1.216568635839688,complete
dante_cunningham_2017_BKN,BKN,2017-18,Dante Cunningham,new_team,team_change,3,0.9633300051032858,complete
jahlil_okafor_2017_BKN,BKN,2017-18,Jahlil Okafor,new_team,team_change,3,0.8832293577981649,complete
caris_levert_2017_BKN,BKN,2017-18,Caris LeVert,re_signed_standard,roster_continuity,3,0.7059196617336153,complete
rondae_hollis-jefferson_2017_BKN,BKN,2017-18,Rondae Hollis-Jefferson,re_signed_standard,roster_continuity,3,0.12973219094594213,complete
demarre_carroll_2017_BKN,BKN,2017-18,DeMarre Carroll,new_team,team_change,3,-0.6339641214674661,complete
allen_crabbe_2017_BKN,BKN,2017-18,Allen Crabbe,new_team,team_change,3,-0.8963916327806805,complete
quincy_acy_2017_BKN,BKN,2017-18,Quincy Acy,re_signed_standard,roster_continuity,3,-1.6217573221757324,complete
isaiah_whitehead_2017_BKN,BKN,2017-18,Isaiah Whitehead,re_signed_standard,roster_continuity,3,NA,missing_data
timofey_mozgov_2017_BKN,BKN,2017-18,Timofey Mozgov,new_team,team_change,3,NA,missing_data
dangelo_russell_2018_BKN,BKN,2018-19,D'Angelo Russell,re_signed_standard,roster_continuity,3,3.5122587921110084,complete
jarrett_allen_2018_BKN,BKN,2018-19,Jarrett Allen,re_signed_standard,roster_continuity,3,2.4626978664831385,complete
ed_davis_2018_BKN,BKN,2018-19,Ed Davis,new_team,team_change,3,1.8219026548672568,complete
joe_harris_2018_BKN,BKN,2018-19,Joe Harris,re_signed_standard,roster_continuity,3,1.4567341439993384,complete
spencer_dinwiddie_2018_BKN,BKN,2018-19,Spencer Dinwiddie,re_signed_standard,roster_continuity,3,1.1986561238147728,complete
caris_levert_2018_BKN,BKN,2018-19,Caris LeVert,re_signed_standard,roster_continuity,3,1.0248528217203092,complete
jared_dudley_2018_BKN,BKN,2018-19,Jared Dudley,new_team,team_change,3,-0.29755859375000004,complete
shabazz_napier_2018_BKN,BKN,2018-19,Shabazz Napier,new_team,team_change,3,-0.4265416347127422,complete
rondae_hollis-jefferson_2018_BKN,BKN,2018-19,Rondae Hollis-Jefferson,re_signed_standard,roster_continuity,3,-0.649166739310616,complete
demarre_carroll_2018_BKN,BKN,2018-19,DeMarre Carroll,re_signed_standard,roster_continuity,3,-1.6073362875430823,complete
treveon_graham_2018_BKN,BKN,2018-19,Treveon Graham,new_team,team_change,3,-2.073661800486618,complete
allen_crabbe_2018_BKN,BKN,2018-19,Allen Crabbe,re_signed_standard,roster_continuity,3,-2.710211918103887,complete
jarrett_allen_2019_BKN,BKN,2019-20,Jarrett Allen,re_signed_standard,roster_continuity,3,1.7970684039087947,complete
david_nwaba_2019_BKN,BKN,2019-20,David Nwaba,new_team,team_change,3,1.6449074227144984,complete
timothe_luwawu-cabarrot_2019_BKN,BKN,2019-20,Timothe Luwawu-Cabarrot,new_team,team_change,3,1.2148446237167163,complete
garrett_temple_2019_BKN,BKN,2019-20,Garrett Temple,new_team,team_change,3,0.548066286544088,complete
spencer_dinwiddie_2019_BKN,BKN,2019-20,Spencer Dinwiddie,re_signed_standard,roster_continuity,3,0.45264217413185726,complete
caris_levert_2019_BKN,BKN,2019-20,Caris LeVert,re_signed_standard,roster_continuity,3,0.01442360137577286,complete
rodions_kurucs_2019_BKN,BKN,2019-20,Rodions Kurucs,re_signed_standard,roster_continuity,3,-0.19999999999999973,complete
joe_harris_2019_BKN,BKN,2019-20,Joe Harris,re_signed_standard,roster_continuity,3,-0.21363517674178972,complete
wilson_chandler_2019_BKN,BKN,2019-20,Wilson Chandler,new_team,team_change,3,-0.36613681521430586,complete
deandre_jordan_2019_BKN,BKN,2019-20,DeAndre Jordan,new_team,team_change,3,-0.4061097659088493,complete
taurean_prince_2019_BKN,BKN,2019-20,Taurean Prince,new_team,team_change,3,-0.601848508479411,complete
kyrie_irving_2019_BKN,BKN,2019-20,Kyrie Irving,new_team,team_change,3,-2.09869078769436,complete
tyler_johnson_2019_BKN,BKN,2019-20,Tyler Johnson,new_team,team_change,3,-2.8028157101781295,complete
iman_shumpert_2019_BKN,BKN,2019-20,Iman Shumpert,new_team,team_change,3,NA,missing_data
jamal_crawford_2019_BKN,BKN,2019-20,Jamal Crawford,new_team,team_change,3,NA,missing_data
justin_anderson_2019_BKN,BKN,2019-20,Justin Anderson,new_team,team_change,3,NA,missing_data
lance_thomas_2019_BKN,BKN,2019-20,Lance Thomas,new_team,team_change,3,NA,missing_data
bruce_brown_2020_BKN,BKN,2020-21,Bruce Brown,new_team,team_change,3,2.179127611704395,complete
landry_shamet_2020_BKN,BKN,2020-21,Landry Shamet,new_team,team_change,3,0.11721476206374204,complete
joe_harris_2020_BKN,BKN,2020-21,Joe Harris,re_signed_standard,roster_continuity,3,-0.3879284756136109,complete
timothe_luwawu-cabarrot_2020_BKN,BKN,2020-21,Timothe Luwawu-Cabarrot,re_signed_standard,roster_continuity,3,-0.4470463935289146,complete
spencer_dinwiddie_2020_BKN,BKN,2020-21,Spencer Dinwiddie,re_signed_standard,roster_continuity,3,-0.6806140596090529,complete
jeff_green_2020_BKN,BKN,2020-21,Jeff Green,new_team,team_change,3,-1.0605784543927166,complete
lamarcus_aldridge_2020_BKN,BKN,2020-21,LaMarcus Aldridge,new_team,team_change,3,-1.3329688397138877,complete
tyler_johnson_2020_BKN,BKN,2020-21,Tyler Johnson,re_signed_standard,roster_continuity,3,-2.2079982126899016,complete
deandre_jordan_2020_BKN,BKN,2020-21,DeAndre Jordan,re_signed_standard,roster_continuity,3,-2.7154299767970835,complete
james_harden_2020_BKN,BKN,2020-21,James Harden,new_team,team_change,3,-5.029814627843885,complete
alize_johnson_2020_BKN,BKN,2020-21,Alize Johnson,new_team,team_change,3,NA,missing_data
chris_chiozza_2020_BKN,BKN,2020-21,Chris Chiozza,re_signed_standard,roster_continuity,3,NA,missing_data
noah_vonleh_2020_BKN,BKN,2020-21,Noah Vonleh,new_team,team_change,3,NA,missing_data
blake_griffin_2021_BKN,BKN,2021-22,Blake Griffin,re_signed_standard,roster_continuity,3,1.5789348846788434,complete
nic_claxton_2021_BKN,BKN,2021-22,Nic Claxton,re_signed_standard,roster_continuity,3,1.4776907293415404,complete
andre_drummond_2021_BKN,BKN,2021-22,Andre Drummond,new_team,team_change,3,0.2997299815691497,complete
bruce_brown_2021_BKN,BKN,2021-22,Bruce Brown,re_signed_standard,roster_continuity,3,-0.34034736519339426,complete
joe_harris_2021_BKN,BKN,2021-22,Joe Harris,re_signed_standard,roster_continuity,3,-1.201266416510319,complete
patty_mills_2021_BKN,BKN,2021-22,Patty Mills,new_team,team_change,3,-1.334647685075388,complete
kevin_durant_2021_BKN,BKN,2021-22,Kevin Durant,re_signed_standard,roster_continuity,3,-1.3976036866359438,complete
james_johnson_2021_BKN,BKN,2021-22,James Johnson,new_team,team_change,3,-1.4469314079422384,complete
seth_curry_2021_BKN,BKN,2021-22,Seth Curry,new_team,team_change,3,-1.7176587192516837,complete
kyrie_irving_2021_BKN,BKN,2021-22,Kyrie Irving,re_signed_standard,roster_continuity,3,-1.889968834964895,complete
goran_dragic_2021_BKN,BKN,2021-22,Goran Dragic,new_team,team_change,3,-2.8195333333333332,complete
cam_thomas_2022_BKN,BKN,2022-23,Cam Thomas,re_signed_standard,roster_continuity,3,2.134148264984227,complete
nic_claxton_2022_BKN,BKN,2022-23,Nic Claxton,re_signed_standard,roster_continuity,3,1.186008350939674,complete
cameron_johnson_2022_BKN,BKN,2022-23,Cameron Johnson,new_team,team_change,3,0.6465164697985819,complete
yuta_watanabe_2022_BKN,BKN,2022-23,Yuta Watanabe,new_team,team_change,3,0.09999999999999998,complete
spencer_dinwiddie_2022_BKN,BKN,2022-23,Spencer Dinwiddie,new_team,team_change,3,-1.0983601882218736,complete
royce_oneale_2022_BKN,BKN,2022-23,Royce O'Neale,new_team,team_change,3,-1.2942235156917057,complete
patty_mills_2022_BKN,BKN,2022-23,Patty Mills,re_signed_standard,roster_continuity,3,-1.6090052096254033,complete
seth_curry_2022_BKN,BKN,2022-23,Seth Curry,re_signed_standard,roster_continuity,3,-1.739067770976983,complete
mikal_bridges_2022_BKN,BKN,2022-23,Mikal Bridges,new_team,team_change,3,-2.098767228567695,complete
dorian_finney-smith_2022_BKN,BKN,2022-23,Dorian Finney-Smith,new_team,team_change,3,-2.189862426144907,complete
dayron_sharpe_2022_BKN,BKN,2022-23,Day'Ron Sharpe,re_signed_standard,roster_continuity,3,NA,missing_data
moses_brown_2022_BKN,BKN,2022-23,Moses Brown,new_team,team_change,3,NA,missing_data
dayron_sharpe_2023_BKN,BKN,2023-24,Day'Ron Sharpe,re_signed_standard,roster_continuity,3,3.11672800267648,complete
keon_johnson_2023_BKN,BKN,2023-24,Keon Johnson,new_team,team_change,3,2.6000000000000005,complete
cam_thomas_2023_BKN,BKN,2023-24,Cam Thomas,re_signed_standard,roster_continuity,3,1.258054967200797,complete
dennis_smith_2023_BKN,BKN,2023-24,Dennis Smith Jr.,new_team,team_change,3,1.2427021696252465,complete
lonnie_walker_2023_BKN,BKN,2023-24,Lonnie Walker IV,new_team,team_change,3,0.609556548642145,complete
keita_bates-diop_2023_BKN,BKN,2023-24,Keita Bates-Diop,new_team,team_change,3,0.3945205479452054,complete
dennis_schroder_2023_BKN,BKN,2023-24,Dennis Schroder,new_team,team_change,3,0.3776298072667173,complete
trendon_watford_2023_BKN,BKN,2023-24,Trendon Watford,new_team,team_change,3,-0.1033266589917603,complete
ben_simmons_2023_BKN,BKN,2023-24,Ben Simmons,re_signed_standard,roster_continuity,3,-0.9,complete
mikal_bridges_2023_BKN,BKN,2023-24,Mikal Bridges,re_signed_standard,roster_continuity,3,-1.113905913953617,complete
nic_claxton_2023_BKN,BKN,2023-24,Nic Claxton,re_signed_standard,roster_continuity,3,-1.471339836522875,complete
dorian_finney-smith_2023_BKN,BKN,2023-24,Dorian Finney-Smith,re_signed_standard,roster_continuity,3,-1.5013980493258687,complete
cameron_johnson_2023_BKN,BKN,2023-24,Cameron Johnson,re_signed_standard,roster_continuity,3,-1.6223225533017034,complete
ziaire_williams_2024_BKN,BKN,2024-25,Ziaire Williams,new_team,team_change,3,2.85828873378959,complete
dayron_sharpe_2024_BKN,BKN,2024-25,Day'Ron Sharpe,re_signed_standard,roster_continuity,3,2.0423786769195615,complete
cameron_johnson_2024_BKN,BKN,2024-25,Cameron Johnson,re_signed_standard,roster_continuity,3,-0.01062993522042043,complete
cam_thomas_2024_BKN,BKN,2024-25,Cam Thomas,re_signed_standard,roster_continuity,3,-0.945069648538899,complete
trendon_watford_2024_BKN,BKN,2024-25,Trendon Watford,re_signed_standard,roster_continuity,3,-1.262570253534007,complete
jalen_wilson_2024_BKN,BKN,2024-25,Jalen Wilson,re_signed_standard,roster_continuity,3,-1.505294117647059,complete
nic_claxton_2024_BKN,BKN,2024-25,Nic Claxton,re_signed_standard,roster_continuity,3,-1.531066393738758,complete
dangelo_russell_2024_BKN,BKN,2024-25,D'Angelo Russell,new_team,team_change,3,-1.588721804511278,complete
dennis_smith_2024_BKN,BKN,2024-25,Dennis Smith Jr.,re_signed_standard,roster_continuity,3,NA,missing_data
kendall_brown_2024_BKN,BKN,2024-25,Kendall Brown,new_team,team_change,3,NA,missing_data
killian_hayes_2024_BKN,BKN,2024-25,Killian Hayes,new_team,team_change,3,NA,missing_data
maxwell_lewis_2024_BKN,BKN,2024-25,Maxwell Lewis,new_team,team_change,3,NA,missing_data
kyrie_irving_2017_BOS,BOS,2017-18,Kyrie Irving,new_team,team_change,3,4.346131329139071,complete
jaylen_brown_2017_BOS,BOS,2017-18,Jaylen Brown,re_signed_standard,roster_continuity,3,3.108884814135689,complete
terry_rozier_2017_BOS,BOS,2017-18,Terry Rozier,re_signed_standard,roster_continuity,3,1.9178482483812052,complete
marcus_smart_2017_BOS,BOS,2017-18,Marcus Smart,re_signed_standard,roster_continuity,3,1.6147856933079336,complete
al_horford_2017_BOS,BOS,2017-18,Al Horford,re_signed_standard,roster_continuity,3,0.2919762541872313,complete
greg_monroe_2017_BOS,BOS,2017-18,Greg Monroe,new_team,team_change,3,0.23219724437998537,complete
marcus_morris_2017_BOS,BOS,2017-18,Marcus Morris Sr.,new_team,team_change,3,0.21997449426424528,complete
aron_baynes_2017_BOS,BOS,2017-18,Aron Baynes,new_team,team_change,3,-0.5840500628619716,complete
gordon_hayward_2017_BOS,BOS,2017-18,Gordon Hayward,new_team,team_change,3,-1.9987929267669804,complete
semi_ojeleye_2018_BOS,BOS,2018-19,Semi Ojeleye,re_signed_standard,roster_continuity,3,2.2050097847358123,complete
jaylen_brown_2018_BOS,BOS,2018-19,Jaylen Brown,re_signed_standard,roster_continuity,3,2.1608439693521246,complete
marcus_smart_2018_BOS,BOS,2018-19,Marcus Smart,re_signed_standard,roster_continuity,3,1.956675449525883,complete
kyrie_irving_2018_BOS,BOS,2018-19,Kyrie Irving,re_signed_standard,roster_continuity,3,1.5052337912600011,complete
jayson_tatum_2018_BOS,BOS,2018-19,Jayson Tatum,re_signed_standard,roster_continuity,3,1.2964336661911555,complete
daniel_theis_2018_BOS,BOS,2018-19,Daniel Theis,re_signed_standard,roster_continuity,3,0.6223067484662577,complete
aron_baynes_2018_BOS,BOS,2018-19,Aron Baynes,re_signed_standard,roster_continuity,3,0.40795536764665297,complete
marcus_morris_2018_BOS,BOS,2018-19,Marcus Morris Sr.,re_signed_standard,roster_continuity,3,0.36474543576594104,complete
al_horford_2018_BOS,BOS,2018-19,Al Horford,re_signed_standard,roster_continuity,3,-0.3160696133217269,complete
terry_rozier_2018_BOS,BOS,2018-19,Terry Rozier,re_signed_standard,roster_continuity,3,-0.36443256256028017,complete
guerschon_yabusele_2018_BOS,BOS,2018-19,Guerschon Yabusele,re_signed_standard,roster_continuity,3,NA,missing_data
jayson_tatum_2019_BOS,BOS,2019-20,Jayson Tatum,re_signed_standard,roster_continuity,3,3.845113283814409,complete
jaylen_brown_2019_BOS,BOS,2019-20,Jaylen Brown,re_signed_standard,roster_continuity,3,3.074303513781115,complete
semi_ojeleye_2019_BOS,BOS,2019-20,Semi Ojeleye,re_signed_standard,roster_continuity,3,2.4224698712040764,complete
marcus_smart_2019_BOS,BOS,2019-20,Marcus Smart,re_signed_standard,roster_continuity,3,0.6261174370115115,complete
gordon_hayward_2019_BOS,BOS,2019-20,Gordon Hayward,re_signed_standard,roster_continuity,3,0.44933333333333336,complete
daniel_theis_2019_BOS,BOS,2019-20,Daniel Theis,re_signed_standard,roster_continuity,3,0.2595707983316442,complete
enes_freedom_2019_BOS,BOS,2019-20,Enes Freedom,new_team,team_change,3,-0.7100876118541477,complete
kemba_walker_2019_BOS,BOS,2019-20,Kemba Walker,new_team,team_change,3,-1.3263875033820889,complete
brad_wanamaker_2019_BOS,BOS,2019-20,Brad Wanamaker,re_signed_standard,roster_continuity,3,NA,missing_data
robert_williams_2019_BOS,BOS,2019-20,Robert Williams III,re_signed_standard,roster_continuity,3,NA,missing_data
jayson_tatum_2020_BOS,BOS,2020-21,Jayson Tatum,re_signed_standard,roster_continuity,3,3.035817272482822,complete
jaylen_brown_2020_BOS,BOS,2020-21,Jaylen Brown,re_signed_standard,roster_continuity,3,2.572338364545307,complete
grant_williams_2020_BOS,BOS,2020-21,Grant Williams,re_signed_standard,roster_continuity,3,1.2745156188216686,complete
evan_fournier_2020_BOS,BOS,2020-21,Evan Fournier,new_team,team_change,3,0.8017195568345706,complete
luke_kornet_2020_BOS,BOS,2020-21,Luke Kornet,new_team,team_change,3,0.33194341027550256,complete
semi_ojeleye_2020_BOS,BOS,2020-21,Semi Ojeleye,re_signed_standard,roster_continuity,3,0.15121495327102785,complete
marcus_smart_2020_BOS,BOS,2020-21,Marcus Smart,re_signed_standard,roster_continuity,3,-1.2995030138268249,complete
tristan_thompson_2020_BOS,BOS,2020-21,Tristan Thompson,new_team,team_change,3,-1.656843096951011,complete
kemba_walker_2020_BOS,BOS,2020-21,Kemba Walker,re_signed_standard,roster_continuity,3,-2.9468683858203324,complete
carsen_edwards_2020_BOS,BOS,2020-21,Carsen Edwards,re_signed_standard,roster_continuity,3,NA,missing_data
jabari_parker_2020_BOS,BOS,2020-21,Jabari Parker,new_team,team_change,3,NA,missing_data
romeo_langford_2020_BOS,BOS,2020-21,Romeo Langford,re_signed_standard,roster_continuity,3,NA,missing_data
luke_kornet_2021_BOS,BOS,2021-22,Luke Kornet,re_signed_standard,roster_continuity,3,3.520201454952434,complete
grant_williams_2021_BOS,BOS,2021-22,Grant Williams,re_signed_standard,roster_continuity,3,1.810621975665117,complete
jayson_tatum_2021_BOS,BOS,2021-22,Jayson Tatum,re_signed_standard,roster_continuity,3,1.2513721050126256,complete
aaron_nesmith_2021_BOS,BOS,2021-22,Aaron Nesmith,re_signed_standard,roster_continuity,3,1.1672291904218928,complete
payton_pritchard_2021_BOS,BOS,2021-22,Payton Pritchard,re_signed_standard,roster_continuity,3,1.1152781781493226,complete
jaylen_brown_2021_BOS,BOS,2021-22,Jaylen Brown,re_signed_standard,roster_continuity,3,-0.31091921283099233,complete
marcus_smart_2021_BOS,BOS,2021-22,Marcus Smart,re_signed_standard,roster_continuity,3,-1.097503581720873,complete
robert_williams_2021_BOS,BOS,2021-22,Robert Williams III,re_signed_standard,roster_continuity,3,-1.189802130898021,complete
daniel_theis_2021_BOS,BOS,2021-22,Daniel Theis,new_team,team_change,3,-3.031969161774981,complete
al-farouq_aminu_2021_BOS,BOS,2021-22,Al-Farouq Aminu,new_team,team_change,3,NA,missing_data
brodric_thomas_2021_BOS,BOS,2021-22,Brodric Thomas,new_team,team_change,3,NA,missing_data
enes_freedom_2021_BOS,BOS,2021-22,Enes Freedom,new_team,team_change,3,NA,missing_data
jabari_parker_2021_BOS,BOS,2021-22,Jabari Parker,re_signed_standard,roster_continuity,3,NA,missing_data
juwan_morgan_2021_BOS,BOS,2021-22,Juwan Morgan,new_team,team_change,3,NA,missing_data
kelan_martin_2021_BOS,BOS,2021-22,Kelan Martin,new_team,team_change,3,NA,missing_data
derrick_white_2022_BOS,BOS,2022-23,Derrick White,re_signed_standard,roster_continuity,3,2.2170795677719313,complete
payton_pritchard_2022_BOS,BOS,2022-23,Payton Pritchard,re_signed_standard,roster_continuity,3,1.1981252030286835,complete
jayson_tatum_2022_BOS,BOS,2022-23,Jayson Tatum,re_signed_standard,roster_continuity,3,0.7710717175091215,complete
blake_griffin_2022_BOS,BOS,2022-23,Blake Griffin,new_team,team_change,3,0.7659514925373135,complete
grant_williams_2022_BOS,BOS,2022-23,Grant Williams,re_signed_standard,roster_continuity,3,-0.21887052314223188,complete
malcolm_brogdon_2022_BOS,BOS,2022-23,Malcolm Brogdon,new_team,team_change,3,-0.34570883252688644,complete
al_horford_2022_BOS,BOS,2022-23,Al Horford,re_signed_standard,roster_continuity,3,-1.3041138863438713,complete
marcus_smart_2022_BOS,BOS,2022-23,Marcus Smart,re_signed_standard,roster_continuity,3,-1.539900394884843,complete
jaylen_brown_2022_BOS,BOS,2022-23,Jaylen Brown,re_signed_standard,roster_continuity,3,-1.5993121734198312,complete
robert_williams_2022_BOS,BOS,2022-23,Robert Williams III,re_signed_standard,roster_continuity,3,-2.37658659017569,complete
mike_muscala_2022_BOS,BOS,2022-23,Mike Muscala,new_team,team_change,3,-4.643656356201584,complete
justin_champagnie_2022_BOS,BOS,2022-23,Justin Champagnie,new_team,team_change,3,NA,missing_data
sam_hauser_2022_BOS,BOS,2022-23,Sam Hauser,re_signed_standard,roster_continuity,3,NA,missing_data
payton_pritchard_2023_BOS,BOS,2023-24,Payton Pritchard,re_signed_standard,roster_continuity,3,2.5868415989629736,complete
luke_kornet_2023_BOS,BOS,2023-24,Luke Kornet,re_signed_standard,roster_continuity,3,2.4397191308956017,complete
derrick_white_2023_BOS,BOS,2023-24,Derrick White,re_signed_standard,roster_continuity,3,1.8204226891904676,complete
oshae_brissett_2023_BOS,BOS,2023-24,Oshae Brissett,new_team,team_change,3,0.809142425387231,complete
svi_mykhailiuk_2023_BOS,BOS,2023-24,Svi Mykhailiuk,new_team,team_change,3,0.4860125260960335,complete
kristaps_porzingis_2023_BOS,BOS,2023-24,Kristaps Porzingis,new_team,team_change,3,0.16189334161061364,complete
jayson_tatum_2023_BOS,BOS,2023-24,Jayson Tatum,re_signed_standard,roster_continuity,3,-0.13177603351195533,complete
sam_hauser_2023_BOS,BOS,2023-24,Sam Hauser,re_signed_standard,roster_continuity,3,-0.14064417177914113,complete
jaylen_brown_2023_BOS,BOS,2023-24,Jaylen Brown,re_signed_supermax,supermax,3,-0.2868225806451612,complete
al_horford_2023_BOS,BOS,2023-24,Al Horford,re_signed_standard,roster_continuity,3,-1.5657876437288198,complete
jrue_holiday_2023_BOS,BOS,2023-24,Jrue Holiday,new_team,team_change,3,-1.5689767522299685,complete
xavier_tillman_2023_BOS,BOS,2023-24,Xavier Tillman,new_team,team_change,3,-2.652791068580542,complete
jaden_springer_2023_BOS,BOS,2023-24,Jaden Springer,new_team,team_change,3,NA,missing_data
payton_pritchard_2024_BOS,BOS,2024-25,Payton Pritchard,re_signed_standard,roster_continuity,3,3.0109275922611163,complete
luke_kornet_2024_BOS,BOS,2024-25,Luke Kornet,re_signed_standard,roster_continuity,3,1.133506893309837,complete
jaylen_brown_2024_BOS,BOS,2024-25,Jaylen Brown,re_signed_standard,roster_continuity,3,0.7482886032430955,complete
derrick_white_2024_BOS,BOS,2024-25,Derrick White,re_signed_standard,roster_continuity,3,0.2392945206320367,complete
jayson_tatum_2024_BOS,BOS,2024-25,Jayson Tatum,re_signed_supermax,supermax,3,-0.1696059988500851,complete
sam_hauser_2024_BOS,BOS,2024-25,Sam Hauser,re_signed_standard,roster_continuity,3,-0.4261889302151153,complete
kristaps_porzingis_2024_BOS,BOS,2024-25,Kristaps Porzingis,re_signed_standard,roster_continuity,3,-1.0428798977186973,complete
jrue_holiday_2024_BOS,BOS,2024-25,Jrue Holiday,re_signed_standard,roster_continuity,3,-1.349336482231219,complete
al_horford_2024_BOS,BOS,2024-25,Al Horford,re_signed_standard,roster_continuity,3,-2.0950564728708265,complete
neemias_queta_2024_BOS,BOS,2024-25,Neemias Queta,re_signed_standard,roster_continuity,3,NA,missing_data
torrey_craig_2024_BOS,BOS,2024-25,Torrey Craig,new_team,team_change,3,NA,missing_data
xavier_tillman_2024_BOS,BOS,2024-25,Xavier Tillman,re_signed_standard,roster_continuity,3,NA,missing_data
frank_kaminsky_2017_CHA,CHA,2017-18,Frank Kaminsky,re_signed_standard,roster_continuity,3,0.85632212415391,complete
michael_carter-williams_2017_CHA,CHA,2017-18,Michael Carter-Williams,new_team,team_change,3,0.8467361581676542,complete
jeremy_lamb_2017_CHA,CHA,2017-18,Jeremy Lamb,re_signed_standard,roster_continuity,3,0.31251215723044967,complete
willy_hernangomez_2017_CHA,CHA,2017-18,Willy Hernangomez,new_team,team_change,3,0.2,complete
kemba_walker_2017_CHA,CHA,2017-18,Kemba Walker,re_signed_standard,roster_continuity,3,0.17167670353553177,complete
cody_zeller_2017_CHA,CHA,2017-18,Cody Zeller,re_signed_standard,roster_continuity,3,-0.4940843889284913,complete
dwight_howard_2017_CHA,CHA,2017-18,Dwight Howard,new_team,team_change,3,-0.7342918407418932,complete
nicolas_batum_2017_CHA,CHA,2017-18,Nicolas Batum,re_signed_standard,roster_continuity,3,-1.173760636518646,complete
marvin_williams_2017_CHA,CHA,2017-18,Marvin Williams,re_signed_standard,roster_continuity,3,-1.23179695250195,complete
michael_kidd-gilchrist_2017_CHA,CHA,2017-18,Michael Kidd-Gilchrist,re_signed_standard,roster_continuity,3,-1.5167712116209973,complete
treveon_graham_2017_CHA,CHA,2017-18,Treveon Graham,re_signed_standard,roster_continuity,3,NA,missing_data
frank_kaminsky_2018_CHA,CHA,2018-19,Frank Kaminsky,re_signed_standard,roster_continuity,3,1.057269884963183,complete
malik_monk_2018_CHA,CHA,2018-19,Malik Monk,re_signed_standard,roster_continuity,3,0.9663842662632374,complete
tony_parker_2018_CHA,CHA,2018-19,Tony Parker,new_team,team_change,3,0.2820541760722346,complete
willy_hernangomez_2018_CHA,CHA,2018-19,Willy Hernangomez,re_signed_standard,roster_continuity,3,0.2510253317249698,complete
bismack_biyombo_2018_CHA,CHA,2018-19,Bismack Biyombo,new_team,team_change,3,0.1228712001730332,complete
cody_zeller_2018_CHA,CHA,2018-19,Cody Zeller,re_signed_standard,roster_continuity,3,-0.1563482665286789,complete
nicolas_batum_2018_CHA,CHA,2018-19,Nicolas Batum,re_signed_standard,roster_continuity,3,-0.16157983881026422,complete
kemba_walker_2018_CHA,CHA,2018-19,Kemba Walker,re_signed_standard,roster_continuity,3,-0.21462398246281864,complete
dwayne_bacon_2018_CHA,CHA,2018-19,Dwayne Bacon,re_signed_standard,roster_continuity,3,-0.43191876326159306,complete
jeremy_lamb_2018_CHA,CHA,2018-19,Jeremy Lamb,re_signed_standard,roster_continuity,3,-0.4398943969604965,complete
marvin_williams_2018_CHA,CHA,2018-19,Marvin Williams,re_signed_standard,roster_continuity,3,-0.8702351669603023,complete
michael_kidd-gilchrist_2018_CHA,CHA,2018-19,Michael Kidd-Gilchrist,re_signed_standard,roster_continuity,3,-1.083186472969755,complete
shelvin_mack_2018_CHA,CHA,2018-19,Shelvin Mack,new_team,team_change,3,-1.1780155642023349,complete
devonte_graham_2019_CHA,CHA,2019-20,Devonte' Graham,re_signed_standard,roster_continuity,3,4.01737400530504,complete
malik_monk_2019_CHA,CHA,2019-20,Malik Monk,re_signed_standard,roster_continuity,3,1.8863960315047277,complete
nicolas_batum_2019_CHA,CHA,2019-20,Nicolas Batum,re_signed_standard,roster_continuity,3,1.6258949879003433,complete
miles_bridges_2019_CHA,CHA,2019-20,Miles Bridges,re_signed_standard,roster_continuity,3,0.7489059727971616,complete
willy_hernangomez_2019_CHA,CHA,2019-20,Willy Hernangomez,re_signed_standard,roster_continuity,3,0.1995845697329377,complete
terry_rozier_2019_CHA,CHA,2019-20,Terry Rozier,new_team,team_change,3,-0.01530246691966064,complete
bismack_biyombo_2019_CHA,CHA,2019-20,Bismack Biyombo,re_signed_standard,roster_continuity,3,-0.08896338857235397,complete
cody_zeller_2019_CHA,CHA,2019-20,Cody Zeller,re_signed_standard,roster_continuity,3,-0.22127877237851667,complete
dwayne_bacon_2019_CHA,CHA,2019-20,Dwayne Bacon,re_signed_standard,roster_continuity,3,-1.3754281496062983,complete
miles_bridges_2020_CHA,CHA,2020-21,Miles Bridges,re_signed_standard,roster_continuity,3,2.692205388828408,complete
malik_monk_2020_CHA,CHA,2020-21,Malik Monk,re_signed_standard,roster_continuity,3,2.2122013294969873,complete
terry_rozier_2020_CHA,CHA,2020-21,Terry Rozier,re_signed_standard,roster_continuity,3,1.2523367923119804,complete
cody_martin_2020_CHA,CHA,2020-21,Cody Martin,re_signed_standard,roster_continuity,3,1.1309392265193372,complete
pj_washington_2020_CHA,CHA,2020-21,P.J. Washington,re_signed_standard,roster_continuity,3,0.7757784333005572,complete
bismack_biyombo_2020_CHA,CHA,2020-21,Bismack Biyombo,re_signed_standard,roster_continuity,3,0.4877610846463907,complete
devonte_graham_2020_CHA,CHA,2020-21,Devonte' Graham,re_signed_standard,roster_continuity,3,0.3337819917546846,complete
cody_zeller_2020_CHA,CHA,2020-21,Cody Zeller,re_signed_standard,roster_continuity,3,-0.2367260061919505,complete
gordon_hayward_2020_CHA,CHA,2020-21,Gordon Hayward,new_team,team_change,3,-1.9136006099438736,complete
brad_wanamaker_2020_CHA,CHA,2020-21,Brad Wanamaker,new_team,team_change,3,-3.4,complete
miles_bridges_2021_CHA,CHA,2021-22,Miles Bridges,re_signed_standard,roster_continuity,3,1.4330826340402265,complete
lamelo_ball_2021_CHA,CHA,2021-22,LaMelo Ball,re_signed_standard,roster_continuity,3,1.2957282435810038,complete
cody_martin_2021_CHA,CHA,2021-22,Cody Martin,re_signed_standard,roster_continuity,3,0.6889981405639505,complete
terry_rozier_2021_CHA,CHA,2021-22,Terry Rozier,re_signed_standard,roster_continuity,3,0.23083622680061355,complete
pj_washington_2021_CHA,CHA,2021-22,P.J. Washington,re_signed_standard,roster_continuity,3,-0.01424413558520165,complete
jalen_mcdaniels_2021_CHA,CHA,2021-22,Jalen McDaniels,re_signed_standard,roster_continuity,3,-0.06294082486551078,complete
kelly_oubre_2021_CHA,CHA,2021-22,Kelly Oubre Jr.,new_team,team_change,3,-0.4948200425656979,complete
montrezl_harrell_2021_CHA,CHA,2021-22,Montrezl Harrell,new_team,team_change,3,-0.5725262996934775,complete
mason_plumlee_2021_CHA,CHA,2021-22,Mason Plumlee,new_team,team_change,3,-1.2370449119549562,complete
gordon_hayward_2021_CHA,CHA,2021-22,Gordon Hayward,re_signed_standard,roster_continuity,3,-3.540558959088278,complete
nick_richards_2021_CHA,CHA,2021-22,Nick Richards,re_signed_standard,roster_continuity,3,NA,missing_data
theo_maledon_2022_CHA,CHA,2022-23,Theo Maledon,new_team,team_change,3,2.2971705137751304,complete
lamelo_ball_2022_CHA,CHA,2022-23,LaMelo Ball,re_signed_standard,roster_continuity,3,0.13330864360364103,complete
dennis_smith_2022_CHA,CHA,2022-23,Dennis Smith Jr.,new_team,team_change,3,0.1053899550837072,complete
kelly_oubre_2022_CHA,CHA,2022-23,Kelly Oubre Jr.,re_signed_standard,roster_continuity,3,-0.34417646450367245,complete
svi_mykhailiuk_2022_CHA,CHA,2022-23,Svi Mykhailiuk,new_team,team_change,3,-0.7947058823529409,complete
pj_washington_2022_CHA,CHA,2022-23,P.J. Washington,re_signed_standard,roster_continuity,3,-0.942036850079934,complete
cody_martin_2022_CHA,CHA,2022-23,Cody Martin,re_signed_standard,roster_continuity,3,-1.4346775442763469,complete
gordon_hayward_2022_CHA,CHA,2022-23,Gordon Hayward,re_signed_standard,roster_continuity,3,-2.133267973856209,complete
terry_rozier_2022_CHA,CHA,2022-23,Terry Rozier,re_signed_standard,roster_continuity,3,-2.3953598673324477,complete
james_bouknight_2022_CHA,CHA,2022-23,James Bouknight,re_signed_standard,roster_continuity,3,NA,missing_data
jt_thor_2022_CHA,CHA,2022-23,JT Thor,re_signed_standard,roster_continuity,3,NA,missing_data
kai_jones_2022_CHA,CHA,2022-23,Kai Jones,re_signed_standard,roster_continuity,3,NA,missing_data
nick_richards_2022_CHA,CHA,2022-23,Nick Richards,re_signed_standard,roster_continuity,3,NA,missing_data
mark_williams_2023_CHA,CHA,2023-24,Mark Williams,re_signed_standard,roster_continuity,3,2.270565428109854,complete
bryce_mcgowens_2023_CHA,CHA,2023-24,Bryce McGowens,re_signed_standard,roster_continuity,3,2.1488081725312145,complete
tre_mann_2023_CHA,CHA,2023-24,Tre Mann,new_team,team_change,3,1.2520971867007673,complete
davis_bertans_2023_CHA,CHA,2023-24,Davis Bertans,new_team,team_change,3,1.2000000000000006,complete
jt_thor_2023_CHA,CHA,2023-24,JT Thor,re_signed_standard,roster_continuity,3,0.20000000000000015,complete
grant_williams_2023_CHA,CHA,2023-24,Grant Williams,new_team,team_change,3,-0.7837126640518931,complete
seth_curry_2023_CHA,CHA,2023-24,Seth Curry,new_team,team_change,3,-1.1444788825110583,complete
nick_richards_2023_CHA,CHA,2023-24,Nick Richards,re_signed_standard,roster_continuity,3,-2.0548439181916036,complete
ish_smith_2023_CHA,CHA,2023-24,Ish Smith,new_team,team_change,3,-3.9,complete
frank_ntilikina_2023_CHA,CHA,2023-24,Frank Ntilikina,new_team,team_change,3,NA,missing_data
james_bouknight_2023_CHA,CHA,2023-24,James Bouknight,re_signed_standard,roster_continuity,3,NA,missing_data
brandon_miller_2024_CHA,CHA,2024-25,Brandon Miller,re_signed_standard,roster_continuity,3,3.6887966804979255,complete
grant_williams_2024_CHA,CHA,2024-25,Grant Williams,re_signed_standard,roster_continuity,3,3.4652694610778445,complete
miles_bridges_2024_CHA,CHA,2024-25,Miles Bridges,re_signed_standard,roster_continuity,3,2.5216259057971016,complete
seth_curry_2024_CHA,CHA,2024-25,Seth Curry,re_signed_standard,roster_continuity,3,0.8045977011494252,complete
nick_smith_2024_CHA,CHA,2024-25,Nick Smith Jr.,re_signed_standard,roster_continuity,3,0.20000000000000015,complete
josh_okogie_2024_CHA,CHA,2024-25,Josh Okogie,new_team,team_change,3,-0.02262128977641858,complete
josh_green_2024_CHA,CHA,2024-25,Josh Green,new_team,team_change,3,-0.5821584324363713,complete
jusuf_nurkic_2024_CHA,CHA,2024-25,Jusuf Nurkic,new_team,team_change,3,-0.7878362930678513,complete
tre_mann_2024_CHA,CHA,2024-25,Tre Mann,re_signed_standard,roster_continuity,3,-2.5825806451612903,complete
daquan_jeffries_2024_CHA,CHA,2024-25,DaQuan Jeffries,new_team,team_change,3,NA,missing_data
malachi_flynn_2024_CHA,CHA,2024-25,Malachi Flynn,new_team,team_change,3,NA,missing_data
wendell_moore_2024_CHA,CHA,2024-25,Wendell Moore Jr.,new_team,team_change,3,NA,missing_data
noah_vonleh_2017_CHI,CHI,2017-18,Noah Vonleh,new_team,team_change,3,3.1422471098026348,complete
denzel_valentine_2017_CHI,CHI,2017-18,Denzel Valentine,re_signed_standard,roster_continuity,3,2.3,complete
zach_lavine_2017_CHI,CHI,2017-18,Zach LaVine,new_team,team_change,3,1.915434360550789,complete
bobby_portis_2017_CHI,CHI,2017-18,Bobby Portis,re_signed_standard,roster_continuity,3,1.6742378599170125,complete
kris_dunn_2017_CHI,CHI,2017-18,Kris Dunn,new_team,team_change,3,1.2474778866841978,complete
jerian_grant_2017_CHI,CHI,2017-18,Jerian Grant,re_signed_standard,roster_continuity,3,0.2580585882499531,complete
justin_holiday_2017_CHI,CHI,2017-18,Justin Holiday,new_team,team_change,3,0.20864848149022985,complete
sean_kilpatrick_2017_CHI,CHI,2017-18,Sean Kilpatrick,new_team,team_change,3,-0.5259915611814345,complete
robin_lopez_2017_CHI,CHI,2017-18,Robin Lopez,re_signed_standard,roster_continuity,3,-0.9652405230031108,complete
paul_zipser_2017_CHI,CHI,2017-18,Paul Zipser,re_signed_standard,roster_continuity,3,-1.6999999999999993,complete
cristiano_felicio_2017_CHI,CHI,2017-18,Cristiano Felicio,re_signed_standard,roster_continuity,3,-3.286593151479977,complete
omer_asik_2017_CHI,CHI,2017-18,Omer Asik,new_team,team_change,3,NA,missing_data
timothe_luwawu-cabarrot_2018_CHI,CHI,2018-19,Timothe Luwawu-Cabarrot,new_team,team_change,3,0.5194865782343814,complete
robin_lopez_2018_CHI,CHI,2018-19,Robin Lopez,re_signed_standard,roster_continuity,3,0.4398672792240941,complete
kris_dunn_2018_CHI,CHI,2018-19,Kris Dunn,re_signed_standard,roster_continuity,3,0.3022110522599428,complete
lauri_markkanen_2018_CHI,CHI,2018-19,Lauri Markkanen,re_signed_standard,roster_continuity,3,-0.04491204631485188,complete
cristiano_felicio_2018_CHI,CHI,2018-19,Cristiano Felicio,re_signed_standard,roster_continuity,3,-1.8499752107089735,complete
wayne_selden_2018_CHI,CHI,2018-19,Wayne Selden,new_team,team_change,3,-2.3,complete
otto_porter_2018_CHI,CHI,2018-19,Otto Porter Jr.,new_team,team_change,3,-2.7348354028160164,complete
tyler_ulis_2018_CHI,CHI,2018-19,Tyler Ulis,new_team,team_change,3,NA,missing_data
zach_lavine_2019_CHI,CHI,2019-20,Zach LaVine,re_signed_standard,roster_continuity,3,2.856482683845514,complete
kris_dunn_2019_CHI,CHI,2019-20,Kris Dunn,re_signed_standard,roster_continuity,3,1.367330130404942,complete
chandler_hutchison_2019_CHI,CHI,2019-20,Chandler Hutchison,re_signed_standard,roster_continuity,3,1.2999999999999998,complete
wendell_carter_2019_CHI,CHI,2019-20,Wendell Carter Jr.,re_signed_standard,roster_continuity,3,1.1898505465090343,complete
thaddeus_young_2019_CHI,CHI,2019-20,Thaddeus Young,new_team,team_change,3,0.48633282079955265,complete
lauri_markkanen_2019_CHI,CHI,2019-20,Lauri Markkanen,re_signed_standard,roster_continuity,3,0.19737572007680823,complete
otto_porter_2019_CHI,CHI,2019-20,Otto Porter Jr.,re_signed_standard,roster_continuity,3,-0.2749837525779202,complete
ryan_arcidiacono_2019_CHI,CHI,2019-20,Ryan Arcidiacono,re_signed_standard,roster_continuity,3,-0.8999999999999999,complete
tomas_satoransky_2019_CHI,CHI,2019-20,Tomas Satoransky,new_team,team_change,3,-1.6500066037700112,complete
luke_kornet_2019_CHI,CHI,2019-20,Luke Kornet,new_team,team_change,3,-3.2,complete
cristiano_felicio_2019_CHI,CHI,2019-20,Cristiano Felicio,re_signed_standard,roster_continuity,3,NA,missing_data
shaquille_harrison_2019_CHI,CHI,2019-20,Shaquille Harrison,re_signed_standard,roster_continuity,3,NA,missing_data
lauri_markkanen_2020_CHI,CHI,2020-21,Lauri Markkanen,re_signed_standard,roster_continuity,3,2.129121360966411,complete
thaddeus_young_2020_CHI,CHI,2020-21,Thaddeus Young,re_signed_standard,roster_continuity,3,1.7977339897076687,complete
coby_white_2020_CHI,CHI,2020-21,Coby White,re_signed_standard,roster_continuity,3,1.0881136486243477,complete
zach_lavine_2020_CHI,CHI,2020-21,Zach LaVine,re_signed_standard,roster_continuity,3,1.0295039426230372,complete
troy_brown_2020_CHI,CHI,2020-21,Troy Brown Jr.,new_team,team_change,3,-0.0666221618638212,complete
garrett_temple_2020_CHI,CHI,2020-21,Garrett Temple,new_team,team_change,3,-0.7710428867820469,complete
tomas_satoransky_2020_CHI,CHI,2020-21,Tomas Satoransky,re_signed_standard,roster_continuity,3,-0.8777660815392292,complete
daniel_theis_2020_CHI,CHI,2020-21,Daniel Theis,new_team,team_change,3,-2.315008751998284,complete
nikola_vucevic_2020_CHI,CHI,2020-21,Nikola Vucevic,new_team,team_change,3,-2.6030109529573737,complete
denzel_valentine_2020_CHI,CHI,2020-21,Denzel Valentine,re_signed_standard,roster_continuity,3,NA,missing_data
javonte_green_2020_CHI,CHI,2020-21,Javonte Green,new_team,team_change,3,NA,missing_data
ryan_arcidiacono_2020_CHI,CHI,2020-21,Ryan Arcidiacono,re_signed_standard,roster_continuity,3,NA,missing_data
alex_caruso_2021_CHI,CHI,2021-22,Alex Caruso,new_team,team_change,3,1.58125457691599,complete
coby_white_2021_CHI,CHI,2021-22,Coby White,re_signed_standard,roster_continuity,3,1.5179651577669802,complete
lonzo_ball_2021_CHI,CHI,2021-22,Lonzo Ball,new_team,team_change,3,1.3905355249204667,complete
patrick_williams_2021_CHI,CHI,2021-22,Patrick Williams,re_signed_standard,roster_continuity,3,0.7642836717186157,complete
troy_brown_2021_CHI,CHI,2021-22,Troy Brown Jr.,re_signed_standard,roster_continuity,3,0.25709772058390623,complete
demar_derozan_2021_CHI,CHI,2021-22,DeMar DeRozan,new_team,team_change,3,-0.3723645033731304,complete
tristan_thompson_2021_CHI,CHI,2021-22,Tristan Thompson,new_team,team_change,3,-0.5267052727995059,complete
derrick_jones_2021_CHI,CHI,2021-22,Derrick Jones Jr.,new_team,team_change,3,-0.7465739355334602,complete
zach_lavine_2021_CHI,CHI,2021-22,Zach LaVine,re_signed_standard,roster_continuity,3,-1.4086762319649933,complete
tony_bradley_2021_CHI,CHI,2021-22,Tony Bradley,new_team,team_change,3,-3.0999999999999996,complete
nikola_vucevic_2021_CHI,CHI,2021-22,Nikola Vucevic,re_signed_standard,roster_continuity,3,-3.5270695230458333,complete
alfonzo_mckinnie_2021_CHI,CHI,2021-22,Alfonzo McKinnie,new_team,team_change,3,NA,missing_data
javonte_green_2021_CHI,CHI,2021-22,Javonte Green,re_signed_standard,roster_continuity,3,NA,missing_data
matt_thomas_2021_CHI,CHI,2021-22,Matt Thomas,new_team,team_change,3,NA,missing_data
alex_caruso_2022_CHI,CHI,2022-23,Alex Caruso,re_signed_standard,roster_continuity,3,2.2647112540410363,complete
coby_white_2022_CHI,CHI,2022-23,Coby White,re_signed_standard,roster_continuity,3,1.4749371541007954,complete
derrick_jones_2022_CHI,CHI,2022-23,Derrick Jones Jr.,re_signed_standard,roster_continuity,3,0.407272715193741,complete
ayo_dosunmu_2022_CHI,CHI,2022-23,Ayo Dosunmu,re_signed_standard,roster_continuity,3,0.37920757363253865,complete
andre_drummond_2022_CHI,CHI,2022-23,Andre Drummond,new_team,team_change,3,-1.1397316300621994,complete
nikola_vucevic_2022_CHI,CHI,2022-23,Nikola Vucevic,re_signed_standard,roster_continuity,3,-1.2864459755597877,complete
demar_derozan_2022_CHI,CHI,2022-23,DeMar DeRozan,re_signed_standard,roster_continuity,3,-1.5166933205684987,complete
zach_lavine_2022_CHI,CHI,2022-23,Zach LaVine,re_signed_standard,roster_continuity,3,-1.997761933073509,complete
javonte_green_2022_CHI,CHI,2022-23,Javonte Green,re_signed_standard,roster_continuity,3,-2.4,complete
patrick_beverley_2022_CHI,CHI,2022-23,Patrick Beverley,new_team,team_change,3,-3.1344290966614254,complete
terry_taylor_2022_CHI,CHI,2022-23,Terry Taylor,new_team,team_change,3,NA,missing_data
tony_bradley_2022_CHI,CHI,2022-23,Tony Bradley,re_signed_standard,roster_continuity,3,NA,missing_data
alex_caruso_2023_CHI,CHI,2023-24,Alex Caruso,re_signed_standard,roster_continuity,3,2.0107720989181868,complete
ayo_dosunmu_2023_CHI,CHI,2023-24,Ayo Dosunmu,re_signed_standard,roster_continuity,3,1.86310154281014,complete
coby_white_2023_CHI,CHI,2023-24,Coby White,re_signed_standard,roster_continuity,3,0.551142071600409,complete
nikola_vucevic_2023_CHI,CHI,2023-24,Nikola Vucevic,re_signed_standard,roster_continuity,3,-0.5283847915424482,complete
torrey_craig_2023_CHI,CHI,2023-24,Torrey Craig,new_team,team_change,3,-0.8595936794582393,complete
andre_drummond_2023_CHI,CHI,2023-24,Andre Drummond,re_signed_standard,roster_continuity,3,-1.4221789501784825,complete
jevon_carter_2023_CHI,CHI,2023-24,Jevon Carter,new_team,team_change,3,-1.52283983609478,complete
demar_derozan_2023_CHI,CHI,2023-24,DeMar DeRozan,re_signed_standard,roster_continuity,3,-1.657098699256113,complete
zach_lavine_2023_CHI,CHI,2023-24,Zach LaVine,re_signed_standard,roster_continuity,3,-2.1129610582812552,complete
patrick_williams_2023_CHI,CHI,2023-24,Patrick Williams,re_signed_standard,roster_continuity,3,-2.290056818181818,complete
dalen_terry_2023_CHI,CHI,2023-24,Dalen Terry,re_signed_standard,roster_continuity,3,NA,missing_data
terry_taylor_2023_CHI,CHI,2023-24,Terry Taylor,re_signed_standard,roster_continuity,3,NA,missing_data
tre_jones_2024_CHI,CHI,2024-25,Tre Jones,new_team,team_change,3,2.0569137906570707,complete
josh_giddey_2024_CHI,CHI,2024-25,Josh Giddey,new_team,team_change,3,1.5272441279350828,complete
ayo_dosunmu_2024_CHI,CHI,2024-25,Ayo Dosunmu,re_signed_standard,roster_continuity,3,1.520830378491348,complete
zach_collins_2024_CHI,CHI,2024-25,Zach Collins,new_team,team_change,3,1.125783619817998,complete
jevon_carter_2024_CHI,CHI,2024-25,Jevon Carter,re_signed_standard,roster_continuity,3,0.7130774697938875,complete
nikola_vucevic_2024_CHI,CHI,2024-25,Nikola Vucevic,re_signed_standard,roster_continuity,3,0.6787578693871357,complete
jalen_smith_2024_CHI,CHI,2024-25,Jalen Smith,new_team,team_change,3,0.12269379017853616,complete
coby_white_2024_CHI,CHI,2024-25,Coby White,re_signed_standard,roster_continuity,3,-0.29754455432309246,complete
dalen_terry_2024_CHI,CHI,2024-25,Dalen Terry,re_signed_standard,roster_continuity,3,-0.7476592977893373,complete
talen_horton-tucker_2024_CHI,CHI,2024-25,Talen Horton-Tucker,new_team,team_change,3,-0.9738156761412572,complete
kevin_huerter_2024_CHI,CHI,2024-25,Kevin Huerter,new_team,team_change,3,-1.5814179218689055,complete
patrick_williams_2024_CHI,CHI,2024-25,Patrick Williams,re_signed_standard,roster_continuity,3,-2.450906622538288,complete
chris_duarte_2024_CHI,CHI,2024-25,Chris Duarte,new_team,team_change,3,NA,missing_data
julian_phillips_2024_CHI,CHI,2024-25,Julian Phillips,re_signed_standard,roster_continuity,3,NA,missing_data
larry_nance_2017_CLE,CLE,2017-18,Larry Nance Jr.,new_team,team_change,3,2.5619625329575872,complete
jordan_clarkson_2017_CLE,CLE,2017-18,Jordan Clarkson,new_team,team_change,3,2.200759007591224,complete
jeff_green_2017_CLE,CLE,2017-18,Jeff Green,new_team,team_change,3,1.2349192018484834,complete
kyle_korver_2017_CLE,CLE,2017-18,Kyle Korver,re_signed_standard,roster_continuity,3,0.5117613304528497,complete
lebron_james_2017_CLE,CLE,2017-18,LeBron James,re_signed_standard,roster_continuity,3,0.12908402483232706,complete
kevin_love_2017_CLE,CLE,2017-18,Kevin Love,re_signed_standard,roster_continuity,3,-0.30170895493630834,complete
rodney_hood_2017_CLE,CLE,2017-18,Rodney Hood,new_team,team_change,3,-1.1747091265287293,complete
tristan_thompson_2017_CLE,CLE,2017-18,Tristan Thompson,re_signed_standard,roster_continuity,3,-1.3193234778251064,complete
jose_calderon_2017_CLE,CLE,2017-18,Jose Calderon,new_team,team_change,3,-1.5708126745470796,complete
george_hill_2017_CLE,CLE,2017-18,George Hill,new_team,team_change,3,-1.7822990910507686,complete
smith_2017_CLE,CLE,2017-18,JR Smith,re_signed_standard,roster_continuity,3,-2.6304029304029304,complete
marquese_chriss_2018_CLE,CLE,2018-19,Marquese Chriss,new_team,team_change,3,3.080183486238532,complete
jordan_clarkson_2018_CLE,CLE,2018-19,Jordan Clarkson,re_signed_standard,roster_continuity,3,1.9320239376366923,complete
david_nwaba_2018_CLE,CLE,2018-19,David Nwaba,new_team,team_change,3,0.9307877330126276,complete
nik_stauskas_2018_CLE,CLE,2018-19,Nik Stauskas,new_team,team_change,3,0.8035411287347842,complete
larry_nance_2018_CLE,CLE,2018-19,Larry Nance Jr.,re_signed_standard,roster_continuity,3,0.1694743444593927,complete
cedi_osman_2018_CLE,CLE,2018-19,Cedi Osman,re_signed_standard,roster_continuity,3,-0.1045702592087312,complete
tristan_thompson_2018_CLE,CLE,2018-19,Tristan Thompson,re_signed_standard,roster_continuity,3,-0.12914146792308778,complete
kevin_love_2018_CLE,CLE,2018-19,Kevin Love,re_signed_standard,roster_continuity,3,-1.175427450980392,complete
ante_zizic_2018_CLE,CLE,2018-19,Ante Zizic,re_signed_standard,roster_continuity,3,NA,missing_data
channing_frye_2018_CLE,CLE,2018-19,Channing Frye,new_team,team_change,3,NA,missing_data
smith_2018_CLE,CLE,2018-19,JR Smith,re_signed_standard,roster_continuity,3,NA,missing_data
collin_sexton_2019_CLE,CLE,2019-20,Collin Sexton,re_signed_standard,roster_continuity,3,3.6947393142320344,complete
cedi_osman_2019_CLE,CLE,2019-20,Cedi Osman,re_signed_standard,roster_continuity,3,1.188230796212962,complete
tristan_thompson_2019_CLE,CLE,2019-20,Tristan Thompson,re_signed_standard,roster_continuity,3,-0.5637142035231011,complete
matthew_dellavedova_2019_CLE,CLE,2019-20,Matthew Dellavedova,re_signed_standard,roster_continuity,3,-0.7999999999999998,complete
larry_nance_2019_CLE,CLE,2019-20,Larry Nance Jr.,re_signed_standard,roster_continuity,3,-1.613211212878157,complete
alfonzo_mckinnie_2019_CLE,CLE,2019-20,Alfonzo McKinnie,new_team,team_change,3,-1.7999999999999998,complete
andre_drummond_2019_CLE,CLE,2019-20,Andre Drummond,new_team,team_change,3,-2.193821573700895,complete
ante_zizic_2019_CLE,CLE,2019-20,Ante Zizic,re_signed_standard,roster_continuity,3,NA,missing_data
dante_exum_2019_CLE,CLE,2019-20,Dante Exum,new_team,team_change,3,NA,missing_data
darius_garland_2020_CLE,CLE,2020-21,Darius Garland,re_signed_standard,roster_continuity,3,6.764706764661767,complete
collin_sexton_2020_CLE,CLE,2020-21,Collin Sexton,re_signed_standard,roster_continuity,3,2.8047412924266464,complete
cedi_osman_2020_CLE,CLE,2020-21,Cedi Osman,re_signed_standard,roster_continuity,3,1.6927229564107462,complete
jarrett_allen_2020_CLE,CLE,2020-21,Jarrett Allen,new_team,team_change,3,0.5211391798848211,complete
taurean_prince_2020_CLE,CLE,2020-21,Taurean Prince,new_team,team_change,3,0.4676892959866019,complete
kevin_love_2020_CLE,CLE,2020-21,Kevin Love,re_signed_standard,roster_continuity,3,0.4182241142044203,complete
larry_nance_2020_CLE,CLE,2020-21,Larry Nance Jr.,re_signed_standard,roster_continuity,3,-1.20351021779889,complete
damyean_dotson_2020_CLE,CLE,2020-21,Damyean Dotson,new_team,team_change,3,-2.553239436619718,complete
isaiah_hartenstein_2020_CLE,CLE,2020-21,Isaiah Hartenstein,new_team,team_change,3,NA,missing_data
matthew_dellavedova_2020_CLE,CLE,2020-21,Matthew Dellavedova,re_signed_standard,roster_continuity,3,NA,missing_data
quinn_cook_2020_CLE,CLE,2020-21,Quinn Cook,new_team,team_change,3,NA,missing_data
thon_maker_2020_CLE,CLE,2020-21,Thon Maker,new_team,team_change,3,NA,missing_data
darius_garland_2021_CLE,CLE,2021-22,Darius Garland,re_signed_standard,roster_continuity,3,5.334110797931326,complete
isaac_okoro_2021_CLE,CLE,2021-22,Isaac Okoro,re_signed_standard,roster_continuity,3,4.02409420289855,complete
lauri_markkanen_2021_CLE,CLE,2021-22,Lauri Markkanen,new_team,team_change,3,2.941474984795087,complete
cedi_osman_2021_CLE,CLE,2021-22,Cedi Osman,re_signed_standard,roster_continuity,3,2.0572235683857927,complete
collin_sexton_2021_CLE,CLE,2021-22,Collin Sexton,re_signed_standard,roster_continuity,3,1.767372487010202,complete
brandon_goodwin_2021_CLE,CLE,2021-22,Brandon Goodwin,new_team,team_change,3,1.5,complete
jarrett_allen_2021_CLE,CLE,2021-22,Jarrett Allen,re_signed_standard,roster_continuity,3,1.3478275549157022,complete
dean_wade_2021_CLE,CLE,2021-22,Dean Wade,re_signed_standard,roster_continuity,3,0.9304464585431352,complete
caris_levert_2021_CLE,CLE,2021-22,Caris LeVert,new_team,team_change,3,-0.43635707603139834,complete
ricky_rubio_2021_CLE,CLE,2021-22,Ricky Rubio,new_team,team_change,3,-0.5488689611932418,complete
rajon_rondo_2021_CLE,CLE,2021-22,Rajon Rondo,new_team,team_change,3,-0.8267958950969213,complete
ed_davis_2021_CLE,CLE,2021-22,Ed Davis,new_team,team_change,3,NA,missing_data
lamar_stevens_2021_CLE,CLE,2021-22,Lamar Stevens,re_signed_standard,roster_continuity,3,NA,missing_data
moses_brown_2021_CLE,CLE,2021-22,Moses Brown,new_team,team_change,3,NA,missing_data
tacko_fall_2021_CLE,CLE,2021-22,Tacko Fall,new_team,team_change,3,NA,missing_data
isaac_okoro_2022_CLE,CLE,2022-23,Isaac Okoro,re_signed_standard,roster_continuity,3,2.8039668536602145,complete
evan_mobley_2022_CLE,CLE,2022-23,Evan Mobley,re_signed_standard,roster_continuity,3,2.366401621453071,complete
raul_neto_2022_CLE,CLE,2022-23,Raul Neto,new_team,team_change,3,1.537153153153153,complete
darius_garland_2022_CLE,CLE,2022-23,Darius Garland,re_signed_standard,roster_continuity,3,1.0637628221897035,complete
donovan_mitchell_2022_CLE,CLE,2022-23,Donovan Mitchell,new_team,team_change,3,0.9745382985165004,complete
dean_wade_2022_CLE,CLE,2022-23,Dean Wade,re_signed_standard,roster_continuity,3,0.9448106365924468,complete
jarrett_allen_2022_CLE,CLE,2022-23,Jarrett Allen,re_signed_standard,roster_continuity,3,0.7251185626864851,complete
caris_levert_2022_CLE,CLE,2022-23,Caris LeVert,re_signed_standard,roster_continuity,3,0.7106419474357183,complete
lamar_stevens_2022_CLE,CLE,2022-23,Lamar Stevens,re_signed_standard,roster_continuity,3,0.29976176295413914,complete
cedi_osman_2022_CLE,CLE,2022-23,Cedi Osman,re_signed_standard,roster_continuity,3,0.19678533189427228,complete
danny_green_2022_CLE,CLE,2022-23,Danny Green,new_team,team_change,3,NA,missing_data
dylan_windler_2022_CLE,CLE,2022-23,Dylan Windler,re_signed_standard,roster_continuity,3,NA,missing_data
robin_lopez_2022_CLE,CLE,2022-23,Robin Lopez,new_team,team_change,3,NA,missing_data
ty_jerome_2023_CLE,CLE,2023-24,Ty Jerome,new_team,team_change,3,5.8430426716141,complete
evan_mobley_2023_CLE,CLE,2023-24,Evan Mobley,re_signed_standard,roster_continuity,3,2.382196685006858,complete
caris_levert_2023_CLE,CLE,2023-24,Caris LeVert,re_signed_standard,roster_continuity,3,0.933484747692309,complete
dean_wade_2023_CLE,CLE,2023-24,Dean Wade,re_signed_standard,roster_continuity,3,0.8515367640199036,complete
max_strus_2023_CLE,CLE,2023-24,Max Strus,new_team,team_change,3,0.7194551638302558,complete
jarrett_allen_2023_CLE,CLE,2023-24,Jarrett Allen,re_signed_standard,roster_continuity,3,0.26953431015823126,complete
donovan_mitchell_2023_CLE,CLE,2023-24,Donovan Mitchell,re_signed_standard,roster_continuity,3,-0.506267272543389,complete
isaac_okoro_2023_CLE,CLE,2023-24,Isaac Okoro,re_signed_standard,roster_continuity,3,-0.8876768243635074,complete
georges_niang_2023_CLE,CLE,2023-24,Georges Niang,new_team,team_change,3,-0.9441531785127848,complete
darius_garland_2023_CLE,CLE,2023-24,Darius Garland,re_signed_standard,roster_continuity,3,-1.604718139805756,complete
marcus_morris_2023_CLE,CLE,2023-24,Marcus Morris Sr.,new_team,team_change,3,-2.1307465329005604,complete
damian_jones_2023_CLE,CLE,2023-24,Damian Jones,new_team,team_change,3,NA,missing_data
max_strus_2024_CLE,CLE,2024-25,Max Strus,re_signed_standard,roster_continuity,3,2.454023498115717,complete
evan_mobley_2024_CLE,CLE,2024-25,Evan Mobley,re_signed_standard,roster_continuity,3,1.6846727709427411,complete
deandre_hunter_2024_CLE,CLE,2024-25,De'Andre Hunter,new_team,team_change,3,1.5684440942124156,complete
craig_porter_2024_CLE,CLE,2024-25,Craig Porter Jr.,re_signed_standard,roster_continuity,3,1.2220349187236603,complete
darius_garland_2024_CLE,CLE,2024-25,Darius Garland,re_signed_standard,roster_continuity,3,0.969732415641646,complete
jarrett_allen_2024_CLE,CLE,2024-25,Jarrett Allen,re_signed_standard,roster_continuity,3,0.8486500655307996,complete
dean_wade_2024_CLE,CLE,2024-25,Dean Wade,re_signed_standard,roster_continuity,3,0.5052942424519652,complete
sam_merrill_2024_CLE,CLE,2024-25,Sam Merrill,re_signed_standard,roster_continuity,3,-0.2991360691144709,complete
donovan_mitchell_2024_CLE,CLE,2024-25,Donovan Mitchell,re_signed_standard,roster_continuity,3,-1.6611721207460954,complete
isaac_okoro_2024_CLE,CLE,2024-25,Isaac Okoro,re_signed_standard,roster_continuity,3,-1.8089191738716808,complete
chuma_okeke_2024_CLE,CLE,2024-25,Chuma Okeke,new_team,team_change,3,NA,missing_data
tristan_thompson_2024_CLE,CLE,2024-25,Tristan Thompson,re_signed_standard,roster_continuity,3,NA,missing_data
nerlens_noel_2017_DAL,DAL,2017-18,Nerlens Noel,re_signed_standard,roster_continuity,3,1.9127137645568055,complete
dorian_finney-smith_2017_DAL,DAL,2017-18,Dorian Finney-Smith,re_signed_standard,roster_continuity,3,1.8197320341047505,complete
dwight_powell_2017_DAL,DAL,2017-18,Dwight Powell,re_signed_standard,roster_continuity,3,1.403180887372014,complete
salah_mejri_2017_DAL,DAL,2017-18,Salah Mejri,re_signed_standard,roster_continuity,3,1.4,complete
doug_mcdermott_2017_DAL,DAL,2017-18,Doug McDermott,new_team,team_change,3,1.344469374125429,complete
jj_barea_2017_DAL,DAL,2017-18,J.J. Barea,re_signed_standard,roster_continuity,3,0.150858696958455,complete
harrison_barnes_2017_DAL,DAL,2017-18,Harrison Barnes,re_signed_standard,roster_continuity,3,-0.04689573402487168,complete
yogi_ferrell_2017_DAL,DAL,2017-18,Yogi Ferrell,re_signed_standard,roster_continuity,3,-0.3546532611497806,complete
wesley_matthews_2017_DAL,DAL,2017-18,Wesley Matthews,re_signed_standard,roster_continuity,3,-0.5696462750758553,complete
seth_curry_2017_DAL,DAL,2017-18,Seth Curry,re_signed_standard,roster_continuity,3,-0.8904082100315317,complete
dirk_nowitzki_2017_DAL,DAL,2017-18,Dirk Nowitzki,re_signed_standard,roster_continuity,3,-1.3898717363493347,complete
jeff_withey_2017_DAL,DAL,2017-18,Jeff Withey,new_team,team_change,3,NA,missing_data
justin_jackson_2018_DAL,DAL,2018-19,Justin Jackson,new_team,team_change,3,0.979944375772559,complete
maxi_kleber_2018_DAL,DAL,2018-19,Maxi Kleber,re_signed_standard,roster_continuity,3,0.7866680752165646,complete
dwight_powell_2018_DAL,DAL,2018-19,Dwight Powell,re_signed_standard,roster_continuity,3,0.5037004558680322,complete
trey_burke_2018_DAL,DAL,2018-19,Trey Burke,new_team,team_change,3,-0.5397694860921802,complete
tim_hardaway_2018_DAL,DAL,2018-19,Tim Hardaway Jr.,new_team,team_change,3,-0.5620583664400095,complete
devin_harris_2018_DAL,DAL,2018-19,Devin Harris,new_team,team_change,3,-1.027029254223321,complete
jj_barea_2018_DAL,DAL,2018-19,J.J. Barea,re_signed_standard,roster_continuity,3,-1.8974304970513904,complete
dirk_nowitzki_2018_DAL,DAL,2018-19,Dirk Nowitzki,re_signed_standard,roster_continuity,3,-5.557400722021661,complete
courtney_lee_2018_DAL,DAL,2018-19,Courtney Lee,new_team,team_change,3,NA,missing_data
salah_mejri_2018_DAL,DAL,2018-19,Salah Mejri,re_signed_standard,roster_continuity,3,NA,missing_data
luka_doncic_2019_DAL,DAL,2019-20,Luka Doncic,re_signed_standard,roster_continuity,3,3.8828441754916794,complete
jalen_brunson_2019_DAL,DAL,2019-20,Jalen Brunson,re_signed_standard,roster_continuity,3,2.24913217623498,complete
dorian_finney-smith_2019_DAL,DAL,2019-20,Dorian Finney-Smith,re_signed_standard,roster_continuity,3,1.6817202692595363,complete
tim_hardaway_2019_DAL,DAL,2019-20,Tim Hardaway Jr.,re_signed_standard,roster_continuity,3,1.3936701033621222,complete
seth_curry_2019_DAL,DAL,2019-20,Seth Curry,new_team,team_change,3,0.9043559543839972,complete
maxi_kleber_2019_DAL,DAL,2019-20,Maxi Kleber,re_signed_standard,roster_continuity,3,0.03841121135537386,complete
delon_wright_2019_DAL,DAL,2019-20,Delon Wright,new_team,team_change,3,-0.2223053567555846,complete
willie_cauley-stein_2019_DAL,DAL,2019-20,Willie Cauley-Stein,new_team,team_change,3,-0.8899832891020527,complete
justin_jackson_2019_DAL,DAL,2019-20,Justin Jackson,re_signed_standard,roster_continuity,3,-0.9184579815991656,complete
dwight_powell_2019_DAL,DAL,2019-20,Dwight Powell,re_signed_standard,roster_continuity,3,-1.3128608474383556,complete
trey_burke_2019_DAL,DAL,2019-20,Trey Burke,re_signed_standard,roster_continuity,3,-2.304975834275449,complete
boban_marjanovic_2019_DAL,DAL,2019-20,Boban Marjanovic,new_team,team_change,3,NA,missing_data
courtney_lee_2019_DAL,DAL,2019-20,Courtney Lee,re_signed_standard,roster_continuity,3,NA,missing_data
michael_kidd-gilchrist_2019_DAL,DAL,2019-20,Michael Kidd-Gilchrist,new_team,team_change,3,NA,missing_data
ryan_broekhoff_2019_DAL,DAL,2019-20,Ryan Broekhoff,re_signed_standard,roster_continuity,3,NA,missing_data
jalen_brunson_2020_DAL,DAL,2020-21,Jalen Brunson,re_signed_standard,roster_continuity,3,3.368466583168076,complete
luka_doncic_2020_DAL,DAL,2020-21,Luka Doncic,re_signed_standard,roster_continuity,3,1.97497976392731,complete
kristaps_porzingis_2020_DAL,DAL,2020-21,Kristaps Porzingis,re_signed_standard,roster_continuity,3,1.7143060064935065,complete
dorian_finney-smith_2020_DAL,DAL,2020-21,Dorian Finney-Smith,re_signed_standard,roster_continuity,3,0.5200458788858187,complete
tim_hardaway_2020_DAL,DAL,2020-21,Tim Hardaway Jr.,re_signed_standard,roster_continuity,3,0.42374414411121486,complete
josh_richardson_2020_DAL,DAL,2020-21,Josh Richardson,new_team,team_change,3,-0.4190470976070818,complete
maxi_kleber_2020_DAL,DAL,2020-21,Maxi Kleber,re_signed_standard,roster_continuity,3,-1.1057242676699812,complete
trey_burke_2020_DAL,DAL,2020-21,Trey Burke,re_signed_standard,roster_continuity,3,-1.8051671732522796,complete
dwight_powell_2020_DAL,DAL,2020-21,Dwight Powell,re_signed_standard,roster_continuity,3,-2.170411740749755,complete
nicolo_melli_2020_DAL,DAL,2020-21,Nicolo Melli,new_team,team_change,3,-2.2,complete
willie_cauley-stein_2020_DAL,DAL,2020-21,Willie Cauley-Stein,re_signed_standard,roster_continuity,3,-2.2680060422960726,complete
jj_redick_2020_DAL,DAL,2020-21,JJ Redick,new_team,team_change,3,-3.899621212121212,complete
boban_marjanovic_2020_DAL,DAL,2020-21,Boban Marjanovic,re_signed_standard,roster_continuity,3,NA,missing_data
jalen_brunson_2021_DAL,DAL,2021-22,Jalen Brunson,re_signed_standard,roster_continuity,3,3.362953184146497,complete
luka_doncic_2021_DAL,DAL,2021-22,Luka Doncic,re_signed_standard,roster_continuity,3,1.4784211012819046,complete
dorian_finney-smith_2021_DAL,DAL,2021-22,Dorian Finney-Smith,re_signed_standard,roster_continuity,3,-0.818702481288367,complete
frank_ntilikina_2021_DAL,DAL,2021-22,Frank Ntilikina,new_team,team_change,3,-0.9551083591331267,complete
dwight_powell_2021_DAL,DAL,2021-22,Dwight Powell,re_signed_standard,roster_continuity,3,-1.0598053115781525,complete
sterling_brown_2021_DAL,DAL,2021-22,Sterling Brown,new_team,team_change,3,-1.1462925851703405,complete
reggie_bullock_2021_DAL,DAL,2021-22,Reggie Bullock Jr.,new_team,team_change,3,-1.211617717993465,complete
maxi_kleber_2021_DAL,DAL,2021-22,Maxi Kleber,re_signed_standard,roster_continuity,3,-1.3900275809714433,complete
tim_hardaway_2021_DAL,DAL,2021-22,Tim Hardaway Jr.,re_signed_standard,roster_continuity,3,-2.005126224180306,complete
davis_bertans_2021_DAL,DAL,2021-22,Davis Bertans,new_team,team_change,3,-2.137079098623036,complete
boban_marjanovic_2021_DAL,DAL,2021-22,Boban Marjanovic,re_signed_standard,roster_continuity,3,NA,missing_data
josh_green_2021_DAL,DAL,2021-22,Josh Green,re_signed_standard,roster_continuity,3,NA,missing_data
theo_pinson_2021_DAL,DAL,2021-22,Theo Pinson,new_team,team_change,3,NA,missing_data
trey_burke_2021_DAL,DAL,2021-22,Trey Burke,re_signed_standard,roster_continuity,3,NA,missing_data
luka_doncic_2022_DAL,DAL,2022-23,Luka Doncic,re_signed_standard,roster_continuity,3,1.207136197790681,complete
davis_bertans_2022_DAL,DAL,2022-23,Davis Bertans,re_signed_standard,roster_continuity,3,0.03963011889035695,complete
justin_holiday_2022_DAL,DAL,2022-23,Justin Holiday,new_team,team_change,3,-1.053416923373123,complete
christian_wood_2022_DAL,DAL,2022-23,Christian Wood,new_team,team_change,3,-1.325904416212946,complete
dwight_powell_2022_DAL,DAL,2022-23,Dwight Powell,re_signed_standard,roster_continuity,3,-1.498280248945137,complete
reggie_bullock_2022_DAL,DAL,2022-23,Reggie Bullock Jr.,re_signed_standard,roster_continuity,3,-1.857933004414438,complete
maxi_kleber_2022_DAL,DAL,2022-23,Maxi Kleber,re_signed_standard,roster_continuity,3,-2.088702715190541,complete
josh_green_2022_DAL,DAL,2022-23,Josh Green,re_signed_standard,roster_continuity,3,-2.218657473129183,complete
tim_hardaway_2022_DAL,DAL,2022-23,Tim Hardaway Jr.,re_signed_standard,roster_continuity,3,-2.432217031477756,complete
frank_ntilikina_2022_DAL,DAL,2022-23,Frank Ntilikina,re_signed_standard,roster_continuity,3,-4.800000000000001,complete
facundo_campazzo_2022_DAL,DAL,2022-23,Facundo Campazzo,new_team,team_change,3,NA,missing_data
javale_mcgee_2022_DAL,DAL,2022-23,JaVale McGee,new_team,team_change,3,NA,missing_data
kemba_walker_2022_DAL,DAL,2022-23,Kemba Walker,new_team,team_change,3,NA,missing_data
daniel_gafford_2023_DAL,DAL,2023-24,Daniel Gafford,new_team,team_change,3,1.1270558690786878,complete
kyrie_irving_2023_DAL,DAL,2023-24,Kyrie Irving,re_signed_standard,roster_continuity,3,0.45438377228825777,complete
luka_doncic_2023_DAL,DAL,2023-24,Luka Doncic,re_signed_standard,roster_continuity,3,0.29057767518339617,complete
derrick_jones_2023_DAL,DAL,2023-24,Derrick Jones Jr.,new_team,team_change,3,-0.18444061322841152,complete
dwight_powell_2023_DAL,DAL,2023-24,Dwight Powell,re_signed_standard,roster_continuity,3,-0.6215381039147952,complete
tim_hardaway_2023_DAL,DAL,2023-24,Tim Hardaway Jr.,re_signed_standard,roster_continuity,3,-0.6861185144980866,complete
pj_washington_2023_DAL,DAL,2023-24,P.J. Washington,new_team,team_change,3,-0.7814339733719772,complete
josh_green_2023_DAL,DAL,2023-24,Josh Green,re_signed_standard,roster_continuity,3,-1.1440497952261537,complete
jaden_hardy_2023_DAL,DAL,2023-24,Jaden Hardy,re_signed_standard,roster_continuity,3,-2.219756621331425,complete
greg_brown_2023_DAL,DAL,2023-24,Greg Brown III,new_team,team_change,3,NA,missing_data
markieff_morris_2023_DAL,DAL,2023-24,Markieff Morris,re_signed_standard,roster_continuity,3,NA,missing_data
dereck_lively_2024_DAL,DAL,2024-25,Dereck Lively II,re_signed_standard,roster_continuity,3,2.7999999999999994,complete
max_christie_2024_DAL,DAL,2024-25,Max Christie,new_team,team_change,3,1.4375594892410268,complete
naji_marshall_2024_DAL,DAL,2024-25,Naji Marshall,new_team,team_change,3,0.7117391085740925,complete
pj_washington_2024_DAL,DAL,2024-25,P.J. Washington,re_signed_standard,roster_continuity,3,0.4458800824410165,complete
daniel_gafford_2024_DAL,DAL,2024-25,Daniel Gafford,re_signed_standard,roster_continuity,3,0.4204760094324318,complete
dwight_powell_2024_DAL,DAL,2024-25,Dwight Powell,re_signed_standard,roster_continuity,3,0.00218577073914627,complete
klay_thompson_2024_DAL,DAL,2024-25,Klay Thompson,new_team,team_change,3,-0.8229088163363592,complete
anthony_davis_2024_DAL,DAL,2024-25,Anthony Davis,new_team,team_change,3,-1.0015814423433715,complete
kyrie_irving_2024_DAL,DAL,2024-25,Kyrie Irving,re_signed_standard,roster_continuity,3,-1.0802388199484896,complete
spencer_dinwiddie_2024_DAL,DAL,2024-25,Spencer Dinwiddie,new_team,team_change,3,-1.1527373385277837,complete
caleb_martin_2024_DAL,DAL,2024-25,Caleb Martin,new_team,team_change,3,-1.220769539055973,complete
jaden_hardy_2024_DAL,DAL,2024-25,Jaden Hardy,re_signed_standard,roster_continuity,3,-1.400722996586775,complete
maxi_kleber_2024_DAL,DAL,2024-25,Maxi Kleber,re_signed_standard,roster_continuity,3,-2.0352581898945026,complete
dante_exum_2024_DAL,DAL,2024-25,Dante Exum,re_signed_standard,roster_continuity,3,NA,missing_data
kessler_edwards_2024_DAL,DAL,2024-25,Kessler Edwards,new_team,team_change,3,NA,missing_data
moses_brown_2024_DAL,DAL,2024-25,Moses Brown,new_team,team_change,3,NA,missing_data
olivier-maxence_prosper_2024_DAL,DAL,2024-25,Olivier-Maxence Prosper,re_signed_standard,roster_continuity,3,NA,missing_data
jamal_murray_2017_DEN,DEN,2017-18,Jamal Murray,re_signed_standard,roster_continuity,3,2.431390977443609,complete
nikola_jokic_2017_DEN,DEN,2017-18,Nikola Jokic,re_signed_standard,roster_continuity,3,2.0792683841101764,complete
trey_lyles_2017_DEN,DEN,2017-18,Trey Lyles,new_team,team_change,3,1.3464817182093385,complete
will_barton_2017_DEN,DEN,2017-18,Will Barton,re_signed_standard,roster_continuity,3,-0.04363792220814766,complete
mason_plumlee_2017_DEN,DEN,2017-18,Mason Plumlee,re_signed_standard,roster_continuity,3,-0.22347553735706585,complete
kenneth_faried_2017_DEN,DEN,2017-18,Kenneth Faried,re_signed_standard,roster_continuity,3,-0.5,complete
gary_harris_2017_DEN,DEN,2017-18,Gary Harris,re_signed_standard,roster_continuity,3,-0.689196326348587,complete
wilson_chandler_2017_DEN,DEN,2017-18,Wilson Chandler,re_signed_standard,roster_continuity,3,-1.396993187690862,complete
devin_harris_2017_DEN,DEN,2017-18,Devin Harris,new_team,team_change,3,-1.848070060525647,complete
juancho_hernangomez_2017_DEN,DEN,2017-18,Juancho Hernangomez,re_signed_standard,roster_continuity,3,-1.87444089456869,complete
paul_millsap_2017_DEN,DEN,2017-18,Paul Millsap,new_team,team_change,3,-2.3250712551798314,complete
darrell_arthur_2017_DEN,DEN,2017-18,Darrell Arthur,re_signed_standard,roster_continuity,3,NA,missing_data
malik_beasley_2017_DEN,DEN,2017-18,Malik Beasley,re_signed_standard,roster_continuity,3,NA,missing_data
richard_jefferson_2017_DEN,DEN,2017-18,Richard Jefferson,new_team,team_change,3,NA,missing_data
malik_beasley_2018_DEN,DEN,2018-19,Malik Beasley,re_signed_standard,roster_continuity,3,3.1970711297071133,complete
nikola_jokic_2018_DEN,DEN,2018-19,Nikola Jokic,re_signed_standard,roster_continuity,3,2.494713876834651,complete
jamal_murray_2018_DEN,DEN,2018-19,Jamal Murray,re_signed_standard,roster_continuity,3,2.175382452261065,complete
torrey_craig_2018_DEN,DEN,2018-19,Torrey Craig,re_signed_standard,roster_continuity,3,1.4198046181172292,complete
mason_plumlee_2018_DEN,DEN,2018-19,Mason Plumlee,re_signed_standard,roster_continuity,3,0.712066582608621,complete
will_barton_2018_DEN,DEN,2018-19,Will Barton,re_signed_standard,roster_continuity,3,-1.4383772375393482,complete
trey_lyles_2018_DEN,DEN,2018-19,Trey Lyles,re_signed_standard,roster_continuity,3,-1.472072596678501,complete
juancho_hernangomez_2018_DEN,DEN,2018-19,Juancho Hernangomez,re_signed_standard,roster_continuity,3,-2.1439340019411195,complete
gary_harris_2018_DEN,DEN,2018-19,Gary Harris,re_signed_standard,roster_continuity,3,-3.3366054913818344,complete
nick_young_2018_DEN,DEN,2018-19,Nick Young,new_team,team_change,3,NA,missing_data
nikola_jokic_2019_DEN,DEN,2019-20,Nikola Jokic,re_signed_standard,roster_continuity,3,3.125121155480974,complete
jamal_murray_2019_DEN,DEN,2019-20,Jamal Murray,re_signed_standard,roster_continuity,3,1.4384216240225232,complete
keita_bates-diop_2019_DEN,DEN,2019-20,Keita Bates-Diop,new_team,team_change,3,1.3248677248677247,complete
torrey_craig_2019_DEN,DEN,2019-20,Torrey Craig,re_signed_standard,roster_continuity,3,0.7495657398233446,complete
jerami_grant_2019_DEN,DEN,2019-20,Jerami Grant,new_team,team_change,3,0.31024678229083613,complete
troy_daniels_2019_DEN,DEN,2019-20,Troy Daniels,new_team,team_change,3,0.05096557514693556,complete
mason_plumlee_2019_DEN,DEN,2019-20,Mason Plumlee,re_signed_standard,roster_continuity,3,-0.12931283379985836,complete
will_barton_2019_DEN,DEN,2019-20,Will Barton,re_signed_standard,roster_continuity,3,-0.6023438817675829,complete
paul_millsap_2019_DEN,DEN,2019-20,Paul Millsap,re_signed_standard,roster_continuity,3,-0.6755081485200778,complete
monte_morris_2019_DEN,DEN,2019-20,Monte Morris,re_signed_standard,roster_continuity,3,-1.6352790376651547,complete
gary_harris_2019_DEN,DEN,2019-20,Gary Harris,re_signed_standard,roster_continuity,3,-2.6646933397869534,complete
noah_vonleh_2019_DEN,DEN,2019-20,Noah Vonleh,new_team,team_change,3,NA,missing_data
nikola_jokic_2020_DEN,DEN,2020-21,Nikola Jokic,re_signed_standard,roster_continuity,3,4.65105714126935,complete
jamal_murray_2020_DEN,DEN,2020-21,Jamal Murray,re_signed_standard,roster_continuity,3,0.748307534561537,complete
austin_rivers_2020_DEN,DEN,2020-21,Austin Rivers,new_team,team_change,3,0.4924862876124836,complete
michael_porter_2020_DEN,DEN,2020-21,Michael Porter Jr.,re_signed_standard,roster_continuity,3,0.19455525606469015,complete
aaron_gordon_2020_DEN,DEN,2020-21,Aaron Gordon,new_team,team_change,3,0.1810319252212022,complete
paul_millsap_2020_DEN,DEN,2020-21,Paul Millsap,re_signed_standard,roster_continuity,3,-0.06714513556618829,complete
jamychal_green_2020_DEN,DEN,2020-21,JaMychal Green,new_team,team_change,3,-0.22859898230654307,complete
monte_morris_2020_DEN,DEN,2020-21,Monte Morris,re_signed_standard,roster_continuity,3,-0.6334667367253408,complete
will_barton_2020_DEN,DEN,2020-21,Will Barton,re_signed_standard,roster_continuity,3,-1.3915583361158237,complete
javale_mcgee_2020_DEN,DEN,2020-21,JaVale McGee,new_team,team_change,3,-1.849748140142999,complete
pj_dozier_2020_DEN,DEN,2020-21,PJ Dozier,re_signed_standard,roster_continuity,3,NA,missing_data
shaquille_harrison_2020_DEN,DEN,2020-21,Shaquille Harrison,new_team,team_change,3,NA,missing_data
nikola_jokic_2021_DEN,DEN,2021-22,Nikola Jokic,re_signed_standard,roster_continuity,3,3.4785809540408383,complete
aaron_gordon_2021_DEN,DEN,2021-22,Aaron Gordon,re_signed_standard,roster_continuity,3,0.8326711280622856,complete
monte_morris_2021_DEN,DEN,2021-22,Monte Morris,re_signed_standard,roster_continuity,3,0.457661226623468,complete
facundo_campazzo_2021_DEN,DEN,2021-22,Facundo Campazzo,re_signed_standard,roster_continuity,3,-0.20000000000000007,complete
jamychal_green_2021_DEN,DEN,2021-22,JaMychal Green,re_signed_standard,roster_continuity,3,-0.28799357826646477,complete
will_barton_2021_DEN,DEN,2021-22,Will Barton,re_signed_standard,roster_continuity,3,-0.81163851402273,complete
bryn_forbes_2021_DEN,DEN,2021-22,Bryn Forbes,new_team,team_change,3,-0.8463007159904534,complete
austin_rivers_2021_DEN,DEN,2021-22,Austin Rivers,re_signed_standard,roster_continuity,3,-1.1008207966695047,complete
demarcus_cousins_2021_DEN,DEN,2021-22,DeMarcus Cousins,new_team,team_change,3,-2,complete
jeff_green_2021_DEN,DEN,2021-22,Jeff Green,new_team,team_change,3,-2.048529173281529,complete
michael_porter_2021_DEN,DEN,2021-22,Michael Porter Jr.,re_signed_standard,roster_continuity,3,-2.445539379466196,complete
bol_bol_2021_DEN,DEN,2021-22,Bol Bol,re_signed_standard,roster_continuity,3,NA,missing_data
james_ennis_2021_DEN,DEN,2021-22,James Ennis III,new_team,team_change,3,NA,missing_data
markus_howard_2021_DEN,DEN,2021-22,Markus Howard,re_signed_standard,roster_continuity,3,NA,missing_data
pj_dozier_2021_DEN,DEN,2021-22,PJ Dozier,re_signed_standard,roster_continuity,3,NA,missing_data
vlatko_cancar_2021_DEN,DEN,2021-22,Vlatko Cancar,re_signed_standard,roster_continuity,3,NA,missing_data
zeke_nnaji_2021_DEN,DEN,2021-22,Zeke Nnaji,re_signed_standard,roster_continuity,3,NA,missing_data
aaron_gordon_2022_DEN,DEN,2022-23,Aaron Gordon,re_signed_standard,roster_continuity,3,1.9008850021830617,complete
nikola_jokic_2022_DEN,DEN,2022-23,Nikola Jokic,re_signed_supermax,supermax,3,0.27474220626223556,complete
kentavious_caldwell-pope_2022_DEN,DEN,2022-23,Kentavious Caldwell-Pope,new_team,team_change,3,-0.21467647090519648,complete
zeke_nnaji_2022_DEN,DEN,2022-23,Zeke Nnaji,re_signed_standard,roster_continuity,3,-0.7368200836820082,complete
jeff_green_2022_DEN,DEN,2022-23,Jeff Green,re_signed_standard,roster_continuity,3,-1.0382210247591417,complete
deandre_jordan_2022_DEN,DEN,2022-23,DeAndre Jordan,new_team,team_change,3,-1.6761893423256795,complete
reggie_jackson_2022_DEN,DEN,2022-23,Reggie Jackson,new_team,team_change,3,-1.886521325198994,complete
bruce_brown_2022_DEN,DEN,2022-23,Bruce Brown,new_team,team_change,3,-2.471356411715399,complete
ish_smith_2022_DEN,DEN,2022-23,Ish Smith,new_team,team_change,3,-4.5310243902439025,complete
christian_braun_2023_DEN,DEN,2023-24,Christian Braun,re_signed_standard,roster_continuity,3,1.6981672194100192,complete
jamal_murray_2023_DEN,DEN,2023-24,Jamal Murray,re_signed_standard,roster_continuity,3,1.648737555908238,complete
justin_holiday_2023_DEN,DEN,2023-24,Justin Holiday,new_team,team_change,3,1.034382917119074,complete
aaron_gordon_2023_DEN,DEN,2023-24,Aaron Gordon,re_signed_standard,roster_continuity,3,0.7019794211032278,complete
michael_porter_2023_DEN,DEN,2023-24,Michael Porter Jr.,re_signed_standard,roster_continuity,3,0.539623192639112,complete
deandre_jordan_2023_DEN,DEN,2023-24,DeAndre Jordan,re_signed_standard,roster_continuity,3,0.3940397350993377,complete
reggie_jackson_2023_DEN,DEN,2023-24,Reggie Jackson,re_signed_standard,roster_continuity,3,0.17338507761642408,complete
nikola_jokic_2023_DEN,DEN,2023-24,Nikola Jokic,re_signed_standard,roster_continuity,3,0.17187985128399852,complete
zeke_nnaji_2023_DEN,DEN,2023-24,Zeke Nnaji,re_signed_standard,roster_continuity,3,0.1411375171441187,complete
kentavious_caldwell-pope_2023_DEN,DEN,2023-24,Kentavious Caldwell-Pope,re_signed_standard,roster_continuity,3,-0.36021371640428246,complete
peyton_watson_2023_DEN,DEN,2023-24,Peyton Watson,re_signed_standard,roster_continuity,3,NA,missing_data
julian_strawther_2024_DEN,DEN,2024-25,Julian Strawther,re_signed_standard,roster_continuity,3,2.3437416481069047,complete
christian_braun_2024_DEN,DEN,2024-25,Christian Braun,re_signed_standard,roster_continuity,3,1.8931200678837832,complete
zeke_nnaji_2024_DEN,DEN,2024-25,Zeke Nnaji,re_signed_standard,roster_continuity,3,1.2839546191247977,complete
michael_porter_2024_DEN,DEN,2024-25,Michael Porter Jr.,re_signed_standard,roster_continuity,3,0.981559557285196,complete
peyton_watson_2024_DEN,DEN,2024-25,Peyton Watson,re_signed_standard,roster_continuity,3,0.6946527350952676,complete
nikola_jokic_2024_DEN,DEN,2024-25,Nikola Jokic,re_signed_standard,roster_continuity,3,0.6133442364087536,complete
deandre_jordan_2024_DEN,DEN,2024-25,DeAndre Jordan,re_signed_standard,roster_continuity,3,0.5999999999999999,complete
jamal_murray_2024_DEN,DEN,2024-25,Jamal Murray,re_signed_standard,roster_continuity,3,-0.07850313932437114,complete
aaron_gordon_2024_DEN,DEN,2024-25,Aaron Gordon,re_signed_standard,roster_continuity,3,-0.27282260579598905,complete
russell_westbrook_2024_DEN,DEN,2024-25,Russell Westbrook,new_team,team_change,3,-1.0967033717722656,complete
dario_saric_2024_DEN,DEN,2024-25,Dario Saric,new_team,team_change,3,NA,missing_data
hunter_tyson_2024_DEN,DEN,2024-25,Hunter Tyson,re_signed_standard,roster_continuity,3,NA,missing_data
jalen_pickett_2024_DEN,DEN,2024-25,Jalen Pickett,re_signed_standard,roster_continuity,3,NA,missing_data
andre_drummond_2017_DET,DET,2017-18,Andre Drummond,re_signed_standard,roster_continuity,3,1.135945116360452,complete
langston_galloway_2017_DET,DET,2017-18,Langston Galloway,new_team,team_change,3,0.6476768286587643,complete
stanley_johnson_2017_DET,DET,2017-18,Stanley Johnson,re_signed_standard,roster_continuity,3,0.5380986506732715,complete
ish_smith_2017_DET,DET,2017-18,Ish Smith,re_signed_standard,roster_continuity,3,-0.2353059032139052,complete
james_ennis_2017_DET,DET,2017-18,James Ennis III,new_team,team_change,3,-0.5220785557453038,complete
anthony_tolliver_2017_DET,DET,2017-18,Anthony Tolliver,new_team,team_change,3,-0.6906778009758503,complete
jameer_nelson_2017_DET,DET,2017-18,Jameer Nelson,new_team,team_change,3,-0.9637455371632586,complete
blake_griffin_2017_DET,DET,2017-18,Blake Griffin,new_team,team_change,3,-1.1270100214974017,complete
reggie_jackson_2017_DET,DET,2017-18,Reggie Jackson,re_signed_standard,roster_continuity,3,-1.2981682385651203,complete
henry_ellenson_2017_DET,DET,2017-18,Henry Ellenson,re_signed_standard,roster_continuity,3,NA,missing_data
jon_leuer_2017_DET,DET,2017-18,Jon Leuer,re_signed_standard,roster_continuity,3,NA,missing_data
kay_felder_2017_DET,DET,2017-18,Kay Felder,new_team,team_change,3,NA,missing_data
reggie_bullock_2017_DET,DET,2017-18,Reggie Bullock,re_signed_standard,roster_continuity,3,NA,missing_data
willie_reed_2017_DET,DET,2017-18,Willie Reed,new_team,team_change,3,NA,missing_data
thon_maker_2018_DET,DET,2018-19,Thon Maker,new_team,team_change,3,1.742879481311976,complete
reggie_jackson_2018_DET,DET,2018-19,Reggie Jackson,re_signed_standard,roster_continuity,3,0.9955906093906094,complete
langston_galloway_2018_DET,DET,2018-19,Langston Galloway,re_signed_standard,roster_continuity,3,0.2672623832650136,complete
luke_kennard_2018_DET,DET,2018-19,Luke Kennard,re_signed_standard,roster_continuity,3,0.21417432470064057,complete
wayne_ellington_2018_DET,DET,2018-19,Wayne Ellington,new_team,team_change,3,-0.8232146088370159,complete
andre_drummond_2018_DET,DET,2018-19,Andre Drummond,re_signed_standard,roster_continuity,3,-1.1486900312273214,complete
jose_calderon_2018_DET,DET,2018-19,Jose Calderon,new_team,team_change,3,-1.517756366139022,complete
zaza_pachulia_2018_DET,DET,2018-19,Zaza Pachulia,new_team,team_change,3,-1.539642857142857,complete
blake_griffin_2018_DET,DET,2018-19,Blake Griffin,re_signed_standard,roster_continuity,3,-1.700871757199612,complete
ish_smith_2018_DET,DET,2018-19,Ish Smith,re_signed_standard,roster_continuity,3,-1.7143661936975556,complete
bruce_brown_2019_DET,DET,2019-20,Bruce Brown,re_signed_standard,roster_continuity,3,3.1221650545379704,complete
thon_maker_2019_DET,DET,2019-20,Thon Maker,re_signed_standard,roster_continuity,3,1.08841628959276,complete
luke_kennard_2019_DET,DET,2019-20,Luke Kennard,re_signed_standard,roster_continuity,3,1.0558243351930714,complete
derrick_rose_2019_DET,DET,2019-20,Derrick Rose,new_team,team_change,3,0.7003734827264241,complete
langston_galloway_2019_DET,DET,2019-20,Langston Galloway,re_signed_standard,roster_continuity,3,0.1705521472392637,complete
tony_snell_2019_DET,DET,2019-20,Tony Snell,new_team,team_change,3,-0.31988692781253136,complete
blake_griffin_2019_DET,DET,2019-20,Blake Griffin,re_signed_standard,roster_continuity,3,-5.7371791171655255,complete
brandon_knight_2019_DET,DET,2019-20,Brandon Knight,new_team,team_change,3,NA,missing_data
jordan_mcrae_2019_DET,DET,2019-20,Jordan McRae,new_team,team_change,3,NA,missing_data
khyri_thomas_2019_DET,DET,2019-20,Khyri Thomas,re_signed_standard,roster_continuity,3,NA,missing_data
svi_mykhailiuk_2019_DET,DET,2019-20,Svi Mykhailiuk,re_signed_standard,roster_continuity,3,NA,missing_data
tim_frazier_2019_DET,DET,2019-20,Tim Frazier,new_team,team_change,3,NA,missing_data
hamidou_diallo_2020_DET,DET,2020-21,Hamidou Diallo,new_team,team_change,3,2.6922938671714007,complete
frank_jackson_2020_DET,DET,2020-21,Frank Jackson,new_team,team_change,3,2.163275205304049,complete
rodney_mcgruder_2020_DET,DET,2020-21,Rodney McGruder,new_team,team_change,3,1.1108365184913696,complete
dennis_smith_2020_DET,DET,2020-21,Dennis Smith Jr.,new_team,team_change,3,0.9601829159493254,complete
jerami_grant_2020_DET,DET,2020-21,Jerami Grant,new_team,team_change,3,0.6972246214625365,complete
wayne_ellington_2020_DET,DET,2020-21,Wayne Ellington,new_team,team_change,3,0.13886532083164427,complete
sekou_doumbouya_2020_DET,DET,2020-21,Sekou Doumbouya,re_signed_standard,roster_continuity,3,0,complete
mason_plumlee_2020_DET,DET,2020-21,Mason Plumlee,new_team,team_change,3,-0.5999476002385296,complete
cory_joseph_2020_DET,DET,2020-21,Cory Joseph,new_team,team_change,3,-0.6898192966361869,complete
jahlil_okafor_2020_DET,DET,2020-21,Jahlil Okafor,new_team,team_change,3,NA,missing_data
hamidou_diallo_2021_DET,DET,2021-22,Hamidou Diallo,re_signed_standard,roster_continuity,3,1.9642761108787783,complete
marvin_bagley_2021_DET,DET,2021-22,Marvin Bagley III,new_team,team_change,3,1.8596683354192745,complete
saben_lee_2021_DET,DET,2021-22,Saben Lee,re_signed_standard,roster_continuity,3,1.6,complete
rodney_mcgruder_2021_DET,DET,2021-22,Rodney McGruder,re_signed_standard,roster_continuity,3,1.5589984350547732,complete
frank_jackson_2021_DET,DET,2021-22,Frank Jackson,re_signed_standard,roster_continuity,3,0.1730293159609122,complete
cory_joseph_2021_DET,DET,2021-22,Cory Joseph,re_signed_standard,roster_continuity,3,0.0701833942476906,complete
kelly_olynyk_2021_DET,DET,2021-22,Kelly Olynyk,new_team,team_change,3,0.0357240709851605,complete
jerami_grant_2021_DET,DET,2021-22,Jerami Grant,re_signed_standard,roster_continuity,3,-0.07702196845466253,complete
saddiq_bey_2021_DET,DET,2021-22,Saddiq Bey,re_signed_standard,roster_continuity,3,-0.2485859318346628,complete
isaiah_stewart_2021_DET,DET,2021-22,Isaiah Stewart,re_signed_standard,roster_continuity,3,-1.529507844401461,complete
carsen_edwards_2021_DET,DET,2021-22,Carsen Edwards,new_team,team_change,3,NA,missing_data
cassius_stanley_2021_DET,DET,2021-22,Cassius Stanley,new_team,team_change,3,NA,missing_data
deividas_sirvydis_2021_DET,DET,2021-22,Deividas Sirvydis,re_signed_standard,roster_continuity,3,NA,missing_data
cade_cunningham_2022_DET,DET,2022-23,Cade Cunningham,re_signed_standard,roster_continuity,3,3.850331418471056,complete
marvin_bagley_2022_DET,DET,2022-23,Marvin Bagley III,re_signed_standard,roster_continuity,3,2.050468632999777,complete
killian_hayes_2022_DET,DET,2022-23,Killian Hayes,re_signed_standard,roster_continuity,3,1.1205821340328352,complete
rj_hampton_2022_DET,DET,2022-23,R.J. Hampton,new_team,team_change,3,1.0836681222707418,complete
isaiah_stewart_2022_DET,DET,2022-23,Isaiah Stewart,re_signed_standard,roster_continuity,3,1.061297163060207,complete
cory_joseph_2022_DET,DET,2022-23,Cory Joseph,re_signed_standard,roster_continuity,3,0.6905364080295717,complete
rodney_mcgruder_2022_DET,DET,2022-23,Rodney McGruder,re_signed_standard,roster_continuity,3,-0.10000000000000007,complete
hamidou_diallo_2022_DET,DET,2022-23,Hamidou Diallo,re_signed_standard,roster_continuity,3,-0.11378757515030058,complete
bojan_bogdanovic_2022_DET,DET,2022-23,Bojan Bogdanovic,new_team,team_change,3,-0.7498715174156599,complete
alec_burks_2022_DET,DET,2022-23,Alec Burks,new_team,team_change,3,-1.4156872683870207,complete
simone_fontecchio_2023_DET,DET,2023-24,Simone Fontecchio,new_team,team_change,3,4.05426739023187,complete
jalen_duren_2023_DET,DET,2023-24,Jalen Duren,re_signed_standard,roster_continuity,3,3.566148263348886,complete
isaiah_stewart_2023_DET,DET,2023-24,Isaiah Stewart,re_signed_standard,roster_continuity,3,2.196692172241251,complete
jaden_ivey_2023_DET,DET,2023-24,Jaden Ivey,re_signed_standard,roster_continuity,3,1.4842272126816378,complete
killian_hayes_2023_DET,DET,2023-24,Killian Hayes,re_signed_standard,roster_continuity,3,0.9700078926598265,complete
malachi_flynn_2023_DET,DET,2023-24,Malachi Flynn,new_team,team_change,3,0.7630293159609116,complete
james_wiseman_2023_DET,DET,2023-24,James Wiseman,re_signed_standard,roster_continuity,3,0,complete
chimezie_metu_2023_DET,DET,2023-24,Chimezie Metu,new_team,team_change,3,-0.29014227642276413,complete
quentin_grimes_2023_DET,DET,2023-24,Quentin Grimes,new_team,team_change,3,-0.7954659667070492,complete
kevin_knox_2023_DET,DET,2023-24,Kevin Knox II,new_team,team_change,3,-1.0999999999999996,complete
troy_brown_2023_DET,DET,2023-24,Troy Brown Jr.,new_team,team_change,3,-1.3104631217838771,complete
evan_fournier_2023_DET,DET,2023-24,Evan Fournier,new_team,team_change,3,-3.5999999999999996,complete
jaylen_nowell_2023_DET,DET,2023-24,Jaylen Nowell,new_team,team_change,3,NA,missing_data
joe_harris_2023_DET,DET,2023-24,Joe Harris,new_team,team_change,3,NA,missing_data
taj_gibson_2023_DET,DET,2023-24,Taj Gibson,new_team,team_change,3,NA,missing_data
paul_reed_2024_DET,DET,2024-25,Paul Reed,new_team,team_change,3,5.0609808102345415,complete
cade_cunningham_2024_DET,DET,2024-25,Cade Cunningham,re_signed_standard,roster_continuity,3,4.727335640138409,complete
ausar_thompson_2024_DET,DET,2024-25,Ausar Thompson,re_signed_standard,roster_continuity,3,4.72332506203474,complete
jalen_duren_2024_DET,DET,2024-25,Jalen Duren,re_signed_standard,roster_continuity,3,4.475394831748595,complete
jaden_ivey_2024_DET,DET,2024-25,Jaden Ivey,re_signed_standard,roster_continuity,3,3.2019243530192436,complete
malik_beasley_2024_DET,DET,2024-25,Malik Beasley,new_team,team_change,3,2.694492099322799,complete
isaiah_stewart_2024_DET,DET,2024-25,Isaiah Stewart,re_signed_standard,roster_continuity,3,2.5130762332459105,complete
marcus_sasser_2024_DET,DET,2024-25,Marcus Sasser,re_signed_standard,roster_continuity,3,2,complete
simone_fontecchio_2024_DET,DET,2024-25,Simone Fontecchio,re_signed_standard,roster_continuity,3,1.0897925311203325,complete
tim_hardaway_2024_DET,DET,2024-25,Tim Hardaway Jr.,new_team,team_change,3,0.9416278133641358,complete
dennis_schroder_2024_DET,DET,2024-25,Dennis Schroder,new_team,team_change,3,0.08850626118068039,complete
tobias_harris_2024_DET,DET,2024-25,Tobias Harris,new_team,team_change,3,-0.13841669454460892,complete
lindy_waters_2024_DET,DET,2024-25,Lindy Waters III,new_team,team_change,3,-2.8999999999999995,complete
omri_casspi_2017_GSW,GSW,2017-18,Omri Casspi,new_team,team_change,3,0.3775305286601362,complete
javale_mcgee_2017_GSW,GSW,2017-18,JaVale McGee,re_signed_standard,roster_continuity,3,0.2510831381733021,complete
david_west_2017_GSW,GSW,2017-18,David West,re_signed_standard,roster_continuity,3,0.23782108060230336,complete
patrick_mccaw_2017_GSW,GSW,2017-18,Patrick McCaw,re_signed_standard,roster_continuity,3,-0.5826110219368648,complete
zaza_pachulia_2017_GSW,GSW,2017-18,Zaza Pachulia,re_signed_standard,roster_continuity,3,-0.679537963391264,complete
andre_iguodala_2017_GSW,GSW,2017-18,Andre Iguodala,re_signed_standard,roster_continuity,3,-1.114357071045576,complete
shaun_livingston_2017_GSW,GSW,2017-18,Shaun Livingston,re_signed_standard,roster_continuity,3,-1.1166694143586051,complete
klay_thompson_2017_GSW,GSW,2017-18,Klay Thompson,re_signed_standard,roster_continuity,3,-1.650183970173742,complete
nick_young_2017_GSW,GSW,2017-18,Nick Young,new_team,team_change,3,-1.9636152954808803,complete
stephen_curry_2017_GSW,GSW,2017-18,Stephen Curry,re_signed_supermax,supermax,3,-2.3762102374203486,complete
kevin_durant_2017_GSW,GSW,2017-18,Kevin Durant,re_signed_standard,roster_continuity,3,-3.122142684238331,complete
draymond_green_2017_GSW,GSW,2017-18,Draymond Green,re_signed_standard,roster_continuity,3,-3.5955058574730616,complete
kevon_looney_2017_GSW,GSW,2017-18,Kevon Looney,re_signed_standard,roster_continuity,3,NA,missing_data
shaun_livingston_2018_GSW,GSW,2018-19,Shaun Livingston,re_signed_standard,roster_continuity,3,1.7738075990299111,complete
jonas_jerebko_2018_GSW,GSW,2018-19,Jonas Jerebko,new_team,team_change,3,0.501775147928994,complete
stephen_curry_2018_GSW,GSW,2018-19,Stephen Curry,re_signed_standard,roster_continuity,3,0.4024295996112848,complete
kevon_looney_2018_GSW,GSW,2018-19,Kevon Looney,re_signed_standard,roster_continuity,3,0.08478425435276303,complete
andre_iguodala_2018_GSW,GSW,2018-19,Andre Iguodala,re_signed_standard,roster_continuity,3,-0.4552875219943292,complete
klay_thompson_2018_GSW,GSW,2018-19,Klay Thompson,re_signed_standard,roster_continuity,3,-0.5166440349175558,complete
quinn_cook_2018_GSW,GSW,2018-19,Quinn Cook,re_signed_standard,roster_continuity,3,-1.0511167836630504,complete
kevin_durant_2018_GSW,GSW,2018-19,Kevin Durant,re_signed_standard,roster_continuity,3,-2.0438919877914934,complete
draymond_green_2018_GSW,GSW,2018-19,Draymond Green,re_signed_standard,roster_continuity,3,-2.748832663964941,complete
jordan_bell_2018_GSW,GSW,2018-19,Jordan Bell,re_signed_standard,roster_continuity,3,-3.7,complete
demarcus_cousins_2018_GSW,GSW,2018-19,DeMarcus Cousins,new_team,team_change,3,-4.181104749246605,complete
marquese_chriss_2019_GSW,GSW,2019-20,Marquese Chriss,new_team,team_change,3,3.4,complete
andrew_wiggins_2019_GSW,GSW,2019-20,Andrew Wiggins,new_team,team_change,3,2.5891639679488283,complete
stephen_curry_2019_GSW,GSW,2019-20,Stephen Curry,re_signed_standard,roster_continuity,3,0.17756507703309765,complete
kevon_looney_2019_GSW,GSW,2019-20,Kevon Looney,re_signed_standard,roster_continuity,3,-0.05594860204971322,complete
draymond_green_2019_GSW,GSW,2019-20,Draymond Green,re_signed_standard,roster_continuity,3,-0.5081321635619829,complete
chasson_randle_2019_GSW,GSW,2019-20,Chasson Randle,new_team,team_change,3,-1.9000000000000004,complete
damion_lee_2019_GSW,GSW,2019-20,Damion Lee,re_signed_standard,roster_continuity,3,NA,missing_data
dragan_bender_2019_GSW,GSW,2019-20,Dragan Bender,new_team,team_change,3,NA,missing_data
jordan_poole_2020_GSW,GSW,2020-21,Jordan Poole,re_signed_standard,roster_continuity,3,6.0970850061092685,complete
andrew_wiggins_2020_GSW,GSW,2020-21,Andrew Wiggins,re_signed_standard,roster_continuity,3,1.7566896606373528,complete
eric_paschall_2020_GSW,GSW,2020-21,Eric Paschall,re_signed_standard,roster_continuity,3,1.1322625698324025,complete
damion_lee_2020_GSW,GSW,2020-21,Damion Lee,re_signed_standard,roster_continuity,3,1.035641759958344,complete
draymond_green_2020_GSW,GSW,2020-21,Draymond Green,re_signed_standard,roster_continuity,3,0.88166833898464,complete
kent_bazemore_2020_GSW,GSW,2020-21,Kent Bazemore,new_team,team_change,3,0.5551010467710782,complete
kelly_oubre_2020_GSW,GSW,2020-21,Kelly Oubre Jr.,new_team,team_change,3,-0.6222492915820865,complete
jordan_bell_2020_GSW,GSW,2020-21,Jordan Bell,new_team,team_change,3,NA,missing_data
marquese_chriss_2020_GSW,GSW,2020-21,Marquese Chriss,re_signed_standard,roster_continuity,3,NA,missing_data
andre_iguodala_2021_GSW,GSW,2021-22,Andre Iguodala,new_team,team_change,3,3.1,complete
jordan_poole_2021_GSW,GSW,2021-22,Jordan Poole,re_signed_standard,roster_continuity,3,2.3077783670602967,complete
kevon_looney_2021_GSW,GSW,2021-22,Kevon Looney,re_signed_standard,roster_continuity,3,2.207594677584442,complete
draymond_green_2021_GSW,GSW,2021-22,Draymond Green,re_signed_standard,roster_continuity,3,0.9141015579626326,complete
nemanja_bjelica_2021_GSW,GSW,2021-22,Nemanja Bjelica,new_team,team_change,3,0.5132770529547197,complete
andrew_wiggins_2021_GSW,GSW,2021-22,Andrew Wiggins,re_signed_standard,roster_continuity,3,-0.4644119911109873,complete
damion_lee_2021_GSW,GSW,2021-22,Damion Lee,re_signed_standard,roster_continuity,3,-0.614560371977581,complete
stephen_curry_2021_GSW,GSW,2021-22,Stephen Curry,re_signed_standard,roster_continuity,3,-2.6189867640346867,complete
juan_toscano-anderson_2021_GSW,GSW,2021-22,Juan Toscano-Anderson,re_signed_standard,roster_continuity,3,-2.839669421487603,complete
chris_chiozza_2021_GSW,GSW,2021-22,Chris Chiozza,new_team,team_change,3,NA,missing_data
ty_jerome_2022_GSW,GSW,2022-23,Ty Jerome,new_team,team_change,3,3.9226156170434976,complete
donte_divincenzo_2022_GSW,GSW,2022-23,Donte DiVincenzo,new_team,team_change,3,2.8080897054196012,complete
moses_moody_2022_GSW,GSW,2022-23,Moses Moody,re_signed_standard,roster_continuity,3,1.4718663721700715,complete
jamychal_green_2022_GSW,GSW,2022-23,JaMychal Green,new_team,team_change,3,1.1476190476190475,complete
kevon_looney_2022_GSW,GSW,2022-23,Kevon Looney,re_signed_standard,roster_continuity,3,1.0264155500390937,complete
jonathan_kuminga_2022_GSW,GSW,2022-23,Jonathan Kuminga,re_signed_standard,roster_continuity,3,0.6451303766436373,complete
andrew_wiggins_2022_GSW,GSW,2022-23,Andrew Wiggins,re_signed_standard,roster_continuity,3,-0.7517876600451682,complete
stephen_curry_2022_GSW,GSW,2022-23,Stephen Curry,re_signed_standard,roster_continuity,3,-0.9808757543521152,complete
draymond_green_2022_GSW,GSW,2022-23,Draymond Green,re_signed_standard,roster_continuity,3,-1.1920146384589578,complete
jordan_poole_2022_GSW,GSW,2022-23,Jordan Poole,re_signed_standard,roster_continuity,3,-2.4601090292960355,complete
gary_payton_2022_GSW,GSW,2022-23,Gary Payton II,re_signed_standard,roster_continuity,3,-2.511574362165526,complete
andre_iguodala_2022_GSW,GSW,2022-23,Andre Iguodala,re_signed_standard,roster_continuity,3,NA,missing_data
dario_saric_2023_GSW,GSW,2023-24,Dario Saric,new_team,team_change,3,2.4,complete
moses_moody_2023_GSW,GSW,2023-24,Moses Moody,re_signed_standard,roster_continuity,3,2.1537602468289783,complete
cory_joseph_2023_GSW,GSW,2023-24,Cory Joseph,new_team,team_change,3,1.039582596391935,complete
jonathan_kuminga_2023_GSW,GSW,2023-24,Jonathan Kuminga,re_signed_standard,roster_continuity,3,0.8112647625377106,complete
andrew_wiggins_2023_GSW,GSW,2023-24,Andrew Wiggins,re_signed_standard,roster_continuity,3,-0.21017640460397977,complete
stephen_curry_2023_GSW,GSW,2023-24,Stephen Curry,re_signed_standard,roster_continuity,3,-0.9377111049688632,complete
klay_thompson_2023_GSW,GSW,2023-24,Klay Thompson,re_signed_standard,roster_continuity,3,-0.9748457149775268,complete
kevon_looney_2023_GSW,GSW,2023-24,Kevon Looney,re_signed_standard,roster_continuity,3,-1.0833461703038083,complete
draymond_green_2023_GSW,GSW,2023-24,Draymond Green,re_signed_standard,roster_continuity,3,-1.3144466944194173,complete
chris_paul_2023_GSW,GSW,2023-24,Chris Paul,new_team,team_change,3,-3.488177928448026,complete
usman_garuba_2023_GSW,GSW,2023-24,Usman Garuba,new_team,team_change,3,NA,missing_data
gary_payton_2024_GSW,GSW,2024-25,Gary Payton II,re_signed_standard,roster_continuity,3,0.7759787336877716,complete
moses_moody_2024_GSW,GSW,2024-25,Moses Moody,re_signed_standard,roster_continuity,3,0.6215535473641733,complete
brandin_podziemski_2024_GSW,GSW,2024-25,Brandin Podziemski,re_signed_standard,roster_continuity,3,0.5119041738700914,complete
jonathan_kuminga_2024_GSW,GSW,2024-25,Jonathan Kuminga,re_signed_standard,roster_continuity,3,-0.24656453730988648,complete
stephen_curry_2024_GSW,GSW,2024-25,Stephen Curry,re_signed_standard,roster_continuity,3,-0.2574653902781261,complete
kevon_looney_2024_GSW,GSW,2024-25,Kevon Looney,re_signed_standard,roster_continuity,3,-1.2314938154138917,complete
jimmy_butler_2024_GSW,GSW,2024-25,Jimmy Butler III,new_team,team_change,3,-1.5548682249588186,complete
trayce_jackson-davis_2024_GSW,GSW,2024-25,Trayce Jackson-Davis,re_signed_standard,roster_continuity,3,-1.6,complete
draymond_green_2024_GSW,GSW,2024-25,Draymond Green,re_signed_standard,roster_continuity,3,-1.851406784317887,complete
buddy_hield_2024_GSW,GSW,2024-25,Buddy Hield,new_team,team_change,3,-2.2020249892287804,complete
deanthony_melton_2024_GSW,GSW,2024-25,De'Anthony Melton,new_team,team_change,3,-3.2710368736211786,complete
braxton_key_2024_GSW,GSW,2024-25,Braxton Key,new_team,team_change,3,NA,missing_data
gui_santos_2024_GSW,GSW,2024-25,Gui Santos,re_signed_standard,roster_continuity,3,NA,missing_data
kevin_knox_2024_GSW,GSW,2024-25,Kevin Knox II,new_team,team_change,3,NA,missing_data
james_harden_2017_HOU,HOU,2017-18,James Harden,re_signed_supermax,supermax,3,2.585653433322345,complete
clint_capela_2017_HOU,HOU,2017-18,Clint Capela,re_signed_standard,roster_continuity,3,2.357175082595784,complete
gerald_green_2017_HOU,HOU,2017-18,Gerald Green,new_team,team_change,3,2.147841874015091,complete
luc_mbah_a_moute_2017_HOU,HOU,2017-18,Luc Mbah a Moute,new_team,team_change,3,0.9988892518784712,complete
tarik_black_2017_HOU,HOU,2017-18,Tarik Black,new_team,team_change,3,0.6000000000000001,complete
ryan_anderson_2017_HOU,HOU,2017-18,Ryan Anderson,re_signed_standard,roster_continuity,3,0.40261881668283217,complete
pj_tucker_2017_HOU,HOU,2017-18,P.J. Tucker,new_team,team_change,3,-0.3971978435222469,complete
eric_gordon_2017_HOU,HOU,2017-18,Eric Gordon,re_signed_standard,roster_continuity,3,-1.008521021021021,complete
trevor_ariza_2017_HOU,HOU,2017-18,Trevor Ariza,re_signed_standard,roster_continuity,3,-1.0573728877973405,complete
joe_johnson_2017_HOU,HOU,2017-18,Joe Johnson,new_team,team_change,3,-1.932446106467224,complete
nene_2017_HOU,HOU,2017-18,Nene,re_signed_standard,roster_continuity,3,-2.111529031360079,complete
chris_paul_2017_HOU,HOU,2017-18,Chris Paul,new_team,team_change,3,-3.1675516108327946,complete
bobby_brown_2017_HOU,HOU,2017-18,Bobby Brown,re_signed_standard,roster_continuity,3,NA,missing_data
james_harden_2018_HOU,HOU,2018-19,James Harden,re_signed_standard,roster_continuity,3,0.3650866732764299,complete
clint_capela_2018_HOU,HOU,2018-19,Clint Capela,re_signed_standard,roster_continuity,3,0.06971291179768313,complete
kenneth_faried_2018_HOU,HOU,2018-19,Kenneth Faried,new_team,team_change,3,-0.5,complete
gerald_green_2018_HOU,HOU,2018-19,Gerald Green,re_signed_standard,roster_continuity,3,-0.7897750511247443,complete
pj_tucker_2018_HOU,HOU,2018-19,P.J. Tucker,re_signed_standard,roster_continuity,3,-1.0964829787678414,complete
austin_rivers_2018_HOU,HOU,2018-19,Austin Rivers,new_team,team_change,3,-1.5040586289237918,complete
carmelo_anthony_2018_HOU,HOU,2018-19,Carmelo Anthony,new_team,team_change,3,-1.83332060043023,complete
eric_gordon_2018_HOU,HOU,2018-19,Eric Gordon,re_signed_standard,roster_continuity,3,-2.0474011307746083,complete
nene_2018_HOU,HOU,2018-19,Nene,re_signed_standard,roster_continuity,3,-2.3024539877300616,complete
chris_paul_2018_HOU,HOU,2018-19,Chris Paul,re_signed_standard,roster_continuity,3,-3.593728494033236,complete
jeff_green_2019_HOU,HOU,2019-20,Jeff Green,new_team,team_change,3,0.25414398415598227,complete
austin_rivers_2019_HOU,HOU,2019-20,Austin Rivers,re_signed_standard,roster_continuity,3,-0.12257550151897868,complete
pj_tucker_2019_HOU,HOU,2019-20,P.J. Tucker,re_signed_standard,roster_continuity,3,-0.7363241486974391,complete
danuel_house_2019_HOU,HOU,2019-20,Danuel House Jr.,re_signed_standard,roster_continuity,3,-1.0119820828667414,complete
clint_capela_2019_HOU,HOU,2019-20,Clint Capela,re_signed_standard,roster_continuity,3,-1.082430130000133,complete
eric_gordon_2019_HOU,HOU,2019-20,Eric Gordon,re_signed_standard,roster_continuity,3,-2.021844596308111,complete
james_harden_2019_HOU,HOU,2019-20,James Harden,re_signed_standard,roster_continuity,3,-3.555707500479497,complete
russell_westbrook_2019_HOU,HOU,2019-20,Russell Westbrook,new_team,team_change,3,-4.713631198439542,complete
demarre_carroll_2019_HOU,HOU,2019-20,DeMarre Carroll,new_team,team_change,3,NA,missing_data
ryan_anderson_2019_HOU,HOU,2019-20,Ryan Anderson,new_team,team_change,3,NA,missing_data
thabo_sefolosha_2019_HOU,HOU,2019-20,Thabo Sefolosha,new_team,team_change,3,NA,missing_data
tyson_chandler_2019_HOU,HOU,2019-20,Tyson Chandler,new_team,team_change,3,NA,missing_data
kevin_porter_2020_HOU,HOU,2020-21,Kevin Porter Jr.,new_team,team_change,3,2.8014057910197225,complete
kelly_olynyk_2020_HOU,HOU,2020-21,Kelly Olynyk,new_team,team_change,3,0.1093161286866614,complete
sterling_brown_2020_HOU,HOU,2020-21,Sterling Brown,new_team,team_change,3,-0.3266965609065988,complete
avery_bradley_2020_HOU,HOU,2020-21,Avery Bradley,new_team,team_change,3,-0.9000749509242238,complete
christian_wood_2020_HOU,HOU,2020-21,Christian Wood,new_team,team_change,3,-1.5177200465296627,complete
danuel_house_2020_HOU,HOU,2020-21,Danuel House Jr.,re_signed_standard,roster_continuity,3,-1.996536127853328,complete
dj_augustin_2020_HOU,HOU,2020-21,D.J. Augustin,new_team,team_change,3,-2.4499510526971005,complete
bruno_caboclo_2020_HOU,HOU,2020-21,Bruno Caboclo,re_signed_standard,roster_continuity,3,NA,missing_data
chris_clemons_2020_HOU,HOU,2020-21,Chris Clemons,re_signed_standard,roster_continuity,3,NA,missing_data
dante_exum_2020_HOU,HOU,2020-21,Dante Exum,new_team,team_change,3,NA,missing_data
dj_wilson_2020_HOU,HOU,2020-21,D.J. Wilson,new_team,team_change,3,NA,missing_data
bruno_fernando_2021_HOU,HOU,2021-22,Bruno Fernando,new_team,team_change,3,1.7999999999999998,complete
kj_martin_2021_HOU,HOU,2021-22,KJ Martin,re_signed_standard,roster_continuity,3,0.3832552194290584,complete
garrison_mathews_2021_HOU,HOU,2021-22,Garrison Mathews,new_team,team_change,3,-0.7250737463126844,complete
jaesean_tate_2021_HOU,HOU,2021-22,Jae'Sean Tate,re_signed_standard,roster_continuity,3,-0.842720510095643,complete
christian_wood_2021_HOU,HOU,2021-22,Christian Wood,re_signed_standard,roster_continuity,3,-1.4283783458687132,complete
dennis_schroder_2021_HOU,HOU,2021-22,Dennis Schroder,new_team,team_change,3,-1.5808205282963212,complete
alperen_sengun_2022_HOU,HOU,2022-23,Alperen Sengun,re_signed_standard,roster_continuity,3,4.5696914700544475,complete
kevin_porter_2022_HOU,HOU,2022-23,Kevin Porter Jr.,re_signed_standard,roster_continuity,3,2.271347545085782,complete
jalen_green_2022_HOU,HOU,2022-23,Jalen Green,re_signed_standard,roster_continuity,3,2.214405063291139,complete
kj_martin_2022_HOU,HOU,2022-23,KJ Martin,re_signed_standard,roster_continuity,3,-0.5764539117827467,complete
jaesean_tate_2022_HOU,HOU,2022-23,Jae'Sean Tate,re_signed_standard,roster_continuity,3,-0.6434423540032284,complete
josh_christopher_2022_HOU,HOU,2022-23,Josh Christopher,re_signed_standard,roster_continuity,3,-0.7999999999999998,complete
boban_marjanovic_2022_HOU,HOU,2022-23,Boban Marjanovic,new_team,team_change,3,NA,missing_data
dj_augustin_2022_HOU,HOU,2022-23,D.J. Augustin,new_team,team_change,3,NA,missing_data
usman_garuba_2022_HOU,HOU,2022-23,Usman Garuba,re_signed_standard,roster_continuity,3,NA,missing_data
alperen_sengun_2023_HOU,HOU,2023-24,Alperen Sengun,re_signed_standard,roster_continuity,3,4.055849503450557,complete
jabari_smith_2023_HOU,HOU,2023-24,Jabari Smith Jr.,re_signed_standard,roster_continuity,3,3.106238130021914,complete
tari_eason_2023_HOU,HOU,2023-24,Tari Eason,re_signed_standard,roster_continuity,3,2.587032670932974,complete
jalen_green_2023_HOU,HOU,2023-24,Jalen Green,re_signed_standard,roster_continuity,3,2.3200015703971864,complete
dillon_brooks_2023_HOU,HOU,2023-24,Dillon Brooks,new_team,team_change,3,0.8822122145852993,complete
jock_landale_2023_HOU,HOU,2023-24,Jock Landale,new_team,team_change,3,0.8273388729814786,complete
jeff_green_2023_HOU,HOU,2023-24,Jeff Green,new_team,team_change,3,0.7339795918367344,complete
aaron_holiday_2023_HOU,HOU,2023-24,Aaron Holiday,new_team,team_change,3,0.4508063475972493,complete
fred_vanvleet_2023_HOU,HOU,2023-24,Fred VanVleet,new_team,team_change,3,-0.7425908308280067,complete
boban_marjanovic_2023_HOU,HOU,2023-24,Boban Marjanovic,re_signed_standard,roster_continuity,3,NA,missing_data
reggie_bullock_2023_HOU,HOU,2023-24,Reggie Bullock Jr.,new_team,team_change,3,NA,missing_data
jaesean_tate_2024_HOU,HOU,2024-25,Jae'Sean Tate,re_signed_standard,roster_continuity,3,2.075644028103044,complete
dillon_brooks_2024_HOU,HOU,2024-25,Dillon Brooks,re_signed_standard,roster_continuity,3,1.9750376823211584,complete
amen_thompson_2024_HOU,HOU,2024-25,Amen Thompson,re_signed_standard,roster_continuity,3,1.4445538818076475,complete
jalen_green_2024_HOU,HOU,2024-25,Jalen Green,re_signed_standard,roster_continuity,3,1.4243239702135837,complete
jabari_smith_2024_HOU,HOU,2024-25,Jabari Smith Jr.,re_signed_standard,roster_continuity,3,1.3591384615384616,complete
alperen_sengun_2024_HOU,HOU,2024-25,Alperen Sengun,re_signed_standard,roster_continuity,3,1.2018107784151466,complete
jock_landale_2024_HOU,HOU,2024-25,Jock Landale,re_signed_standard,roster_continuity,3,0.6866238254238433,complete
aaron_holiday_2024_HOU,HOU,2024-25,Aaron Holiday,re_signed_standard,roster_continuity,3,0.4075503966232443,complete
cam_whitmore_2024_HOU,HOU,2024-25,Cam Whitmore,re_signed_standard,roster_continuity,3,0.2,complete
fred_vanvleet_2024_HOU,HOU,2024-25,Fred VanVleet,re_signed_standard,roster_continuity,3,-2.062847288752635,complete
david_roddy_2024_HOU,HOU,2024-25,David Roddy,new_team,team_change,3,NA,missing_data
jeff_green_2024_HOU,HOU,2024-25,Jeff Green,re_signed_standard,roster_continuity,3,NA,missing_data
nate_williams_2024_HOU,HOU,2024-25,Nate Williams,re_signed_standard,roster_continuity,3,NA,missing_data
domantas_sabonis_2017_IND,IND,2017-18,Domantas Sabonis,new_team,team_change,3,6.3280695712071635,complete
victor_oladipo_2017_IND,IND,2017-18,Victor Oladipo,new_team,team_change,3,3.238854556206525,complete
bojan_bogdanovic_2017_IND,IND,2017-18,Bojan Bogdanovic,new_team,team_change,3,2.8949266504649085,complete
darren_collison_2017_IND,IND,2017-18,Darren Collison,new_team,team_change,3,2.6182658279809816,complete
myles_turner_2017_IND,IND,2017-18,Myles Turner,re_signed_standard,roster_continuity,3,0.7288790468263575,complete
thaddeus_young_2017_IND,IND,2017-18,Thaddeus Young,re_signed_standard,roster_continuity,3,0.1099366988823623,complete
cory_joseph_2017_IND,IND,2017-18,Cory Joseph,new_team,team_change,3,-0.02012648602366362,complete
trevor_booker_2017_IND,IND,2017-18,Trevor Booker,new_team,team_change,3,-0.28919078558771416,complete
glenn_robinson_2017_IND,IND,2017-18,Glenn Robinson III,re_signed_standard,roster_continuity,3,-1.520942440674164,complete
al_jefferson_2017_IND,IND,2017-18,Al Jefferson,re_signed_standard,roster_continuity,3,NA,missing_data
joe_young_2017_IND,IND,2017-18,Joe Young,re_signed_standard,roster_continuity,3,NA,missing_data
domantas_sabonis_2018_IND,IND,2018-19,Domantas Sabonis,re_signed_standard,roster_continuity,3,6.097506677310058,complete
doug_mcdermott_2018_IND,IND,2018-19,Doug McDermott,new_team,team_change,3,1.5885854287839971,complete
bojan_bogdanovic_2018_IND,IND,2018-19,Bojan Bogdanovic,re_signed_standard,roster_continuity,3,1.5505731305139725,complete
thaddeus_young_2018_IND,IND,2018-19,Thaddeus Young,re_signed_standard,roster_continuity,3,0.9308049958423684,complete
darren_collison_2018_IND,IND,2018-19,Darren Collison,re_signed_standard,roster_continuity,3,0.91984807645185,complete
myles_turner_2018_IND,IND,2018-19,Myles Turner,re_signed_standard,roster_continuity,3,0.5679161145381159,complete
cory_joseph_2018_IND,IND,2018-19,Cory Joseph,re_signed_standard,roster_continuity,3,0.08638640819778809,complete
wesley_matthews_2018_IND,IND,2018-19,Wesley Matthews,new_team,team_change,3,-0.9306641032599212,complete
victor_oladipo_2018_IND,IND,2018-19,Victor Oladipo,re_signed_standard,roster_continuity,3,-2.9592482875709853,complete
tyreke_evans_2018_IND,IND,2018-19,Tyreke Evans,new_team,team_change,3,-5.8510229645093945,complete
kyle_oquinn_2018_IND,IND,2018-19,Kyle O'Quinn,new_team,team_change,3,NA,missing_data
tj_leaf_2018_IND,IND,2018-19,T.J. Leaf,re_signed_standard,roster_continuity,3,NA,missing_data
domantas_sabonis_2019_IND,IND,2019-20,Domantas Sabonis,re_signed_standard,roster_continuity,3,2.683575112505443,complete
tj_warren_2019_IND,IND,2019-20,T.J. Warren,new_team,team_change,3,1.6058252427184465,complete
tj_mcconnell_2019_IND,IND,2019-20,T.J. McConnell,new_team,team_change,3,1.4139649984849274,complete
malcolm_brogdon_2019_IND,IND,2019-20,Malcolm Brogdon,new_team,team_change,3,1.3401498865476795,complete
justin_holiday_2019_IND,IND,2019-20,Justin Holiday,new_team,team_change,3,1.1319171177799543,complete
doug_mcdermott_2019_IND,IND,2019-20,Doug McDermott,re_signed_standard,roster_continuity,3,0.8990086669488663,complete
myles_turner_2019_IND,IND,2019-20,Myles Turner,re_signed_standard,roster_continuity,3,-0.6944291794647267,complete
aaron_holiday_2019_IND,IND,2019-20,Aaron Holiday,re_signed_standard,roster_continuity,3,-0.8284478238070265,complete
jeremy_lamb_2019_IND,IND,2019-20,Jeremy Lamb,new_team,team_change,3,-1.4512387847282264,complete
edmond_sumner_2019_IND,IND,2019-20,Edmond Sumner,re_signed_standard,roster_continuity,3,NA,missing_data
tj_leaf_2019_IND,IND,2019-20,T.J. Leaf,re_signed_standard,roster_continuity,3,NA,missing_data
domantas_sabonis_2020_IND,IND,2020-21,Domantas Sabonis,re_signed_standard,roster_continuity,3,1.5065786035288815,complete
tj_mcconnell_2020_IND,IND,2020-21,T.J. McConnell,re_signed_standard,roster_continuity,3,1.208421909795646,complete
malcolm_brogdon_2020_IND,IND,2020-21,Malcolm Brogdon,re_signed_standard,roster_continuity,3,0.3900990261414017,complete
myles_turner_2020_IND,IND,2020-21,Myles Turner,re_signed_standard,roster_continuity,3,-0.02843887506368725,complete
caris_levert_2020_IND,IND,2020-21,Caris LeVert,new_team,team_change,3,-0.2836977126842826,complete
jeremy_lamb_2020_IND,IND,2020-21,Jeremy Lamb,re_signed_standard,roster_continuity,3,-0.42666195989833383,complete
aaron_holiday_2020_IND,IND,2020-21,Aaron Holiday,re_signed_standard,roster_continuity,3,-1.1498027613412227,complete
doug_mcdermott_2020_IND,IND,2020-21,Doug McDermott,re_signed_standard,roster_continuity,3,-1.2894193560293117,complete
justin_holiday_2020_IND,IND,2020-21,Justin Holiday,re_signed_standard,roster_continuity,3,-1.3899436996485115,complete
tj_warren_2020_IND,IND,2020-21,T.J. Warren,re_signed_standard,roster_continuity,3,-2.603649635036496,complete
edmond_sumner_2020_IND,IND,2020-21,Edmond Sumner,re_signed_standard,roster_continuity,3,NA,missing_data
goga_bitadze_2020_IND,IND,2020-21,Goga Bitadze,re_signed_standard,roster_continuity,3,NA,missing_data
jakarr_sampson_2020_IND,IND,2020-21,JaKarr Sampson,re_signed_standard,roster_continuity,3,NA,missing_data
tyrese_haliburton_2021_IND,IND,2021-22,Tyrese Haliburton,new_team,team_change,3,3.8793590120552777,complete
goga_bitadze_2021_IND,IND,2021-22,Goga Bitadze,re_signed_standard,roster_continuity,3,1.846085409252669,complete
myles_turner_2021_IND,IND,2021-22,Myles Turner,re_signed_standard,roster_continuity,3,1.213592912226631,complete
tj_mcconnell_2021_IND,IND,2021-22,T.J. McConnell,re_signed_standard,roster_continuity,3,0.487818527752627,complete
malcolm_brogdon_2021_IND,IND,2021-22,Malcolm Brogdon,re_signed_standard,roster_continuity,3,0.47057705428313734,complete
buddy_hield_2021_IND,IND,2021-22,Buddy Hield,new_team,team_change,3,0.1511091718004564,complete
jalen_smith_2021_IND,IND,2021-22,Jalen Smith,new_team,team_change,3,NA,missing_data
nate_hinton_2021_IND,IND,2021-22,Nate Hinton,new_team,team_change,3,NA,missing_data
tyrese_haliburton_2022_IND,IND,2022-23,Tyrese Haliburton,re_signed_standard,roster_continuity,3,4.446808506693328,complete
aaron_nesmith_2022_IND,IND,2022-23,Aaron Nesmith,new_team,team_change,3,2.2876321468743104,complete
isaiah_jackson_2022_IND,IND,2022-23,Isaiah Jackson,re_signed_standard,roster_continuity,3,1.8631549917264203,complete
jordan_nwora_2022_IND,IND,2022-23,Jordan Nwora,new_team,team_change,3,1.8501052631578945,complete
buddy_hield_2022_IND,IND,2022-23,Buddy Hield,re_signed_standard,roster_continuity,3,1.4753904632595924,complete
jalen_smith_2022_IND,IND,2022-23,Jalen Smith,re_signed_standard,roster_continuity,3,0.7106751824817518,complete
myles_turner_2022_IND,IND,2022-23,Myles Turner,re_signed_standard,roster_continuity,3,0.2224559793167807,complete
george_hill_2022_IND,IND,2022-23,George Hill,new_team,team_change,3,-0.03963636363636347,complete
oshae_brissett_2022_IND,IND,2022-23,Oshae Brissett,re_signed_standard,roster_continuity,3,-1.1827614589963118,complete
daniel_theis_2022_IND,IND,2022-23,Daniel Theis,new_team,team_change,3,-1.449443902799881,complete
chris_duarte_2022_IND,IND,2022-23,Chris Duarte,re_signed_standard,roster_continuity,3,-1.710581683168317,complete
james_johnson_2022_IND,IND,2022-23,James Johnson,new_team,team_change,3,NA,missing_data
jalen_smith_2023_IND,IND,2023-24,Jalen Smith,re_signed_standard,roster_continuity,3,2.2700207097685556,complete
aaron_nesmith_2023_IND,IND,2023-24,Aaron Nesmith,re_signed_standard,roster_continuity,3,1.942608408801272,complete
tyrese_haliburton_2023_IND,IND,2023-24,Tyrese Haliburton,re_signed_standard,roster_continuity,3,1.831245187983451,complete
tj_mcconnell_2023_IND,IND,2023-24,T.J. McConnell,re_signed_standard,roster_continuity,3,1.5548278443394774,complete
andrew_nembhard_2023_IND,IND,2023-24,Andrew Nembhard,re_signed_standard,roster_continuity,3,1.4310775540641314,complete
isaiah_jackson_2023_IND,IND,2023-24,Isaiah Jackson,re_signed_standard,roster_continuity,3,1.205090454452591,complete
bennedict_mathurin_2023_IND,IND,2023-24,Bennedict Mathurin,re_signed_standard,roster_continuity,3,0.7771999246278498,complete
obi_toppin_2023_IND,IND,2023-24,Obi Toppin,new_team,team_change,3,0.7456669345118522,complete
doug_mcdermott_2023_IND,IND,2023-24,Doug McDermott,new_team,team_change,3,-0.5374458021284982,complete
myles_turner_2023_IND,IND,2023-24,Myles Turner,re_signed_standard,roster_continuity,3,-1.6524073861936854,complete
pascal_siakam_2023_IND,IND,2023-24,Pascal Siakam,new_team,team_change,3,-1.8072500398891425,complete
james_johnson_2023_IND,IND,2023-24,James Johnson,re_signed_standard,roster_continuity,3,NA,missing_data
andrew_nembhard_2024_IND,IND,2024-25,Andrew Nembhard,re_signed_standard,roster_continuity,3,1.1804373221918336,complete
obi_toppin_2024_IND,IND,2024-25,Obi Toppin,re_signed_standard,roster_continuity,3,0.9553956834532372,complete
ben_sheppard_2024_IND,IND,2024-25,Ben Sheppard,re_signed_standard,roster_continuity,3,0.8692630775104999,complete
bennedict_mathurin_2024_IND,IND,2024-25,Bennedict Mathurin,re_signed_standard,roster_continuity,3,0.8492161276482841,complete
tj_mcconnell_2024_IND,IND,2024-25,T.J. McConnell,re_signed_standard,roster_continuity,3,0.08072839927473852,complete
thomas_bryant_2024_IND,IND,2024-25,Thomas Bryant,new_team,team_change,3,-0.21592920353982295,complete
aaron_nesmith_2024_IND,IND,2024-25,Aaron Nesmith,re_signed_standard,roster_continuity,3,-0.3844136999476806,complete
tyrese_haliburton_2024_IND,IND,2024-25,Tyrese Haliburton,re_signed_standard,roster_continuity,3,-1.2375456537618703,complete
pascal_siakam_2024_IND,IND,2024-25,Pascal Siakam,re_signed_standard,roster_continuity,3,-1.2461233040241215,complete
isaiah_jackson_2024_IND,IND,2024-25,Isaiah Jackson,re_signed_standard,roster_continuity,3,-1.4631549917264204,complete
myles_turner_2024_IND,IND,2024-25,Myles Turner,re_signed_standard,roster_continuity,3,-1.6697156106539444,complete
james_johnson_2024_IND,IND,2024-25,James Johnson,re_signed_standard,roster_continuity,3,NA,missing_data
james_wiseman_2024_IND,IND,2024-25,James Wiseman,new_team,team_change,3,NA,missing_data
jarace_walker_2024_IND,IND,2024-25,Jarace Walker,re_signed_standard,roster_continuity,3,NA,missing_data
montrezl_harrell_2017_LAC,LAC,2017-18,Montrezl Harrell,new_team,team_change,3,2.165461538461538,complete
danilo_gallinari_2017_LAC,LAC,2017-18,Danilo Gallinari,new_team,team_change,3,1.190726029092518,complete
patrick_beverley_2017_LAC,LAC,2017-18,Patrick Beverley,new_team,team_change,3,0.7495996296322527,complete
tobias_harris_2017_LAC,LAC,2017-18,Tobias Harris,new_team,team_change,3,-0.09767578464014635,complete
austin_rivers_2017_LAC,LAC,2017-18,Austin Rivers,re_signed_standard,roster_continuity,3,-0.2638413007598781,complete
lou_williams_2017_LAC,LAC,2017-18,Lou Williams,new_team,team_change,3,-0.8225854918542008,complete
wesley_johnson_2017_LAC,LAC,2017-18,Wesley Johnson,re_signed_standard,roster_continuity,3,-0.9950083974471758,complete
deandre_jordan_2017_LAC,LAC,2017-18,DeAndre Jordan,re_signed_standard,roster_continuity,3,-1.0513974827903392,complete
boban_marjanovic_2017_LAC,LAC,2017-18,Boban Marjanovic,new_team,team_change,3,-1.0999999999999992,complete
sam_dekker_2017_LAC,LAC,2017-18,Sam Dekker,new_team,team_change,3,-2.181268701376421,complete
avery_bradley_2017_LAC,LAC,2017-18,Avery Bradley,new_team,team_change,3,-3.1705314658282493,complete
ivica_zubac_2018_LAC,LAC,2018-19,Ivica Zubac,new_team,team_change,3,2.9079999999999995,complete
danilo_gallinari_2018_LAC,LAC,2018-19,Danilo Gallinari,re_signed_standard,roster_continuity,3,2.2314599505491346,complete
montrezl_harrell_2018_LAC,LAC,2018-19,Montrezl Harrell,re_signed_standard,roster_continuity,3,0.82438161585153,complete
jamychal_green_2018_LAC,LAC,2018-19,JaMychal Green,new_team,team_change,3,0.20684887389623977,complete
marcin_gortat_2018_LAC,LAC,2018-19,Marcin Gortat,new_team,team_change,3,-0.5896134744115742,complete
garrett_temple_2018_LAC,LAC,2018-19,Garrett Temple,new_team,team_change,3,-0.6812986845509292,complete
wilson_chandler_2018_LAC,LAC,2018-19,Wilson Chandler,new_team,team_change,3,-1.193552049242122,complete
lou_williams_2018_LAC,LAC,2018-19,Lou Williams,re_signed_standard,roster_continuity,3,-2.5923689615443104,complete
luc_mbah_a_moute_2018_LAC,LAC,2018-19,Luc Mbah a Moute,new_team,team_change,3,NA,missing_data
milos_teodosic_2018_LAC,LAC,2018-19,Milos Teodosic,re_signed_standard,roster_continuity,3,NA,missing_data
sindarius_thornwell_2018_LAC,LAC,2018-19,Sindarius Thornwell,re_signed_standard,roster_continuity,3,NA,missing_data
ivica_zubac_2019_LAC,LAC,2019-20,Ivica Zubac,re_signed_standard,roster_continuity,3,1.882536035095049,complete
patrick_beverley_2019_LAC,LAC,2019-20,Patrick Beverley,re_signed_standard,roster_continuity,3,1.1602739726027398,complete
patrick_patterson_2019_LAC,LAC,2019-20,Patrick Patterson,new_team,team_change,3,1.0435677415029831,complete
kawhi_leonard_2019_LAC,LAC,2019-20,Kawhi Leonard,new_team,team_change,3,0.916570008285004,complete
jamychal_green_2019_LAC,LAC,2019-20,JaMychal Green,re_signed_standard,roster_continuity,3,0.7970810978513565,complete
marcus_morris_2019_LAC,LAC,2019-20,Marcus Morris Sr.,new_team,team_change,3,0.09702920982753233,complete
rodney_mcgruder_2019_LAC,LAC,2019-20,Rodney McGruder,new_team,team_change,3,0.04239999999999977,complete
montrezl_harrell_2019_LAC,LAC,2019-20,Montrezl Harrell,re_signed_standard,roster_continuity,3,-0.03802816901408423,complete
landry_shamet_2019_LAC,LAC,2019-20,Landry Shamet,re_signed_standard,roster_continuity,3,-0.29673811742777256,complete
paul_george_2019_LAC,LAC,2019-20,Paul George,new_team,team_change,3,-0.7258947003690919,complete
reggie_jackson_2019_LAC,LAC,2019-20,Reggie Jackson,new_team,team_change,3,-1.5716282061450908,complete
lou_williams_2019_LAC,LAC,2019-20,Lou Williams,re_signed_standard,roster_continuity,3,-3.4726809005764965,complete
joakim_noah_2019_LAC,LAC,2019-20,Joakim Noah,new_team,team_change,3,NA,missing_data
nicolas_batum_2020_LAC,LAC,2020-21,Nicolas Batum,new_team,team_change,3,2.194939047557973,complete
patrick_patterson_2020_LAC,LAC,2020-21,Patrick Patterson,re_signed_standard,roster_continuity,3,0.5726939523518632,complete
rajon_rondo_2020_LAC,LAC,2020-21,Rajon Rondo,new_team,team_change,3,0.5449657866182773,complete
serge_ibaka_2020_LAC,LAC,2020-21,Serge Ibaka,new_team,team_change,3,-0.1457749217534719,complete
marcus_morris_2020_LAC,LAC,2020-21,Marcus Morris Sr.,re_signed_standard,roster_continuity,3,-0.6412385585602237,complete
patrick_beverley_2020_LAC,LAC,2020-21,Patrick Beverley,re_signed_standard,roster_continuity,3,-0.8223194787402535,complete
ivica_zubac_2020_LAC,LAC,2020-21,Ivica Zubac,re_signed_standard,roster_continuity,3,-1.180315404716044,complete
kawhi_leonard_2020_LAC,LAC,2020-21,Kawhi Leonard,re_signed_standard,roster_continuity,3,-1.3037645379925058,complete
paul_george_2020_LAC,LAC,2020-21,Paul George,re_signed_standard,roster_continuity,3,-2.906418205324567,complete
terance_mann_2020_LAC,LAC,2020-21,Terance Mann,re_signed_standard,roster_continuity,3,NA,missing_data
yogi_ferrell_2020_LAC,LAC,2020-21,Yogi Ferrell,new_team,team_change,3,NA,missing_data
isaiah_hartenstein_2021_LAC,LAC,2021-22,Isaiah Hartenstein,new_team,team_change,3,3.35255382017729,complete
rodney_hood_2021_LAC,LAC,2021-22,Rodney Hood,new_team,team_change,3,0.9190262652146064,complete
luke_kennard_2021_LAC,LAC,2021-22,Luke Kennard,re_signed_standard,roster_continuity,3,0.55400181752736,complete
robert_covington_2021_LAC,LAC,2021-22,Robert Covington,new_team,team_change,3,0.5273334945529597,complete
nicolas_batum_2021_LAC,LAC,2021-22,Nicolas Batum,re_signed_standard,roster_continuity,3,-0.46929840350389185,complete
terance_mann_2021_LAC,LAC,2021-22,Terance Mann,re_signed_standard,roster_continuity,3,-0.5545529528208513,complete
paul_george_2021_LAC,LAC,2021-22,Paul George,re_signed_standard,roster_continuity,3,-1.3495425409098845,complete
norman_powell_2021_LAC,LAC,2021-22,Norman Powell,new_team,team_change,3,-1.3532724952179294,complete
ivica_zubac_2021_LAC,LAC,2021-22,Ivica Zubac,re_signed_standard,roster_continuity,3,-1.6793476844702622,complete
marcus_morris_2021_LAC,LAC,2021-22,Marcus Morris Sr.,re_signed_standard,roster_continuity,3,-2.026831319672138,complete
reggie_jackson_2021_LAC,LAC,2021-22,Reggie Jackson,re_signed_standard,roster_continuity,3,-3.459266734523438,complete
amir_coffey_2021_LAC,LAC,2021-22,Amir Coffey,re_signed_standard,roster_continuity,3,NA,missing_data
semi_ojeleye_2021_LAC,LAC,2021-22,Semi Ojeleye,new_team,team_change,3,NA,missing_data
robert_covington_2022_LAC,LAC,2022-23,Robert Covington,re_signed_standard,roster_continuity,3,1.5,complete
brandon_boston_2022_LAC,LAC,2022-23,Brandon Boston,re_signed_standard,roster_continuity,3,0.7999999999999998,complete
ivica_zubac_2022_LAC,LAC,2022-23,Ivica Zubac,re_signed_standard,roster_continuity,3,0.3166640001249065,complete
norman_powell_2022_LAC,LAC,2022-23,Norman Powell,re_signed_standard,roster_continuity,3,0.20774465885979937,complete
eric_gordon_2022_LAC,LAC,2022-23,Eric Gordon,new_team,team_change,3,0.11452643060854316,complete
mason_plumlee_2022_LAC,LAC,2022-23,Mason Plumlee,new_team,team_change,3,-0.20742222426007015,complete
terance_mann_2022_LAC,LAC,2022-23,Terance Mann,re_signed_standard,roster_continuity,3,-0.5145811680190067,complete
russell_westbrook_2022_LAC,LAC,2022-23,Russell Westbrook,new_team,team_change,3,-1.0811603569564248,complete
bones_hyland_2022_LAC,LAC,2022-23,Bones Hyland,new_team,team_change,3,-1.3304615384615386,complete
marcus_morris_2022_LAC,LAC,2022-23,Marcus Morris Sr.,re_signed_standard,roster_continuity,3,-1.7733920615003855,complete
nicolas_batum_2022_LAC,LAC,2022-23,Nicolas Batum,re_signed_standard,roster_continuity,3,-1.898492423598943,complete
amir_coffey_2022_LAC,LAC,2022-23,Amir Coffey,re_signed_standard,roster_continuity,3,-2.1285416123141148,complete
ivica_zubac_2023_LAC,LAC,2023-24,Ivica Zubac,re_signed_standard,roster_continuity,3,1.7211989073737015,complete
brandon_boston_2023_LAC,LAC,2023-24,Brandon Boston,re_signed_standard,roster_continuity,3,0.7999999999999998,complete
norman_powell_2023_LAC,LAC,2023-24,Norman Powell,re_signed_standard,roster_continuity,3,0.7115554842333308,complete
bones_hyland_2023_LAC,LAC,2023-24,Bones Hyland,re_signed_standard,roster_continuity,3,0.614350052222464,complete
russell_westbrook_2023_LAC,LAC,2023-24,Russell Westbrook,re_signed_standard,roster_continuity,3,0.3872830216690086,complete
kawhi_leonard_2023_LAC,LAC,2023-24,Kawhi Leonard,re_signed_standard,roster_continuity,3,-0.17453083109919554,complete
amir_coffey_2023_LAC,LAC,2023-24,Amir Coffey,re_signed_standard,roster_continuity,3,-0.2874557447621824,complete
james_harden_2023_LAC,LAC,2023-24,James Harden,new_team,team_change,3,-0.5472256328558336,complete
paul_george_2023_LAC,LAC,2023-24,Paul George,re_signed_standard,roster_continuity,3,-1.2299556459294143,complete
terance_mann_2023_LAC,LAC,2023-24,Terance Mann,re_signed_standard,roster_continuity,3,-1.6232513875130956,complete
mason_plumlee_2023_LAC,LAC,2023-24,Mason Plumlee,re_signed_standard,roster_continuity,3,-1.842917322120238,complete
pj_tucker_2023_LAC,LAC,2023-24,P.J. Tucker,new_team,team_change,3,NA,missing_data
ivica_zubac_2024_LAC,LAC,2024-25,Ivica Zubac,re_signed_standard,roster_continuity,3,2.022664942715397,complete
norman_powell_2024_LAC,LAC,2024-25,Norman Powell,re_signed_standard,roster_continuity,3,1.862127329649881,complete
amir_coffey_2024_LAC,LAC,2024-25,Amir Coffey,re_signed_standard,roster_continuity,3,1.3393285371702637,complete
derrick_jones_2024_LAC,LAC,2024-25,Derrick Jones Jr.,new_team,team_change,3,0.6653765072324431,complete
kawhi_leonard_2024_LAC,LAC,2024-25,Kawhi Leonard,re_signed_standard,roster_continuity,3,0.47191158323863824,complete
nicolas_batum_2024_LAC,LAC,2024-25,Nicolas Batum,new_team,team_change,3,-0.150672842081425,complete
james_harden_2024_LAC,LAC,2024-25,James Harden,re_signed_standard,roster_continuity,3,-0.5892841748982729,complete
kris_dunn_2024_LAC,LAC,2024-25,Kris Dunn,new_team,team_change,3,-0.8594795725120655,complete
drew_eubanks_2024_LAC,LAC,2024-25,Drew Eubanks,new_team,team_change,3,-1.523792954261411,complete
bogdan_bogdanovic_2024_LAC,LAC,2024-25,Bogdan Bogdanovic,new_team,team_change,3,-2.315732924021489,complete
kobe_brown_2024_LAC,LAC,2024-25,Kobe Brown,re_signed_standard,roster_continuity,3,NA,missing_data
patrick_baldwin_2024_LAC,LAC,2024-25,Patrick Baldwin Jr.,new_team,team_change,3,NA,missing_data
patty_mills_2024_LAC,LAC,2024-25,Patty Mills,new_team,team_change,3,NA,missing_data
brandon_ingram_2017_LAL,LAL,2017-18,Brandon Ingram,re_signed_standard,roster_continuity,3,4.147970542901183,complete
ivica_zubac_2017_LAL,LAL,2017-18,Ivica Zubac,re_signed_standard,roster_continuity,3,3.0494505494505493,complete
julius_randle_2017_LAL,LAL,2017-18,Julius Randle,re_signed_standard,roster_continuity,3,2.711125691868463,complete
tyler_ennis_2017_LAL,LAL,2017-18,Tyler Ennis,re_signed_standard,roster_continuity,3,1.6792270531400968,complete
kentavious_caldwell-pope_2017_LAL,LAL,2017-18,Kentavious Caldwell-Pope,new_team,team_change,3,-0.01769136326891857,complete
brook_lopez_2017_LAL,LAL,2017-18,Brook Lopez,new_team,team_change,3,-0.02073389800180014,complete
channing_frye_2017_LAL,LAL,2017-18,Channing Frye,new_team,team_change,3,-1.407621247113164,complete
isaiah_thomas_2017_LAL,LAL,2017-18,Isaiah Thomas,new_team,team_change,3,-10.12392181485076,complete
andrew_bogut_2017_LAL,LAL,2017-18,Andrew Bogut,new_team,team_change,3,NA,missing_data
derrick_williams_2017_LAL,LAL,2017-18,Derrick Williams,new_team,team_change,3,NA,missing_data
luol_deng_2017_LAL,LAL,2017-18,Luol Deng,re_signed_standard,roster_continuity,3,NA,missing_data
brandon_ingram_2018_LAL,LAL,2018-19,Brandon Ingram,re_signed_standard,roster_continuity,3,3.8381265864064664,complete
lance_stephenson_2018_LAL,LAL,2018-19,Lance Stephenson,new_team,team_change,3,0.30000000000000004,complete
lebron_james_2018_LAL,LAL,2018-19,LeBron James,new_team,team_change,3,0.01511746345551756,complete
lonzo_ball_2018_LAL,LAL,2018-19,Lonzo Ball,re_signed_standard,roster_continuity,3,-0.27661212704523586,complete
kentavious_caldwell-pope_2018_LAL,LAL,2018-19,Kentavious Caldwell-Pope,re_signed_standard,roster_continuity,3,-0.6391938605209482,complete
javale_mcgee_2018_LAL,LAL,2018-19,JaVale McGee,new_team,team_change,3,-0.6638283170217762,complete
kyle_kuzma_2018_LAL,LAL,2018-19,Kyle Kuzma,re_signed_standard,roster_continuity,3,-0.6788056610286504,complete
rajon_rondo_2018_LAL,LAL,2018-19,Rajon Rondo,new_team,team_change,3,-0.7440771834673175,complete
josh_hart_2018_LAL,LAL,2018-19,Josh Hart,re_signed_standard,roster_continuity,3,-0.8415231375804109,complete
mike_muscala_2018_LAL,LAL,2018-19,Mike Muscala,new_team,team_change,3,-1.3484605452216625,complete
tyson_chandler_2018_LAL,LAL,2018-19,Tyson Chandler,new_team,team_change,3,-1.60102082482646,complete
reggie_bullock_2018_LAL,LAL,2018-19,Reggie Bullock,new_team,team_change,3,-1.656072695035461,complete
michael_beasley_2018_LAL,LAL,2018-19,Michael Beasley,new_team,team_change,3,NA,missing_data
avery_bradley_2019_LAL,LAL,2019-20,Avery Bradley,new_team,team_change,3,0.2979819298692532,complete
kyle_kuzma_2019_LAL,LAL,2019-20,Kyle Kuzma,re_signed_standard,roster_continuity,3,0.1304525139122822,complete
rajon_rondo_2019_LAL,LAL,2019-20,Rajon Rondo,re_signed_standard,roster_continuity,3,-0.2741467403821558,complete
lebron_james_2019_LAL,LAL,2019-20,LeBron James,re_signed_standard,roster_continuity,3,-0.35030779257016675,complete
markieff_morris_2019_LAL,LAL,2019-20,Markieff Morris,new_team,team_change,3,-0.45252946459784615,complete
danny_green_2019_LAL,LAL,2019-20,Danny Green,new_team,team_change,3,-0.5125153618883078,complete
kentavious_caldwell-pope_2019_LAL,LAL,2019-20,Kentavious Caldwell-Pope,re_signed_standard,roster_continuity,3,-0.9144815401334944,complete
javale_mcgee_2019_LAL,LAL,2019-20,JaVale McGee,re_signed_standard,roster_continuity,3,-1.112272014655886,complete
anthony_davis_2019_LAL,LAL,2019-20,Anthony Davis,new_team,team_change,3,-1.8384200859152244,complete
quinn_cook_2019_LAL,LAL,2019-20,Quinn Cook,new_team,team_change,3,-1.905669816564758,complete
dion_waiters_2019_LAL,LAL,2019-20,Dion Waiters,new_team,team_change,3,NA,missing_data
jared_dudley_2019_LAL,LAL,2019-20,Jared Dudley,new_team,team_change,3,NA,missing_data
kyle_kuzma_2020_LAL,LAL,2020-21,Kyle Kuzma,re_signed_standard,roster_continuity,3,1.0907721392840393,complete
alex_caruso_2020_LAL,LAL,2020-21,Alex Caruso,re_signed_standard,roster_continuity,3,0.6981970543423058,complete
markieff_morris_2020_LAL,LAL,2020-21,Markieff Morris,re_signed_standard,roster_continuity,3,-0.23817663817663837,complete
marc_gasol_2020_LAL,LAL,2020-21,Marc Gasol,new_team,team_change,3,-0.31584653878231883,complete
kentavious_caldwell-pope_2020_LAL,LAL,2020-21,Kentavious Caldwell-Pope,re_signed_standard,roster_continuity,3,-0.39307460629359847,complete
montrezl_harrell_2020_LAL,LAL,2020-21,Montrezl Harrell,new_team,team_change,3,-0.4928998759864962,complete
wesley_matthews_2020_LAL,LAL,2020-21,Wesley Matthews,new_team,team_change,3,-0.7208672086720866,complete
dennis_schroder_2020_LAL,LAL,2020-21,Dennis Schroder,new_team,team_change,3,-0.8535013221957366,complete
lebron_james_2020_LAL,LAL,2020-21,LeBron James,re_signed_standard,roster_continuity,3,-0.9733983178537118,complete
andre_drummond_2020_LAL,LAL,2020-21,Andre Drummond,new_team,team_change,3,-1.6872709379819095,complete
ben_mclemore_2020_LAL,LAL,2020-21,Ben McLemore,new_team,team_change,3,-2.989269406392694,complete
anthony_davis_2020_LAL,LAL,2020-21,Anthony Davis,re_signed_standard,roster_continuity,3,-3.525758089178633,complete
alfonzo_mckinnie_2020_LAL,LAL,2020-21,Alfonzo McKinnie,new_team,team_change,3,NA,missing_data
jared_dudley_2020_LAL,LAL,2020-21,Jared Dudley,re_signed_standard,roster_continuity,3,NA,missing_data
malik_monk_2021_LAL,LAL,2021-22,Malik Monk,new_team,team_change,3,2.184911542111173,complete
carmelo_anthony_2021_LAL,LAL,2021-22,Carmelo Anthony,new_team,team_change,3,1.9237750556792872,complete
dwight_howard_2021_LAL,LAL,2021-22,Dwight Howard,new_team,team_change,3,0.41262989608313344,complete
avery_bradley_2021_LAL,LAL,2021-22,Avery Bradley,new_team,team_change,3,-0.12360178970917211,complete
stanley_johnson_2021_LAL,LAL,2021-22,Stanley Johnson,new_team,team_change,3,-0.20000000000000015,complete
wayne_ellington_2021_LAL,LAL,2021-22,Wayne Ellington,new_team,team_change,3,-0.2403821656050953,complete
talen_horton-tucker_2021_LAL,LAL,2021-22,Talen Horton-Tucker,re_signed_standard,roster_continuity,3,-0.9648578137229322,complete
lebron_james_2021_LAL,LAL,2021-22,LeBron James,re_signed_standard,roster_continuity,3,-1.5190905642317647,complete
dj_augustin_2021_LAL,LAL,2021-22,D.J. Augustin,new_team,team_change,3,-1.7785406041584937,complete
kendrick_nunn_2021_LAL,LAL,2021-22,Kendrick Nunn,new_team,team_change,3,-2.0222591362126248,complete
kent_bazemore_2021_LAL,LAL,2021-22,Kent Bazemore,new_team,team_change,3,-2.094240317775571,complete
russell_westbrook_2021_LAL,LAL,2021-22,Russell Westbrook,new_team,team_change,3,-3.1683997830673754,complete
mason_jones_2021_LAL,LAL,2021-22,Mason Jones,new_team,team_change,3,NA,missing_data
sekou_doumbouya_2021_LAL,LAL,2021-22,Sekou Doumbouya,new_team,team_change,3,NA,missing_data
wenyen_gabriel_2021_LAL,LAL,2021-22,Wenyen Gabriel,new_team,team_change,3,NA,missing_data
austin_reaves_2022_LAL,LAL,2022-23,Austin Reaves,re_signed_standard,roster_continuity,3,2.9234548561663343,complete
lonnie_walker_2022_LAL,LAL,2022-23,Lonnie Walker IV,new_team,team_change,3,1.6827696234843654,complete
rui_hachimura_2022_LAL,LAL,2022-23,Rui Hachimura,new_team,team_change,3,1.318085309953794,complete
anthony_davis_2022_LAL,LAL,2022-23,Anthony Davis,re_signed_standard,roster_continuity,3,1.2903563730509786,complete
troy_brown_2022_LAL,LAL,2022-23,Troy Brown Jr.,new_team,team_change,3,1.0376372245227354,complete
jarred_vanderbilt_2022_LAL,LAL,2022-23,Jarred Vanderbilt,new_team,team_change,3,0.09611641887905156,complete
dangelo_russell_2022_LAL,LAL,2022-23,D'Angelo Russell,new_team,team_change,3,-0.2787383420381139,complete
malik_beasley_2022_LAL,LAL,2022-23,Malik Beasley,new_team,team_change,3,-0.4684141143815376,complete
mo_bamba_2022_LAL,LAL,2022-23,Mo Bamba,new_team,team_change,3,-0.7649313222274825,complete
dennis_schroder_2022_LAL,LAL,2022-23,Dennis Schroder,new_team,team_change,3,-0.7727288462726389,complete
lebron_james_2022_LAL,LAL,2022-23,LeBron James,re_signed_standard,roster_continuity,3,-1.799602784257515,complete
davon_reed_2022_LAL,LAL,2022-23,Davon Reed,new_team,team_change,3,NA,missing_data
sterling_brown_2022_LAL,LAL,2022-23,Sterling Brown,new_team,team_change,3,NA,missing_data
austin_reaves_2023_LAL,LAL,2023-24,Austin Reaves,re_signed_standard,roster_continuity,3,1.9908961637980715,complete
max_christie_2023_LAL,LAL,2023-24,Max Christie,re_signed_standard,roster_continuity,3,0.826829727187206,complete
rui_hachimura_2023_LAL,LAL,2023-24,Rui Hachimura,re_signed_standard,roster_continuity,3,0.6077410484429384,complete
jaxson_hayes_2023_LAL,LAL,2023-24,Jaxson Hayes,new_team,team_change,3,0.0535015117371245,complete
taurean_prince_2023_LAL,LAL,2023-24,Taurean Prince,new_team,team_change,3,-0.24218691361854505,complete
anthony_davis_2023_LAL,LAL,2023-24,Anthony Davis,re_signed_standard,roster_continuity,3,-0.3731171530019237,complete
cam_reddish_2023_LAL,LAL,2023-24,Cam Reddish,new_team,team_change,3,-0.6743165924984109,complete
dangelo_russell_2023_LAL,LAL,2023-24,D'Angelo Russell,re_signed_standard,roster_continuity,3,-0.7535034437994912,complete
lebron_james_2023_LAL,LAL,2023-24,LeBron James,re_signed_standard,roster_continuity,3,-1.6030077390064674,complete
gabe_vincent_2023_LAL,LAL,2023-24,Gabe Vincent,new_team,team_change,3,-1.6588244144715871,complete
jarred_vanderbilt_2023_LAL,LAL,2023-24,Jarred Vanderbilt,re_signed_standard,roster_continuity,3,-2.0483955711532498,complete
spencer_dinwiddie_2023_LAL,LAL,2023-24,Spencer Dinwiddie,new_team,team_change,3,-2.282228139324631,complete
christian_wood_2023_LAL,LAL,2023-24,Christian Wood,new_team,team_change,3,-4.44535490605428,complete
jaxson_hayes_2024_LAL,LAL,2024-25,Jaxson Hayes,re_signed_standard,roster_continuity,3,2.1000185667085756,complete
austin_reaves_2024_LAL,LAL,2024-25,Austin Reaves,re_signed_standard,roster_continuity,3,1.7441284214124742,complete
jordan_goodwin_2024_LAL,LAL,2024-25,Jordan Goodwin,new_team,team_change,3,1.2624221121689787,complete
cam_reddish_2024_LAL,LAL,2024-25,Cam Reddish,re_signed_standard,roster_continuity,3,0.6003039513677813,complete
shake_milton_2024_LAL,LAL,2024-25,Shake Milton,new_team,team_change,3,0.25982309124767244,complete
dorian_finney-smith_2024_LAL,LAL,2024-25,Dorian Finney-Smith,new_team,team_change,3,0.16078753076292052,complete
rui_hachimura_2024_LAL,LAL,2024-25,Rui Hachimura,re_signed_standard,roster_continuity,3,0.01745915954249977,complete
luka_doncic_2024_LAL,LAL,2024-25,Luka Doncic,new_team,team_change,3,-1.256645784676527,complete
lebron_james_2024_LAL,LAL,2024-25,LeBron James,re_signed_standard,roster_continuity,3,-1.6669034810397203,complete
alex_len_2024_LAL,LAL,2024-25,Alex Len,new_team,team_change,3,NA,missing_data
christian_wood_2024_LAL,LAL,2024-25,Christian Wood,re_signed_standard,roster_continuity,3,NA,missing_data
markieff_morris_2024_LAL,LAL,2024-25,Markieff Morris,new_team,team_change,3,NA,missing_data
ben_mclemore_2017_MEM,MEM,2017-18,Ben McLemore,new_team,team_change,3,2.1108282505505462,complete
andrew_harrison_2017_MEM,MEM,2017-18,Andrew Harrison,re_signed_standard,roster_continuity,3,1.8999999999999997,complete
jarell_martin_2017_MEM,MEM,2017-18,Jarell Martin,re_signed_standard,roster_continuity,3,1.7999999999999998,complete
chandler_parsons_2017_MEM,MEM,2017-18,Chandler Parsons,re_signed_standard,roster_continuity,3,0.38245755860953923,complete
tyreke_evans_2017_MEM,MEM,2017-18,Tyreke Evans,new_team,team_change,3,0.1048907366759988,complete
jamychal_green_2017_MEM,MEM,2017-18,JaMychal Green,re_signed_standard,roster_continuity,3,-0.05454656962629101,complete
marc_gasol_2017_MEM,MEM,2017-18,Marc Gasol,re_signed_standard,roster_continuity,3,-1.2604374613011449,complete
mike_conley_2017_MEM,MEM,2017-18,Mike Conley,re_signed_standard,roster_continuity,3,-2.0676041838354355,complete
deyonta_davis_2017_MEM,MEM,2017-18,Deyonta Davis,re_signed_standard,roster_continuity,3,NA,missing_data
omri_casspi_2018_MEM,MEM,2018-19,Omri Casspi,new_team,team_change,3,2.3693420101229212,complete
jonas_valanciunas_2018_MEM,MEM,2018-19,Jonas Valanciunas,new_team,team_change,3,1.4380882206072143,complete
ivan_rabb_2018_MEM,MEM,2018-19,Ivan Rabb,re_signed_standard,roster_continuity,3,0.6000000000000001,complete
justin_holiday_2018_MEM,MEM,2018-19,Justin Holiday,new_team,team_change,3,0.5478373342319662,complete
dillon_brooks_2018_MEM,MEM,2018-19,Dillon Brooks,re_signed_standard,roster_continuity,3,0.09440253102944808,complete
tyler_dorsey_2018_MEM,MEM,2018-19,Tyler Dorsey,new_team,team_change,3,-0.6000000000000001,complete
kyle_anderson_2018_MEM,MEM,2018-19,Kyle Anderson,new_team,team_change,3,-0.7656571255002966,complete
delon_wright_2018_MEM,MEM,2018-19,Delon Wright,new_team,team_change,3,-1.4309348216065376,complete
avery_bradley_2018_MEM,MEM,2018-19,Avery Bradley,new_team,team_change,3,-1.5008598589212907,complete
cj_miles_2018_MEM,MEM,2018-19,CJ Miles,new_team,team_change,3,-3.3141021522646965,complete
chandler_parsons_2018_MEM,MEM,2018-19,Chandler Parsons,re_signed_standard,roster_continuity,3,NA,missing_data
tyler_zeller_2018_MEM,MEM,2018-19,Tyler Zeller,new_team,team_change,3,NA,missing_data
deanthony_melton_2019_MEM,MEM,2019-20,De'Anthony Melton,new_team,team_change,3,4.0746187645386405,complete
gorgui_dieng_2019_MEM,MEM,2019-20,Gorgui Dieng,new_team,team_change,3,2.438607428580816,complete
tyus_jones_2019_MEM,MEM,2019-20,Tyus Jones,new_team,team_change,3,1.0082164095461603,complete
josh_jackson_2019_MEM,MEM,2019-20,Josh Jackson,new_team,team_change,3,0.8805489683918615,complete
jaren_jackson_2019_MEM,MEM,2019-20,Jaren Jackson Jr.,re_signed_standard,roster_continuity,3,0.4163820704375667,complete
jonas_valanciunas_2019_MEM,MEM,2019-20,Jonas Valanciunas,re_signed_standard,roster_continuity,3,-0.1276188057205636,complete
kyle_anderson_2019_MEM,MEM,2019-20,Kyle Anderson,re_signed_standard,roster_continuity,3,-0.22965741002009168,complete
anthony_tolliver_2019_MEM,MEM,2019-20,Anthony Tolliver,new_team,team_change,3,-2.844464033850494,complete
grayson_allen_2019_MEM,MEM,2019-20,Grayson Allen,new_team,team_change,3,NA,missing_data
jordan_bell_2019_MEM,MEM,2019-20,Jordan Bell,new_team,team_change,3,NA,missing_data
ja_morant_2020_MEM,MEM,2020-21,Ja Morant,re_signed_standard,roster_continuity,3,3.402088285229202,complete
deanthony_melton_2020_MEM,MEM,2020-21,De'Anthony Melton,re_signed_standard,roster_continuity,3,2.886687914860053,complete
kyle_anderson_2020_MEM,MEM,2020-21,Kyle Anderson,re_signed_standard,roster_continuity,3,1.774061259651072,complete
tyus_jones_2020_MEM,MEM,2020-21,Tyus Jones,re_signed_standard,roster_continuity,3,1.4958532703135197,complete
grayson_allen_2020_MEM,MEM,2020-21,Grayson Allen,re_signed_standard,roster_continuity,3,1.432525814138205,complete
jaren_jackson_2020_MEM,MEM,2020-21,Jaren Jackson Jr.,re_signed_standard,roster_continuity,3,1.1624421134166036,complete
dillon_brooks_2020_MEM,MEM,2020-21,Dillon Brooks,re_signed_standard,roster_continuity,3,0.6430729984301409,complete
brandon_clarke_2020_MEM,MEM,2020-21,Brandon Clarke,re_signed_standard,roster_continuity,3,-0.4125299920021326,complete
jonas_valanciunas_2020_MEM,MEM,2020-21,Jonas Valanciunas,re_signed_standard,roster_continuity,3,-1.0468127647742371,complete
tim_frazier_2020_MEM,MEM,2020-21,Tim Frazier,new_team,team_change,3,NA,missing_data
ja_morant_2021_MEM,MEM,2021-22,Ja Morant,re_signed_standard,roster_continuity,3,5.945143726051525,complete
desmond_bane_2021_MEM,MEM,2021-22,Desmond Bane,re_signed_standard,roster_continuity,3,3.7913693693693697,complete
brandon_clarke_2021_MEM,MEM,2021-22,Brandon Clarke,re_signed_standard,roster_continuity,3,1.140649518151316,complete
xavier_tillman_2021_MEM,MEM,2021-22,Xavier Tillman,re_signed_standard,roster_continuity,3,0.7477758318739054,complete
tyus_jones_2021_MEM,MEM,2021-22,Tyus Jones,re_signed_standard,roster_continuity,3,0.6081168303121967,complete
dillon_brooks_2021_MEM,MEM,2021-22,Dillon Brooks,re_signed_standard,roster_continuity,3,0.47998725492624095,complete
deanthony_melton_2021_MEM,MEM,2021-22,De'Anthony Melton,re_signed_standard,roster_continuity,3,0.17728581911575847,complete
steven_adams_2021_MEM,MEM,2021-22,Steven Adams,new_team,team_change,3,0.157020766633426,complete
kyle_anderson_2021_MEM,MEM,2021-22,Kyle Anderson,re_signed_standard,roster_continuity,3,-0.4894225351618109,complete
john_konchar_2021_MEM,MEM,2021-22,John Konchar,re_signed_standard,roster_continuity,3,-0.6403132104066682,complete
daquan_jeffries_2021_MEM,MEM,2021-22,DaQuan Jeffries,new_team,team_change,3,NA,missing_data
jarrett_culver_2021_MEM,MEM,2021-22,Jarrett Culver,new_team,team_change,3,NA,missing_data
killian_tillie_2021_MEM,MEM,2021-22,Killian Tillie,re_signed_standard,roster_continuity,3,NA,missing_data
sam_merrill_2021_MEM,MEM,2021-22,Sam Merrill,new_team,team_change,3,NA,missing_data
shaquille_harrison_2021_MEM,MEM,2021-22,Shaquille Harrison,new_team,team_change,3,NA,missing_data
desmond_bane_2022_MEM,MEM,2022-23,Desmond Bane,re_signed_standard,roster_continuity,3,1.900087168452433,complete
jaren_jackson_2022_MEM,MEM,2022-23,Jaren Jackson Jr.,re_signed_standard,roster_continuity,3,1.8864171297809744,complete
ja_morant_2022_MEM,MEM,2022-23,Ja Morant,re_signed_standard,roster_continuity,3,1.539378421492958,complete
xavier_tillman_2022_MEM,MEM,2022-23,Xavier Tillman,re_signed_standard,roster_continuity,3,0.34498835989398613,complete
luke_kennard_2022_MEM,MEM,2022-23,Luke Kennard,new_team,team_change,3,0.2958778965347454,complete
steven_adams_2022_MEM,MEM,2022-23,Steven Adams,re_signed_standard,roster_continuity,3,-0.4993332525067287,complete
tyus_jones_2022_MEM,MEM,2022-23,Tyus Jones,re_signed_standard,roster_continuity,3,-0.5300756249747481,complete
ziaire_williams_2022_MEM,MEM,2022-23,Ziaire Williams,re_signed_standard,roster_continuity,3,-0.6168471337579615,complete
john_konchar_2022_MEM,MEM,2022-23,John Konchar,re_signed_standard,roster_continuity,3,-1.027326714913865,complete
brandon_clarke_2022_MEM,MEM,2022-23,Brandon Clarke,re_signed_standard,roster_continuity,3,-1.1575571587664708,complete
santi_aldama_2022_MEM,MEM,2022-23,Santi Aldama,re_signed_standard,roster_continuity,3,NA,missing_data
ziaire_williams_2023_MEM,MEM,2023-24,Ziaire Williams,re_signed_standard,roster_continuity,3,1.0723792354863866,complete
santi_aldama_2023_MEM,MEM,2023-24,Santi Aldama,re_signed_standard,roster_continuity,3,1.0694816800714924,complete
lamar_stevens_2023_MEM,MEM,2023-24,Lamar Stevens,new_team,team_change,3,0.6475409836065573,complete
luke_kennard_2023_MEM,MEM,2023-24,Luke Kennard,re_signed_standard,roster_continuity,3,-0.14171483622350672,complete
jordan_goodwin_2023_MEM,MEM,2023-24,Jordan Goodwin,new_team,team_change,3,-0.27722397476340693,complete
jaren_jackson_2023_MEM,MEM,2023-24,Jaren Jackson Jr.,re_signed_standard,roster_continuity,3,-0.35086255265507926,complete
john_konchar_2023_MEM,MEM,2023-24,John Konchar,re_signed_standard,roster_continuity,3,-0.4427002243422715,complete
desmond_bane_2023_MEM,MEM,2023-24,Desmond Bane,re_signed_standard,roster_continuity,3,-0.7233792733936228,complete
marcus_smart_2023_MEM,MEM,2023-24,Marcus Smart,new_team,team_change,3,-1.8935403354094515,complete
brandon_clarke_2023_MEM,MEM,2023-24,Brandon Clarke,re_signed_standard,roster_continuity,3,-2.606763698630137,complete
ja_morant_2023_MEM,MEM,2023-24,Ja Morant,re_signed_standard,roster_continuity,3,-4.559712037062001,complete
derrick_rose_2023_MEM,MEM,2023-24,Derrick Rose,new_team,team_change,3,NA,missing_data
jack_white_2023_MEM,MEM,2023-24,Jack White,new_team,team_change,3,NA,missing_data
jake_laravia_2023_MEM,MEM,2023-24,Jake LaRavia,re_signed_standard,roster_continuity,3,NA,missing_data
victor_oladipo_2023_MEM,MEM,2023-24,Victor Oladipo,new_team,team_change,3,NA,missing_data
vince_williams_2023_MEM,MEM,2023-24,Vince Williams Jr.,re_signed_standard,roster_continuity,3,NA,missing_data
wenyen_gabriel_2023_MEM,MEM,2023-24,Wenyen Gabriel,new_team,team_change,3,NA,missing_data
yuta_watanabe_2023_MEM,MEM,2023-24,Yuta Watanabe,new_team,team_change,3,NA,missing_data
santi_aldama_2024_MEM,MEM,2024-25,Santi Aldama,re_signed_standard,roster_continuity,3,2.414450749623598,complete
marvin_bagley_2024_MEM,MEM,2024-25,Marvin Bagley III,new_team,team_change,3,1.4422907488986785,complete
john_konchar_2024_MEM,MEM,2024-25,John Konchar,re_signed_standard,roster_continuity,3,1.0626640812157897,complete
gg_jackson_2024_MEM,MEM,2024-25,GG Jackson,re_signed_standard,roster_continuity,3,0.8,complete
luke_kennard_2024_MEM,MEM,2024-25,Luke Kennard,re_signed_standard,roster_continuity,3,0.4122329339661148,complete
vince_williams_2024_MEM,MEM,2024-25,Vince Williams Jr.,re_signed_standard,roster_continuity,3,-0.30000000000000004,complete
jaren_jackson_2024_MEM,MEM,2024-25,Jaren Jackson Jr.,re_signed_standard,roster_continuity,3,-0.3483611489204872,complete
desmond_bane_2024_MEM,MEM,2024-25,Desmond Bane,re_signed_standard,roster_continuity,3,-0.9923774687384984,complete
jay_huff_2024_MEM,MEM,2024-25,Jay Huff,new_team,team_change,3,NA,missing_data
lamar_stevens_2024_MEM,MEM,2024-25,Lamar Stevens,re_signed_standard,roster_continuity,3,NA,missing_data
derrick_jones_2017_MIA,MIA,2017-18,Derrick Jones Jr.,new_team,team_change,3,2.452689873417721,complete
justise_winslow_2017_MIA,MIA,2017-18,Justise Winslow,re_signed_standard,roster_continuity,3,2.031680479324873,complete
wayne_ellington_2017_MIA,MIA,2017-18,Wayne Ellington,re_signed_standard,roster_continuity,3,1.294038665001104,complete
josh_richardson_2017_MIA,MIA,2017-18,Josh Richardson,re_signed_standard,roster_continuity,3,0.7569286196859916,complete
kelly_olynyk_2017_MIA,MIA,2017-18,Kelly Olynyk,new_team,team_change,3,0.30070960508816014,complete
hassan_whiteside_2017_MIA,MIA,2017-18,Hassan Whiteside,re_signed_standard,roster_continuity,3,0.04799277436715465,complete
luke_babbitt_2017_MIA,MIA,2017-18,Luke Babbitt,re_signed_standard,roster_continuity,3,-0.17879581151832458,complete
dion_waiters_2017_MIA,MIA,2017-18,Dion Waiters,re_signed_standard,roster_continuity,3,-0.42838266105604217,complete
rodney_mcgruder_2017_MIA,MIA,2017-18,Rodney McGruder,re_signed_standard,roster_continuity,3,-0.6518380834365964,complete
james_johnson_2017_MIA,MIA,2017-18,James Johnson,re_signed_standard,roster_continuity,3,-1.171877743674874,complete
goran_dragic_2017_MIA,MIA,2017-18,Goran Dragic,re_signed_standard,roster_continuity,3,-1.2377725073012606,complete
tyler_johnson_2017_MIA,MIA,2017-18,Tyler Johnson,re_signed_standard,roster_continuity,3,-1.966686236048288,complete
dwyane_wade_2017_MIA,MIA,2017-18,Dwyane Wade,new_team,team_change,3,-2.2838679181958925,complete
aj_hammons_2017_MIA,MIA,2017-18,AJ Hammons,new_team,team_change,3,NA,missing_data
jordan_mickey_2017_MIA,MIA,2017-18,Jordan Mickey,new_team,team_change,3,NA,missing_data
okaro_white_2017_MIA,MIA,2017-18,Okaro White,re_signed_standard,roster_continuity,3,NA,missing_data
udonis_haslem_2017_MIA,MIA,2017-18,Udonis Haslem,re_signed_standard,roster_continuity,3,NA,missing_data
bam_adebayo_2018_MIA,MIA,2018-19,Bam Adebayo,re_signed_standard,roster_continuity,3,3.823744786034296,complete
derrick_jones_2018_MIA,MIA,2018-19,Derrick Jones Jr.,re_signed_standard,roster_continuity,3,1.9205928237129484,complete
hassan_whiteside_2018_MIA,MIA,2018-19,Hassan Whiteside,re_signed_standard,roster_continuity,3,0.2593100542729616,complete
justise_winslow_2018_MIA,MIA,2018-19,Justise Winslow,re_signed_standard,roster_continuity,3,0.12188514337286448,complete
dwyane_wade_2018_MIA,MIA,2018-19,Dwyane Wade,re_signed_standard,roster_continuity,3,-0.2846153846153846,complete
kelly_olynyk_2018_MIA,MIA,2018-19,Kelly Olynyk,re_signed_standard,roster_continuity,3,-0.4008807159780514,complete
josh_richardson_2018_MIA,MIA,2018-19,Josh Richardson,re_signed_standard,roster_continuity,3,-0.9097152682012726,complete
goran_dragic_2018_MIA,MIA,2018-19,Goran Dragic,re_signed_standard,roster_continuity,3,-2.554574767591356,complete
james_johnson_2018_MIA,MIA,2018-19,James Johnson,re_signed_standard,roster_continuity,3,-3.1583069258291743,complete
ryan_anderson_2018_MIA,MIA,2018-19,Ryan Anderson,new_team,team_change,3,NA,missing_data
udonis_haslem_2018_MIA,MIA,2018-19,Udonis Haslem,re_signed_standard,roster_continuity,3,NA,missing_data
bam_adebayo_2019_MIA,MIA,2019-20,Bam Adebayo,re_signed_standard,roster_continuity,3,3.135057354259844,complete
jae_crowder_2019_MIA,MIA,2019-20,Jae Crowder,new_team,team_change,3,1.7590266222961732,complete
jimmy_butler_2019_MIA,MIA,2019-20,Jimmy Butler,new_team,team_change,3,1.6757267415348889,complete
solomon_hill_2019_MIA,MIA,2019-20,Solomon Hill,new_team,team_change,3,1.4346405228758168,complete
derrick_jones_2019_MIA,MIA,2019-20,Derrick Jones Jr.,re_signed_standard,roster_continuity,3,0.02900890868596883,complete
andre_iguodala_2019_MIA,MIA,2019-20,Andre Iguodala,new_team,team_change,3,-0.17299813336766223,complete
kelly_olynyk_2019_MIA,MIA,2019-20,Kelly Olynyk,re_signed_standard,roster_continuity,3,-0.2814195259963088,complete
goran_dragic_2019_MIA,MIA,2019-20,Goran Dragic,re_signed_standard,roster_continuity,3,-0.968653072128228,complete
justise_winslow_2019_MIA,MIA,2019-20,Justise Winslow,re_signed_standard,roster_continuity,3,-2.569713375509464,complete
meyers_leonard_2019_MIA,MIA,2019-20,Meyers Leonard,new_team,team_change,3,-2.7,complete
duncan_robinson_2019_MIA,MIA,2019-20,Duncan Robinson,re_signed_standard,roster_continuity,3,NA,missing_data
udonis_haslem_2019_MIA,MIA,2019-20,Udonis Haslem,re_signed_standard,roster_continuity,3,NA,missing_data
jimmy_butler_2020_MIA,MIA,2020-21,Jimmy Butler III,re_signed_standard,roster_continuity,3,3.0991081555903532,complete
tyler_herro_2020_MIA,MIA,2020-21,Tyler Herro,re_signed_standard,roster_continuity,3,1.727780499755022,complete
kendrick_nunn_2020_MIA,MIA,2020-21,Kendrick Nunn,re_signed_standard,roster_continuity,3,0.6936495791889823,complete
bam_adebayo_2020_MIA,MIA,2020-21,Bam Adebayo,re_signed_standard,roster_continuity,3,0.5558465789542182,complete
dewayne_dedmon_2020_MIA,MIA,2020-21,Dewayne Dedmon,new_team,team_change,3,0.5462442299622323,complete
trevor_ariza_2020_MIA,MIA,2020-21,Trevor Ariza,new_team,team_change,3,-0.11087975013014062,complete
nemanja_bjelica_2020_MIA,MIA,2020-21,Nemanja Bjelica,new_team,team_change,3,-1.2088659392226957,complete
duncan_robinson_2020_MIA,MIA,2020-21,Duncan Robinson,re_signed_standard,roster_continuity,3,-1.889671737389912,complete
goran_dragic_2020_MIA,MIA,2020-21,Goran Dragic,re_signed_standard,roster_continuity,3,-2.4573217914227152,complete
meyers_leonard_2020_MIA,MIA,2020-21,Meyers Leonard,re_signed_standard,roster_continuity,3,NA,missing_data
udonis_haslem_2020_MIA,MIA,2020-21,Udonis Haslem,re_signed_standard,roster_continuity,3,NA,missing_data
gabe_vincent_2021_MIA,MIA,2021-22,Gabe Vincent,re_signed_standard,roster_continuity,3,2.9492234169653533,complete
caleb_martin_2021_MIA,MIA,2021-22,Caleb Martin,new_team,team_change,3,2.5363688760806915,complete
tyler_herro_2021_MIA,MIA,2021-22,Tyler Herro,re_signed_standard,roster_continuity,3,2.1281628304427063,complete
max_strus_2021_MIA,MIA,2021-22,Max Strus,re_signed_standard,roster_continuity,3,1.5805346015086914,complete
pj_tucker_2021_MIA,MIA,2021-22,P.J. Tucker,new_team,team_change,3,1.5084762131657288,complete
victor_oladipo_2021_MIA,MIA,2021-22,Victor Oladipo,re_signed_standard,roster_continuity,3,0.12537313432835795,complete
jimmy_butler_2021_MIA,MIA,2021-22,Jimmy Butler III,re_signed_standard,roster_continuity,3,0.08805025936658506,complete
duncan_robinson_2021_MIA,MIA,2021-22,Duncan Robinson,re_signed_standard,roster_continuity,3,-1.1123343620804178,complete
bam_adebayo_2021_MIA,MIA,2021-22,Bam Adebayo,re_signed_standard,roster_continuity,3,-1.6732336695115473,complete
kyle_lowry_2021_MIA,MIA,2021-22,Kyle Lowry,new_team,team_change,3,-1.9805800101375095,complete
chris_silva_2021_MIA,MIA,2021-22,Chris Silva,new_team,team_change,3,NA,missing_data
kyle_guy_2021_MIA,MIA,2021-22,Kyle Guy,new_team,team_change,3,NA,missing_data
kz_okpala_2021_MIA,MIA,2021-22,KZ Okpala,re_signed_standard,roster_continuity,3,NA,missing_data
markieff_morris_2021_MIA,MIA,2021-22,Markieff Morris,new_team,team_change,3,NA,missing_data
mychal_mulder_2021_MIA,MIA,2021-22,Mychal Mulder,new_team,team_change,3,NA,missing_data
udonis_haslem_2021_MIA,MIA,2021-22,Udonis Haslem,re_signed_standard,roster_continuity,3,NA,missing_data
tyler_herro_2022_MIA,MIA,2022-23,Tyler Herro,re_signed_standard,roster_continuity,3,1.860307564615738,complete
max_strus_2022_MIA,MIA,2022-23,Max Strus,re_signed_standard,roster_continuity,3,-0.7633446381084861,complete
jimmy_butler_2022_MIA,MIA,2022-23,Jimmy Butler III,re_signed_standard,roster_continuity,3,-0.7969806613815589,complete
duncan_robinson_2022_MIA,MIA,2022-23,Duncan Robinson,re_signed_standard,roster_continuity,3,-1.0624182075230155,complete
gabe_vincent_2022_MIA,MIA,2022-23,Gabe Vincent,re_signed_standard,roster_continuity,3,-1.111261300846349,complete
kevin_love_2022_MIA,MIA,2022-23,Kevin Love,new_team,team_change,3,-1.3679675445962751,complete
caleb_martin_2022_MIA,MIA,2022-23,Caleb Martin,re_signed_standard,roster_continuity,3,-1.3795819626114998,complete
omer_yurtseven_2022_MIA,MIA,2022-23,Omer Yurtseven,re_signed_standard,roster_continuity,3,-2,complete
kyle_lowry_2022_MIA,MIA,2022-23,Kyle Lowry,re_signed_standard,roster_continuity,3,-2.370196411499984,complete
bam_adebayo_2022_MIA,MIA,2022-23,Bam Adebayo,re_signed_standard,roster_continuity,3,-2.4373398478147767,complete
udonis_haslem_2022_MIA,MIA,2022-23,Udonis Haslem,re_signed_standard,roster_continuity,3,NA,missing_data
haywood_highsmith_2023_MIA,MIA,2023-24,Haywood Highsmith,re_signed_standard,roster_continuity,3,1.7148241206030153,complete
tyler_herro_2023_MIA,MIA,2023-24,Tyler Herro,re_signed_standard,roster_continuity,3,1.6055281460467667,complete
duncan_robinson_2023_MIA,MIA,2023-24,Duncan Robinson,re_signed_standard,roster_continuity,3,1.1847959331833304,complete
thomas_bryant_2023_MIA,MIA,2023-24,Thomas Bryant,new_team,team_change,3,-0.21592920353982295,complete
bam_adebayo_2023_MIA,MIA,2023-24,Bam Adebayo,re_signed_standard,roster_continuity,3,-0.3193853845812078,complete
kevin_love_2023_MIA,MIA,2023-24,Kevin Love,re_signed_standard,roster_continuity,3,-0.5913022104217593,complete
josh_richardson_2023_MIA,MIA,2023-24,Josh Richardson,new_team,team_change,3,-0.7645367412140576,complete
terry_rozier_2023_MIA,MIA,2023-24,Terry Rozier,new_team,team_change,3,-1.4396720164698005,complete
caleb_martin_2023_MIA,MIA,2023-24,Caleb Martin,re_signed_standard,roster_continuity,3,-2.141250402167503,complete
jimmy_butler_2023_MIA,MIA,2023-24,Jimmy Butler III,re_signed_standard,roster_continuity,3,-2.641610320561857,complete
delon_wright_2023_MIA,MIA,2023-24,Delon Wright,new_team,team_change,3,-3.178213507625272,complete
jamal_cain_2023_MIA,MIA,2023-24,Jamal Cain,re_signed_standard,roster_continuity,3,NA,missing_data
patty_mills_2023_MIA,MIA,2023-24,Patty Mills,new_team,team_change,3,NA,missing_data
andrew_wiggins_2024_MIA,MIA,2024-25,Andrew Wiggins,new_team,team_change,3,2.7932158046201794,complete
tyler_herro_2024_MIA,MIA,2024-25,Tyler Herro,re_signed_standard,roster_continuity,3,2.1224714625892114,complete
duncan_robinson_2024_MIA,MIA,2024-25,Duncan Robinson,re_signed_standard,roster_continuity,3,1.646167392690078,complete
jaime_jaquez_2024_MIA,MIA,2024-25,Jaime Jaquez Jr.,re_signed_standard,roster_continuity,3,1.6079105760963026,complete
davion_mitchell_2024_MIA,MIA,2024-25,Davion Mitchell,new_team,team_change,3,1.303563134867899,complete
alec_burks_2024_MIA,MIA,2024-25,Alec Burks,new_team,team_change,3,0.9174807197943444,complete
bam_adebayo_2024_MIA,MIA,2024-25,Bam Adebayo,re_signed_standard,roster_continuity,3,0.06633426406063037,complete
haywood_highsmith_2024_MIA,MIA,2024-25,Haywood Highsmith,re_signed_standard,roster_continuity,3,-0.20402569593147743,complete
kyle_anderson_2024_MIA,MIA,2024-25,Kyle Anderson,new_team,team_change,3,-0.8385848732202059,complete
nikola_jovic_2024_MIA,MIA,2024-25,Nikola Jovic,re_signed_standard,roster_continuity,3,-1.5633401221995926,complete
kevin_love_2024_MIA,MIA,2024-25,Kevin Love,re_signed_standard,roster_continuity,3,-1.6809611829944549,complete
terry_rozier_2024_MIA,MIA,2024-25,Terry Rozier,re_signed_standard,roster_continuity,3,-4.105397793945084,complete
josh_richardson_2024_MIA,MIA,2024-25,Josh Richardson,re_signed_standard,roster_continuity,3,NA,missing_data
giannis_antetokounmpo_2017_MIL,MIL,2017-18,Giannis Antetokounmpo,re_signed_standard,roster_continuity,3,4.343513718408255,complete
tyler_zeller_2017_MIL,MIL,2017-18,Tyler Zeller,new_team,team_change,3,1.5174089068825911,complete
malcolm_brogdon_2017_MIL,MIL,2017-18,Malcolm Brogdon,re_signed_standard,roster_continuity,3,1.4753952168625863,complete
tony_snell_2017_MIL,MIL,2017-18,Tony Snell,re_signed_standard,roster_continuity,3,0.8043511658168907,complete
john_henson_2017_MIL,MIL,2017-18,John Henson,re_signed_standard,roster_continuity,3,0.2906607313979576,complete
jabari_parker_2017_MIL,MIL,2017-18,Jabari Parker,re_signed_standard,roster_continuity,3,0.01341338921126145,complete
thon_maker_2017_MIL,MIL,2017-18,Thon Maker,re_signed_standard,roster_continuity,3,-0.20555927662424625,complete
jason_terry_2017_MIL,MIL,2017-18,Jason Terry,re_signed_standard,roster_continuity,3,-0.764277544796035,complete
eric_bledsoe_2017_MIL,MIL,2017-18,Eric Bledsoe,new_team,team_change,3,-0.9679787876986484,complete
matthew_dellavedova_2017_MIL,MIL,2017-18,Matthew Dellavedova,re_signed_standard,roster_continuity,3,-1.9337577508623136,complete
brandon_jennings_2017_MIL,MIL,2017-18,Brandon Jennings,new_team,team_change,3,NA,missing_data
joel_bolomboy_2017_MIL,MIL,2017-18,Joel Bolomboy,new_team,team_change,3,NA,missing_data
marshall_plumlee_2017_MIL,MIL,2017-18,Marshall Plumlee,new_team,team_change,3,NA,missing_data
mirza_teletovic_2017_MIL,MIL,2017-18,Mirza Teletovic,re_signed_standard,roster_continuity,3,NA,missing_data
shabazz_muhammad_2017_MIL,MIL,2017-18,Shabazz Muhammad,new_team,team_change,3,NA,missing_data
giannis_antetokounmpo_2018_MIL,MIL,2018-19,Giannis Antetokounmpo,re_signed_standard,roster_continuity,3,3.528426519732709,complete
malcolm_brogdon_2018_MIL,MIL,2018-19,Malcolm Brogdon,re_signed_standard,roster_continuity,3,2.777775791865252,complete
pat_connaughton_2018_MIL,MIL,2018-19,Pat Connaughton,new_team,team_change,3,2.353812208874724,complete
john_henson_2018_MIL,MIL,2018-19,John Henson,re_signed_standard,roster_continuity,3,2.054154542515357,complete
khris_middleton_2018_MIL,MIL,2018-19,Khris Middleton,re_signed_standard,roster_continuity,3,1.981621407823648,complete
sterling_brown_2018_MIL,MIL,2018-19,Sterling Brown,re_signed_standard,roster_continuity,3,1.432871287128713,complete
tony_snell_2018_MIL,MIL,2018-19,Tony Snell,re_signed_standard,roster_continuity,3,0.8725535697141109,complete
tim_frazier_2018_MIL,MIL,2018-19,Tim Frazier,new_team,team_change,3,0.2616589081675833,complete
nikola_mirotic_2018_MIL,MIL,2018-19,Nikola Mirotic,new_team,team_change,3,0.09372833280806804,complete
brook_lopez_2018_MIL,MIL,2018-19,Brook Lopez,new_team,team_change,3,-0.2389735049899309,complete
ersan_ilyasova_2018_MIL,MIL,2018-19,Ersan Ilyasova,new_team,team_change,3,-0.8865298641681368,complete
george_hill_2018_MIL,MIL,2018-19,George Hill,new_team,team_change,3,-0.9906895177507892,complete
eric_bledsoe_2018_MIL,MIL,2018-19,Eric Bledsoe,re_signed_standard,roster_continuity,3,-2.072784542710824,complete
dj_wilson_2018_MIL,MIL,2018-19,D.J. Wilson,re_signed_standard,roster_continuity,3,NA,missing_data
pau_gasol_2018_MIL,MIL,2018-19,Pau Gasol,new_team,team_change,3,NA,missing_data
giannis_antetokounmpo_2019_MIL,MIL,2019-20,Giannis Antetokounmpo,re_signed_standard,roster_continuity,3,2.4352139526586463,complete
khris_middleton_2019_MIL,MIL,2019-20,Khris Middleton,re_signed_standard,roster_continuity,3,1.874808128952244,complete
ersan_ilyasova_2019_MIL,MIL,2019-20,Ersan Ilyasova,re_signed_standard,roster_continuity,3,1.706993243243243,complete
george_hill_2019_MIL,MIL,2019-20,George Hill,re_signed_standard,roster_continuity,3,1.3245529093447734,complete
pat_connaughton_2019_MIL,MIL,2019-20,Pat Connaughton,re_signed_standard,roster_continuity,3,1.039299018066692,complete
kyle_korver_2019_MIL,MIL,2019-20,Kyle Korver,new_team,team_change,3,0.22111416781292983,complete
sterling_brown_2019_MIL,MIL,2019-20,Sterling Brown,re_signed_standard,roster_continuity,3,0.1579180703409242,complete
robin_lopez_2019_MIL,MIL,2019-20,Robin Lopez,new_team,team_change,3,-0.05643710238667587,complete
brook_lopez_2019_MIL,MIL,2019-20,Brook Lopez,re_signed_standard,roster_continuity,3,-0.6669029319558486,complete
wesley_matthews_2019_MIL,MIL,2019-20,Wesley Matthews,new_team,team_change,3,-0.823257276628911,complete
marvin_williams_2019_MIL,MIL,2019-20,Marvin Williams,new_team,team_change,3,-0.930055568978014,complete
eric_bledsoe_2019_MIL,MIL,2019-20,Eric Bledsoe,re_signed_standard,roster_continuity,3,-3.255507829758407,complete
dj_wilson_2019_MIL,MIL,2019-20,D.J. Wilson,re_signed_standard,roster_continuity,3,NA,missing_data
donte_divincenzo_2019_MIL,MIL,2019-20,Donte DiVincenzo,re_signed_standard,roster_continuity,3,NA,missing_data
frank_mason_2019_MIL,MIL,2019-20,Frank Mason III,new_team,team_change,3,NA,missing_data
bobby_portis_2020_MIL,MIL,2020-21,Bobby Portis,new_team,team_change,3,2.4433245845191265,complete
jrue_holiday_2020_MIL,MIL,2020-21,Jrue Holiday,new_team,team_change,3,0.7880568800543011,complete
bryn_forbes_2020_MIL,MIL,2020-21,Bryn Forbes,new_team,team_change,3,-0.2676945592286504,complete
pj_tucker_2020_MIL,MIL,2020-21,P.J. Tucker,new_team,team_change,3,-0.718471386811999,complete
pat_connaughton_2020_MIL,MIL,2020-21,Pat Connaughton,re_signed_standard,roster_continuity,3,-0.7776715208522597,complete
khris_middleton_2020_MIL,MIL,2020-21,Khris Middleton,re_signed_standard,roster_continuity,3,-0.8937535981577431,complete
brook_lopez_2020_MIL,MIL,2020-21,Brook Lopez,re_signed_standard,roster_continuity,3,-0.9465168042115436,complete
justin_jackson_2020_MIL,MIL,2020-21,Justin Jackson,new_team,team_change,3,-1.1925911996991352,complete
jeff_teague_2020_MIL,MIL,2020-21,Jeff Teague,new_team,team_change,3,-1.209677419354839,complete
giannis_antetokounmpo_2020_MIL,MIL,2020-21,Giannis Antetokounmpo,re_signed_supermax,supermax,3,-1.2784898843808763,complete
donte_divincenzo_2020_MIL,MIL,2020-21,Donte DiVincenzo,re_signed_standard,roster_continuity,3,-1.4326262197708952,complete
rodions_kurucs_2020_MIL,MIL,2020-21,Rodions Kurucs,new_team,team_change,3,NA,missing_data
thanasis_antetokounmpo_2020_MIL,MIL,2020-21,Thanasis Antetokounmpo,re_signed_standard,roster_continuity,3,NA,missing_data
deandre_bembry_2021_MIL,MIL,2021-22,DeAndre' Bembry,new_team,team_change,3,1.4909379968203498,complete
grayson_allen_2021_MIL,MIL,2021-22,Grayson Allen,new_team,team_change,3,1.2650108762694678,complete
brook_lopez_2021_MIL,MIL,2021-22,Brook Lopez,re_signed_standard,roster_continuity,3,0.5684868772488019,complete
jrue_holiday_2021_MIL,MIL,2021-22,Jrue Holiday,re_signed_standard,roster_continuity,3,0.23483636802568997,complete
bobby_portis_2021_MIL,MIL,2021-22,Bobby Portis,re_signed_standard,roster_continuity,3,-0.1778614644103566,complete
giannis_antetokounmpo_2021_MIL,MIL,2021-22,Giannis Antetokounmpo,re_signed_standard,roster_continuity,3,-0.6548151705620988,complete
pat_connaughton_2021_MIL,MIL,2021-22,Pat Connaughton,re_signed_standard,roster_continuity,3,-0.7002898798782405,complete
wesley_matthews_2021_MIL,MIL,2021-22,Wesley Matthews,new_team,team_change,3,-1.2708350619215023,complete
khris_middleton_2021_MIL,MIL,2021-22,Khris Middleton,re_signed_standard,roster_continuity,3,-1.271262988229074,complete
serge_ibaka_2021_MIL,MIL,2021-22,Serge Ibaka,new_team,team_change,3,-2.108811475409836,complete
jevon_carter_2021_MIL,MIL,2021-22,Jevon Carter,new_team,team_change,3,-2.464092332960901,complete
george_hill_2021_MIL,MIL,2021-22,George Hill,new_team,team_change,3,-3.042024951165722,complete
jordan_nwora_2021_MIL,MIL,2021-22,Jordan Nwora,re_signed_standard,roster_continuity,3,NA,missing_data
langston_galloway_2021_MIL,MIL,2021-22,Langston Galloway,new_team,team_change,3,NA,missing_data
thanasis_antetokounmpo_2021_MIL,MIL,2021-22,Thanasis Antetokounmpo,re_signed_standard,roster_continuity,3,NA,missing_data
grayson_allen_2022_MIL,MIL,2022-23,Grayson Allen,re_signed_standard,roster_continuity,3,0.34428470616563034,complete
wesley_matthews_2022_MIL,MIL,2022-23,Wesley Matthews,re_signed_standard,roster_continuity,3,-0.24803001876172592,complete
khris_middleton_2022_MIL,MIL,2022-23,Khris Middleton,re_signed_standard,roster_continuity,3,-0.5300921224446344,complete
bobby_portis_2022_MIL,MIL,2022-23,Bobby Portis,re_signed_standard,roster_continuity,3,-0.741353521290173,complete
jevon_carter_2022_MIL,MIL,2022-23,Jevon Carter,re_signed_standard,roster_continuity,3,-0.8066039802747753,complete
giannis_antetokounmpo_2022_MIL,MIL,2022-23,Giannis Antetokounmpo,re_signed_standard,roster_continuity,3,-1.1305634275165328,complete
jrue_holiday_2022_MIL,MIL,2022-23,Jrue Holiday,re_signed_standard,roster_continuity,3,-1.2670151620874632,complete
pat_connaughton_2022_MIL,MIL,2022-23,Pat Connaughton,re_signed_standard,roster_continuity,3,-2.1021003694291536,complete
joe_ingles_2022_MIL,MIL,2022-23,Joe Ingles,new_team,team_change,3,-2.667921314740885,complete
jae_crowder_2022_MIL,MIL,2022-23,Jae Crowder,new_team,team_change,3,-3.7,complete
serge_ibaka_2022_MIL,MIL,2022-23,Serge Ibaka,re_signed_standard,roster_continuity,3,NA,missing_data
thanasis_antetokounmpo_2022_MIL,MIL,2022-23,Thanasis Antetokounmpo,re_signed_standard,roster_continuity,3,NA,missing_data
marjon_beauchamp_2023_MIL,MIL,2023-24,MarJon Beauchamp,re_signed_standard,roster_continuity,3,1.5999999999999996,complete
malik_beasley_2023_MIL,MIL,2023-24,Malik Beasley,new_team,team_change,3,0.85349529065184,complete
giannis_antetokounmpo_2023_MIL,MIL,2023-24,Giannis Antetokounmpo,re_signed_standard,roster_continuity,3,-0.6252008701632086,complete
bobby_portis_2023_MIL,MIL,2023-24,Bobby Portis,re_signed_standard,roster_continuity,3,-0.7150601909931458,complete
brook_lopez_2023_MIL,MIL,2023-24,Brook Lopez,re_signed_standard,roster_continuity,3,-1.6484981796116505,complete
patrick_beverley_2023_MIL,MIL,2023-24,Patrick Beverley,new_team,team_change,3,-1.6486026731470234,complete
pat_connaughton_2023_MIL,MIL,2023-24,Pat Connaughton,re_signed_standard,roster_continuity,3,-1.9722581221457367,complete
damian_lillard_2023_MIL,MIL,2023-24,Damian Lillard,new_team,team_change,3,-2.212433270336813,complete
aj_green_2023_MIL,MIL,2023-24,AJ Green,re_signed_standard,roster_continuity,3,NA,missing_data
robin_lopez_2023_MIL,MIL,2023-24,Robin Lopez,new_team,team_change,3,NA,missing_data
ryan_rollins_2023_MIL,MIL,2023-24,Ryan Rollins,new_team,team_change,3,NA,missing_data
thanasis_antetokounmpo_2023_MIL,MIL,2023-24,Thanasis Antetokounmpo,re_signed_standard,roster_continuity,3,NA,missing_data
tyty_washington_2023_MIL,MIL,2023-24,TyTy Washington Jr.,new_team,team_change,3,NA,missing_data
taurean_prince_2024_MIL,MIL,2024-25,Taurean Prince,new_team,team_change,3,0.9725758121364892,complete
giannis_antetokounmpo_2024_MIL,MIL,2024-25,Giannis Antetokounmpo,re_signed_standard,roster_continuity,3,0.7204312785885421,complete
andre_jackson_2024_MIL,MIL,2024-25,Andre Jackson Jr.,re_signed_standard,roster_continuity,3,0.20000000000000065,complete
bobby_portis_2024_MIL,MIL,2024-25,Bobby Portis,re_signed_standard,roster_continuity,3,0.17414701586786296,complete
damian_lillard_2024_MIL,MIL,2024-25,Damian Lillard,re_signed_standard,roster_continuity,3,-0.3481860862142545,complete
aj_green_2024_MIL,MIL,2024-25,AJ Green,re_signed_standard,roster_continuity,3,-0.7355306693815216,complete
pat_connaughton_2024_MIL,MIL,2024-25,Pat Connaughton,re_signed_standard,roster_continuity,3,-0.9775889708239818,complete
brook_lopez_2024_MIL,MIL,2024-25,Brook Lopez,re_signed_standard,roster_continuity,3,-1.4104243825987766,complete
jericho_sims_2024_MIL,MIL,2024-25,Jericho Sims,new_team,team_change,3,-2.023208927555385,complete
gary_trent_2024_MIL,MIL,2024-25,Gary Trent Jr.,new_team,team_change,3,-2.0424013850712166,complete
kyle_kuzma_2024_MIL,MIL,2024-25,Kyle Kuzma,new_team,team_change,3,-2.247950625050255,complete
chris_livingston_2024_MIL,MIL,2024-25,Chris Livingston,re_signed_standard,roster_continuity,3,NA,missing_data
stanley_umude_2024_MIL,MIL,2024-25,Stanley Umude,new_team,team_change,3,NA,missing_data
derrick_rose_2017_MIN,MIN,2017-18,Derrick Rose,new_team,team_change,3,3.538714336419218,complete
karl-anthony_towns_2017_MIN,MIN,2017-18,Karl-Anthony Towns,re_signed_standard,roster_continuity,3,2.387326973966647,complete
nemanja_bjelica_2017_MIN,MIN,2017-18,Nemanja Bjelica,re_signed_standard,roster_continuity,3,2.2107780496240412,complete
tyus_jones_2017_MIN,MIN,2017-18,Tyus Jones,re_signed_standard,roster_continuity,3,1.135362975614067,complete
taj_gibson_2017_MIN,MIN,2017-18,Taj Gibson,new_team,team_change,3,0.27105253107687477,complete
gorgui_dieng_2017_MIN,MIN,2017-18,Gorgui Dieng,re_signed_standard,roster_continuity,3,-0.0413438446364241,complete
andrew_wiggins_2017_MIN,MIN,2017-18,Andrew Wiggins,re_signed_standard,roster_continuity,3,-0.5711592505370162,complete
jimmy_butler_2017_MIN,MIN,2017-18,Jimmy Butler,new_team,team_change,3,-0.9935787112705592,complete
jamal_crawford_2017_MIN,MIN,2017-18,Jamal Crawford,new_team,team_change,3,-1.224003041777483,complete
jeff_teague_2017_MIN,MIN,2017-18,Jeff Teague,new_team,team_change,3,-2.1395172014960835,complete
aaron_brooks_2017_MIN,MIN,2017-18,Aaron Brooks,new_team,team_change,3,NA,missing_data
cole_aldrich_2017_MIN,MIN,2017-18,Cole Aldrich,re_signed_standard,roster_continuity,3,NA,missing_data
gorgui_dieng_2018_MIN,MIN,2018-19,Gorgui Dieng,re_signed_standard,roster_continuity,3,1.9461072038809968,complete
karl-anthony_towns_2018_MIN,MIN,2018-19,Karl-Anthony Towns,re_signed_standard,roster_continuity,3,1.0305506978205132,complete
taj_gibson_2018_MIN,MIN,2018-19,Taj Gibson,re_signed_standard,roster_continuity,3,0.9001012758783421,complete
andrew_wiggins_2018_MIN,MIN,2018-19,Andrew Wiggins,re_signed_standard,roster_continuity,3,0.6961038961038961,complete
tyus_jones_2018_MIN,MIN,2018-19,Tyus Jones,re_signed_standard,roster_continuity,3,-0.39825190147735945,complete
robert_covington_2018_MIN,MIN,2018-19,Robert Covington,new_team,team_change,3,-0.48260682317504616,complete
dario_saric_2018_MIN,MIN,2018-19,Dario Saric,new_team,team_change,3,-0.8176724164963327,complete
jerryd_bayless_2018_MIN,MIN,2018-19,Jerryd Bayless,new_team,team_change,3,-1.7999999999999998,complete
jeff_teague_2018_MIN,MIN,2018-19,Jeff Teague,re_signed_standard,roster_continuity,3,-2.6654544057498173,complete
anthony_tolliver_2018_MIN,MIN,2018-19,Anthony Tolliver,new_team,team_change,3,-2.789811307776454,complete
cj_williams_2018_MIN,MIN,2018-19,C.J. Williams,new_team,team_change,3,NA,missing_data
josh_okogie_2019_MIN,MIN,2019-20,Josh Okogie,re_signed_standard,roster_continuity,3,0.3220552147239264,complete
karl-anthony_towns_2019_MIN,MIN,2019-20,Karl-Anthony Towns,re_signed_standard,roster_continuity,3,-0.05606510861080061,complete
malik_beasley_2019_MIN,MIN,2019-20,Malik Beasley,new_team,team_change,3,-0.12326589437928892,complete
dangelo_russell_2019_MIN,MIN,2019-20,D'Angelo Russell,new_team,team_change,3,-0.5178087593296716,complete
james_johnson_2019_MIN,MIN,2019-20,James Johnson,new_team,team_change,3,-1.908111631514876,complete
juancho_hernangomez_2019_MIN,MIN,2019-20,Juancho Hernangomez,new_team,team_change,3,-2.040334679746105,complete
jake_layman_2019_MIN,MIN,2019-20,Jake Layman,new_team,team_change,3,-2.313780918727915,complete
allen_crabbe_2019_MIN,MIN,2019-20,Allen Crabbe,new_team,team_change,3,-3.885495495495495,complete
evan_turner_2019_MIN,MIN,2019-20,Evan Turner,new_team,team_change,3,NA,missing_data
jacob_evans_2019_MIN,MIN,2019-20,Jacob Evans,new_team,team_change,3,NA,missing_data
josh_okogie_2020_MIN,MIN,2020-21,Josh Okogie,re_signed_standard,roster_continuity,3,0.9396306794601506,complete
malik_beasley_2020_MIN,MIN,2020-21,Malik Beasley,re_signed_standard,roster_continuity,3,-0.3387983035820241,complete
juancho_hernangomez_2020_MIN,MIN,2020-21,Juancho Hernangomez,re_signed_standard,roster_continuity,3,-1.08777839208917,complete
dangelo_russell_2020_MIN,MIN,2020-21,D'Angelo Russell,re_signed_standard,roster_continuity,3,-1.580788954635108,complete
ricky_rubio_2020_MIN,MIN,2020-21,Ricky Rubio,new_team,team_change,3,-1.8561414335154067,complete
karl-anthony_towns_2020_MIN,MIN,2020-21,Karl-Anthony Towns,re_signed_standard,roster_continuity,3,-2.1110671951646696,complete
ed_davis_2020_MIN,MIN,2020-21,Ed Davis,new_team,team_change,3,NA,missing_data
jarrett_culver_2020_MIN,MIN,2020-21,Jarrett Culver,re_signed_standard,roster_continuity,3,NA,missing_data
anthony_edwards_2021_MIN,MIN,2021-22,Anthony Edwards,re_signed_standard,roster_continuity,3,3.949740034662045,complete
jordan_mclaughlin_2021_MIN,MIN,2021-22,Jordan McLaughlin,re_signed_standard,roster_continuity,3,2.06800254422731,complete
josh_okogie_2021_MIN,MIN,2021-22,Josh Okogie,re_signed_standard,roster_continuity,3,2.03421562892673,complete
jaylen_nowell_2021_MIN,MIN,2021-22,Jaylen Nowell,re_signed_standard,roster_continuity,3,1.7447687471935338,complete
jaden_mcdaniels_2021_MIN,MIN,2021-22,Jaden McDaniels,re_signed_standard,roster_continuity,3,1.3493200506008858,complete
naz_reid_2021_MIN,MIN,2021-22,Naz Reid,re_signed_standard,roster_continuity,3,1.1474040632054177,complete
jarred_vanderbilt_2021_MIN,MIN,2021-22,Jarred Vanderbilt,re_signed_standard,roster_continuity,3,0.4486866359447005,complete
taurean_prince_2021_MIN,MIN,2021-22,Taurean Prince,new_team,team_change,3,0.105956512463655,complete
malik_beasley_2021_MIN,MIN,2021-22,Malik Beasley,re_signed_standard,roster_continuity,3,-0.37799846898588263,complete
dangelo_russell_2021_MIN,MIN,2021-22,D'Angelo Russell,re_signed_standard,roster_continuity,3,-0.6933871624312651,complete
patrick_beverley_2021_MIN,MIN,2021-22,Patrick Beverley,new_team,team_change,3,-1.584335894549073,complete
karl-anthony_towns_2021_MIN,MIN,2021-22,Karl-Anthony Towns,re_signed_standard,roster_continuity,3,-2.140435102130663,complete
jake_layman_2021_MIN,MIN,2021-22,Jake Layman,re_signed_standard,roster_continuity,3,NA,missing_data
nathan_knight_2021_MIN,MIN,2021-22,Nathan Knight,new_team,team_change,3,NA,missing_data
anthony_edwards_2022_MIN,MIN,2022-23,Anthony Edwards,re_signed_standard,roster_continuity,3,3.2654200993668363,complete
jordan_mclaughlin_2022_MIN,MIN,2022-23,Jordan McLaughlin,re_signed_standard,roster_continuity,3,2.322844091757802,complete
jaden_mcdaniels_2022_MIN,MIN,2022-23,Jaden McDaniels,re_signed_standard,roster_continuity,3,2.00016794817087,complete
nickeil_alexander-walker_2022_MIN,MIN,2022-23,Nickeil Alexander-Walker,new_team,team_change,3,1.9941580798743692,complete
naz_reid_2022_MIN,MIN,2022-23,Naz Reid,re_signed_standard,roster_continuity,3,1.5302676449536263,complete
austin_rivers_2022_MIN,MIN,2022-23,Austin Rivers,new_team,team_change,3,0.30946236559139795,complete
kyle_anderson_2022_MIN,MIN,2022-23,Kyle Anderson,new_team,team_change,3,-0.6130924643492255,complete
taurean_prince_2022_MIN,MIN,2022-23,Taurean Prince,re_signed_standard,roster_continuity,3,-1.181932691587819,complete
karl-anthony_towns_2022_MIN,MIN,2022-23,Karl-Anthony Towns,re_signed_supermax,supermax,3,-1.706838895558223,complete
jaylen_nowell_2022_MIN,MIN,2022-23,Jaylen Nowell,re_signed_standard,roster_continuity,3,-1.7242214532871971,complete
mike_conley_2022_MIN,MIN,2022-23,Mike Conley,new_team,team_change,3,-1.9530318516976943,complete
rudy_gobert_2022_MIN,MIN,2022-23,Rudy Gobert,new_team,team_change,3,-3.2502155986650134,complete
bryn_forbes_2022_MIN,MIN,2022-23,Bryn Forbes,new_team,team_change,3,NA,missing_data
luka_garza_2022_MIN,MIN,2022-23,Luka Garza,new_team,team_change,3,NA,missing_data
nathan_knight_2022_MIN,MIN,2022-23,Nathan Knight,re_signed_standard,roster_continuity,3,NA,missing_data
jordan_mclaughlin_2023_MIN,MIN,2023-24,Jordan McLaughlin,re_signed_standard,roster_continuity,3,4.2720253164556965,complete
anthony_edwards_2023_MIN,MIN,2023-24,Anthony Edwards,re_signed_standard,roster_continuity,3,2.9059008239768884,complete
nickeil_alexander-walker_2023_MIN,MIN,2023-24,Nickeil Alexander-Walker,re_signed_standard,roster_continuity,3,2.553692619791717,complete
jaden_mcdaniels_2023_MIN,MIN,2023-24,Jaden McDaniels,re_signed_standard,roster_continuity,3,1.0497685378680026,complete
naz_reid_2023_MIN,MIN,2023-24,Naz Reid,re_signed_standard,roster_continuity,3,0.8332128025246414,complete
mike_conley_2023_MIN,MIN,2023-24,Mike Conley,re_signed_standard,roster_continuity,3,-0.3326837786246306,complete
kyle_anderson_2023_MIN,MIN,2023-24,Kyle Anderson,re_signed_standard,roster_continuity,3,-0.8933220811612255,complete
rudy_gobert_2023_MIN,MIN,2023-24,Rudy Gobert,re_signed_standard,roster_continuity,3,-1.063382075232704,complete
monte_morris_2023_MIN,MIN,2023-24,Monte Morris,new_team,team_change,3,-2.0154295882053885,complete
daishen_nix_2023_MIN,MIN,2023-24,Daishen Nix,new_team,team_change,3,NA,missing_data
josh_minott_2023_MIN,MIN,2023-24,Josh Minott,re_signed_standard,roster_continuity,3,NA,missing_data
justin_jackson_2023_MIN,MIN,2023-24,Justin Jackson,new_team,team_change,3,NA,missing_data
luka_garza_2023_MIN,MIN,2023-24,Luka Garza,re_signed_standard,roster_continuity,3,NA,missing_data
tj_warren_2023_MIN,MIN,2023-24,T.J. Warren,new_team,team_change,3,NA,missing_data
wendell_moore_2023_MIN,MIN,2023-24,Wendell Moore Jr.,re_signed_standard,roster_continuity,3,NA,missing_data
bones_hyland_2024_MIN,MIN,2024-25,Bones Hyland,new_team,team_change,3,3.4304615384615387,complete
anthony_edwards_2024_MIN,MIN,2024-25,Anthony Edwards,re_signed_standard,roster_continuity,3,2.250097548839889,complete
jaden_mcdaniels_2024_MIN,MIN,2024-25,Jaden McDaniels,re_signed_standard,roster_continuity,3,1.710913873638145,complete
nickeil_alexander-walker_2024_MIN,MIN,2024-25,Nickeil Alexander-Walker,re_signed_standard,roster_continuity,3,0.6373424579412603,complete
rudy_gobert_2024_MIN,MIN,2024-25,Rudy Gobert,re_signed_standard,roster_continuity,3,0.14922510470999129,complete
naz_reid_2024_MIN,MIN,2024-25,Naz Reid,re_signed_standard,roster_continuity,3,-0.03938666245733513,complete
donte_divincenzo_2024_MIN,MIN,2024-25,Donte DiVincenzo,new_team,team_change,3,-0.9670062953661976,complete
julius_randle_2024_MIN,MIN,2024-25,Julius Randle,new_team,team_change,3,-1.620202443205612,complete
mike_conley_2024_MIN,MIN,2024-25,Mike Conley,re_signed_standard,roster_continuity,3,-1.9004481612687336,complete
joe_ingles_2024_MIN,MIN,2024-25,Joe Ingles,new_team,team_change,3,NA,missing_data
josh_minott_2024_MIN,MIN,2024-25,Josh Minott,re_signed_standard,roster_continuity,3,NA,missing_data
luka_garza_2024_MIN,MIN,2024-25,Luka Garza,re_signed_standard,roster_continuity,3,NA,missing_data
anthony_davis_2017_NOP,NOP,2017-18,Anthony Davis,re_signed_standard,roster_continuity,3,2.8459593133410293,complete
nikola_mirotic_2017_NOP,NOP,2017-18,Nikola Mirotic,new_team,team_change,3,0.7857881066302119,complete
jrue_holiday_2017_NOP,NOP,2017-18,Jrue Holiday,re_signed_standard,roster_continuity,3,0.4442002879991511,complete
deandre_liggins_2017_NOP,NOP,2017-18,DeAndre Liggins,new_team,team_change,3,-0.2999999999999998,complete
etwaun_moore_2017_NOP,NOP,2017-18,E'Twaun Moore,re_signed_standard,roster_continuity,3,-0.3004776190421039,complete
solomon_hill_2017_NOP,NOP,2017-18,Solomon Hill,re_signed_standard,roster_continuity,3,-0.5969199854313452,complete
demarcus_cousins_2017_NOP,NOP,2017-18,DeMarcus Cousins,re_signed_standard,roster_continuity,3,-0.9539598100343376,complete
rajon_rondo_2017_NOP,NOP,2017-18,Rajon Rondo,new_team,team_change,3,-1.3403979624215991,complete
ian_clark_2017_NOP,NOP,2017-18,Ian Clark,new_team,team_change,3,-2.5063756658229304,complete
cheick_diallo_2017_NOP,NOP,2017-18,Cheick Diallo,re_signed_standard,roster_continuity,3,NA,missing_data
tony_allen_2017_NOP,NOP,2017-18,Tony Allen,new_team,team_change,3,NA,missing_data
julius_randle_2018_NOP,NOP,2018-19,Julius Randle,new_team,team_change,3,1.9824054831248556,complete
anthony_davis_2018_NOP,NOP,2018-19,Anthony Davis,re_signed_standard,roster_continuity,3,1.4791966394064424,complete
jrue_holiday_2018_NOP,NOP,2018-19,Jrue Holiday,re_signed_standard,roster_continuity,3,1.251769338226247,complete
jahlil_okafor_2018_NOP,NOP,2018-19,Jahlil Okafor,new_team,team_change,3,1,complete
stanley_johnson_2018_NOP,NOP,2018-19,Stanley Johnson,new_team,team_change,3,0.6056764484949593,complete
cheick_diallo_2018_NOP,NOP,2018-19,Cheick Diallo,re_signed_standard,roster_continuity,3,0.29999999999999993,complete
etwaun_moore_2018_NOP,NOP,2018-19,E'Twaun Moore,re_signed_standard,roster_continuity,3,-0.8643173580346355,complete
darius_miller_2018_NOP,NOP,2018-19,Darius Miller,re_signed_standard,roster_continuity,3,-1,complete
elfrid_payton_2018_NOP,NOP,2018-19,Elfrid Payton,new_team,team_change,3,-1.9298554383290865,complete
ian_clark_2018_NOP,NOP,2018-19,Ian Clark,re_signed_standard,roster_continuity,3,-2.4773148148148145,complete
andrew_harrison_2018_NOP,NOP,2018-19,Andrew Harrison,new_team,team_change,3,NA,missing_data
jason_smith_2018_NOP,NOP,2018-19,Jason Smith,new_team,team_change,3,NA,missing_data
brandon_ingram_2019_NOP,NOP,2019-20,Brandon Ingram,new_team,team_change,3,3.6806672784113705,complete
lonzo_ball_2019_NOP,NOP,2019-20,Lonzo Ball,new_team,team_change,3,1.0251646542742583,complete
frank_jackson_2019_NOP,NOP,2019-20,Frank Jackson,re_signed_standard,roster_continuity,3,1.001593182660244,complete
kenrich_williams_2019_NOP,NOP,2019-20,Kenrich Williams,re_signed_standard,roster_continuity,3,0.904024024024024,complete
josh_hart_2019_NOP,NOP,2019-20,Josh Hart,new_team,team_change,3,0.6058398406846034,complete
jrue_holiday_2019_NOP,NOP,2019-20,Jrue Holiday,re_signed_standard,roster_continuity,3,0.5545848749220421,complete
etwaun_moore_2019_NOP,NOP,2019-20,E'Twaun Moore,re_signed_standard,roster_continuity,3,-0.8470733514448014,complete
jj_redick_2019_NOP,NOP,2019-20,JJ Redick,new_team,team_change,3,-1.2416394952725254,complete
derrick_favors_2019_NOP,NOP,2019-20,Derrick Favors,new_team,team_change,3,-1.434430227437813,complete
jahlil_okafor_2019_NOP,NOP,2019-20,Jahlil Okafor,re_signed_standard,roster_continuity,3,NA,missing_data
sindarius_thornwell_2019_NOP,NOP,2019-20,Sindarius Thornwell,new_team,team_change,3,NA,missing_data
nickeil_alexander-walker_2020_NOP,NOP,2020-21,Nickeil Alexander-Walker,re_signed_standard,roster_continuity,3,2.7066130473637173,complete
lonzo_ball_2020_NOP,NOP,2020-21,Lonzo Ball,re_signed_standard,roster_continuity,3,1.7991109843028736,complete
brandon_ingram_2020_NOP,NOP,2020-21,Brandon Ingram,re_signed_standard,roster_continuity,3,1.7597130058347448,complete
josh_hart_2020_NOP,NOP,2020-21,Josh Hart,re_signed_standard,roster_continuity,3,1.4865846898539914,complete
jaxson_hayes_2020_NOP,NOP,2020-21,Jaxson Hayes,re_signed_standard,roster_continuity,3,0.3423956931359354,complete
willy_hernangomez_2020_NOP,NOP,2020-21,Willy Hernangomez,new_team,team_change,3,0.1995845697329377,complete
steven_adams_2020_NOP,NOP,2020-21,Steven Adams,new_team,team_change,3,-0.9094762332684,complete
james_johnson_2020_NOP,NOP,2020-21,James Johnson,new_team,team_change,3,-0.9497256743410236,complete
wes_iwundu_2020_NOP,NOP,2020-21,Wes Iwundu,new_team,team_change,3,-3.361573650503202,complete
eric_bledsoe_2020_NOP,NOP,2020-21,Eric Bledsoe,new_team,team_change,3,-4.083462302077379,complete
isaiah_thomas_2020_NOP,NOP,2020-21,Isaiah Thomas,new_team,team_change,3,NA,missing_data
wenyen_gabriel_2020_NOP,NOP,2020-21,Wenyen Gabriel,new_team,team_change,3,NA,missing_data
larry_nance_2021_NOP,NOP,2021-22,Larry Nance Jr.,new_team,team_change,3,0.2528800378388718,complete
willy_hernangomez_2021_NOP,NOP,2021-22,Willy Hernangomez,re_signed_standard,roster_continuity,3,0.2,complete
cj_mccollum_2021_NOP,NOP,2021-22,CJ McCollum,new_team,team_change,3,0.04457993565209661,complete
naji_marshall_2021_NOP,NOP,2021-22,Naji Marshall,re_signed_standard,roster_continuity,3,-0.4538847780126849,complete
garrett_temple_2021_NOP,NOP,2021-22,Garrett Temple,new_team,team_change,3,-0.5089011663597298,complete
brandon_ingram_2021_NOP,NOP,2021-22,Brandon Ingram,re_signed_standard,roster_continuity,3,-0.5389433641781118,complete
jaxson_hayes_2021_NOP,NOP,2021-22,Jaxson Hayes,re_signed_standard,roster_continuity,3,-0.8588465882305059,complete
devonte_graham_2021_NOP,NOP,2021-22,Devonte' Graham,new_team,team_change,3,-1.2416792912513843,complete
jonas_valanciunas_2021_NOP,NOP,2021-22,Jonas Valanciunas,new_team,team_change,3,-1.750253138757541,complete
tony_snell_2021_NOP,NOP,2021-22,Tony Snell,new_team,team_change,3,-2.8897835169008737,complete
gary_clark_2021_NOP,NOP,2021-22,Gary Clark,new_team,team_change,3,NA,missing_data
jared_harper_2021_NOP,NOP,2021-22,Jared Harper,new_team,team_change,3,NA,missing_data
justin_james_2021_NOP,NOP,2021-22,Justin James,new_team,team_change,3,NA,missing_data
kira_lewis_2021_NOP,NOP,2021-22,Kira Lewis Jr.,re_signed_standard,roster_continuity,3,NA,missing_data
miye_oni_2021_NOP,NOP,2021-22,Miye Oni,new_team,team_change,3,NA,missing_data
trey_murphy_2022_NOP,NOP,2022-23,Trey Murphy III,re_signed_standard,roster_continuity,3,2.8880173564753004,complete
larry_nance_2022_NOP,NOP,2022-23,Larry Nance Jr.,re_signed_standard,roster_continuity,3,1.8440168934772407,complete
naji_marshall_2022_NOP,NOP,2022-23,Naji Marshall,re_signed_standard,roster_continuity,3,1.1016932759907307,complete
herbert_jones_2022_NOP,NOP,2022-23,Herbert Jones,re_signed_standard,roster_continuity,3,0.18993902439024385,complete
josh_richardson_2022_NOP,NOP,2022-23,Josh Richardson,new_team,team_change,3,-0.39144890077942,complete
brandon_ingram_2022_NOP,NOP,2022-23,Brandon Ingram,re_signed_standard,roster_continuity,3,-0.934808573325726,complete
jaxson_hayes_2022_NOP,NOP,2022-23,Jaxson Hayes,re_signed_standard,roster_continuity,3,-1.4199181484617556,complete
cj_mccollum_2022_NOP,NOP,2022-23,CJ McCollum,re_signed_standard,roster_continuity,3,-1.8136141964386248,complete
jonas_valanciunas_2022_NOP,NOP,2022-23,Jonas Valanciunas,re_signed_standard,roster_continuity,3,-1.933312108106335,complete
jose_alvarado_2022_NOP,NOP,2022-23,Jose Alvarado,re_signed_standard,roster_continuity,3,-2.868466522678186,complete
garrett_temple_2022_NOP,NOP,2022-23,Garrett Temple,re_signed_standard,roster_continuity,3,NA,missing_data
willy_hernangomez_2022_NOP,NOP,2022-23,Willy Hernangomez,re_signed_standard,roster_continuity,3,NA,missing_data
dyson_daniels_2023_NOP,NOP,2023-24,Dyson Daniels,re_signed_standard,roster_continuity,3,3.032330593890526,complete
naji_marshall_2023_NOP,NOP,2023-24,Naji Marshall,re_signed_standard,roster_continuity,3,1.5830603733410509,complete
trey_murphy_2023_NOP,NOP,2023-24,Trey Murphy III,re_signed_standard,roster_continuity,3,0.9072646004949948,complete
larry_nance_2023_NOP,NOP,2023-24,Larry Nance Jr.,re_signed_standard,roster_continuity,3,0.9021065675340768,complete
jonas_valanciunas_2023_NOP,NOP,2023-24,Jonas Valanciunas,re_signed_standard,roster_continuity,3,-0.0779457118715674,complete
jeremiah_robinson-earl_2023_NOP,NOP,2023-24,Jeremiah Robinson-Earl,new_team,team_change,3,-0.5997369805365595,complete
cj_mccollum_2023_NOP,NOP,2023-24,CJ McCollum,re_signed_standard,roster_continuity,3,-0.740794828467639,complete
herbert_jones_2023_NOP,NOP,2023-24,Herbert Jones,re_signed_standard,roster_continuity,3,-0.8776326534708234,complete
jose_alvarado_2023_NOP,NOP,2023-24,Jose Alvarado,re_signed_standard,roster_continuity,3,-0.9052392461179752,complete
brandon_ingram_2023_NOP,NOP,2023-24,Brandon Ingram,re_signed_standard,roster_continuity,3,-1.1767004371256418,complete
matt_ryan_2023_NOP,NOP,2023-24,Matt Ryan,new_team,team_change,3,NA,missing_data
zion_williamson_2024_NOP,NOP,2024-25,Zion Williamson,re_signed_standard,roster_continuity,3,-0.20215434577948876,complete
trey_murphy_2024_NOP,NOP,2024-25,Trey Murphy III,re_signed_standard,roster_continuity,3,-0.3930144346620845,complete
jose_alvarado_2024_NOP,NOP,2024-25,Jose Alvarado,re_signed_standard,roster_continuity,3,-0.48336885126989104,complete
jeremiah_robinson-earl_2024_NOP,NOP,2024-25,Jeremiah Robinson-Earl,re_signed_standard,roster_continuity,3,-1,complete
bruce_brown_2024_NOP,NOP,2024-25,Bruce Brown,new_team,team_change,3,-1.0818521896001425,complete
daniel_theis_2024_NOP,NOP,2024-25,Daniel Theis,new_team,team_change,3,-1.6999999999999993,complete
kelly_olynyk_2024_NOP,NOP,2024-25,Kelly Olynyk,new_team,team_change,3,-1.765387733045123,complete
jordan_hawkins_2024_NOP,NOP,2024-25,Jordan Hawkins,re_signed_standard,roster_continuity,3,-2.575012419274715,complete
cj_mccollum_2024_NOP,NOP,2024-25,CJ McCollum,re_signed_standard,roster_continuity,3,-2.624791688331946,complete
dejounte_murray_2024_NOP,NOP,2024-25,Dejounte Murray,new_team,team_change,3,-2.955752373995617,complete
herbert_jones_2024_NOP,NOP,2024-25,Herbert Jones,re_signed_standard,roster_continuity,3,-3.4338763291190126,complete
brandon_boston_2024_NOP,NOP,2024-25,Brandon Boston,new_team,team_change,3,NA,missing_data
jamal_cain_2024_NOP,NOP,2024-25,Jamal Cain,new_team,team_change,3,NA,missing_data
lester_quinones_2024_NOP,NOP,2024-25,Lester Quinones,new_team,team_change,3,NA,missing_data
mo_bamba_2024_NOP,NOP,2024-25,Mo Bamba,new_team,team_change,3,NA,missing_data
trey_burke_2017_NYK,NYK,2017-18,Trey Burke,new_team,team_change,3,2.1605552870415123,complete
joakim_noah_2017_NYK,NYK,2017-18,Joakim Noah,re_signed_standard,roster_continuity,3,1.791818181818182,complete
kyle_oquinn_2017_NYK,NYK,2017-18,Kyle O'Quinn,re_signed_standard,roster_continuity,3,1.775012543903663,complete
kristaps_porzingis_2017_NYK,NYK,2017-18,Kristaps Porzingis,re_signed_standard,roster_continuity,3,1.2622111661532227,complete
emmanuel_mudiay_2017_NYK,NYK,2017-18,Emmanuel Mudiay,new_team,team_change,3,1.179260848591388,complete
courtney_lee_2017_NYK,NYK,2017-18,Courtney Lee,re_signed_standard,roster_continuity,3,0.648696015021907,complete
michael_beasley_2017_NYK,NYK,2017-18,Michael Beasley,new_team,team_change,3,0.6000000000000001,complete
enes_freedom_2017_NYK,NYK,2017-18,Enes Freedom,new_team,team_change,3,0.16796947452674835,complete
tim_hardaway_2017_NYK,NYK,2017-18,Tim Hardaway Jr.,new_team,team_change,3,-1.0032491937155452,complete
lance_thomas_2017_NYK,NYK,2017-18,Lance Thomas,re_signed_standard,roster_continuity,3,-1.1058334852149412,complete
mindaugas_kuzminskas_2017_NYK,NYK,2017-18,Mindaugas Kuzminskas,re_signed_standard,roster_continuity,3,NA,missing_data
ron_baker_2017_NYK,NYK,2017-18,Ron Baker,re_signed_standard,roster_continuity,3,NA,missing_data
troy_williams_2017_NYK,NYK,2017-18,Troy Williams,new_team,team_change,3,NA,missing_data
noah_vonleh_2018_NYK,NYK,2018-19,Noah Vonleh,new_team,team_change,3,2.136915887850467,complete
emmanuel_mudiay_2018_NYK,NYK,2018-19,Emmanuel Mudiay,re_signed_standard,roster_continuity,3,1.563338904832681,complete
frank_ntilikina_2018_NYK,NYK,2018-19,Frank Ntilikina,re_signed_standard,roster_continuity,3,0.5894787183165953,complete
deandre_jordan_2018_NYK,NYK,2018-19,DeAndre Jordan,new_team,team_change,3,-0.33520650669913676,complete
dennis_smith_2018_NYK,NYK,2018-19,Dennis Smith Jr.,new_team,team_change,3,-0.602885085574572,complete
mario_hezonja_2018_NYK,NYK,2018-19,Mario Hezonja,new_team,team_change,3,-1.2718355171521196,complete
lance_thomas_2018_NYK,NYK,2018-19,Lance Thomas,re_signed_standard,roster_continuity,3,-2.0834123222748815,complete
damyean_dotson_2018_NYK,NYK,2018-19,Damyean Dotson,re_signed_standard,roster_continuity,3,NA,missing_data
henry_ellenson_2018_NYK,NYK,2018-19,Henry Ellenson,new_team,team_change,3,NA,missing_data
frank_ntilikina_2019_NYK,NYK,2019-20,Frank Ntilikina,re_signed_standard,roster_continuity,3,2.6220545977011493,complete
kevin_knox_2019_NYK,NYK,2019-20,Kevin Knox II,re_signed_standard,roster_continuity,3,1.5,complete
bobby_portis_2019_NYK,NYK,2019-20,Bobby Portis,new_team,team_change,3,0.8072205770283339,complete
julius_randle_2019_NYK,NYK,2019-20,Julius Randle,new_team,team_change,3,0.4246177002668854,complete
mitchell_robinson_2019_NYK,NYK,2019-20,Mitchell Robinson,re_signed_standard,roster_continuity,3,-0.2670799902747385,complete
taj_gibson_2019_NYK,NYK,2019-20,Taj Gibson,new_team,team_change,3,-0.27297968669741124,complete
damyean_dotson_2019_NYK,NYK,2019-20,Damyean Dotson,re_signed_standard,roster_continuity,3,-0.5692484222604697,complete
reggie_bullock_2019_NYK,NYK,2019-20,Reggie Bullock,new_team,team_change,3,-0.8459859848795959,complete
elfrid_payton_2019_NYK,NYK,2019-20,Elfrid Payton,new_team,team_change,3,-1.2532161678126517,complete
wayne_ellington_2019_NYK,NYK,2019-20,Wayne Ellington,new_team,team_change,3,-1.4860061628006505,complete
dennis_smith_2019_NYK,NYK,2019-20,Dennis Smith Jr.,re_signed_standard,roster_continuity,3,-1.522870001615035,complete
maurice_harkless_2019_NYK,NYK,2019-20,Maurice Harkless,new_team,team_change,3,-3.2194299031902336,complete
allonzo_trier_2019_NYK,NYK,2019-20,Allonzo Trier,re_signed_standard,roster_continuity,3,NA,missing_data
rj_barrett_2020_NYK,NYK,2020-21,RJ Barrett,re_signed_standard,roster_continuity,3,2.334188842361205,complete
julius_randle_2020_NYK,NYK,2020-21,Julius Randle,re_signed_standard,roster_continuity,3,2.077572519148118,complete
kevin_knox_2020_NYK,NYK,2020-21,Kevin Knox II,re_signed_standard,roster_continuity,3,1.6738267148014438,complete
alec_burks_2020_NYK,NYK,2020-21,Alec Burks,new_team,team_change,3,1.329748789281349,complete
frank_ntilikina_2020_NYK,NYK,2020-21,Frank Ntilikina,re_signed_standard,roster_continuity,3,0.2554129225502777,complete
derrick_rose_2020_NYK,NYK,2020-21,Derrick Rose,new_team,team_change,3,0.24682364816989663,complete
taj_gibson_2020_NYK,NYK,2020-21,Taj Gibson,re_signed_standard,roster_continuity,3,0.1193219970906108,complete
mitchell_robinson_2020_NYK,NYK,2020-21,Mitchell Robinson,re_signed_standard,roster_continuity,3,-0.6283557180108899,complete
nerlens_noel_2020_NYK,NYK,2020-21,Nerlens Noel,new_team,team_change,3,-1.509623328765594,complete
elfrid_payton_2020_NYK,NYK,2020-21,Elfrid Payton,re_signed_standard,roster_continuity,3,-2.433900339904398,complete
norvel_pelle_2020_NYK,NYK,2020-21,Norvel Pelle,new_team,team_change,3,NA,missing_data
omari_rasulala_spellman_2020_NYK,NYK,2020-21,Omari Rasulala Spellman,new_team,team_change,3,NA,missing_data
theo_pinson_2020_NYK,NYK,2020-21,Theo Pinson,new_team,team_change,3,NA,missing_data
obi_toppin_2021_NYK,NYK,2021-22,Obi Toppin,re_signed_standard,roster_continuity,3,1.8296758104738151,complete
rj_barrett_2021_NYK,NYK,2021-22,RJ Barrett,re_signed_standard,roster_continuity,3,0.5200883598694956,complete
derrick_rose_2021_NYK,NYK,2021-22,Derrick Rose,re_signed_standard,roster_continuity,3,0.24889406286379456,complete
immanuel_quickley_2021_NYK,NYK,2021-22,Immanuel Quickley,re_signed_standard,roster_continuity,3,0.22961996411678345,complete
julius_randle_2021_NYK,NYK,2021-22,Julius Randle,re_signed_standard,roster_continuity,3,0.094014268567431,complete
alec_burks_2021_NYK,NYK,2021-22,Alec Burks,re_signed_standard,roster_continuity,3,-0.8282600750342838,complete
nerlens_noel_2021_NYK,NYK,2021-22,Nerlens Noel,re_signed_standard,roster_continuity,3,-1.8164921465968584,complete
taj_gibson_2021_NYK,NYK,2021-22,Taj Gibson,re_signed_standard,roster_continuity,3,-2.0455379908210096,complete
evan_fournier_2021_NYK,NYK,2021-22,Evan Fournier,new_team,team_change,3,-2.448438666983731,complete
kemba_walker_2021_NYK,NYK,2021-22,Kemba Walker,new_team,team_change,3,-3.099871423979428,complete
damyean_dotson_2021_NYK,NYK,2021-22,Damyean Dotson,new_team,team_change,3,NA,missing_data
ryan_arcidiacono_2021_NYK,NYK,2021-22,Ryan Arcidiacono,new_team,team_change,3,NA,missing_data
jalen_brunson_2022_NYK,NYK,2022-23,Jalen Brunson,new_team,team_change,3,3.51293545773697,complete
immanuel_quickley_2022_NYK,NYK,2022-23,Immanuel Quickley,re_signed_standard,roster_continuity,3,1.1504068663209843,complete
josh_hart_2022_NYK,NYK,2022-23,Josh Hart,new_team,team_change,3,1.11108995609854,complete
julius_randle_2022_NYK,NYK,2022-23,Julius Randle,re_signed_standard,roster_continuity,3,0.25572212848347275,complete
rj_barrett_2022_NYK,NYK,2022-23,RJ Barrett,re_signed_standard,roster_continuity,3,0.09862764015344072,complete
obi_toppin_2022_NYK,NYK,2022-23,Obi Toppin,re_signed_standard,roster_continuity,3,0.04987922610432416,complete
jericho_sims_2022_NYK,NYK,2022-23,Jericho Sims,re_signed_standard,roster_continuity,3,0.04647609659931007,complete
quentin_grimes_2022_NYK,NYK,2022-23,Quentin Grimes,re_signed_standard,roster_continuity,3,-0.02213607288234159,complete
mitchell_robinson_2022_NYK,NYK,2022-23,Mitchell Robinson,re_signed_standard,roster_continuity,3,-0.2655390691811981,complete
isaiah_hartenstein_2022_NYK,NYK,2022-23,Isaiah Hartenstein,new_team,team_change,3,-0.6013755868544597,complete
evan_fournier_2022_NYK,NYK,2022-23,Evan Fournier,re_signed_standard,roster_continuity,3,-4.226541332596074,complete
miles_mcbride_2022_NYK,NYK,2022-23,Miles McBride,re_signed_standard,roster_continuity,3,NA,missing_data
miles_mcbride_2023_NYK,NYK,2023-24,Miles McBride,re_signed_standard,roster_continuity,3,2.5907273181704573,complete
donte_divincenzo_2023_NYK,NYK,2023-24,Donte DiVincenzo,new_team,team_change,3,2.364002348670866,complete
isaiah_hartenstein_2023_NYK,NYK,2023-24,Isaiah Hartenstein,re_signed_standard,roster_continuity,3,1.8152162267937009,complete
jalen_brunson_2023_NYK,NYK,2023-24,Jalen Brunson,re_signed_standard,roster_continuity,3,1.7710640220996263,complete
josh_hart_2023_NYK,NYK,2023-24,Josh Hart,re_signed_standard,roster_continuity,3,0.9549091866280598,complete
precious_achiuwa_2023_NYK,NYK,2023-24,Precious Achiuwa,new_team,team_change,3,0.8748560757322517,complete
og_anunoby_2023_NYK,NYK,2023-24,OG Anunoby,new_team,team_change,3,0.3603191579196752,complete
mitchell_robinson_2023_NYK,NYK,2023-24,Mitchell Robinson,re_signed_standard,roster_continuity,3,-0.17595458649438633,complete
julius_randle_2023_NYK,NYK,2023-24,Julius Randle,re_signed_standard,roster_continuity,3,-0.6264910952797946,complete
shake_milton_2023_NYK,NYK,2023-24,Shake Milton,new_team,team_change,3,-0.7287276685051318,complete
jericho_sims_2023_NYK,NYK,2023-24,Jericho Sims,re_signed_standard,roster_continuity,3,-1.7878707891999208,complete
alec_burks_2023_NYK,NYK,2023-24,Alec Burks,new_team,team_change,3,-2.149115718688708,complete
bojan_bogdanovic_2023_NYK,NYK,2023-24,Bojan Bogdanovic,new_team,team_change,3,-3.5763419483101395,complete
duane_washington_2023_NYK,NYK,2023-24,Duane Washington Jr.,new_team,team_change,3,NA,missing_data
mamadi_diakite_2023_NYK,NYK,2023-24,Mamadi Diakite,new_team,team_change,3,NA,missing_data
ryan_arcidiacono_2023_NYK,NYK,2023-24,Ryan Arcidiacono,new_team,team_change,3,NA,missing_data
josh_hart_2024_NYK,NYK,2024-25,Josh Hart,re_signed_standard,roster_continuity,3,2.453597196246909,complete
landry_shamet_2024_NYK,NYK,2024-25,Landry Shamet,new_team,team_change,3,1.5034787697048788,complete
miles_mcbride_2024_NYK,NYK,2024-25,Miles McBride,re_signed_standard,roster_continuity,3,1.3856147683733888,complete
og_anunoby_2024_NYK,NYK,2024-25,OG Anunoby,re_signed_standard,roster_continuity,3,1.3027908130658972,complete
cameron_payne_2024_NYK,NYK,2024-25,Cameron Payne,new_team,team_change,3,0.942605633802817,complete
karl-anthony_towns_2024_NYK,NYK,2024-25,Karl-Anthony Towns,new_team,team_change,3,0.7956356530777109,complete
mikal_bridges_2024_NYK,NYK,2024-25,Mikal Bridges,new_team,team_change,3,0.3342355242724323,complete
precious_achiuwa_2024_NYK,NYK,2024-25,Precious Achiuwa,re_signed_standard,roster_continuity,3,0.05078949393451237,complete
jalen_brunson_2024_NYK,NYK,2024-25,Jalen Brunson,re_signed_standard,roster_continuity,3,-1.7204827592145402,complete
delon_wright_2024_NYK,NYK,2024-25,Delon Wright,new_team,team_change,3,-3.66602139582272,complete
marjon_beauchamp_2024_NYK,NYK,2024-25,MarJon Beauchamp,new_team,team_change,3,NA,missing_data
matt_ryan_2024_NYK,NYK,2024-25,Matt Ryan,new_team,team_change,3,NA,missing_data
pj_tucker_2024_NYK,NYK,2024-25,P.J. Tucker,new_team,team_change,3,NA,missing_data
steven_adams_2017_OKC,OKC,2017-18,Steven Adams,re_signed_standard,roster_continuity,3,1.5593977960928018,complete
jerami_grant_2017_OKC,OKC,2017-18,Jerami Grant,re_signed_standard,roster_continuity,3,1.54120856236571,complete
corey_brewer_2017_OKC,OKC,2017-18,Corey Brewer,new_team,team_change,3,1.5131525423728809,complete
paul_george_2017_OKC,OKC,2017-18,Paul George,new_team,team_change,3,0.98396023957525,complete
raymond_felton_2017_OKC,OKC,2017-18,Raymond Felton,new_team,team_change,3,0.8689619732785202,complete
andre_roberson_2017_OKC,OKC,2017-18,Andre Roberson,re_signed_standard,roster_continuity,3,0.30710104352252476,complete
alex_abrines_2017_OKC,OKC,2017-18,Alex Abrines,re_signed_standard,roster_continuity,3,-0.514634146341463,complete
patrick_patterson_2017_OKC,OKC,2017-18,Patrick Patterson,new_team,team_change,3,-0.7361137702221952,complete
carmelo_anthony_2017_OKC,OKC,2017-18,Carmelo Anthony,new_team,team_change,3,-4.63231084280808,complete
russell_westbrook_2017_OKC,OKC,2017-18,Russell Westbrook,re_signed_supermax,supermax,3,-4.841761015473451,complete
kyle_singler_2017_OKC,OKC,2017-18,Kyle Singler,re_signed_standard,roster_continuity,3,NA,missing_data
nick_collison_2017_OKC,OKC,2017-18,Nick Collison,re_signed_standard,roster_continuity,3,NA,missing_data
abdel_nader_2018_OKC,OKC,2018-19,Abdel Nader,new_team,team_change,3,3.321909032671364,complete
paul_george_2018_OKC,OKC,2018-19,Paul George,re_signed_standard,roster_continuity,3,2.768543603998352,complete
steven_adams_2018_OKC,OKC,2018-19,Steven Adams,re_signed_standard,roster_continuity,3,0.767436516988462,complete
jerami_grant_2018_OKC,OKC,2018-19,Jerami Grant,re_signed_standard,roster_continuity,3,0.7215966551980759,complete
nerlens_noel_2018_OKC,OKC,2018-19,Nerlens Noel,new_team,team_change,3,-0.2881737731295253,complete
terrance_ferguson_2018_OKC,OKC,2018-19,Terrance Ferguson,re_signed_standard,roster_continuity,3,-0.776003764115432,complete
dennis_schroder_2018_OKC,OKC,2018-19,Dennis Schroder,new_team,team_change,3,-0.840094171575085,complete
patrick_patterson_2018_OKC,OKC,2018-19,Patrick Patterson,re_signed_standard,roster_continuity,3,-0.9896887224014032,complete
markieff_morris_2018_OKC,OKC,2018-19,Markieff Morris,new_team,team_change,3,-1.030627594435663,complete
alex_abrines_2018_OKC,OKC,2018-19,Alex Abrines,re_signed_standard,roster_continuity,3,-1.7518044769301049,complete
russell_westbrook_2018_OKC,OKC,2018-19,Russell Westbrook,re_signed_standard,roster_continuity,3,-5.032826548176297,complete
jawun_evans_2018_OKC,OKC,2018-19,Jawun Evans,new_team,team_change,3,NA,missing_data
raymond_felton_2018_OKC,OKC,2018-19,Raymond Felton,re_signed_standard,roster_continuity,3,NA,missing_data
shai_gilgeous-alexander_2019_OKC,OKC,2019-20,Shai Gilgeous-Alexander,new_team,team_change,3,3.305117117117117,complete
abdel_nader_2019_OKC,OKC,2019-20,Abdel Nader,re_signed_standard,roster_continuity,3,3.101480263157894,complete
hamidou_diallo_2019_OKC,OKC,2019-20,Hamidou Diallo,re_signed_standard,roster_continuity,3,2.223149513417871,complete
mike_muscala_2019_OKC,OKC,2019-20,Mike Muscala,new_team,team_change,3,2.0417694564652087,complete
steven_adams_2019_OKC,OKC,2019-20,Steven Adams,re_signed_standard,roster_continuity,3,0.4875283875851626,complete
dennis_schroder_2019_OKC,OKC,2019-20,Dennis Schroder,re_signed_standard,roster_continuity,3,0.32901577705320584,complete
nerlens_noel_2019_OKC,OKC,2019-20,Nerlens Noel,re_signed_standard,roster_continuity,3,-0.2989802224969098,complete
chris_paul_2019_OKC,OKC,2019-20,Chris Paul,new_team,team_change,3,-0.7017298414476976,complete
terrance_ferguson_2019_OKC,OKC,2019-20,Terrance Ferguson,re_signed_standard,roster_continuity,3,-0.841610987379362,complete
danilo_gallinari_2019_OKC,OKC,2019-20,Danilo Gallinari,new_team,team_change,3,-1.6265649578847543,complete
deonte_burton_2019_OKC,OKC,2019-20,Deonte Burton,re_signed_standard,roster_continuity,3,NA,missing_data
shai_gilgeous-alexander_2020_OKC,OKC,2020-21,Shai Gilgeous-Alexander,re_signed_standard,roster_continuity,3,4.589847035275538,complete
mike_muscala_2020_OKC,OKC,2020-21,Mike Muscala,re_signed_standard,roster_continuity,3,1.9491786804418765,complete
kenrich_williams_2020_OKC,OKC,2020-21,Kenrich Williams,new_team,team_change,3,1.9241665564714003,complete
al_horford_2020_OKC,OKC,2020-21,Al Horford,new_team,team_change,3,0.1112463483812407,complete
svi_mykhailiuk_2020_OKC,OKC,2020-21,Svi Mykhailiuk,new_team,team_change,3,-0.8052941176470592,complete
darius_bazley_2020_OKC,OKC,2020-21,Darius Bazley,re_signed_standard,roster_continuity,3,-1.1317348377997185,complete
tony_bradley_2020_OKC,OKC,2020-21,Tony Bradley,new_team,team_change,3,-1.3802919708029198,complete
ty_jerome_2020_OKC,OKC,2020-21,Ty Jerome,new_team,team_change,3,NA,missing_data
aleksej_pokusevski_2021_OKC,OKC,2021-22,Aleksej Pokusevski,re_signed_standard,roster_continuity,3,4.442399172699069,complete
shai_gilgeous-alexander_2021_OKC,OKC,2021-22,Shai Gilgeous-Alexander,re_signed_standard,roster_continuity,3,4.347171368886839,complete
isaiah_roby_2021_OKC,OKC,2021-22,Isaiah Roby,re_signed_standard,roster_continuity,3,3.9,complete
darius_bazley_2021_OKC,OKC,2021-22,Darius Bazley,re_signed_standard,roster_continuity,3,1.6814981671594849,complete
theo_maledon_2021_OKC,OKC,2021-22,Theo Maledon,re_signed_standard,roster_continuity,3,1.5208853575482402,complete
luguentz_dort_2021_OKC,OKC,2021-22,Luguentz Dort,re_signed_standard,roster_continuity,3,1.2664597459800806,complete
kenrich_williams_2021_OKC,OKC,2021-22,Kenrich Williams,re_signed_standard,roster_continuity,3,1.1625607489601866,complete
mike_muscala_2021_OKC,OKC,2021-22,Mike Muscala,re_signed_standard,roster_continuity,3,-0.1798315395414132,complete
derrick_favors_2021_OKC,OKC,2021-22,Derrick Favors,new_team,team_change,3,-3.828483786152498,complete
paul_watson_2021_OKC,OKC,2021-22,Paul Watson,new_team,team_change,3,NA,missing_data
shai_gilgeous-alexander_2022_OKC,OKC,2022-23,Shai Gilgeous-Alexander,re_signed_standard,roster_continuity,3,5.65098038983289,complete
isaiah_joe_2022_OKC,OKC,2022-23,Isaiah Joe,new_team,team_change,3,5.644374437443744,complete
aaron_wiggins_2022_OKC,OKC,2022-23,Aaron Wiggins,re_signed_standard,roster_continuity,3,4.3127196064652145,complete
aleksej_pokusevski_2022_OKC,OKC,2022-23,Aleksej Pokusevski,re_signed_standard,roster_continuity,3,4.242272922944468,complete
josh_giddey_2022_OKC,OKC,2022-23,Josh Giddey,re_signed_standard,roster_continuity,3,2.77958429561201,complete
tre_mann_2022_OKC,OKC,2022-23,Tre Mann,re_signed_standard,roster_continuity,3,1.6825806451612908,complete
luguentz_dort_2022_OKC,OKC,2022-23,Luguentz Dort,re_signed_standard,roster_continuity,3,1.3607202029821517,complete
kenrich_williams_2022_OKC,OKC,2022-23,Kenrich Williams,re_signed_standard,roster_continuity,3,0.6646658104624478,complete
jeremiah_robinson-earl_2022_OKC,OKC,2022-23,Jeremiah Robinson-Earl,re_signed_standard,roster_continuity,3,0.0964929371651242,complete
jared_butler_2022_OKC,OKC,2022-23,Jared Butler,new_team,team_change,3,NA,missing_data
shai_gilgeous-alexander_2023_OKC,OKC,2023-24,Shai Gilgeous-Alexander,re_signed_standard,roster_continuity,3,5.13754292445556,complete
jaylin_williams_2023_OKC,OKC,2023-24,Jaylin Williams,re_signed_standard,roster_continuity,3,4.338877620013522,complete
aaron_wiggins_2023_OKC,OKC,2023-24,Aaron Wiggins,re_signed_standard,roster_continuity,3,3.5046011596791504,complete
jalen_williams_2023_OKC,OKC,2023-24,Jalen Williams,re_signed_standard,roster_continuity,3,2.6700704225352117,complete
isaiah_joe_2023_OKC,OKC,2023-24,Isaiah Joe,re_signed_standard,roster_continuity,3,2.3414686430475307,complete
josh_giddey_2023_OKC,OKC,2023-24,Josh Giddey,re_signed_standard,roster_continuity,3,2.074315079056626,complete
luguentz_dort_2023_OKC,OKC,2023-24,Luguentz Dort,re_signed_standard,roster_continuity,3,1.5890142885992646,complete
kenrich_williams_2023_OKC,OKC,2023-24,Kenrich Williams,re_signed_standard,roster_continuity,3,-0.11457715712279612,complete
ousmane_dieng_2023_OKC,OKC,2023-24,Ousmane Dieng,re_signed_standard,roster_continuity,3,-0.19999999999999973,complete
gordon_hayward_2023_OKC,OKC,2023-24,Gordon Hayward,new_team,team_change,3,-1.0485514167462595,complete
bismack_biyombo_2023_OKC,OKC,2023-24,Bismack Biyombo,new_team,team_change,3,-2.4333939853424313,complete
lindy_waters_2023_OKC,OKC,2023-24,Lindy Waters III,re_signed_standard,roster_continuity,3,-2.8999999999999995,complete
mike_muscala_2023_OKC,OKC,2023-24,Mike Muscala,new_team,team_change,3,-6.979895901106051,complete
jaylin_williams_2024_OKC,OKC,2024-25,Jaylin Williams,re_signed_standard,roster_continuity,3,3.621778494729095,complete
shai_gilgeous-alexander_2024_OKC,OKC,2024-25,Shai Gilgeous-Alexander,re_signed_standard,roster_continuity,3,3.419585084099552,complete
jalen_williams_2024_OKC,OKC,2024-25,Jalen Williams,re_signed_standard,roster_continuity,3,2.151301353727309,complete
isaiah_hartenstein_2024_OKC,OKC,2024-25,Isaiah Hartenstein,new_team,team_change,3,1.8712858168269983,complete
luguentz_dort_2024_OKC,OKC,2024-25,Luguentz Dort,re_signed_standard,roster_continuity,3,1.466853420360148,complete
alex_caruso_2024_OKC,OKC,2024-25,Alex Caruso,new_team,team_change,3,1.0706571961803983,complete
cason_wallace_2024_OKC,OKC,2024-25,Cason Wallace,re_signed_standard,roster_continuity,3,1.0043345232024476,complete
isaiah_joe_2024_OKC,OKC,2024-25,Isaiah Joe,re_signed_standard,roster_continuity,3,0.9812921890067504,complete
aaron_wiggins_2024_OKC,OKC,2024-25,Aaron Wiggins,re_signed_standard,roster_continuity,3,0.9427539425253484,complete
kenrich_williams_2024_OKC,OKC,2024-25,Kenrich Williams,re_signed_standard,roster_continuity,3,0.5264047179147682,complete
chet_holmgren_2024_OKC,OKC,2024-25,Chet Holmgren,re_signed_standard,roster_continuity,3,0.25073068893528205,complete
nikola_vucevic_2017_ORL,ORL,2017-18,Nikola Vucevic,re_signed_standard,roster_continuity,3,3.1227560167985784,complete
mario_hezonja_2017_ORL,ORL,2017-18,Mario Hezonja,re_signed_standard,roster_continuity,3,1.742991149088195,complete
dj_augustin_2017_ORL,ORL,2017-18,D.J. Augustin,re_signed_standard,roster_continuity,3,1.598959315068012,complete
aaron_gordon_2017_ORL,ORL,2017-18,Aaron Gordon,re_signed_standard,roster_continuity,3,0.4327172040421078,complete
marreese_speights_2017_ORL,ORL,2017-18,Marreese Speights,new_team,team_change,3,-0.01085930122757328,complete
evan_fournier_2017_ORL,ORL,2017-18,Evan Fournier,re_signed_standard,roster_continuity,3,-0.03158302402309509,complete
terrence_ross_2017_ORL,ORL,2017-18,Terrence Ross,re_signed_standard,roster_continuity,3,-0.1772770997400775,complete
shelvin_mack_2017_ORL,ORL,2017-18,Shelvin Mack,new_team,team_change,3,-0.19080356688018796,complete
bismack_biyombo_2017_ORL,ORL,2017-18,Bismack Biyombo,re_signed_standard,roster_continuity,3,-0.7610411279936264,complete
jonathon_simmons_2017_ORL,ORL,2017-18,Jonathon Simmons,new_team,team_change,3,-0.8415320968348539,complete
arron_afflalo_2017_ORL,ORL,2017-18,Arron Afflalo,new_team,team_change,3,-2.2200708681346497,complete
adreian_payne_2017_ORL,ORL,2017-18,Adreian Payne,new_team,team_change,3,NA,missing_data
rashad_vaughn_2017_ORL,ORL,2017-18,Rashad Vaughn,new_team,team_change,3,NA,missing_data
nikola_vucevic_2018_ORL,ORL,2018-19,Nikola Vucevic,re_signed_standard,roster_continuity,3,3.486490806190007,complete
dj_augustin_2018_ORL,ORL,2018-19,D.J. Augustin,re_signed_standard,roster_continuity,3,0.7775750980316636,complete
wes_iwundu_2018_ORL,ORL,2018-19,Wes Iwundu,re_signed_standard,roster_continuity,3,0.6966605504587151,complete
aaron_gordon_2018_ORL,ORL,2018-19,Aaron Gordon,re_signed_standard,roster_continuity,3,0.6948552765609413,complete
evan_fournier_2018_ORL,ORL,2018-19,Evan Fournier,re_signed_standard,roster_continuity,3,0.5312953858081555,complete
michael_carter-williams_2018_ORL,ORL,2018-19,Michael Carter-Williams,new_team,team_change,3,0.05507226948062982,complete
khem_birch_2018_ORL,ORL,2018-19,Khem Birch,re_signed_standard,roster_continuity,3,-0.05998707175177742,complete
jerian_grant_2018_ORL,ORL,2018-19,Jerian Grant,new_team,team_change,3,-0.8302873986735446,complete
jarell_martin_2018_ORL,ORL,2018-19,Jarell Martin,new_team,team_change,3,NA,missing_data
jonathan_isaac_2019_ORL,ORL,2019-20,Jonathan Isaac,re_signed_standard,roster_continuity,3,2.911690363349131,complete
evan_fournier_2019_ORL,ORL,2019-20,Evan Fournier,re_signed_standard,roster_continuity,3,1.964775156478383,complete
mo_bamba_2019_ORL,ORL,2019-20,Mo Bamba,re_signed_standard,roster_continuity,3,1.8962065946892324,complete
wes_iwundu_2019_ORL,ORL,2019-20,Wes Iwundu,re_signed_standard,roster_continuity,3,-0.23865953527557515,complete
aaron_gordon_2019_ORL,ORL,2019-20,Aaron Gordon,re_signed_standard,roster_continuity,3,-0.6967247813895077,complete
michael_carter-williams_2019_ORL,ORL,2019-20,Michael Carter-Williams,re_signed_standard,roster_continuity,3,-0.8004898958971216,complete
james_ennis_2019_ORL,ORL,2019-20,James Ennis III,new_team,team_change,3,-1.0945843249467735,complete
nikola_vucevic_2019_ORL,ORL,2019-20,Nikola Vucevic,re_signed_standard,roster_continuity,3,-1.6324468084356183,complete
khem_birch_2019_ORL,ORL,2019-20,Khem Birch,re_signed_standard,roster_continuity,3,-1.6672855333808263,complete
terrence_ross_2019_ORL,ORL,2019-20,Terrence Ross,re_signed_standard,roster_continuity,3,-2.0029093238102633,complete
dj_augustin_2019_ORL,ORL,2019-20,D.J. Augustin,re_signed_standard,roster_continuity,3,-2.4732670438273567,complete
gary_clark_2019_ORL,ORL,2019-20,Gary Clark,new_team,team_change,3,-2.8068796068796074,complete
al-farouq_aminu_2019_ORL,ORL,2019-20,Al-Farouq Aminu,new_team,team_change,3,NA,missing_data
wendell_carter_2020_ORL,ORL,2020-21,Wendell Carter Jr.,new_team,team_change,3,2.6074977337238563,complete
moritz_wagner_2020_ORL,ORL,2020-21,Moritz Wagner,new_team,team_change,3,2.4161590827660335,complete
markelle_fultz_2020_ORL,ORL,2020-21,Markelle Fultz,re_signed_standard,roster_continuity,3,2.3,complete
mo_bamba_2020_ORL,ORL,2020-21,Mo Bamba,re_signed_standard,roster_continuity,3,0.9612298324115748,complete
dwayne_bacon_2020_ORL,ORL,2020-21,Dwayne Bacon,new_team,team_change,3,0.07282157676348522,complete
james_ennis_2020_ORL,ORL,2020-21,James Ennis III,re_signed_standard,roster_continuity,3,-0.14228456913827658,complete
gary_harris_2020_ORL,ORL,2020-21,Gary Harris,new_team,team_change,3,-0.31421610333019245,complete
terrence_ross_2020_ORL,ORL,2020-21,Terrence Ross,re_signed_standard,roster_continuity,3,-2.965729549018284,complete
michael_carter-williams_2020_ORL,ORL,2020-21,Michael Carter-Williams,re_signed_standard,roster_continuity,3,-4.8999999999999995,complete
moritz_wagner_2021_ORL,ORL,2021-22,Moritz Wagner,re_signed_standard,roster_continuity,3,3.883258341462983,complete
cole_anthony_2021_ORL,ORL,2021-22,Cole Anthony,re_signed_standard,roster_continuity,3,3.249981577008106,complete
wendell_carter_2021_ORL,ORL,2021-22,Wendell Carter Jr.,re_signed_standard,roster_continuity,3,3.0212835918485736,complete
gary_harris_2021_ORL,ORL,2021-22,Gary Harris,re_signed_standard,roster_continuity,3,1.5895476881228483,complete
chuma_okeke_2021_ORL,ORL,2021-22,Chuma Okeke,re_signed_standard,roster_continuity,3,1.0572562858403176,complete
rj_hampton_2021_ORL,ORL,2021-22,R.J. Hampton,re_signed_standard,roster_continuity,3,0.11821561338289888,complete
mo_bamba_2021_ORL,ORL,2021-22,Mo Bamba,re_signed_standard,roster_continuity,3,0.01210073596255439,complete
terrence_ross_2021_ORL,ORL,2021-22,Terrence Ross,re_signed_standard,roster_continuity,3,-1.743097474328135,complete
robin_lopez_2021_ORL,ORL,2021-22,Robin Lopez,new_team,team_change,3,-2.137024221453287,complete
etwaun_moore_2021_ORL,ORL,2021-22,E'Twaun Moore,new_team,team_change,3,NA,missing_data
sindarius_thornwell_2021_ORL,ORL,2021-22,Sindarius Thornwell,re_signed_standard,roster_continuity,3,NA,missing_data
jalen_suggs_2022_ORL,ORL,2022-23,Jalen Suggs,re_signed_standard,roster_continuity,3,5.876105780482097,complete
goga_bitadze_2022_ORL,ORL,2022-23,Goga Bitadze,new_team,team_change,3,3.2266080805915767,complete
cole_anthony_2022_ORL,ORL,2022-23,Cole Anthony,re_signed_standard,roster_continuity,3,2.5069166163097867,complete
moritz_wagner_2022_ORL,ORL,2022-23,Moritz Wagner,re_signed_standard,roster_continuity,3,2.0653537455410222,complete
franz_wagner_2022_ORL,ORL,2022-23,Franz Wagner,re_signed_standard,roster_continuity,3,1.9648586597790216,complete
gary_harris_2022_ORL,ORL,2022-23,Gary Harris,re_signed_standard,roster_continuity,3,1.7431620644137034,complete
wendell_carter_2022_ORL,ORL,2022-23,Wendell Carter Jr.,re_signed_standard,roster_continuity,3,-0.19008415423582117,complete
chuma_okeke_2022_ORL,ORL,2022-23,Chuma Okeke,re_signed_standard,roster_continuity,3,-0.9496183206106872,complete
admiral_schofield_2022_ORL,ORL,2022-23,Admiral Schofield,re_signed_standard,roster_continuity,3,NA,missing_data
jalen_suggs_2023_ORL,ORL,2023-24,Jalen Suggs,re_signed_standard,roster_continuity,3,4.737437024070365,complete
paolo_banchero_2023_ORL,ORL,2023-24,Paolo Banchero,re_signed_standard,roster_continuity,3,3.3420020339968035,complete
goga_bitadze_2023_ORL,ORL,2023-24,Goga Bitadze,re_signed_standard,roster_continuity,3,3.2728490622208986,complete
franz_wagner_2023_ORL,ORL,2023-24,Franz Wagner,re_signed_standard,roster_continuity,3,2.5501292021130206,complete
caleb_houstan_2023_ORL,ORL,2023-24,Caleb Houstan,re_signed_standard,roster_continuity,3,1.9525265127885212,complete
moritz_wagner_2023_ORL,ORL,2023-24,Moritz Wagner,re_signed_standard,roster_continuity,3,1.5059925740331477,complete
joe_ingles_2023_ORL,ORL,2023-24,Joe Ingles,new_team,team_change,3,-0.00720221606648208,complete
gary_harris_2023_ORL,ORL,2023-24,Gary Harris,re_signed_standard,roster_continuity,3,-0.2122780350309472,complete
cole_anthony_2023_ORL,ORL,2023-24,Cole Anthony,re_signed_standard,roster_continuity,3,-0.4814817434895148,complete
wendell_carter_2023_ORL,ORL,2023-24,Wendell Carter Jr.,re_signed_standard,roster_continuity,3,-1.7203608267709196,complete
markelle_fultz_2023_ORL,ORL,2023-24,Markelle Fultz,re_signed_standard,roster_continuity,3,-1.9,complete
admiral_schofield_2023_ORL,ORL,2023-24,Admiral Schofield,re_signed_standard,roster_continuity,3,NA,missing_data
chuma_okeke_2023_ORL,ORL,2023-24,Chuma Okeke,re_signed_standard,roster_continuity,3,NA,missing_data
kevon_harris_2023_ORL,ORL,2023-24,Kevon Harris,re_signed_standard,roster_continuity,3,NA,missing_data
moritz_wagner_2024_ORL,ORL,2024-25,Moritz Wagner,re_signed_standard,roster_continuity,3,2.61513470681458,complete
franz_wagner_2024_ORL,ORL,2024-25,Franz Wagner,re_signed_standard,roster_continuity,3,2.3847598641262513,complete
paolo_banchero_2024_ORL,ORL,2024-25,Paolo Banchero,re_signed_standard,roster_continuity,3,2.2146720083074705,complete
anthony_black_2024_ORL,ORL,2024-25,Anthony Black,re_signed_standard,roster_continuity,3,1.7539373189360024,complete
jalen_suggs_2024_ORL,ORL,2024-25,Jalen Suggs,re_signed_standard,roster_continuity,3,1.4449987040261587,complete
caleb_houstan_2024_ORL,ORL,2024-25,Caleb Houstan,re_signed_standard,roster_continuity,3,0.7480639213275966,complete
cory_joseph_2024_ORL,ORL,2024-25,Cory Joseph,new_team,team_change,3,0.7,complete
goga_bitadze_2024_ORL,ORL,2024-25,Goga Bitadze,re_signed_standard,roster_continuity,3,0.5213988343047462,complete
kentavious_caldwell-pope_2024_ORL,ORL,2024-25,Kentavious Caldwell-Pope,new_team,team_change,3,-0.5545718454771353,complete
gary_harris_2024_ORL,ORL,2024-25,Gary Harris,re_signed_standard,roster_continuity,3,-1.6422577771823876,complete
wendell_carter_2024_ORL,ORL,2024-25,Wendell Carter Jr.,re_signed_standard,roster_continuity,3,-1.8152884911374492,complete
cole_anthony_2024_ORL,ORL,2024-25,Cole Anthony,re_signed_standard,roster_continuity,3,-1.989261545416345,complete
jonathan_isaac_2024_ORL,ORL,2024-25,Jonathan Isaac,re_signed_standard,roster_continuity,3,-3.8438237119801366,complete
dario_saric_2017_PHI,PHI,2017-18,Dario Saric,re_signed_standard,roster_continuity,3,2.151366303436714,complete
robert_covington_2017_PHI,PHI,2017-18,Robert Covington,re_signed_standard,roster_continuity,3,1.2950537371432598,complete
marco_belinelli_2017_PHI,PHI,2017-18,Marco Belinelli,new_team,team_change,3,1.0214173257827488,complete
tj_mcconnell_2017_PHI,PHI,2017-18,T.J. McConnell,re_signed_standard,roster_continuity,3,0.9393038118388796,complete
timothe_luwawu-cabarrot_2017_PHI,PHI,2017-18,Timothe Luwawu-Cabarrot,re_signed_standard,roster_continuity,3,0.8799055388578783,complete
richaun_holmes_2017_PHI,PHI,2017-18,Richaun Holmes,re_signed_standard,roster_continuity,3,0.8003332257517126,complete
justin_anderson_2017_PHI,PHI,2017-18,Justin Anderson,re_signed_standard,roster_continuity,3,-0.1521066666666666,complete
joel_embiid_2017_PHI,PHI,2017-18,Joel Embiid,re_signed_standard,roster_continuity,3,-0.20308686288585776,complete
jj_redick_2017_PHI,PHI,2017-18,JJ Redick,new_team,team_change,3,-0.6353039267455076,complete
ersan_ilyasova_2017_PHI,PHI,2017-18,Ersan Ilyasova,new_team,team_change,3,-0.8401927701827012,complete
amir_johnson_2017_PHI,PHI,2017-18,Amir Johnson,new_team,team_change,3,-0.9437837613918806,complete
james_michael_mcadoo_2017_PHI,PHI,2017-18,James Michael McAdoo,new_team,team_change,3,NA,missing_data
james_young_2017_PHI,PHI,2017-18,James Young,new_team,team_change,3,NA,missing_data
joel_embiid_2018_PHI,PHI,2018-19,Joel Embiid,re_signed_standard,roster_continuity,3,1.9786822566021791,complete
tj_mcconnell_2018_PHI,PHI,2018-19,T.J. McConnell,re_signed_standard,roster_continuity,3,0.9594461936135008,complete
tobias_harris_2018_PHI,PHI,2018-19,Tobias Harris,new_team,team_change,3,0.15463671296278214,complete
mike_scott_2018_PHI,PHI,2018-19,Mike Scott,new_team,team_change,3,-0.6293862188766648,complete
james_ennis_2018_PHI,PHI,2018-19,James Ennis III,new_team,team_change,3,-0.8980178109738584,complete
jj_redick_2018_PHI,PHI,2018-19,JJ Redick,re_signed_standard,roster_continuity,3,-0.94578157850266,complete
ben_simmons_2018_PHI,PHI,2018-19,Ben Simmons,re_signed_standard,roster_continuity,3,-1.099256900212314,complete
jimmy_butler_2018_PHI,PHI,2018-19,Jimmy Butler,new_team,team_change,3,-1.1965026596157893,complete
jonathon_simmons_2018_PHI,PHI,2018-19,Jonathon Simmons,new_team,team_change,3,-1.303449283835136,complete
amir_johnson_2018_PHI,PHI,2018-19,Amir Johnson,re_signed_standard,roster_continuity,3,-3.068549838071249,complete
boban_marjanovic_2018_PHI,PHI,2018-19,Boban Marjanovic,new_team,team_change,3,NA,missing_data
greg_monroe_2018_PHI,PHI,2018-19,Greg Monroe,new_team,team_change,3,NA,missing_data
joel_embiid_2019_PHI,PHI,2019-20,Joel Embiid,re_signed_standard,roster_continuity,3,3.294497737954777,complete
alec_burks_2019_PHI,PHI,2019-20,Alec Burks,new_team,team_change,3,1.9356089017376168,complete
glenn_robinson_2019_PHI,PHI,2019-20,Glenn Robinson III,new_team,team_change,3,1.3,complete
furkan_korkmaz_2019_PHI,PHI,2019-20,Furkan Korkmaz,re_signed_standard,roster_continuity,3,0.18505576208178431,complete
mike_scott_2019_PHI,PHI,2019-20,Mike Scott,re_signed_standard,roster_continuity,3,-0.11536397099558028,complete
tobias_harris_2019_PHI,PHI,2019-20,Tobias Harris,re_signed_standard,roster_continuity,3,-0.4034007451664443,complete
ben_simmons_2019_PHI,PHI,2019-20,Ben Simmons,re_signed_standard,roster_continuity,3,-0.7900674955541285,complete
al_horford_2019_PHI,PHI,2019-20,Al Horford,new_team,team_change,3,-1.4549522370544223,complete
josh_richardson_2019_PHI,PHI,2019-20,Josh Richardson,new_team,team_change,3,-1.6724509033743002,complete
kyle_oquinn_2019_PHI,PHI,2019-20,Kyle O'Quinn,new_team,team_change,3,NA,missing_data
raul_neto_2019_PHI,PHI,2019-20,Raul Neto,new_team,team_change,3,NA,missing_data
joel_embiid_2020_PHI,PHI,2020-21,Joel Embiid,re_signed_standard,roster_continuity,3,3.945301893514408,complete
matisse_thybulle_2020_PHI,PHI,2020-21,Matisse Thybulle,re_signed_standard,roster_continuity,3,0.5892421706908917,complete
tobias_harris_2020_PHI,PHI,2020-21,Tobias Harris,re_signed_standard,roster_continuity,3,0.08100987152905881,complete
furkan_korkmaz_2020_PHI,PHI,2020-21,Furkan Korkmaz,re_signed_standard,roster_continuity,3,-0.3615492282660637,complete
danny_green_2020_PHI,PHI,2020-21,Danny Green,new_team,team_change,3,-0.4395442694966569,complete
mike_scott_2020_PHI,PHI,2020-21,Mike Scott,re_signed_standard,roster_continuity,3,-0.6247117601844732,complete
seth_curry_2020_PHI,PHI,2020-21,Seth Curry,new_team,team_change,3,-0.819417005004249,complete
shake_milton_2020_PHI,PHI,2020-21,Shake Milton,re_signed_standard,roster_continuity,3,-0.9171381031613977,complete
dwight_howard_2020_PHI,PHI,2020-21,Dwight Howard,new_team,team_change,3,-1.1174896169820028,complete
ben_simmons_2020_PHI,PHI,2020-21,Ben Simmons,re_signed_standard,roster_continuity,3,-1.626391683433937,complete
george_hill_2020_PHI,PHI,2020-21,George Hill,new_team,team_change,3,-2.1964414380974424,complete
gary_clark_2020_PHI,PHI,2020-21,Gary Clark,new_team,team_change,3,-3.6367549668874175,complete
anthony_tolliver_2020_PHI,PHI,2020-21,Anthony Tolliver,new_team,team_change,3,NA,missing_data
terrance_ferguson_2020_PHI,PHI,2020-21,Terrance Ferguson,new_team,team_change,3,NA,missing_data
vincent_poirier_2020_PHI,PHI,2020-21,Vincent Poirier,new_team,team_change,3,NA,missing_data
joel_embiid_2021_PHI,PHI,2021-22,Joel Embiid,re_signed_supermax,supermax,3,3.5975973072598633,complete
tyrese_maxey_2021_PHI,PHI,2021-22,Tyrese Maxey,re_signed_standard,roster_continuity,3,3.000301700493692,complete
matisse_thybulle_2021_PHI,PHI,2021-22,Matisse Thybulle,re_signed_standard,roster_continuity,3,-0.6126220046329639,complete
shake_milton_2021_PHI,PHI,2021-22,Shake Milton,re_signed_standard,roster_continuity,3,-0.9808996493160482,complete
tobias_harris_2021_PHI,PHI,2021-22,Tobias Harris,re_signed_standard,roster_continuity,3,-1.5806606091502884,complete
danny_green_2021_PHI,PHI,2021-22,Danny Green,re_signed_standard,roster_continuity,3,-1.747749240541287,complete
georges_niang_2021_PHI,PHI,2021-22,Georges Niang,new_team,team_change,3,-1.9005340274600169,complete
furkan_korkmaz_2021_PHI,PHI,2021-22,Furkan Korkmaz,re_signed_standard,roster_continuity,3,-2.286226631056849,complete
ben_simmons_2021_PHI,PHI,2021-22,Ben Simmons,re_signed_standard,roster_continuity,3,-2.862583461736004,complete
deandre_jordan_2021_PHI,PHI,2021-22,DeAndre Jordan,new_team,team_change,3,-3.589201025421918,complete
james_harden_2021_PHI,PHI,2021-22,James Harden,new_team,team_change,3,-4.1955988349955575,complete
isaiah_joe_2021_PHI,PHI,2021-22,Isaiah Joe,re_signed_standard,roster_continuity,3,NA,missing_data
paul_millsap_2021_PHI,PHI,2021-22,Paul Millsap,new_team,team_change,3,NA,missing_data
paul_reed_2021_PHI,PHI,2021-22,Paul Reed,re_signed_standard,roster_continuity,3,NA,missing_data
willie_cauley-stein_2021_PHI,PHI,2021-22,Willie Cauley-Stein,new_team,team_change,3,NA,missing_data
tyrese_maxey_2022_PHI,PHI,2022-23,Tyrese Maxey,re_signed_standard,roster_continuity,3,1.957726009235188,complete
joel_embiid_2022_PHI,PHI,2022-23,Joel Embiid,re_signed_standard,roster_continuity,3,0.6628554785168976,complete
shake_milton_2022_PHI,PHI,2022-23,Shake Milton,re_signed_standard,roster_continuity,3,-0.5190136287498099,complete
james_harden_2022_PHI,PHI,2022-23,James Harden,re_signed_standard,roster_continuity,3,-0.727440765601032,complete
jalen_mcdaniels_2022_PHI,PHI,2022-23,Jalen McDaniels,new_team,team_change,3,-0.8623142327813014,complete
danuel_house_2022_PHI,PHI,2022-23,Danuel House Jr.,new_team,team_change,3,-0.9384960178523336,complete
georges_niang_2022_PHI,PHI,2022-23,Georges Niang,re_signed_standard,roster_continuity,3,-0.9868689240402044,complete
tobias_harris_2022_PHI,PHI,2022-23,Tobias Harris,re_signed_standard,roster_continuity,3,-1.0632312323323232,complete
deanthony_melton_2022_PHI,PHI,2022-23,De'Anthony Melton,new_team,team_change,3,-1.2836633484365565,complete
pj_tucker_2022_PHI,PHI,2022-23,P.J. Tucker,new_team,team_change,3,-1.6901408450704225,complete
montrezl_harrell_2022_PHI,PHI,2022-23,Montrezl Harrell,new_team,team_change,3,-4.7585221980751315,complete
dewayne_dedmon_2022_PHI,PHI,2022-23,Dewayne Dedmon,new_team,team_change,3,NA,missing_data
furkan_korkmaz_2022_PHI,PHI,2022-23,Furkan Korkmaz,re_signed_standard,roster_continuity,3,NA,missing_data
paul_reed_2022_PHI,PHI,2022-23,Paul Reed,re_signed_standard,roster_continuity,3,NA,missing_data
tyrese_maxey_2023_PHI,PHI,2023-24,Tyrese Maxey,re_signed_standard,roster_continuity,3,3.047026355733407,complete
paul_reed_2023_PHI,PHI,2023-24,Paul Reed,re_signed_standard,roster_continuity,3,2.272340425531915,complete
tobias_harris_2023_PHI,PHI,2023-24,Tobias Harris,re_signed_standard,roster_continuity,3,0.40615087416995616,complete
cameron_payne_2023_PHI,PHI,2023-24,Cameron Payne,new_team,team_change,3,-0.17303945527219666,complete
buddy_hield_2023_PHI,PHI,2023-24,Buddy Hield,new_team,team_change,3,-0.7201745816257914,complete
kelly_oubre_2023_PHI,PHI,2023-24,Kelly Oubre Jr.,new_team,team_change,3,-0.7827060620136743,complete
nicolas_batum_2023_PHI,PHI,2023-24,Nicolas Batum,new_team,team_change,3,-1.5241888806946249,complete
mo_bamba_2023_PHI,PHI,2023-24,Mo Bamba,new_team,team_change,3,-1.6406864635557268,complete
joel_embiid_2023_PHI,PHI,2023-24,Joel Embiid,re_signed_standard,roster_continuity,3,-1.7167639429312578,complete
danuel_house_2023_PHI,PHI,2023-24,Danuel House Jr.,re_signed_standard,roster_continuity,3,-1.9004563233376792,complete
kyle_lowry_2023_PHI,PHI,2023-24,Kyle Lowry,new_team,team_change,3,-2.28115126919647,complete
deanthony_melton_2023_PHI,PHI,2023-24,De'Anthony Melton,re_signed_standard,roster_continuity,3,-2.4064799039698994,complete
kj_martin_2023_PHI,PHI,2023-24,KJ Martin,new_team,team_change,3,-2.915243399415563,complete
furkan_korkmaz_2023_PHI,PHI,2023-24,Furkan Korkmaz,re_signed_standard,roster_continuity,3,NA,missing_data
jeff_dowtin_2023_PHI,PHI,2023-24,Jeff Dowtin Jr.,new_team,team_change,3,NA,missing_data
kai_jones_2023_PHI,PHI,2023-24,Kai Jones,new_team,team_change,3,NA,missing_data
robert_covington_2023_PHI,PHI,2023-24,Robert Covington,new_team,team_change,3,NA,missing_data
tyrese_maxey_2024_PHI,PHI,2024-25,Tyrese Maxey,re_signed_standard,roster_continuity,3,1.9436268086954067,complete
jared_butler_2024_PHI,PHI,2024-25,Jared Butler,new_team,team_change,3,1.1,complete
eric_gordon_2024_PHI,PHI,2024-25,Eric Gordon,new_team,team_change,3,0.2018662519440122,complete
quentin_grimes_2024_PHI,PHI,2024-25,Quentin Grimes,new_team,team_change,3,0.1384567241674698,complete
kelly_oubre_2024_PHI,PHI,2024-25,Kelly Oubre Jr.,re_signed_standard,roster_continuity,3,-0.1276733153186509,complete
kyle_lowry_2024_PHI,PHI,2024-25,Kyle Lowry,re_signed_standard,roster_continuity,3,-0.9049295774647887,complete
andre_drummond_2024_PHI,PHI,2024-25,Andre Drummond,new_team,team_change,3,-1.3378483166681958,complete
paul_george_2024_PHI,PHI,2024-25,Paul George,new_team,team_change,3,-2.459984054470891,complete
joel_embiid_2024_PHI,PHI,2024-25,Joel Embiid,re_signed_standard,roster_continuity,3,-5.627099218746936,complete
jalen_hood-schifino_2024_PHI,PHI,2024-25,Jalen Hood-Schifino,new_team,team_change,3,NA,missing_data
lonnie_walker_2024_PHI,PHI,2024-25,Lonnie Walker IV,new_team,team_change,3,NA,missing_data
oshae_brissett_2024_PHI,PHI,2024-25,Oshae Brissett,new_team,team_change,3,NA,missing_data
reggie_jackson_2024_PHI,PHI,2024-25,Reggie Jackson,new_team,team_change,3,NA,missing_data
ricky_council_2024_PHI,PHI,2024-25,Ricky Council IV,re_signed_standard,roster_continuity,3,NA,missing_data
devin_booker_2017_PHX,PHX,2017-18,Devin Booker,re_signed_standard,roster_continuity,3,3.7193852789903374,complete
alex_len_2017_PHX,PHX,2017-18,Alex Len,re_signed_standard,roster_continuity,3,2.836571895266832,complete
dragan_bender_2017_PHX,PHX,2017-18,Dragan Bender,re_signed_standard,roster_continuity,3,1.28587219343696,complete
marquese_chriss_2017_PHX,PHX,2017-18,Marquese Chriss,re_signed_standard,roster_continuity,3,0.8933529195739995,complete
tj_warren_2017_PHX,PHX,2017-18,T.J. Warren,re_signed_standard,roster_continuity,3,0.6797785018806785,complete
elfrid_payton_2017_PHX,PHX,2017-18,Elfrid Payton,new_team,team_change,3,-0.3492045613064749,complete
troy_daniels_2017_PHX,PHX,2017-18,Troy Daniels,new_team,team_change,3,-1.1416609471516816,complete
tyson_chandler_2017_PHX,PHX,2017-18,Tyson Chandler,re_signed_standard,roster_continuity,3,-1.2255022837542668,complete
isaiah_canaan_2017_PHX,PHX,2017-18,Isaiah Canaan,new_team,team_change,3,-1.4917122752150114,complete
jared_dudley_2017_PHX,PHX,2017-18,Jared Dudley,re_signed_standard,roster_continuity,3,-1.5976637815477743,complete
tyler_ulis_2017_PHX,PHX,2017-18,Tyler Ulis,re_signed_standard,roster_continuity,3,-2.0000000000000004,complete
alan_williams_2017_PHX,PHX,2017-18,Alan Williams,re_signed_standard,roster_continuity,3,NA,missing_data
devin_booker_2018_PHX,PHX,2018-19,Devin Booker,re_signed_standard,roster_continuity,3,1.9664801358810833,complete
tj_warren_2018_PHX,PHX,2018-19,T.J. Warren,re_signed_standard,roster_continuity,3,1.2547713534135845,complete
kelly_oubre_2018_PHX,PHX,2018-19,Kelly Oubre Jr.,new_team,team_change,3,1.1586059820789174,complete
josh_jackson_2018_PHX,PHX,2018-19,Josh Jackson,re_signed_standard,roster_continuity,3,0.3034949267192788,complete
dragan_bender_2018_PHX,PHX,2018-19,Dragan Bender,re_signed_standard,roster_continuity,3,-0.09595157018539437,complete
richaun_holmes_2018_PHX,PHX,2018-19,Richaun Holmes,new_team,team_change,3,-0.320412603415582,complete
troy_daniels_2018_PHX,PHX,2018-19,Troy Daniels,re_signed_standard,roster_continuity,3,-1.1079857397504456,complete
jamal_crawford_2018_PHX,PHX,2018-19,Jamal Crawford,new_team,team_change,3,-1.713228346456693,complete
tyler_johnson_2018_PHX,PHX,2018-19,Tyler Johnson,new_team,team_change,3,-2.2841829408595107,complete
quincy_acy_2018_PHX,PHX,2018-19,Quincy Acy,new_team,team_change,3,NA,missing_data
elie_okobo_2019_PHX,PHX,2019-20,Elie Okobo,re_signed_standard,roster_continuity,3,3.8,complete
jevon_carter_2019_PHX,PHX,2019-20,Jevon Carter,new_team,team_change,3,3.584924035839501,complete
mikal_bridges_2019_PHX,PHX,2019-20,Mikal Bridges,re_signed_standard,roster_continuity,3,3.5255107675317507,complete
cameron_payne_2019_PHX,PHX,2019-20,Cameron Payne,new_team,team_change,3,3.2497372750706734,complete
deandre_ayton_2019_PHX,PHX,2019-20,Deandre Ayton,re_signed_standard,roster_continuity,3,1.3459715639810426,complete
devin_booker_2019_PHX,PHX,2019-20,Devin Booker,re_signed_standard,roster_continuity,3,1.2654046626803446,complete
frank_kaminsky_2019_PHX,PHX,2019-20,Frank Kaminsky,new_team,team_change,3,0.4168476404401338,complete
kelly_oubre_2019_PHX,PHX,2019-20,Kelly Oubre Jr.,re_signed_standard,roster_continuity,3,0.2272574140426269,complete
aron_baynes_2019_PHX,PHX,2019-20,Aron Baynes,new_team,team_change,3,-0.3904973713568984,complete
ricky_rubio_2019_PHX,PHX,2019-20,Ricky Rubio,new_team,team_change,3,-0.5315935334732728,complete
dario_saric_2019_PHX,PHX,2019-20,Dario Saric,new_team,team_change,3,-0.902813876982516,complete
cheick_diallo_2019_PHX,PHX,2019-20,Cheick Diallo,new_team,team_change,3,NA,missing_data
jonah_bolden_2019_PHX,PHX,2019-20,Jonah Bolden,new_team,team_change,3,NA,missing_data
mikal_bridges_2020_PHX,PHX,2020-21,Mikal Bridges,re_signed_standard,roster_continuity,3,2.626075642991798,complete
cameron_johnson_2020_PHX,PHX,2020-21,Cameron Johnson,re_signed_standard,roster_continuity,3,1.418048557031608,complete
frank_kaminsky_2020_PHX,PHX,2020-21,Frank Kaminsky,re_signed_standard,roster_continuity,3,1.4057441253263707,complete
deandre_ayton_2020_PHX,PHX,2020-21,Deandre Ayton,re_signed_standard,roster_continuity,3,1.291044567043825,complete
torrey_craig_2020_PHX,PHX,2020-21,Torrey Craig,new_team,team_change,3,1.2106696594683084,complete
devin_booker_2020_PHX,PHX,2020-21,Devin Booker,re_signed_standard,roster_continuity,3,1.157008704216441,complete
jae_crowder_2020_PHX,PHX,2020-21,Jae Crowder,new_team,team_change,3,0.9855976243504084,complete
jevon_carter_2020_PHX,PHX,2020-21,Jevon Carter,re_signed_standard,roster_continuity,3,0.3517858893187409,complete
chris_paul_2020_PHX,PHX,2020-21,Chris Paul,new_team,team_change,3,0.27851766826645274,complete
dario_saric_2020_PHX,PHX,2020-21,Dario Saric,re_signed_standard,roster_continuity,3,-0.647441860465116,complete
abdel_nader_2020_PHX,PHX,2020-21,Abdel Nader,new_team,team_change,3,NA,missing_data
etwaun_moore_2020_PHX,PHX,2020-21,E'Twaun Moore,new_team,team_change,3,NA,missing_data
langston_galloway_2020_PHX,PHX,2020-21,Langston Galloway,new_team,team_change,3,NA,missing_data
devin_booker_2021_PHX,PHX,2021-22,Devin Booker,re_signed_standard,roster_continuity,3,2.4234419135133844,complete
cameron_johnson_2021_PHX,PHX,2021-22,Cameron Johnson,re_signed_standard,roster_continuity,3,1.828209352144031,complete
aaron_holiday_2021_PHX,PHX,2021-22,Aaron Holiday,new_team,team_change,3,0.9948325358851676,complete
bismack_biyombo_2021_PHX,PHX,2021-22,Bismack Biyombo,new_team,team_change,3,0.8795422224064517,complete
javale_mcgee_2021_PHX,PHX,2021-22,JaVale McGee,new_team,team_change,3,0.8,complete
deandre_ayton_2021_PHX,PHX,2021-22,Deandre Ayton,re_signed_standard,roster_continuity,3,0.3899242528697684,complete
landry_shamet_2021_PHX,PHX,2021-22,Landry Shamet,new_team,team_change,3,0.308637690389004,complete
torrey_craig_2021_PHX,PHX,2021-22,Torrey Craig,re_signed_standard,roster_continuity,3,-0.1930498062268673,complete
jae_crowder_2021_PHX,PHX,2021-22,Jae Crowder,re_signed_standard,roster_continuity,3,-0.7673884194463245,complete
chris_paul_2021_PHX,PHX,2021-22,Chris Paul,re_signed_standard,roster_continuity,3,-1.059176963107924,complete
mikal_bridges_2021_PHX,PHX,2021-22,Mikal Bridges,re_signed_standard,roster_continuity,3,-1.161244706190798,complete
elfrid_payton_2021_PHX,PHX,2021-22,Elfrid Payton,new_team,team_change,3,-1.8692307692307693,complete
cameron_payne_2021_PHX,PHX,2021-22,Cameron Payne,re_signed_standard,roster_continuity,3,-3.831267605633803,complete
chandler_hutchison_2021_PHX,PHX,2021-22,Chandler Hutchison,new_team,team_change,3,NA,missing_data
frank_kaminsky_2021_PHX,PHX,2021-22,Frank Kaminsky,re_signed_standard,roster_continuity,3,NA,missing_data
justin_jackson_2021_PHX,PHX,2021-22,Justin Jackson,new_team,team_change,3,NA,missing_data
josh_okogie_2022_PHX,PHX,2022-23,Josh Okogie,new_team,team_change,3,3.1831486050653837,complete
darius_bazley_2022_PHX,PHX,2022-23,Darius Bazley,new_team,team_change,3,2.024958768554151,complete
terrence_ross_2022_PHX,PHX,2022-23,Terrence Ross,new_team,team_change,3,0.9252951699463328,complete
bismack_biyombo_2022_PHX,PHX,2022-23,Bismack Biyombo,re_signed_standard,roster_continuity,3,0.08447913785961925,complete
devin_booker_2022_PHX,PHX,2022-23,Devin Booker,re_signed_supermax,supermax,3,0.0534236844639322,complete
jock_landale_2022_PHX,PHX,2022-23,Jock Landale,new_team,team_change,3,-0.02515611061552186,complete
torrey_craig_2022_PHX,PHX,2022-23,Torrey Craig,re_signed_standard,roster_continuity,3,-0.02641351925775992,complete
damion_lee_2022_PHX,PHX,2022-23,Damion Lee,new_team,team_change,3,-0.7166167023554604,complete
landry_shamet_2022_PHX,PHX,2022-23,Landry Shamet,re_signed_standard,roster_continuity,3,-0.7616929025131183,complete
deandre_ayton_2022_PHX,PHX,2022-23,Deandre Ayton,re_signed_standard,roster_continuity,3,-1.6130023861881813,complete
cameron_payne_2022_PHX,PHX,2022-23,Cameron Payne,re_signed_standard,roster_continuity,3,-2.2561362776515685,complete
kevin_durant_2022_PHX,PHX,2022-23,Kevin Durant,new_team,team_change,3,-2.698929845422117,complete
chris_paul_2022_PHX,PHX,2022-23,Chris Paul,re_signed_standard,roster_continuity,3,-3.3471635749735578,complete
duane_washington_2022_PHX,PHX,2022-23,Duane Washington Jr.,new_team,team_change,3,NA,missing_data
ish_wainright_2022_PHX,PHX,2022-23,Ish Wainright,re_signed_standard,roster_continuity,3,NA,missing_data
saben_lee_2022_PHX,PHX,2022-23,Saben Lee,new_team,team_change,3,NA,missing_data
grayson_allen_2023_PHX,PHX,2023-24,Grayson Allen,new_team,team_change,3,0.8218748256578703,complete
josh_okogie_2023_PHX,PHX,2023-24,Josh Okogie,re_signed_standard,roster_continuity,3,0.4941424178007482,complete
royce_oneale_2023_PHX,PHX,2023-24,Royce O'Neale,new_team,team_change,3,0.4391994952482353,complete
eric_gordon_2023_PHX,PHX,2023-24,Eric Gordon,new_team,team_change,3,0.4126302436694485,complete
jusuf_nurkic_2023_PHX,PHX,2023-24,Jusuf Nurkic,new_team,team_change,3,0.28969276094276103,complete
drew_eubanks_2023_PHX,PHX,2023-24,Drew Eubanks,new_team,team_change,3,-1.0480608292450808,complete
david_roddy_2023_PHX,PHX,2023-24,David Roddy,new_team,team_change,3,-1.1,complete
bradley_beal_2023_PHX,PHX,2023-24,Bradley Beal,new_team,team_change,3,-1.6735433598060234,complete
devin_booker_2023_PHX,PHX,2023-24,Devin Booker,re_signed_standard,roster_continuity,3,-2.359898438694067,complete
kevin_durant_2023_PHX,PHX,2023-24,Kevin Durant,re_signed_standard,roster_continuity,3,-3.2046870679413173,complete
bol_bol_2023_PHX,PHX,2023-24,Bol Bol,new_team,team_change,3,NA,missing_data
ish_wainright_2023_PHX,PHX,2023-24,Ish Wainright,re_signed_standard,roster_continuity,3,NA,missing_data
nassir_little_2023_PHX,PHX,2023-24,Nassir Little,new_team,team_change,3,NA,missing_data
thaddeus_young_2023_PHX,PHX,2023-24,Thaddeus Young,new_team,team_change,3,NA,missing_data
theo_maledon_2023_PHX,PHX,2023-24,Theo Maledon,new_team,team_change,3,NA,missing_data
udoka_azubuike_2023_PHX,PHX,2023-24,Udoka Azubuike,new_team,team_change,3,NA,missing_data
royce_oneale_2024_PHX,PHX,2024-25,Royce O'Neale,re_signed_standard,roster_continuity,3,1.035209174794781,complete
grayson_allen_2024_PHX,PHX,2024-25,Grayson Allen,re_signed_standard,roster_continuity,3,0.0969379388174243,complete
kevin_durant_2024_PHX,PHX,2024-25,Kevin Durant,re_signed_standard,roster_continuity,3,-1.238158738198481,complete
tyus_jones_2024_PHX,PHX,2024-25,Tyus Jones,new_team,team_change,3,-1.8270581691836651,complete
mason_plumlee_2024_PHX,PHX,2024-25,Mason Plumlee,new_team,team_change,3,-2.0587976539589445,complete
bradley_beal_2024_PHX,PHX,2024-25,Bradley Beal,re_signed_standard,roster_continuity,3,-2.1808720930232557,complete
devin_booker_2024_PHX,PHX,2024-25,Devin Booker,re_signed_standard,roster_continuity,3,-2.3324606158367,complete
vasilije_micic_2024_PHX,PHX,2024-25,Vasilije Micic,new_team,team_change,3,-2.4000000000000004,complete
nick_richards_2024_PHX,PHX,2024-25,Nick Richards,new_team,team_change,3,-2.411901892022571,complete
bol_bol_2024_PHX,PHX,2024-25,Bol Bol,re_signed_standard,roster_continuity,3,NA,missing_data
collin_gillespie_2024_PHX,PHX,2024-25,Collin Gillespie,new_team,team_change,3,NA,missing_data
jusuf_nurkic_2017_POR,POR,2017-18,Jusuf Nurkic,re_signed_standard,roster_continuity,3,3.262579247667348,complete
meyers_leonard_2017_POR,POR,2017-18,Meyers Leonard,re_signed_standard,roster_continuity,3,2.805098174880659,complete
damian_lillard_2017_POR,POR,2017-18,Damian Lillard,re_signed_standard,roster_continuity,3,2.307538637912957,complete
shabazz_napier_2017_POR,POR,2017-18,Shabazz Napier,re_signed_standard,roster_continuity,3,2.0800915766609913,complete
maurice_harkless_2017_POR,POR,2017-18,Maurice Harkless,re_signed_standard,roster_continuity,3,0.9893408770833774,complete
al-farouq_aminu_2017_POR,POR,2017-18,Al-Farouq Aminu,re_signed_standard,roster_continuity,3,0.9747227837965377,complete
ed_davis_2017_POR,POR,2017-18,Ed Davis,re_signed_standard,roster_continuity,3,-0.288296973789328,complete
cj_mccollum_2017_POR,POR,2017-18,CJ McCollum,re_signed_standard,roster_continuity,3,-0.73929052774103,complete
evan_turner_2017_POR,POR,2017-18,Evan Turner,re_signed_standard,roster_continuity,3,-0.9157578972348634,complete
brandon_rush_2017_POR,POR,2017-18,Brandon Rush,new_team,team_change,3,NA,missing_data
jake_layman_2017_POR,POR,2017-18,Jake Layman,re_signed_standard,roster_continuity,3,NA,missing_data
pat_connaughton_2017_POR,POR,2017-18,Pat Connaughton,re_signed_standard,roster_continuity,3,NA,missing_data
wade_baldwin_2017_POR,POR,2017-18,Wade Baldwin IV,new_team,team_change,3,NA,missing_data
jusuf_nurkic_2018_POR,POR,2018-19,Jusuf Nurkic,re_signed_standard,roster_continuity,3,3.689837775275136,complete
meyers_leonard_2018_POR,POR,2018-19,Meyers Leonard,re_signed_standard,roster_continuity,3,3.639853556485355,complete
zach_collins_2018_POR,POR,2018-19,Zach Collins,re_signed_standard,roster_continuity,3,3.0999999999999996,complete
skal_labissiere_2018_POR,POR,2018-19,Skal Labissiere,new_team,team_change,3,1.267818574514039,complete
evan_turner_2018_POR,POR,2018-19,Evan Turner,re_signed_standard,roster_continuity,3,1.2,complete
al-farouq_aminu_2018_POR,POR,2018-19,Al-Farouq Aminu,re_signed_standard,roster_continuity,3,0.9916775032509751,complete
damian_lillard_2018_POR,POR,2018-19,Damian Lillard,re_signed_standard,roster_continuity,3,0.6267894045038691,complete
cj_mccollum_2018_POR,POR,2018-19,CJ McCollum,re_signed_standard,roster_continuity,3,-0.07634164301053992,complete
maurice_harkless_2018_POR,POR,2018-19,Maurice Harkless,re_signed_standard,roster_continuity,3,-0.9176735662494688,complete
enes_freedom_2018_POR,POR,2018-19,Enes Freedom,new_team,team_change,3,-1.020400802182647,complete
rodney_hood_2018_POR,POR,2018-19,Rodney Hood,new_team,team_change,3,-2.505733178778634,complete
jake_layman_2018_POR,POR,2018-19,Jake Layman,re_signed_standard,roster_continuity,3,NA,missing_data
zach_collins_2019_POR,POR,2019-20,Zach Collins,re_signed_standard,roster_continuity,3,2.3492294877134525,complete
skal_labissiere_2019_POR,POR,2019-20,Skal Labissiere,re_signed_standard,roster_continuity,3,1.4,complete
cj_mccollum_2019_POR,POR,2019-20,CJ McCollum,re_signed_standard,roster_continuity,3,0.7296025144522469,complete
hassan_whiteside_2019_POR,POR,2019-20,Hassan Whiteside,new_team,team_change,3,-0.3720996902528504,complete
trevor_ariza_2019_POR,POR,2019-20,Trevor Ariza,new_team,team_change,3,-0.39887185607675774,complete
jusuf_nurkic_2019_POR,POR,2019-20,Jusuf Nurkic,re_signed_standard,roster_continuity,3,-0.7107678482504509,complete
damian_lillard_2019_POR,POR,2019-20,Damian Lillard,re_signed_supermax,supermax,3,-0.8776781067802739,complete
mario_hezonja_2019_POR,POR,2019-20,Mario Hezonja,new_team,team_change,3,-1.0099196646873907,complete
rodney_hood_2019_POR,POR,2019-20,Rodney Hood,re_signed_standard,roster_continuity,3,-2.806989503391531,complete
anfernee_simons_2019_POR,POR,2019-20,Anfernee Simons,re_signed_standard,roster_continuity,3,NA,missing_data
caleb_swanigan_2019_POR,POR,2019-20,Caleb Swanigan,new_team,team_change,3,NA,missing_data
pau_gasol_2019_POR,POR,2019-20,Pau Gasol,new_team,team_change,3,NA,missing_data
anfernee_simons_2020_POR,POR,2020-21,Anfernee Simons,re_signed_standard,roster_continuity,3,3.557949959644875,complete
carmelo_anthony_2020_POR,POR,2020-21,Carmelo Anthony,re_signed_standard,roster_continuity,3,2.8088716623600343,complete
nassir_little_2020_POR,POR,2020-21,Nassir Little,re_signed_standard,roster_continuity,3,1.214792899408284,complete
cj_mccollum_2020_POR,POR,2020-21,CJ McCollum,re_signed_standard,roster_continuity,3,1.203921711105277,complete
robert_covington_2020_POR,POR,2020-21,Robert Covington,new_team,team_change,3,-0.1407977032633645,complete
enes_freedom_2020_POR,POR,2020-21,Enes Freedom,new_team,team_change,3,-0.5873808616088448,complete
norman_powell_2020_POR,POR,2020-21,Norman Powell,new_team,team_change,3,-0.6580418227926146,complete
derrick_jones_2020_POR,POR,2020-21,Derrick Jones Jr.,new_team,team_change,3,-1.1210178476942487,complete
damian_lillard_2020_POR,POR,2020-21,Damian Lillard,re_signed_standard,roster_continuity,3,-1.258670315590721,complete
harry_giles_2020_POR,POR,2020-21,Harry Giles III,new_team,team_change,3,NA,missing_data
rondae_hollis_jefferson_2020_POR,POR,2020-21,Rondae Hollis Jefferson,new_team,team_change,3,NA,missing_data
tj_leaf_2020_POR,POR,2020-21,T.J. Leaf,new_team,team_change,3,NA,missing_data
dennis_smith_2021_POR,POR,2021-22,Dennis Smith Jr.,new_team,team_change,3,4.483608681567865,complete
anfernee_simons_2021_POR,POR,2021-22,Anfernee Simons,re_signed_standard,roster_continuity,3,2.388694804484278,complete
josh_hart_2021_POR,POR,2021-22,Josh Hart,new_team,team_change,3,1.2930141367017427,complete
nassir_little_2021_POR,POR,2021-22,Nassir Little,re_signed_standard,roster_continuity,3,0.921316870850029,complete
eric_bledsoe_2021_POR,POR,2021-22,Eric Bledsoe,new_team,team_change,3,-0.46483896726111257,complete
drew_eubanks_2021_POR,POR,2021-22,Drew Eubanks,new_team,team_change,3,-0.747223611805903,complete
ben_mclemore_2021_POR,POR,2021-22,Ben McLemore,new_team,team_change,3,-1.4809033280507131,complete
jusuf_nurkic_2021_POR,POR,2021-22,Jusuf Nurkic,re_signed_standard,roster_continuity,3,-1.9257923930269412,complete
damian_lillard_2021_POR,POR,2021-22,Damian Lillard,re_signed_standard,roster_continuity,3,-3.1217594665870534,complete
cj_elleby_2021_POR,POR,2021-22,CJ Elleby,re_signed_standard,roster_continuity,3,NA,missing_data
cody_zeller_2021_POR,POR,2021-22,Cody Zeller,new_team,team_change,3,NA,missing_data
elijah_hughes_2021_POR,POR,2021-22,Elijah Hughes,new_team,team_change,3,NA,missing_data
keljin_blevins_2021_POR,POR,2021-22,Keljin Blevins,re_signed_standard,roster_continuity,3,NA,missing_data
reggie_perry_2021_POR,POR,2021-22,Reggie Perry,new_team,team_change,3,NA,missing_data
keon_johnson_2022_POR,POR,2022-23,Keon Johnson,re_signed_standard,roster_continuity,3,2.6000000000000005,complete
justise_winslow_2022_POR,POR,2022-23,Justise Winslow,re_signed_standard,roster_continuity,3,0.600546021840874,complete
anfernee_simons_2022_POR,POR,2022-23,Anfernee Simons,re_signed_standard,roster_continuity,3,0.4382941820249979,complete
drew_eubanks_2022_POR,POR,2022-23,Drew Eubanks,re_signed_standard,roster_continuity,3,0.3666128893969707,complete
trendon_watford_2022_POR,POR,2022-23,Trendon Watford,re_signed_standard,roster_continuity,3,-0.12511013215859013,complete
jusuf_nurkic_2022_POR,POR,2022-23,Jusuf Nurkic,re_signed_standard,roster_continuity,3,-0.8571706974074735,complete
cam_reddish_2022_POR,POR,2022-23,Cam Reddish,new_team,team_change,3,-1.0536087418838682,complete
nassir_little_2022_POR,POR,2022-23,Nassir Little,re_signed_standard,roster_continuity,3,-1.1185185185185187,complete
matisse_thybulle_2022_POR,POR,2022-23,Matisse Thybulle,new_team,team_change,3,-1.3393601204493246,complete
jerami_grant_2022_POR,POR,2022-23,Jerami Grant,new_team,team_change,3,-1.6933800047204224,complete
greg_brown_2022_POR,POR,2022-23,Greg Brown III,re_signed_standard,roster_continuity,3,NA,missing_data
kevin_knox_2022_POR,POR,2022-23,Kevin Knox II,new_team,team_change,3,NA,missing_data
skylar_mays_2022_POR,POR,2022-23,Skylar Mays,new_team,team_change,3,NA,missing_data
jabari_walker_2023_POR,POR,2023-24,Jabari Walker,re_signed_standard,roster_continuity,3,3.525537215820616,complete
dalano_banton_2023_POR,POR,2023-24,Dalano Banton,new_team,team_change,3,2.0584217812644208,complete
shaedon_sharpe_2023_POR,POR,2023-24,Shaedon Sharpe,re_signed_standard,roster_continuity,3,1.6370556252613968,complete
anfernee_simons_2023_POR,POR,2023-24,Anfernee Simons,re_signed_standard,roster_continuity,3,0.9159102578872336,complete
matisse_thybulle_2023_POR,POR,2023-24,Matisse Thybulle,re_signed_standard,roster_continuity,3,0.1655112651646446,complete
jerami_grant_2023_POR,POR,2023-24,Jerami Grant,re_signed_standard,roster_continuity,3,-0.8797898903611664,complete
malcolm_brogdon_2023_POR,POR,2023-24,Malcolm Brogdon,new_team,team_change,3,-1.76710657345471,complete
deandre_ayton_2023_POR,POR,2023-24,Deandre Ayton,new_team,team_change,3,-2.18697650873244,complete
moses_brown_2023_POR,POR,2023-24,Moses Brown,new_team,team_change,3,NA,missing_data
deni_avdija_2024_POR,POR,2024-25,Deni Avdija,new_team,team_change,3,4.770798285259538,complete
scoot_henderson_2024_POR,POR,2024-25,Scoot Henderson,re_signed_standard,roster_continuity,3,3.5999999999999996,complete
bryce_mcgowens_2024_POR,POR,2024-25,Bryce McGowens,new_team,team_change,3,2.6186938286399037,complete
toumani_camara_2024_POR,POR,2024-25,Toumani Camara,re_signed_standard,roster_continuity,3,2.5344004546315597,complete
jabari_walker_2024_POR,POR,2024-25,Jabari Walker,re_signed_standard,roster_continuity,3,2.289217721758135,complete
shaedon_sharpe_2024_POR,POR,2024-25,Shaedon Sharpe,re_signed_standard,roster_continuity,3,1.7739138002213537,complete
rayan_rupert_2024_POR,POR,2024-25,Rayan Rupert,re_signed_standard,roster_continuity,3,1.6000000000000003,complete
kris_murray_2024_POR,POR,2024-25,Kris Murray,re_signed_standard,roster_continuity,3,1.4426042983565108,complete
dalano_banton_2024_POR,POR,2024-25,Dalano Banton,re_signed_standard,roster_continuity,3,0.5,complete
anfernee_simons_2024_POR,POR,2024-25,Anfernee Simons,re_signed_standard,roster_continuity,3,0.4520117239541701,complete
jerami_grant_2024_POR,POR,2024-25,Jerami Grant,re_signed_standard,roster_continuity,3,-0.6023992877178895,complete
deandre_ayton_2024_POR,POR,2024-25,Deandre Ayton,re_signed_standard,roster_continuity,3,-1.4434845865158206,complete
duop_reath_2024_POR,POR,2024-25,Duop Reath,re_signed_standard,roster_continuity,3,NA,missing_data
justin_minaya_2024_POR,POR,2024-25,Justin Minaya,re_signed_standard,roster_continuity,3,NA,missing_data
matisse_thybulle_2024_POR,POR,2024-25,Matisse Thybulle,re_signed_standard,roster_continuity,3,NA,missing_data
buddy_hield_2017_SAC,SAC,2017-18,Buddy Hield,re_signed_standard,roster_continuity,3,3.4519474835886212,complete
willie_cauley-stein_2017_SAC,SAC,2017-18,Willie Cauley-Stein,re_signed_standard,roster_continuity,3,1.4605903777468734,complete
kosta_koufos_2017_SAC,SAC,2017-18,Kosta Koufos,re_signed_standard,roster_continuity,3,1.049008238593064,complete
iman_shumpert_2017_SAC,SAC,2017-18,Iman Shumpert,new_team,team_change,3,0.07636028281586205,complete
skal_labissiere_2017_SAC,SAC,2017-18,Skal Labissiere,re_signed_standard,roster_continuity,3,0.03929164360819026,complete
zach_randolph_2017_SAC,SAC,2017-18,Zach Randolph,new_team,team_change,3,-0.6060494476591267,complete
garrett_temple_2017_SAC,SAC,2017-18,Garrett Temple,re_signed_standard,roster_continuity,3,-0.6744818580601133,complete
vince_carter_2017_SAC,SAC,2017-18,Vince Carter,new_team,team_change,3,-1.989318035762207,complete
deaaron_fox_2018_SAC,SAC,2018-19,De'Aaron Fox,re_signed_standard,roster_continuity,3,5.877123552123552,complete
bogdan_bogdanovic_2018_SAC,SAC,2018-19,Bogdan Bogdanovic,re_signed_standard,roster_continuity,3,2.414587485053806,complete
ben_mclemore_2018_SAC,SAC,2018-19,Ben McLemore,new_team,team_change,3,2.336527500966461,complete
alec_burks_2018_SAC,SAC,2018-19,Alec Burks,new_team,team_change,3,1.6870747066648475,complete
nemanja_bjelica_2018_SAC,SAC,2018-19,Nemanja Bjelica,new_team,team_change,3,1.5820514360838152,complete
buddy_hield_2018_SAC,SAC,2018-19,Buddy Hield,re_signed_standard,roster_continuity,3,1.3384502276965489,complete
willie_cauley-stein_2018_SAC,SAC,2018-19,Willie Cauley-Stein,re_signed_standard,roster_continuity,3,0.9497123512161464,complete
yogi_ferrell_2018_SAC,SAC,2018-19,Yogi Ferrell,new_team,team_change,3,-0.2359682200907387,complete
harrison_barnes_2018_SAC,SAC,2018-19,Harrison Barnes,new_team,team_change,3,-0.23790459517527385,complete
kosta_koufos_2018_SAC,SAC,2018-19,Kosta Koufos,re_signed_standard,roster_continuity,3,-1.9395373665480429,complete
caleb_swanigan_2018_SAC,SAC,2018-19,Caleb Swanigan,new_team,team_change,3,NA,missing_data
corey_brewer_2018_SAC,SAC,2018-19,Corey Brewer,new_team,team_change,3,NA,missing_data
frank_mason_2018_SAC,SAC,2018-19,Frank Mason III,re_signed_standard,roster_continuity,3,NA,missing_data
bogdan_bogdanovic_2019_SAC,SAC,2019-20,Bogdan Bogdanovic,re_signed_standard,roster_continuity,3,2.7337645845225405,complete
deaaron_fox_2019_SAC,SAC,2019-20,De'Aaron Fox,re_signed_standard,roster_continuity,3,1.95661422796603,complete
harry_giles_2019_SAC,SAC,2019-20,Harry Giles III,re_signed_standard,roster_continuity,3,1.7,complete
jabari_parker_2019_SAC,SAC,2019-20,Jabari Parker,new_team,team_change,3,1.5891771382245643,complete
harrison_barnes_2019_SAC,SAC,2019-20,Harrison Barnes,re_signed_standard,roster_continuity,3,0.6215220512601067,complete
nemanja_bjelica_2019_SAC,SAC,2019-20,Nemanja Bjelica,re_signed_standard,roster_continuity,3,0.49041000360463327,complete
richaun_holmes_2019_SAC,SAC,2019-20,Richaun Holmes,new_team,team_change,3,-0.3603213497295533,complete
yogi_ferrell_2019_SAC,SAC,2019-20,Yogi Ferrell,re_signed_standard,roster_continuity,3,-0.40000000000000013,complete
alex_len_2019_SAC,SAC,2019-20,Alex Len,new_team,team_change,3,-0.5142734763468058,complete
cory_joseph_2019_SAC,SAC,2019-20,Cory Joseph,new_team,team_change,3,-1.004190209658059,complete
marvin_bagley_2019_SAC,SAC,2019-20,Marvin Bagley III,re_signed_standard,roster_continuity,3,-1.6927593818984548,complete
kent_bazemore_2019_SAC,SAC,2019-20,Kent Bazemore,new_team,team_change,3,-1.7375114066154451,complete
buddy_hield_2019_SAC,SAC,2019-20,Buddy Hield,re_signed_standard,roster_continuity,3,-1.9028054101542689,complete
damian_jones_2020_SAC,SAC,2020-21,Damian Jones,new_team,team_change,3,1.2054347826086955,complete
harrison_barnes_2020_SAC,SAC,2020-21,Harrison Barnes,re_signed_standard,roster_continuity,3,1.115541154314833,complete
delon_wright_2020_SAC,SAC,2020-21,Delon Wright,new_team,team_change,3,0.8393105529803699,complete
deaaron_fox_2020_SAC,SAC,2020-21,De'Aaron Fox,re_signed_standard,roster_continuity,3,-0.32026281117814315,complete
richaun_holmes_2020_SAC,SAC,2020-21,Richaun Holmes,re_signed_standard,roster_continuity,3,-0.6184369955731674,complete
buddy_hield_2020_SAC,SAC,2020-21,Buddy Hield,re_signed_standard,roster_continuity,3,-1.6066046730725945,complete
hassan_whiteside_2020_SAC,SAC,2020-21,Hassan Whiteside,new_team,team_change,3,-2.0654103703439857,complete
terence_davis_2020_SAC,SAC,2020-21,Terence Davis,new_team,team_change,3,-2.256425948592411,complete
maurice_harkless_2020_SAC,SAC,2020-21,Maurice Harkless,new_team,team_change,3,-3.485912836504421,complete
chimezie_metu_2020_SAC,SAC,2020-21,Chimezie Metu,new_team,team_change,3,NA,missing_data
chris_silva_2020_SAC,SAC,2020-21,Chris Silva,new_team,team_change,3,NA,missing_data
glenn_robinson_2020_SAC,SAC,2020-21,Glenn Robinson III,new_team,team_change,3,NA,missing_data
justin_james_2020_SAC,SAC,2020-21,Justin James,re_signed_standard,roster_continuity,3,NA,missing_data
domantas_sabonis_2021_SAC,SAC,2021-22,Domantas Sabonis,new_team,team_change,3,2.09231049588225,complete
damian_jones_2021_SAC,SAC,2021-22,Damian Jones,re_signed_standard,roster_continuity,3,1.7618549511854953,complete
donte_divincenzo_2021_SAC,SAC,2021-22,Donte DiVincenzo,new_team,team_change,3,0.6361428854913427,complete
trey_lyles_2021_SAC,SAC,2021-22,Trey Lyles,new_team,team_change,3,0.44355657026889894,complete
deaaron_fox_2021_SAC,SAC,2021-22,De'Aaron Fox,re_signed_standard,roster_continuity,3,-0.12594037336305397,complete
harrison_barnes_2021_SAC,SAC,2021-22,Harrison Barnes,re_signed_standard,roster_continuity,3,-0.23156328704877016,complete
terence_davis_2021_SAC,SAC,2021-22,Terence Davis,re_signed_standard,roster_continuity,3,-0.8903647018743255,complete
josh_jackson_2021_SAC,SAC,2021-22,Josh Jackson,new_team,team_change,3,-1.5,complete
maurice_harkless_2021_SAC,SAC,2021-22,Maurice Harkless,re_signed_standard,roster_continuity,3,-1.5467939972714864,complete
richaun_holmes_2021_SAC,SAC,2021-22,Richaun Holmes,re_signed_standard,roster_continuity,3,-2.218245198631939,complete
justin_holiday_2021_SAC,SAC,2021-22,Justin Holiday,new_team,team_change,3,-2.436006709042585,complete
alex_len_2021_SAC,SAC,2021-22,Alex Len,new_team,team_change,3,-2.5013853258081067,complete
chimezie_metu_2021_SAC,SAC,2021-22,Chimezie Metu,re_signed_standard,roster_continuity,3,NA,missing_data
kessler_edwards_2022_SAC,SAC,2022-23,Kessler Edwards,new_team,team_change,3,2.4,complete
domantas_sabonis_2022_SAC,SAC,2022-23,Domantas Sabonis,re_signed_standard,roster_continuity,3,1.9264374578884331,complete
deaaron_fox_2022_SAC,SAC,2022-23,De'Aaron Fox,re_signed_standard,roster_continuity,3,1.3448871946578778,complete
davion_mitchell_2022_SAC,SAC,2022-23,Davion Mitchell,re_signed_standard,roster_continuity,3,0.9442185792349722,complete
malik_monk_2022_SAC,SAC,2022-23,Malik Monk,new_team,team_change,3,0.8775611012059505,complete
chimezie_metu_2022_SAC,SAC,2022-23,Chimezie Metu,re_signed_standard,roster_continuity,3,0.7341085271317829,complete
kevin_huerter_2022_SAC,SAC,2022-23,Kevin Huerter,new_team,team_change,3,0.3147700343055451,complete
terence_davis_2022_SAC,SAC,2022-23,Terence Davis,re_signed_standard,roster_continuity,3,-0.0663354037267081,complete
trey_lyles_2022_SAC,SAC,2022-23,Trey Lyles,re_signed_standard,roster_continuity,3,-0.6230420884389984,complete
harrison_barnes_2022_SAC,SAC,2022-23,Harrison Barnes,re_signed_standard,roster_continuity,3,-1.155286676749622,complete
richaun_holmes_2022_SAC,SAC,2022-23,Richaun Holmes,re_signed_standard,roster_continuity,3,-1.3287687802393684,complete
alex_len_2022_SAC,SAC,2022-23,Alex Len,re_signed_standard,roster_continuity,3,NA,missing_data
kessler_edwards_2023_SAC,SAC,2023-24,Kessler Edwards,re_signed_standard,roster_continuity,3,2.4,complete
davion_mitchell_2023_SAC,SAC,2023-24,Davion Mitchell,re_signed_standard,roster_continuity,3,1.2805341586357182,complete
deaaron_fox_2023_SAC,SAC,2023-24,De'Aaron Fox,re_signed_standard,roster_continuity,3,0.7503767960944845,complete
domantas_sabonis_2023_SAC,SAC,2023-24,Domantas Sabonis,re_signed_standard,roster_continuity,3,0.35001534989013816,complete
harrison_barnes_2023_SAC,SAC,2023-24,Harrison Barnes,re_signed_standard,roster_continuity,3,-0.2703777982396009,complete
trey_lyles_2023_SAC,SAC,2023-24,Trey Lyles,re_signed_standard,roster_continuity,3,-0.27122099787262344,complete
malik_monk_2023_SAC,SAC,2023-24,Malik Monk,re_signed_standard,roster_continuity,3,-0.28995128576762397,complete
chris_duarte_2023_SAC,SAC,2023-24,Chris Duarte,new_team,team_change,3,-0.2905660377358492,complete
keegan_murray_2023_SAC,SAC,2023-24,Keegan Murray,re_signed_standard,roster_continuity,3,-0.8961609080287097,complete
kevin_huerter_2023_SAC,SAC,2023-24,Kevin Huerter,re_signed_standard,roster_continuity,3,-1.0597075817921362,complete
alex_len_2023_SAC,SAC,2023-24,Alex Len,re_signed_standard,roster_continuity,3,NA,missing_data
javale_mcgee_2023_SAC,SAC,2023-24,JaVale McGee,new_team,team_change,3,NA,missing_data
juan_toscano-anderson_2023_SAC,SAC,2023-24,Juan Toscano-Anderson,new_team,team_change,3,NA,missing_data
jake_laravia_2024_SAC,SAC,2024-25,Jake LaRavia,new_team,team_change,3,1.8538416422287392,complete
trey_lyles_2024_SAC,SAC,2024-25,Trey Lyles,re_signed_standard,roster_continuity,3,0.34814968814968816,complete
jonas_valanciunas_2024_SAC,SAC,2024-25,Jonas Valanciunas,new_team,team_change,3,-0.00936821992474046,complete
keon_ellis_2024_SAC,SAC,2024-25,Keon Ellis,re_signed_standard,roster_continuity,3,-0.33537653239929943,complete
keegan_murray_2024_SAC,SAC,2024-25,Keegan Murray,re_signed_standard,roster_continuity,3,-1.1933272157186434,complete
malik_monk_2024_SAC,SAC,2024-25,Malik Monk,re_signed_standard,roster_continuity,3,-1.4559228674377578,complete
domantas_sabonis_2024_SAC,SAC,2024-25,Domantas Sabonis,re_signed_standard,roster_continuity,3,-1.8286869928137408,complete
demar_derozan_2024_SAC,SAC,2024-25,DeMar DeRozan,new_team,team_change,3,-1.994586492682067,complete
daishen_nix_2024_SAC,SAC,2024-25,Daishen Nix,new_team,team_change,3,NA,missing_data
doug_mcdermott_2024_SAC,SAC,2024-25,Doug McDermott,new_team,team_change,3,NA,missing_data
jae_crowder_2024_SAC,SAC,2024-25,Jae Crowder,new_team,team_change,3,NA,missing_data
markelle_fultz_2024_SAC,SAC,2024-25,Markelle Fultz,new_team,team_change,3,NA,missing_data
terry_taylor_2024_SAC,SAC,2024-25,Terry Taylor,new_team,team_change,3,NA,missing_data
lamarcus_aldridge_2017_SAS,SAS,2017-18,LaMarcus Aldridge,re_signed_standard,roster_continuity,3,0.9192411856415652,complete
joffrey_lauvergne_2017_SAS,SAS,2017-18,Joffrey Lauvergne,new_team,team_change,3,0.8909450766947058,complete
danny_green_2017_SAS,SAS,2017-18,Danny Green,re_signed_standard,roster_continuity,3,0.09243195419209872,complete
kyle_anderson_2017_SAS,SAS,2017-18,Kyle Anderson,re_signed_standard,roster_continuity,3,0.03808502624329124,complete
davis_bertans_2017_SAS,SAS,2017-18,Davis Bertans,re_signed_standard,roster_continuity,3,-0.07147175075563839,complete
pau_gasol_2017_SAS,SAS,2017-18,Pau Gasol,re_signed_standard,roster_continuity,3,-1.126263399693722,complete
kawhi_leonard_2017_SAS,SAS,2017-18,Kawhi Leonard,re_signed_standard,roster_continuity,3,-1.2448801294083545,complete
tony_parker_2017_SAS,SAS,2017-18,Tony Parker,re_signed_standard,roster_continuity,3,-2.0267403383474196,complete
patty_mills_2017_SAS,SAS,2017-18,Patty Mills,re_signed_standard,roster_continuity,3,-2.038510240579093,complete
manu_ginobili_2017_SAS,SAS,2017-18,Manu Ginobili,re_signed_standard,roster_continuity,3,-3.728783505154639,complete
bryn_forbes_2017_SAS,SAS,2017-18,Bryn Forbes,re_signed_standard,roster_continuity,3,NA,missing_data
darrun_hilliard_2017_SAS,SAS,2017-18,Darrun Hilliard,new_team,team_change,3,NA,missing_data
dejounte_murray_2017_SAS,SAS,2017-18,Dejounte Murray,re_signed_standard,roster_continuity,3,NA,missing_data
jakob_poeltl_2018_SAS,SAS,2018-19,Jakob Poeltl,new_team,team_change,3,2.239377531489424,complete
bryn_forbes_2018_SAS,SAS,2018-19,Bryn Forbes,re_signed_standard,roster_continuity,3,1.4208763872942978,complete
dante_cunningham_2018_SAS,SAS,2018-19,Dante Cunningham,new_team,team_change,3,1.048645281843663,complete
patty_mills_2018_SAS,SAS,2018-19,Patty Mills,re_signed_standard,roster_continuity,3,-0.6920545881554153,complete
demar_derozan_2018_SAS,SAS,2018-19,DeMar DeRozan,new_team,team_change,3,-0.9534204819424364,complete
davis_bertans_2018_SAS,SAS,2018-19,Davis Bertans,re_signed_standard,roster_continuity,3,-0.9644084321124764,complete
lamarcus_aldridge_2018_SAS,SAS,2018-19,LaMarcus Aldridge,re_signed_standard,roster_continuity,3,-1.019557869254867,complete
rudy_gay_2018_SAS,SAS,2018-19,Rudy Gay,re_signed_standard,roster_continuity,3,-1.023193815178936,complete
marco_belinelli_2018_SAS,SAS,2018-19,Marco Belinelli,new_team,team_change,3,-1.240890204526346,complete
quincy_pondexter_2018_SAS,SAS,2018-19,Quincy Pondexter,new_team,team_change,3,NA,missing_data
demar_derozan_2019_SAS,SAS,2019-20,DeMar DeRozan,re_signed_standard,roster_continuity,3,0.5244534495794948,complete
jakob_poeltl_2019_SAS,SAS,2019-20,Jakob Poeltl,re_signed_standard,roster_continuity,3,0.3871341651511613,complete
derrick_white_2019_SAS,SAS,2019-20,Derrick White,re_signed_standard,roster_continuity,3,0.2219433198380566,complete
bryn_forbes_2019_SAS,SAS,2019-20,Bryn Forbes,re_signed_standard,roster_continuity,3,-0.35515234481681746,complete
trey_lyles_2019_SAS,SAS,2019-20,Trey Lyles,new_team,team_change,3,-0.35703328431823045,complete
patty_mills_2019_SAS,SAS,2019-20,Patty Mills,re_signed_standard,roster_continuity,3,-0.422246461555967,complete
marco_belinelli_2019_SAS,SAS,2019-20,Marco Belinelli,re_signed_standard,roster_continuity,3,-1.621052631578948,complete
rudy_gay_2019_SAS,SAS,2019-20,Rudy Gay,re_signed_standard,roster_continuity,3,-1.7670117875790727,complete
lamarcus_aldridge_2019_SAS,SAS,2019-20,LaMarcus Aldridge,re_signed_standard,roster_continuity,3,-1.9548005808865223,complete
chimezie_metu_2019_SAS,SAS,2019-20,Chimezie Metu,re_signed_standard,roster_continuity,3,NA,missing_data
drew_eubanks_2019_SAS,SAS,2019-20,Drew Eubanks,re_signed_standard,roster_continuity,3,NA,missing_data
gorgui_dieng_2020_SAS,SAS,2020-21,Gorgui Dieng,new_team,team_change,3,2.3362482369534554,complete
dejounte_murray_2020_SAS,SAS,2020-21,Dejounte Murray,re_signed_standard,roster_continuity,3,1.9868574604056688,complete
trey_lyles_2020_SAS,SAS,2020-21,Trey Lyles,re_signed_standard,roster_continuity,3,1.1485662379757422,complete
demar_derozan_2020_SAS,SAS,2020-21,DeMar DeRozan,re_signed_standard,roster_continuity,3,1.015379841561853,complete
lonnie_walker_2020_SAS,SAS,2020-21,Lonnie Walker IV,re_signed_standard,roster_continuity,3,0.9097946287519748,complete
keita_bates-diop_2020_SAS,SAS,2020-21,Keita Bates-Diop,new_team,team_change,3,0.8122156188551155,complete
derrick_white_2020_SAS,SAS,2020-21,Derrick White,re_signed_standard,roster_continuity,3,0.5024044087588013,complete
jakob_poeltl_2020_SAS,SAS,2020-21,Jakob Poeltl,re_signed_standard,roster_continuity,3,-0.7976155768608548,complete
patty_mills_2020_SAS,SAS,2020-21,Patty Mills,re_signed_standard,roster_continuity,3,-1.5207081731995111,complete
rudy_gay_2020_SAS,SAS,2020-21,Rudy Gay,re_signed_standard,roster_continuity,3,-1.8085160326342065,complete
dejounte_murray_2021_SAS,SAS,2021-22,Dejounte Murray,re_signed_standard,roster_continuity,3,1.9523094511798829,complete
lonnie_walker_2021_SAS,SAS,2021-22,Lonnie Walker IV,re_signed_standard,roster_continuity,3,1.7689279616228968,complete
devin_vassell_2021_SAS,SAS,2021-22,Devin Vassell,re_signed_standard,roster_continuity,3,1.4072720492261794,complete
josh_richardson_2021_SAS,SAS,2021-22,Josh Richardson,new_team,team_change,3,1.0139276261961254,complete
keldon_johnson_2021_SAS,SAS,2021-22,Keldon Johnson,re_signed_standard,roster_continuity,3,0.3103034036654859,complete
keita_bates-diop_2021_SAS,SAS,2021-22,Keita Bates-Diop,re_signed_standard,roster_continuity,3,0.09082628497072198,complete
jakob_poeltl_2021_SAS,SAS,2021-22,Jakob Poeltl,re_signed_standard,roster_continuity,3,0.02151277243217442,complete
doug_mcdermott_2021_SAS,SAS,2021-22,Doug McDermott,new_team,team_change,3,-2.678974587231616,complete
devontae_cacok_2021_SAS,SAS,2021-22,Devontae Cacok,new_team,team_change,3,NA,missing_data
tre_jones_2021_SAS,SAS,2021-22,Tre Jones,re_signed_standard,roster_continuity,3,NA,missing_data
tyler_johnson_2021_SAS,SAS,2021-22,Tyler Johnson,new_team,team_change,3,NA,missing_data
zach_collins_2021_SAS,SAS,2021-22,Zach Collins,new_team,team_change,3,NA,missing_data
keita_bates-diop_2022_SAS,SAS,2022-23,Keita Bates-Diop,re_signed_standard,roster_continuity,3,1.8743504959848845,complete
devin_vassell_2022_SAS,SAS,2022-23,Devin Vassell,re_signed_standard,roster_continuity,3,0.5366649994993556,complete
tre_jones_2022_SAS,SAS,2022-23,Tre Jones,re_signed_standard,roster_continuity,3,0.20525164113785552,complete
devonte_graham_2022_SAS,SAS,2022-23,Devonte' Graham,new_team,team_change,3,0.16189479193928294,complete
keldon_johnson_2022_SAS,SAS,2022-23,Keldon Johnson,re_signed_standard,roster_continuity,3,-0.7072747551173936,complete
doug_mcdermott_2022_SAS,SAS,2022-23,Doug McDermott,re_signed_standard,roster_continuity,3,-1.8638864475860923,complete
romeo_langford_2022_SAS,SAS,2022-23,Romeo Langford,re_signed_standard,roster_continuity,3,-2.8000000000000003,complete
charles_bassey_2022_SAS,SAS,2022-23,Charles Bassey,new_team,team_change,3,NA,missing_data
gorgui_dieng_2022_SAS,SAS,2022-23,Gorgui Dieng,new_team,team_change,3,NA,missing_data
isaiah_roby_2022_SAS,SAS,2022-23,Isaiah Roby,new_team,team_change,3,NA,missing_data
joshua_primo_2022_SAS,SAS,2022-23,Joshua Primo,re_signed_standard,roster_continuity,3,NA,missing_data
sandro_mamukelashvili_2022_SAS,SAS,2022-23,Sandro Mamukelashvili,new_team,team_change,3,NA,missing_data
stanley_johnson_2022_SAS,SAS,2022-23,Stanley Johnson,new_team,team_change,3,NA,missing_data
blake_wesley_2023_SAS,SAS,2023-24,Blake Wesley,re_signed_standard,roster_continuity,3,5.512379730596535,complete
sandro_mamukelashvili_2023_SAS,SAS,2023-24,Sandro Mamukelashvili,re_signed_standard,roster_continuity,3,5.059991776315789,complete
jeremy_sochan_2023_SAS,SAS,2023-24,Jeremy Sochan,re_signed_standard,roster_continuity,3,1.4436322743885297,complete
tre_jones_2023_SAS,SAS,2023-24,Tre Jones,re_signed_standard,roster_continuity,3,1.3964802629388584,complete
keldon_johnson_2023_SAS,SAS,2023-24,Keldon Johnson,re_signed_standard,roster_continuity,3,0.292338173509765,complete
devin_vassell_2023_SAS,SAS,2023-24,Devin Vassell,re_signed_standard,roster_continuity,3,-0.02510213400011515,complete
malaki_branham_2023_SAS,SAS,2023-24,Malaki Branham,re_signed_standard,roster_continuity,3,-0.39999999999999947,complete
zach_collins_2023_SAS,SAS,2023-24,Zach Collins,re_signed_standard,roster_continuity,3,-1.0193367958449862,complete
cedi_osman_2023_SAS,SAS,2023-24,Cedi Osman,new_team,team_change,3,-1.8371428571428572,complete
david_duke_2023_SAS,SAS,2023-24,David Duke Jr.,new_team,team_change,3,NA,missing_data
devonte_graham_2023_SAS,SAS,2023-24,Devonte' Graham,re_signed_standard,roster_continuity,3,NA,missing_data
sandro_mamukelashvili_2024_SAS,SAS,2024-25,Sandro Mamukelashvili,re_signed_standard,roster_continuity,3,5.059991776315789,complete
victor_wembanyama_2024_SAS,SAS,2024-25,Victor Wembanyama,re_signed_standard,roster_continuity,3,3.6098143236074263,complete
jeremy_sochan_2024_SAS,SAS,2024-25,Jeremy Sochan,re_signed_standard,roster_continuity,3,2.439605587510272,complete
blake_wesley_2024_SAS,SAS,2024-25,Blake Wesley,re_signed_standard,roster_continuity,3,2.2248543689320384,complete
julian_champagnie_2024_SAS,SAS,2024-25,Julian Champagnie,re_signed_standard,roster_continuity,3,2.0574082896617436,complete
keldon_johnson_2024_SAS,SAS,2024-25,Keldon Johnson,re_signed_standard,roster_continuity,3,1.4246446276594673,complete
harrison_barnes_2024_SAS,SAS,2024-25,Harrison Barnes,new_team,team_change,3,1.3306054176962374,complete
devin_vassell_2024_SAS,SAS,2024-25,Devin Vassell,re_signed_standard,roster_continuity,3,-0.4254182835620218,complete
deaaron_fox_2024_SAS,SAS,2024-25,De'Aaron Fox,new_team,team_change,3,-1.3064098525537424,complete
chris_paul_2024_SAS,SAS,2024-25,Chris Paul,new_team,team_change,3,-1.4151461988304093,complete
bismack_biyombo_2024_SAS,SAS,2024-25,Bismack Biyombo,new_team,team_change,3,-1.5123123123123126,complete
jordan_mclaughlin_2024_SAS,SAS,2024-25,Jordan McLaughlin,new_team,team_change,3,NA,missing_data
malaki_branham_2024_SAS,SAS,2024-25,Malaki Branham,re_signed_standard,roster_continuity,3,NA,missing_data
jakob_poeltl_2017_TOR,TOR,2017-18,Jakob Poeltl,re_signed_standard,roster_continuity,3,4.633039314516129,complete
pascal_siakam_2017_TOR,TOR,2017-18,Pascal Siakam,re_signed_standard,roster_continuity,3,4.30877386776077,complete
jonas_valanciunas_2017_TOR,TOR,2017-18,Jonas Valanciunas,re_signed_standard,roster_continuity,3,1.5685347781340044,complete
serge_ibaka_2017_TOR,TOR,2017-18,Serge Ibaka,re_signed_standard,roster_continuity,3,0.31660593883043625,complete
norman_powell_2017_TOR,TOR,2017-18,Norman Powell,re_signed_standard,roster_continuity,3,0.1825621942113329,complete
demar_derozan_2017_TOR,TOR,2017-18,DeMar DeRozan,re_signed_standard,roster_continuity,3,-0.8039948707360485,complete
cj_miles_2017_TOR,TOR,2017-18,CJ Miles,new_team,team_change,3,-1.4490652074783403,complete
kyle_lowry_2017_TOR,TOR,2017-18,Kyle Lowry,re_signed_standard,roster_continuity,3,-2.2881623785230594,complete
delon_wright_2017_TOR,TOR,2017-18,Delon Wright,re_signed_standard,roster_continuity,3,NA,missing_data
fred_vanvleet_2017_TOR,TOR,2017-18,Fred VanVleet,re_signed_standard,roster_continuity,3,NA,missing_data
lucas_nogueira_2017_TOR,TOR,2017-18,Lucas Nogueira,re_signed_standard,roster_continuity,3,NA,missing_data
malachi_richardson_2017_TOR,TOR,2017-18,Malachi Richardson,new_team,team_change,3,NA,missing_data
norman_powell_2018_TOR,TOR,2018-19,Norman Powell,re_signed_standard,roster_continuity,3,2.183358743358743,complete
pascal_siakam_2018_TOR,TOR,2018-19,Pascal Siakam,re_signed_standard,roster_continuity,3,1.6806766205300083,complete
patrick_mccaw_2018_TOR,TOR,2018-19,Patrick McCaw,new_team,team_change,3,1.4028009828009822,complete
danny_green_2018_TOR,TOR,2018-19,Danny Green,new_team,team_change,3,0.9324496610389168,complete
og_anunoby_2018_TOR,TOR,2018-19,O.G. Anunoby,re_signed_standard,roster_continuity,3,0.796660482374768,complete
serge_ibaka_2018_TOR,TOR,2018-19,Serge Ibaka,re_signed_standard,roster_continuity,3,0.4168704816653601,complete
fred_vanvleet_2018_TOR,TOR,2018-19,Fred VanVleet,re_signed_standard,roster_continuity,3,-0.46101664578485746,complete
marc_gasol_2018_TOR,TOR,2018-19,Marc Gasol,new_team,team_change,3,-1.2385942088247863,complete
kyle_lowry_2018_TOR,TOR,2018-19,Kyle Lowry,re_signed_standard,roster_continuity,3,-3.195000499543722,complete
eric_moreland_2018_TOR,TOR,2018-19,Eric Moreland,new_team,team_change,3,NA,missing_data
jodie_meeks_2018_TOR,TOR,2018-19,Jodie Meeks,new_team,team_change,3,NA,missing_data
malachi_richardson_2018_TOR,TOR,2018-19,Malachi Richardson,re_signed_standard,roster_continuity,3,NA,missing_data
norman_powell_2019_TOR,TOR,2019-20,Norman Powell,re_signed_standard,roster_continuity,3,2.429551451750185,complete
og_anunoby_2019_TOR,TOR,2019-20,O.G. Anunoby,re_signed_standard,roster_continuity,3,2.427604895188718,complete
fred_vanvleet_2019_TOR,TOR,2019-20,Fred VanVleet,re_signed_standard,roster_continuity,3,1.6114505000988957,complete
pascal_siakam_2019_TOR,TOR,2019-20,Pascal Siakam,re_signed_standard,roster_continuity,3,0.19196362338118456,complete
stanley_johnson_2019_TOR,TOR,2019-20,Stanley Johnson,new_team,team_change,3,0.0232112001473701,complete
serge_ibaka_2019_TOR,TOR,2019-20,Serge Ibaka,re_signed_standard,roster_continuity,3,0.00428549563835252,complete
marc_gasol_2019_TOR,TOR,2019-20,Marc Gasol,re_signed_standard,roster_continuity,3,-0.7796101888675993,complete
kyle_lowry_2019_TOR,TOR,2019-20,Kyle Lowry,re_signed_standard,roster_continuity,3,-1.519302165772551,complete
chris_boucher_2019_TOR,TOR,2019-20,Chris Boucher,re_signed_standard,roster_continuity,3,NA,missing_data
fred_vanvleet_2020_TOR,TOR,2020-21,Fred VanVleet,re_signed_standard,roster_continuity,3,1.2426119577635624,complete
deandre_bembry_2020_TOR,TOR,2020-21,DeAndre' Bembry,new_team,team_change,3,1.1483666027235948,complete
og_anunoby_2020_TOR,TOR,2020-21,OG Anunoby,re_signed_standard,roster_continuity,3,0.8618128840591222,complete
pascal_siakam_2020_TOR,TOR,2020-21,Pascal Siakam,re_signed_standard,roster_continuity,3,0.47668267365049655,complete
khem_birch_2020_TOR,TOR,2020-21,Khem Birch,new_team,team_change,3,-0.19708162178609467,complete
gary_trent_2020_TOR,TOR,2020-21,Gary Trent Jr.,new_team,team_change,3,-0.20744346733668337,complete
stanley_johnson_2020_TOR,TOR,2020-21,Stanley Johnson,re_signed_standard,roster_continuity,3,-0.4041904761904762,complete
chris_boucher_2020_TOR,TOR,2020-21,Chris Boucher,re_signed_standard,roster_continuity,3,-0.9687955422203174,complete
kyle_lowry_2020_TOR,TOR,2020-21,Kyle Lowry,re_signed_standard,roster_continuity,3,-1.4226620021841785,complete
aron_baynes_2020_TOR,TOR,2020-21,Aron Baynes,new_team,team_change,3,-3.2660968660968663,complete
precious_achiuwa_2021_TOR,TOR,2021-22,Precious Achiuwa,new_team,team_change,3,2.01031410113611,complete
pascal_siakam_2021_TOR,TOR,2021-22,Pascal Siakam,re_signed_standard,roster_continuity,3,1.5138529986792306,complete
gary_trent_2021_TOR,TOR,2021-22,Gary Trent Jr.,re_signed_standard,roster_continuity,3,0.7988705309197314,complete
fred_vanvleet_2021_TOR,TOR,2021-22,Fred VanVleet,re_signed_standard,roster_continuity,3,0.5663168259484115,complete
khem_birch_2021_TOR,TOR,2021-22,Khem Birch,re_signed_standard,roster_continuity,3,0.22664218686250504,complete
yuta_watanabe_2021_TOR,TOR,2021-22,Yuta Watanabe,re_signed_standard,roster_continuity,3,0.09999999999999998,complete
thaddeus_young_2021_TOR,TOR,2021-22,Thaddeus Young,new_team,team_change,3,0.0896902709776406,complete
malachi_flynn_2021_TOR,TOR,2021-22,Malachi Flynn,re_signed_standard,roster_continuity,3,-0.04534220532319377,complete
svi_mykhailiuk_2021_TOR,TOR,2021-22,Svi Mykhailiuk,new_team,team_change,3,-0.6420239474700655,complete
og_anunoby_2021_TOR,TOR,2021-22,OG Anunoby,re_signed_standard,roster_continuity,3,-1.0629298486932597,complete
chris_boucher_2021_TOR,TOR,2021-22,Chris Boucher,re_signed_standard,roster_continuity,3,-3.1330155287262107,complete
daniel_oturu_2021_TOR,TOR,2021-22,Daniel Oturu,new_team,team_change,3,NA,missing_data
dj_wilson_2021_TOR,TOR,2021-22,D.J. Wilson,new_team,team_change,3,NA,missing_data
isaac_bonga_2021_TOR,TOR,2021-22,Isaac Bonga,new_team,team_change,3,NA,missing_data
dalano_banton_2022_TOR,TOR,2022-23,Dalano Banton,re_signed_standard,roster_continuity,3,2.0584217812644208,complete
precious_achiuwa_2022_TOR,TOR,2022-23,Precious Achiuwa,re_signed_standard,roster_continuity,3,1.2395183195347108,complete
scottie_barnes_2022_TOR,TOR,2022-23,Scottie Barnes,re_signed_standard,roster_continuity,3,1.118621488560672,complete
jakob_poeltl_2022_TOR,TOR,2022-23,Jakob Poeltl,new_team,team_change,3,0.3989280490236031,complete
pascal_siakam_2022_TOR,TOR,2022-23,Pascal Siakam,re_signed_standard,roster_continuity,3,-0.07827476682346157,complete
juancho_hernangomez_2022_TOR,TOR,2022-23,Juancho Hernangomez,new_team,team_change,3,-0.3999999999999999,complete
gary_trent_2022_TOR,TOR,2022-23,Gary Trent Jr.,re_signed_standard,roster_continuity,3,-0.43718567860116586,complete
og_anunoby_2022_TOR,TOR,2022-23,OG Anunoby,re_signed_standard,roster_continuity,3,-0.5483636630828865,complete
fred_vanvleet_2022_TOR,TOR,2022-23,Fred VanVleet,re_signed_standard,roster_continuity,3,-0.7522458301958981,complete
malachi_flynn_2022_TOR,TOR,2022-23,Malachi Flynn,re_signed_standard,roster_continuity,3,-0.8410512032513595,complete
chris_boucher_2022_TOR,TOR,2022-23,Chris Boucher,re_signed_standard,roster_continuity,3,-1.3748849191762245,complete
will_barton_2022_TOR,TOR,2022-23,Will Barton,new_team,team_change,3,-1.4943683030152008,complete
thaddeus_young_2022_TOR,TOR,2022-23,Thaddeus Young,re_signed_standard,roster_continuity,3,-2.8277533039647573,complete
joe_wieskamp_2022_TOR,TOR,2022-23,Joe Wieskamp,new_team,team_change,3,NA,missing_data
khem_birch_2022_TOR,TOR,2022-23,Khem Birch,re_signed_standard,roster_continuity,3,NA,missing_data
otto_porter_2022_TOR,TOR,2022-23,Otto Porter Jr.,new_team,team_change,3,NA,missing_data
scottie_barnes_2023_TOR,TOR,2023-24,Scottie Barnes,re_signed_standard,roster_continuity,3,2.8453681345963733,complete
rj_barrett_2023_TOR,TOR,2023-24,RJ Barrett,new_team,team_change,3,2.3581926392707175,complete
immanuel_quickley_2023_TOR,TOR,2023-24,Immanuel Quickley,new_team,team_change,3,0.8908901920569265,complete
jordan_nwora_2023_TOR,TOR,2023-24,Jordan Nwora,new_team,team_change,3,0.5987357774968394,complete
chris_boucher_2023_TOR,TOR,2023-24,Chris Boucher,re_signed_standard,roster_continuity,3,0.4951852626465036,complete
kelly_olynyk_2023_TOR,TOR,2023-24,Kelly Olynyk,new_team,team_change,3,0.22063130151027077,complete
ochai_agbaji_2023_TOR,TOR,2023-24,Ochai Agbaji,new_team,team_change,3,0.1675396278428667,complete
jakob_poeltl_2023_TOR,TOR,2023-24,Jakob Poeltl,re_signed_standard,roster_continuity,3,-0.27094642636214705,complete
bruce_brown_2023_TOR,TOR,2023-24,Bruce Brown,new_team,team_change,3,-3.0457127565991167,complete
gary_trent_2023_TOR,TOR,2023-24,Gary Trent Jr.,re_signed_standard,roster_continuity,3,-3.1728343465045596,complete
jalen_mcdaniels_2023_TOR,TOR,2023-24,Jalen McDaniels,new_team,team_change,3,-6.836253561253561,complete
garrett_temple_2023_TOR,TOR,2023-24,Garrett Temple,new_team,team_change,3,NA,missing_data
chris_boucher_2024_TOR,TOR,2024-25,Chris Boucher,re_signed_standard,roster_continuity,3,2.9062836624775583,complete
rj_barrett_2024_TOR,TOR,2024-25,RJ Barrett,re_signed_standard,roster_continuity,3,2.5278024680051607,complete
gradey_dick_2024_TOR,TOR,2024-25,Gradey Dick,re_signed_standard,roster_continuity,3,2.0391861341371516,complete
ochai_agbaji_2024_TOR,TOR,2024-25,Ochai Agbaji,re_signed_standard,roster_continuity,3,1.9221450861667448,complete
scottie_barnes_2024_TOR,TOR,2024-25,Scottie Barnes,re_signed_standard,roster_continuity,3,1.554170903479017,complete
immanuel_quickley_2024_TOR,TOR,2024-25,Immanuel Quickley,re_signed_standard,roster_continuity,3,0.8251099598511478,complete
jakob_poeltl_2024_TOR,TOR,2024-25,Jakob Poeltl,re_signed_standard,roster_continuity,3,0.4286742955580163,complete
brandon_ingram_2024_TOR,TOR,2024-25,Brandon Ingram,new_team,team_change,3,-1.0600022116221948,complete
aj_lawson_2024_TOR,TOR,2024-25,A.J. Lawson,new_team,team_change,3,NA,missing_data
bruno_fernando_2024_TOR,TOR,2024-25,Bruno Fernando,new_team,team_change,3,NA,missing_data
cole_swider_2024_TOR,TOR,2024-25,Cole Swider,new_team,team_change,3,NA,missing_data
eugene_omoruyi_2024_TOR,TOR,2024-25,Eugene Omoruyi,new_team,team_change,3,NA,missing_data
garrett_temple_2024_TOR,TOR,2024-25,Garrett Temple,re_signed_standard,roster_continuity,3,NA,missing_data
orlando_robinson_2024_TOR,TOR,2024-25,Orlando Robinson,new_team,team_change,3,NA,missing_data
jonas_jerebko_2017_UTA,UTA,2017-18,Jonas Jerebko,new_team,team_change,3,1.8903654485049832,complete
thabo_sefolosha_2017_UTA,UTA,2017-18,Thabo Sefolosha,new_team,team_change,3,1.5738734615700678,complete
dante_exum_2017_UTA,UTA,2017-18,Dante Exum,re_signed_standard,roster_continuity,3,1.1999999999999995,complete
alec_burks_2017_UTA,UTA,2017-18,Alec Burks,re_signed_standard,roster_continuity,3,0.8435013997299343,complete
rudy_gobert_2017_UTA,UTA,2017-18,Rudy Gobert,re_signed_standard,roster_continuity,3,0.744634726977802,complete
joe_ingles_2017_UTA,UTA,2017-18,Joe Ingles,re_signed_standard,roster_continuity,3,0.4539221220396559,complete
raul_neto_2017_UTA,UTA,2017-18,Raul Neto,re_signed_standard,roster_continuity,3,0.19999999999999996,complete
derrick_favors_2017_UTA,UTA,2017-18,Derrick Favors,re_signed_standard,roster_continuity,3,-0.03213936614009016,complete
ricky_rubio_2017_UTA,UTA,2017-18,Ricky Rubio,new_team,team_change,3,-0.8152975923562018,complete
jae_crowder_2017_UTA,UTA,2017-18,Jae Crowder,new_team,team_change,3,-2.3230428205937894,complete
georges_niang_2017_UTA,UTA,2017-18,Georges Niang,new_team,team_change,3,NA,missing_data
derrick_favors_2018_UTA,UTA,2018-19,Derrick Favors,re_signed_standard,roster_continuity,3,1.4823948940950578,complete
jae_crowder_2018_UTA,UTA,2018-19,Jae Crowder,re_signed_standard,roster_continuity,3,1.1057878173062696,complete
donovan_mitchell_2018_UTA,UTA,2018-19,Donovan Mitchell,re_signed_standard,roster_continuity,3,1.0997623644734886,complete
royce_oneale_2018_UTA,UTA,2018-19,Royce O'Neale,re_signed_standard,roster_continuity,3,0.7451434323100152,complete
rudy_gobert_2018_UTA,UTA,2018-19,Rudy Gobert,re_signed_standard,roster_continuity,3,0.652451616571371,complete
thabo_sefolosha_2018_UTA,UTA,2018-19,Thabo Sefolosha,re_signed_standard,roster_continuity,3,0.3282264779350539,complete
joe_ingles_2018_UTA,UTA,2018-19,Joe Ingles,re_signed_standard,roster_continuity,3,-0.22765616367807473,complete
kyle_korver_2018_UTA,UTA,2018-19,Kyle Korver,new_team,team_change,3,-0.3435299781005008,complete
ricky_rubio_2018_UTA,UTA,2018-19,Ricky Rubio,re_signed_standard,roster_continuity,3,-1.108860262442981,complete
ekpe_udoh_2018_UTA,UTA,2018-19,Ekpe Udoh,re_signed_standard,roster_continuity,3,NA,missing_data
raul_neto_2018_UTA,UTA,2018-19,Raul Neto,re_signed_standard,roster_continuity,3,NA,missing_data
tyler_cavanaugh_2018_UTA,UTA,2018-19,Tyler Cavanaugh,new_team,team_change,3,NA,missing_data
donovan_mitchell_2019_UTA,UTA,2019-20,Donovan Mitchell,re_signed_standard,roster_continuity,3,2.16402046495552,complete
royce_oneale_2019_UTA,UTA,2019-20,Royce O'Neale,re_signed_standard,roster_continuity,3,1.2752387845129782,complete
emmanuel_mudiay_2019_UTA,UTA,2019-20,Emmanuel Mudiay,new_team,team_change,3,0.9294179523141656,complete
jordan_clarkson_2019_UTA,UTA,2019-20,Jordan Clarkson,new_team,team_change,3,0.7775320000303009,complete
bojan_bogdanovic_2019_UTA,UTA,2019-20,Bojan Bogdanovic,new_team,team_change,3,-0.12060669243554152,complete
rudy_gobert_2019_UTA,UTA,2019-20,Rudy Gobert,re_signed_standard,roster_continuity,3,-0.22577531958016372,complete
joe_ingles_2019_UTA,UTA,2019-20,Joe Ingles,re_signed_standard,roster_continuity,3,-0.34993806295121166,complete
georges_niang_2019_UTA,UTA,2019-20,Georges Niang,re_signed_standard,roster_continuity,3,-0.9800419617099396,complete
mike_conley_2019_UTA,UTA,2019-20,Mike Conley,new_team,team_change,3,-1.827688554584265,complete
ed_davis_2019_UTA,UTA,2019-20,Ed Davis,new_team,team_change,3,NA,missing_data
donovan_mitchell_2020_UTA,UTA,2020-21,Donovan Mitchell,re_signed_standard,roster_continuity,3,3.466041167783175,complete
joe_ingles_2020_UTA,UTA,2020-21,Joe Ingles,re_signed_standard,roster_continuity,3,0.2735297346308472,complete
royce_oneale_2020_UTA,UTA,2020-21,Royce O'Neale,re_signed_standard,roster_continuity,3,-0.05629059688391488,complete
mike_conley_2020_UTA,UTA,2020-21,Mike Conley,re_signed_standard,roster_continuity,3,-0.2977773267270507,complete
bojan_bogdanovic_2020_UTA,UTA,2020-21,Bojan Bogdanovic,re_signed_standard,roster_continuity,3,-0.3309311393074279,complete
jordan_clarkson_2020_UTA,UTA,2020-21,Jordan Clarkson,re_signed_standard,roster_continuity,3,-0.4521241923801439,complete
rudy_gobert_2020_UTA,UTA,2020-21,Rudy Gobert,re_signed_supermax,supermax_partial,3,-1.1408675760907805,complete
georges_niang_2020_UTA,UTA,2020-21,Georges Niang,re_signed_standard,roster_continuity,3,-1.2446724102601665,complete
derrick_favors_2020_UTA,UTA,2020-21,Derrick Favors,new_team,team_change,3,-1.5637725711753625,complete
ersan_ilyasova_2020_UTA,UTA,2020-21,Ersan Ilyasova,new_team,team_change,3,NA,missing_data
juwan_morgan_2020_UTA,UTA,2020-21,Juwan Morgan,re_signed_standard,roster_continuity,3,NA,missing_data
matt_thomas_2020_UTA,UTA,2020-21,Matt Thomas,new_team,team_change,3,NA,missing_data
donovan_mitchell_2021_UTA,UTA,2021-22,Donovan Mitchell,re_signed_standard,roster_continuity,3,2.5433268381870895,complete
eric_paschall_2021_UTA,UTA,2021-22,Eric Paschall,new_team,team_change,3,2.2,complete
nickeil_alexander-walker_2021_UTA,UTA,2021-22,Nickeil Alexander-Walker,new_team,team_change,3,1.4287281221639434,complete
hassan_whiteside_2021_UTA,UTA,2021-22,Hassan Whiteside,new_team,team_change,3,0.05442443226311644,complete
juancho_hernangomez_2021_UTA,UTA,2021-22,Juancho Hernangomez,new_team,team_change,3,-0.1596653202538949,complete
mike_conley_2021_UTA,UTA,2021-22,Mike Conley,re_signed_standard,roster_continuity,3,-0.21456351839030052,complete
bojan_bogdanovic_2021_UTA,UTA,2021-22,Bojan Bogdanovic,re_signed_standard,roster_continuity,3,-0.4266349634200138,complete
danuel_house_2021_UTA,UTA,2021-22,Danuel House Jr.,new_team,team_change,3,-0.9557715100729738,complete
royce_oneale_2021_UTA,UTA,2021-22,Royce O'Neale,re_signed_standard,roster_continuity,3,-1.059358459534261,complete
rudy_gay_2021_UTA,UTA,2021-22,Rudy Gay,new_team,team_change,3,-1.8576001267405295,complete
rudy_gobert_2021_UTA,UTA,2021-22,Rudy Gobert,re_signed_standard,roster_continuity,3,-1.9082057073906251,complete
joe_ingles_2021_UTA,UTA,2021-22,Joe Ingles,re_signed_standard,roster_continuity,3,-2.5009167444249902,complete
jordan_clarkson_2021_UTA,UTA,2021-22,Jordan Clarkson,re_signed_standard,roster_continuity,3,-3.257358134242158,complete
denzel_valentine_2021_UTA,UTA,2021-22,Denzel Valentine,new_team,team_change,3,NA,missing_data
trent_forrest_2021_UTA,UTA,2021-22,Trent Forrest,re_signed_standard,roster_continuity,3,NA,missing_data
lauri_markkanen_2022_UTA,UTA,2022-23,Lauri Markkanen,new_team,team_change,3,2.371641860500406,complete
talen_horton-tucker_2022_UTA,UTA,2022-23,Talen Horton-Tucker,new_team,team_change,3,0.669561991442057,complete
kelly_olynyk_2022_UTA,UTA,2022-23,Kelly Olynyk,new_team,team_change,3,-0.5878404579338647,complete
jordan_clarkson_2022_UTA,UTA,2022-23,Jordan Clarkson,re_signed_standard,roster_continuity,3,-2.8648731536243037,complete
rudy_gay_2022_UTA,UTA,2022-23,Rudy Gay,re_signed_standard,roster_continuity,3,-3.510100166944908,complete
juan_toscano-anderson_2022_UTA,UTA,2022-23,Juan Toscano-Anderson,new_team,team_change,3,-3.843027129938125,complete
damian_jones_2022_UTA,UTA,2022-23,Damian Jones,new_team,team_change,3,NA,missing_data
frank_jackson_2022_UTA,UTA,2022-23,Frank Jackson,new_team,team_change,3,NA,missing_data
leandro_bolmaro_2022_UTA,UTA,2022-23,Leandro Bolmaro,new_team,team_change,3,NA,missing_data
collin_sexton_2023_UTA,UTA,2023-24,Collin Sexton,re_signed_standard,roster_continuity,3,2.0079309711767945,complete
talen_horton-tucker_2023_UTA,UTA,2023-24,Talen Horton-Tucker,re_signed_standard,roster_continuity,3,0.8082691389769334,complete
lauri_markkanen_2023_UTA,UTA,2023-24,Lauri Markkanen,re_signed_standard,roster_continuity,3,-0.18094951048438457,complete
john_collins_2023_UTA,UTA,2023-24,John Collins,new_team,team_change,3,-0.21340993657928375,complete
walker_kessler_2023_UTA,UTA,2023-24,Walker Kessler,re_signed_standard,roster_continuity,3,-1.5156201670275289,complete
jordan_clarkson_2023_UTA,UTA,2023-24,Jordan Clarkson,re_signed_standard,roster_continuity,3,-2.3879293066265257,complete
darius_bazley_2023_UTA,UTA,2023-24,Darius Bazley,new_team,team_change,3,NA,missing_data
josh_christopher_2023_UTA,UTA,2023-24,Josh Christopher,new_team,team_change,3,NA,missing_data
kenneth_lofton_2023_UTA,UTA,2023-24,Kenneth Lofton Jr.,new_team,team_change,3,NA,missing_data
kira_lewis_2023_UTA,UTA,2023-24,Kira Lewis Jr.,new_team,team_change,3,NA,missing_data
brice_sensabaugh_2024_UTA,UTA,2024-25,Brice Sensabaugh,re_signed_standard,roster_continuity,3,3.5276768941765813,complete
keyonte_george_2024_UTA,UTA,2024-25,Keyonte George,re_signed_standard,roster_continuity,3,3.3507317073170735,complete
john_collins_2024_UTA,UTA,2024-25,John Collins,re_signed_standard,roster_continuity,3,1.203211880243764,complete
jordan_clarkson_2024_UTA,UTA,2024-25,Jordan Clarkson,re_signed_standard,roster_continuity,3,0.29345370583150077,complete
walker_kessler_2024_UTA,UTA,2024-25,Walker Kessler,re_signed_standard,roster_continuity,3,-0.16570713391739655,complete
collin_sexton_2024_UTA,UTA,2024-25,Collin Sexton,re_signed_standard,roster_continuity,3,-0.7877345770429477,complete
taylor_hendricks_2024_UTA,UTA,2024-25,Taylor Hendricks,re_signed_standard,roster_continuity,3,-0.7999999999999998,complete
kj_martin_2024_UTA,UTA,2024-25,KJ Martin,new_team,team_change,3,-2.0651086240947993,complete
lauri_markkanen_2024_UTA,UTA,2024-25,Lauri Markkanen,re_signed_standard,roster_continuity,3,-2.5774602767264394,complete
jaden_springer_2024_UTA,UTA,2024-25,Jaden Springer,new_team,team_change,3,NA,missing_data
svi_mykhailiuk_2024_UTA,UTA,2024-25,Svi Mykhailiuk,new_team,team_change,3,NA,missing_data
kelly_oubre_2017_WAS,WAS,2017-18,Kelly Oubre Jr.,re_signed_standard,roster_continuity,3,2.5991065909851256,complete
tomas_satoransky_2017_WAS,WAS,2017-18,Tomas Satoransky,re_signed_standard,roster_continuity,3,2.0839401934916446,complete
tim_frazier_2017_WAS,WAS,2017-18,Tim Frazier,new_team,team_change,3,1.0562834078760774,complete
jodie_meeks_2017_WAS,WAS,2017-18,Jodie Meeks,new_team,team_change,3,0.7,complete
bradley_beal_2017_WAS,WAS,2017-18,Bradley Beal,re_signed_standard,roster_continuity,3,0.5080541077190373,complete
otto_porter_2017_WAS,WAS,2017-18,Otto Porter Jr.,re_signed_standard,roster_continuity,3,0.16247747172498928,complete
markieff_morris_2017_WAS,WAS,2017-18,Markieff Morris,re_signed_standard,roster_continuity,3,-0.02333160863815409,complete
marcin_gortat_2017_WAS,WAS,2017-18,Marcin Gortat,re_signed_standard,roster_continuity,3,-0.6423817490950613,complete
john_wall_2017_WAS,WAS,2017-18,John Wall,re_signed_supermax,supermax,3,-2.027747305480767,complete
jason_smith_2017_WAS,WAS,2017-18,Jason Smith,re_signed_standard,roster_continuity,3,NA,missing_data
ramon_sessions_2017_WAS,WAS,2017-18,Ramon Sessions,new_team,team_change,3,NA,missing_data
sheldon_mac_2017_WAS,WAS,2017-18,Sheldon Mac,re_signed_standard,roster_continuity,3,NA,missing_data
jeff_green_2018_WAS,WAS,2018-19,Jeff Green,new_team,team_change,3,1.7014685560273235,complete
ian_mahinmi_2018_WAS,WAS,2018-19,Ian Mahinmi,re_signed_standard,roster_continuity,3,0.7205882352941169,complete
bradley_beal_2018_WAS,WAS,2018-19,Bradley Beal,re_signed_standard,roster_continuity,3,0.3269863478179178,complete
sam_dekker_2018_WAS,WAS,2018-19,Sam Dekker,new_team,team_change,3,-0.5643353605560382,complete
bobby_portis_2018_WAS,WAS,2018-19,Bobby Portis,new_team,team_change,3,-0.5675474381146455,complete
tomas_satoransky_2018_WAS,WAS,2018-19,Tomas Satoransky,re_signed_standard,roster_continuity,3,-0.930826909965524,complete
dwight_howard_2018_WAS,WAS,2018-19,Dwight Howard,new_team,team_change,3,-1.2201588536120909,complete
trevor_ariza_2018_WAS,WAS,2018-19,Trevor Ariza,new_team,team_change,3,-1.8740267213446768,complete
wesley_johnson_2018_WAS,WAS,2018-19,Wesley Johnson,new_team,team_change,3,-3.641376306620209,complete
john_wall_2018_WAS,WAS,2018-19,John Wall,re_signed_standard,roster_continuity,3,-4.097007137939781,complete
ian_mahinmi_2019_WAS,WAS,2019-20,Ian Mahinmi,re_signed_standard,roster_continuity,3,1.6999999999999995,complete
troy_brown_2019_WAS,WAS,2019-20,Troy Brown Jr.,re_signed_standard,roster_continuity,3,0.8751264504611727,complete
thomas_bryant_2019_WAS,WAS,2019-20,Thomas Bryant,re_signed_standard,roster_continuity,3,0.20000000000000015,complete
bradley_beal_2019_WAS,WAS,2019-20,Bradley Beal,re_signed_standard,roster_continuity,3,0.00150522138331554,complete
ish_smith_2019_WAS,WAS,2019-20,Ish Smith,new_team,team_change,3,-1.0581332752278292,complete
davis_bertans_2019_WAS,WAS,2019-20,Davis Bertans,new_team,team_change,3,-1.8985131127202497,complete
shabazz_napier_2019_WAS,WAS,2019-20,Shabazz Napier,new_team,team_change,3,-2.1123113582208104,complete
cj_miles_2019_WAS,WAS,2019-20,CJ Miles,new_team,team_change,3,NA,missing_data
jerian_grant_2019_WAS,WAS,2019-20,Jerian Grant,new_team,team_change,3,NA,missing_data
jerome_robinson_2019_WAS,WAS,2019-20,Jerome Robinson,new_team,team_change,3,NA,missing_data
moritz_wagner_2019_WAS,WAS,2019-20,Moritz Wagner,new_team,team_change,3,NA,missing_data
daniel_gafford_2020_WAS,WAS,2020-21,Daniel Gafford,new_team,team_change,3,2.7729356603282107,complete
rui_hachimura_2020_WAS,WAS,2020-21,Rui Hachimura,re_signed_standard,roster_continuity,3,0.7948407037565386,complete
raul_neto_2020_WAS,WAS,2020-21,Raul Neto,new_team,team_change,3,0.2995121951219515,complete
robin_lopez_2020_WAS,WAS,2020-21,Robin Lopez,new_team,team_change,3,0.28992696432170617,complete
alex_len_2020_WAS,WAS,2020-21,Alex Len,new_team,team_change,3,-0.178598199053406,complete
ish_smith_2020_WAS,WAS,2020-21,Ish Smith,re_signed_standard,roster_continuity,3,-0.68072676182983,complete
bradley_beal_2020_WAS,WAS,2020-21,Bradley Beal,re_signed_standard,roster_continuity,3,-0.720422133485453,complete
thomas_bryant_2020_WAS,WAS,2020-21,Thomas Bryant,re_signed_standard,roster_continuity,3,-1.4867953083617098,complete
davis_bertans_2020_WAS,WAS,2020-21,Davis Bertans,re_signed_standard,roster_continuity,3,-2.5426783303989104,complete
russell_westbrook_2020_WAS,WAS,2020-21,Russell Westbrook,new_team,team_change,3,-2.8958059966211662,complete
anzejs_pasecniks_2020_WAS,WAS,2020-21,Anzejs Pasecniks,re_signed_standard,roster_continuity,3,NA,missing_data
isaac_bonga_2020_WAS,WAS,2020-21,Isaac Bonga,re_signed_standard,roster_continuity,3,NA,missing_data
jerome_robinson_2020_WAS,WAS,2020-21,Jerome Robinson,re_signed_standard,roster_continuity,3,NA,missing_data
kristaps_porzingis_2021_WAS,WAS,2021-22,Kristaps Porzingis,new_team,team_change,3,2.4168214681108666,complete
rui_hachimura_2021_WAS,WAS,2021-22,Rui Hachimura,re_signed_standard,roster_continuity,3,1.683208223153246,complete
deni_avdija_2021_WAS,WAS,2021-22,Deni Avdija,re_signed_standard,roster_continuity,3,1.4948091359207794,complete
daniel_gafford_2021_WAS,WAS,2021-22,Daniel Gafford,re_signed_standard,roster_continuity,3,1.097823874151758,complete
kyle_kuzma_2021_WAS,WAS,2021-22,Kyle Kuzma,new_team,team_change,3,0.3599238274973162,complete
kentavious_caldwell-pope_2021_WAS,WAS,2021-22,Kentavious Caldwell-Pope,new_team,team_change,3,-0.6545643994282371,complete
raul_neto_2021_WAS,WAS,2021-22,Raul Neto,re_signed_standard,roster_continuity,3,-1.1865154618913492,complete
bradley_beal_2021_WAS,WAS,2021-22,Bradley Beal,re_signed_standard,roster_continuity,3,-2.1575628544100565,complete
tomas_satoransky_2021_WAS,WAS,2021-22,Tomas Satoransky,new_team,team_change,3,-2.7872527472527473,complete
ish_smith_2021_WAS,WAS,2021-22,Ish Smith,re_signed_standard,roster_continuity,3,-3.0797175782292663,complete
anthony_gill_2021_WAS,WAS,2021-22,Anthony Gill,re_signed_standard,roster_continuity,3,NA,missing_data
brad_wanamaker_2021_WAS,WAS,2021-22,Brad Wanamaker,new_team,team_change,3,NA,missing_data
cassius_winston_2021_WAS,WAS,2021-22,Cassius Winston,re_signed_standard,roster_continuity,3,NA,missing_data
tremont_waters_2021_WAS,WAS,2021-22,Tremont Waters,new_team,team_change,3,NA,missing_data
vernon_carey_2021_WAS,WAS,2021-22,Vernon Carey Jr.,new_team,team_change,3,NA,missing_data
deni_avdija_2022_WAS,WAS,2022-23,Deni Avdija,re_signed_standard,roster_continuity,3,1.910703456864178,complete
kristaps_porzingis_2022_WAS,WAS,2022-23,Kristaps Porzingis,re_signed_standard,roster_continuity,3,1.56912024267602,complete
daniel_gafford_2022_WAS,WAS,2022-23,Daniel Gafford,re_signed_standard,roster_continuity,3,0.5518705976694285,complete
monte_morris_2022_WAS,WAS,2022-23,Monte Morris,new_team,team_change,3,0.02488662861283375,complete
corey_kispert_2022_WAS,WAS,2022-23,Corey Kispert,re_signed_standard,roster_continuity,3,-0.02690038181187137,complete
delon_wright_2022_WAS,WAS,2022-23,Delon Wright,new_team,team_change,3,-0.8300230946882219,complete
bradley_beal_2022_WAS,WAS,2022-23,Bradley Beal,re_signed_standard,roster_continuity,3,-1.9976605290941931,complete
kyle_kuzma_2022_WAS,WAS,2022-23,Kyle Kuzma,re_signed_standard,roster_continuity,3,-2.153627128069507,complete
anthony_gill_2022_WAS,WAS,2022-23,Anthony Gill,re_signed_standard,roster_continuity,3,NA,missing_data
taj_gibson_2022_WAS,WAS,2022-23,Taj Gibson,new_team,team_change,3,NA,missing_data
deni_avdija_2023_WAS,WAS,2023-24,Deni Avdija,re_signed_standard,roster_continuity,3,3.810540736277475,complete
marvin_bagley_2023_WAS,WAS,2023-24,Marvin Bagley III,new_team,team_change,3,1.892639745342029,complete
anthony_gill_2023_WAS,WAS,2023-24,Anthony Gill,re_signed_standard,roster_continuity,3,0.6999999999999997,complete
landry_shamet_2023_WAS,WAS,2023-24,Landry Shamet,new_team,team_change,3,-0.640109465783647,complete
richaun_holmes_2023_WAS,WAS,2023-24,Richaun Holmes,new_team,team_change,3,-0.6424242424242423,complete
corey_kispert_2023_WAS,WAS,2023-24,Corey Kispert,re_signed_standard,roster_continuity,3,-0.7242462852450327,complete
jordan_poole_2023_WAS,WAS,2023-24,Jordan Poole,new_team,team_change,3,-1.6961934454756382,complete
kyle_kuzma_2023_WAS,WAS,2023-24,Kyle Kuzma,re_signed_standard,roster_continuity,3,-1.7253636213107466,complete
tyus_jones_2023_WAS,WAS,2023-24,Tyus Jones,new_team,team_change,3,-1.7975818895789213,complete
eugene_omoruyi_2023_WAS,WAS,2023-24,Eugene Omoruyi,new_team,team_change,3,NA,missing_data
hamidou_diallo_2023_WAS,WAS,2023-24,Hamidou Diallo,new_team,team_change,3,NA,missing_data
isaiah_livers_2023_WAS,WAS,2023-24,Isaiah Livers,new_team,team_change,3,NA,missing_data
john_butler_2023_WAS,WAS,2023-24,John Butler Jr.,new_team,team_change,3,NA,missing_data
johnny_davis_2023_WAS,WAS,2023-24,Johnny Davis,re_signed_standard,roster_continuity,3,NA,missing_data
patrick_baldwin_2023_WAS,WAS,2023-24,Patrick Baldwin Jr.,new_team,team_change,3,NA,missing_data
rj_hampton_2023_WAS,WAS,2023-24,R.J. Hampton,new_team,team_change,3,NA,missing_data
richaun_holmes_2024_WAS,WAS,2024-25,Richaun Holmes,re_signed_standard,roster_continuity,3,4.4,complete
jordan_poole_2024_WAS,WAS,2024-25,Jordan Poole,re_signed_standard,roster_continuity,3,2.0365020458411447,complete
bilal_coulibaly_2024_WAS,WAS,2024-25,Bilal Coulibaly,re_signed_standard,roster_continuity,3,1.1875878220140512,complete
anthony_gill_2024_WAS,WAS,2024-25,Anthony Gill,re_signed_standard,roster_continuity,3,0.6999999999999997,complete
corey_kispert_2024_WAS,WAS,2024-25,Corey Kispert,re_signed_standard,roster_continuity,3,-1.1770427852348997,complete
khris_middleton_2024_WAS,WAS,2024-25,Khris Middleton,new_team,team_change,3,-3.5109685176786405,complete
malcolm_brogdon_2024_WAS,WAS,2024-25,Malcolm Brogdon,new_team,team_change,3,-3.986980802792321,complete
colby_jones_2024_WAS,WAS,2024-25,Colby Jones,new_team,team_change,3,NA,missing_data
jalen_mcdaniels_2024_WAS,WAS,2024-25,Jalen McDaniels,new_team,team_change,3,NA,missing_data
johnny_davis_2024_WAS,WAS,2024-25,Johnny Davis,re_signed_standard,roster_continuity,3,NA,missing_data
jt_thor_2024_WAS,WAS,2024-25,JT Thor,new_team,team_change,3,NA,missing_data
